<?xml version="1.0" encoding="UTF-8"?>
<kml xmlns="http://www.opengis.net/kml/2.2">
<Document>
  <name>กลุ่มคิว 43</name>
  <Style id="style_43_001">
    <LineStyle>
      <color>ff333333</color>
      <width>1.2</width>
    </LineStyle>
    <PolyStyle>
      <color>b3808000</color>
      <fill>1</fill>
      <outline>1</outline>
    </PolyStyle>
  </Style>
  <Folder>
    <name>43_001</name>
    <Placemark>
      <name>320903011501</name>
      <styleUrl>#style_43_001</styleUrl>
      <description><![CDATA[<h3 style="margin-bottom:6px; font-family:sans-serif;">320903011501</h3>
<table style="width:100%; border-collapse:collapse; font-family:sans-serif; font-size:12px;">
<tr style="background-color:#99bfe6; color:#000; font-weight:bold;"><td colspan="2" style="padding:4px; text-align:center;">320903011501</td></tr>
<tr style="background-color:#f0f5fa;"><td style="padding:3px; width:45%;"><b>FID</b></td><td style="padding:3px;">2955</td></tr>
<tr style="background-color:#dbe8f5;"><td style="padding:3px;"><b>รหัสแปลง</b></td><td style="padding:3px;">320903011501</td></tr>
<tr style="background-color:#f0f5fa;"><td style="padding:3px;"><b>รหัสกลุ่มคิว</b></td><td style="padding:3px;">43_001</td></tr>
<tr style="background-color:#dbe8f5;"><td style="padding:3px;"><b>นักเกษตร</b></td><td style="padding:3px;">4301</td></tr>
<tr style="background-color:#f0f5fa;"><td style="padding:3px;"><b>ศูนย์</b></td><td style="padding:3px;">K2-43</td></tr>
<tr style="background-color:#dbe8f5;"><td style="padding:3px;"><b>สถานที่ส่งอ้อย</b></td><td style="padding:3px;">รถตัด</td></tr>
<tr style="background-color:#f0f5fa;"><td style="padding:3px;"><b>ประเภทคิว</b></td><td style="padding:3px;">รถตัด</td></tr>
<tr style="background-color:#dbe8f5;"><td style="padding:3px;"><b>ประเภทรถ</b></td><td style="padding:3px;">10 ล้อเดี่ยว</td></tr>
<tr style="background-color:#f0f5fa;"><td style="padding:3px;"><b>ประเภทชาวไร่</b></td><td style="padding:3px;">รถตัด</td></tr>
<tr style="background-color:#dbe8f5;"><td style="padding:3px;"><b>สถานีขนถ่าย</b></td><td style="padding:3px;"></td></tr>
<tr style="background-color:#f0f5fa;"><td style="padding:3px;"><b>สถานะยืนยัน</b></td><td style="padding:3px;">N</td></tr>
<tr style="background-color:#dbe8f5;"><td style="padding:3px;"><b>โควตา</b></td><td style="padding:3px;">944412</td></tr>
<tr style="background-color:#f0f5fa;"><td style="padding:3px;"><b>ชาวไร่</b></td><td style="padding:3px;">นาง พินิจ สีหะวงษ์</td></tr>
<tr style="background-color:#dbe8f5;"><td style="padding:3px;"><b>ประเภทอ้อย</b></td><td style="padding:3px;">ตอ1</td></tr>
<tr style="background-color:#f0f5fa;"><td style="padding:3px;"><b>พื้นที่</b></td><td style="padding:3px;">9.35</td></tr>
<tr style="background-color:#dbe8f5;"><td style="padding:3px;"><b>ปีผลิต</b></td><td style="padding:3px;">256970</td></tr>
<tr style="background-color:#f0f5fa;"><td style="padding:3px;"><b>ตันรวม</b></td><td style="padding:3px;">84.15</td></tr>
<tr style="background-color:#dbe8f5;"><td style="padding:3px;"><b>สถานที่ส่งอ้อย_1</b></td><td style="padding:3px;">รถตัด</td></tr>
</table>]]></description>
      <MultiGeometry><Polygon><outerBoundaryIs><LinearRing><coordinates>103.741305000112,14.8505899996552 103.740501666947,14.8509033333613 103.740723333399,14.8521183333675 103.741784999587,14.8516233329341 103.741761666543,14.8515199996933 103.74170999944,14.8513700003928 103.741676666472,14.8512750003131 103.741619999936,14.8511316667536 103.741589999946,14.8510599997228 103.741553333045,14.8509616665463 103.741526666496,14.850878333671 103.741421666497,14.8506899995349 103.741366666763,14.8506016663398 103.741339999866,14.8505699997611 103.741305000112,14.8505899996552</coordinates></LinearRing></outerBoundaryIs></Polygon></MultiGeometry>
    </Placemark>
    <Placemark>
      <name>320903011503</name>
      <styleUrl>#style_43_001</styleUrl>
      <description><![CDATA[<h3 style="margin-bottom:6px; font-family:sans-serif;">320903011503</h3>
<table style="width:100%; border-collapse:collapse; font-family:sans-serif; font-size:12px;">
<tr style="background-color:#99bfe6; color:#000; font-weight:bold;"><td colspan="2" style="padding:4px; text-align:center;">320903011503</td></tr>
<tr style="background-color:#f0f5fa;"><td style="padding:3px; width:45%;"><b>FID</b></td><td style="padding:3px;">2956</td></tr>
<tr style="background-color:#dbe8f5;"><td style="padding:3px;"><b>รหัสแปลง</b></td><td style="padding:3px;">320903011503</td></tr>
<tr style="background-color:#f0f5fa;"><td style="padding:3px;"><b>รหัสกลุ่มคิว</b></td><td style="padding:3px;">43_001</td></tr>
<tr style="background-color:#dbe8f5;"><td style="padding:3px;"><b>นักเกษตร</b></td><td style="padding:3px;">4301</td></tr>
<tr style="background-color:#f0f5fa;"><td style="padding:3px;"><b>ศูนย์</b></td><td style="padding:3px;">K2-43</td></tr>
<tr style="background-color:#dbe8f5;"><td style="padding:3px;"><b>สถานที่ส่งอ้อย</b></td><td style="padding:3px;">รถตัด</td></tr>
<tr style="background-color:#f0f5fa;"><td style="padding:3px;"><b>ประเภทคิว</b></td><td style="padding:3px;">รถตัด</td></tr>
<tr style="background-color:#dbe8f5;"><td style="padding:3px;"><b>ประเภทรถ</b></td><td style="padding:3px;">10 ล้อเดี่ยว</td></tr>
<tr style="background-color:#f0f5fa;"><td style="padding:3px;"><b>ประเภทชาวไร่</b></td><td style="padding:3px;">รถตัด</td></tr>
<tr style="background-color:#dbe8f5;"><td style="padding:3px;"><b>สถานีขนถ่าย</b></td><td style="padding:3px;"></td></tr>
<tr style="background-color:#f0f5fa;"><td style="padding:3px;"><b>สถานะยืนยัน</b></td><td style="padding:3px;">N</td></tr>
<tr style="background-color:#dbe8f5;"><td style="padding:3px;"><b>โควตา</b></td><td style="padding:3px;">944412</td></tr>
<tr style="background-color:#f0f5fa;"><td style="padding:3px;"><b>ชาวไร่</b></td><td style="padding:3px;">นาง พินิจ สีหะวงษ์</td></tr>
<tr style="background-color:#dbe8f5;"><td style="padding:3px;"><b>ประเภทอ้อย</b></td><td style="padding:3px;">ตอ1</td></tr>
<tr style="background-color:#f0f5fa;"><td style="padding:3px;"><b>พื้นที่</b></td><td style="padding:3px;">11.38</td></tr>
<tr style="background-color:#dbe8f5;"><td style="padding:3px;"><b>ปีผลิต</b></td><td style="padding:3px;">256970</td></tr>
<tr style="background-color:#f0f5fa;"><td style="padding:3px;"><b>ตันรวม</b></td><td style="padding:3px;">102.42</td></tr>
<tr style="background-color:#dbe8f5;"><td style="padding:3px;"><b>สถานที่ส่งอ้อย_1</b></td><td style="padding:3px;">รถตัด</td></tr>
</table>]]></description>
      <MultiGeometry><Polygon><outerBoundaryIs><LinearRing><coordinates>103.742924999725,14.8520116663491 103.74204499966,14.8502616666811 103.741471666738,14.8504916670142 103.741499999968,14.8505616666615 103.741428333416,14.8506133330058 103.7420766663,14.8522866665994 103.742924999725,14.8520116663491</coordinates></LinearRing></outerBoundaryIs></Polygon></MultiGeometry>
    </Placemark>
    <Placemark>
      <name>320911011521</name>
      <styleUrl>#style_43_001</styleUrl>
      <description><![CDATA[<h3 style="margin-bottom:6px; font-family:sans-serif;">320911011521</h3>
<table style="width:100%; border-collapse:collapse; font-family:sans-serif; font-size:12px;">
<tr style="background-color:#99bfe6; color:#000; font-weight:bold;"><td colspan="2" style="padding:4px; text-align:center;">320911011521</td></tr>
<tr style="background-color:#f0f5fa;"><td style="padding:3px; width:45%;"><b>FID</b></td><td style="padding:3px;">2960</td></tr>
<tr style="background-color:#dbe8f5;"><td style="padding:3px;"><b>รหัสแปลง</b></td><td style="padding:3px;">320911011521</td></tr>
<tr style="background-color:#f0f5fa;"><td style="padding:3px;"><b>รหัสกลุ่มคิว</b></td><td style="padding:3px;">43_001</td></tr>
<tr style="background-color:#dbe8f5;"><td style="padding:3px;"><b>นักเกษตร</b></td><td style="padding:3px;">4301</td></tr>
<tr style="background-color:#f0f5fa;"><td style="padding:3px;"><b>ศูนย์</b></td><td style="padding:3px;">K2-43</td></tr>
<tr style="background-color:#dbe8f5;"><td style="padding:3px;"><b>สถานที่ส่งอ้อย</b></td><td style="padding:3px;">รถตัด</td></tr>
<tr style="background-color:#f0f5fa;"><td style="padding:3px;"><b>ประเภทคิว</b></td><td style="padding:3px;">รถตัด</td></tr>
<tr style="background-color:#dbe8f5;"><td style="padding:3px;"><b>ประเภทรถ</b></td><td style="padding:3px;">10 ล้อเดี่ยว</td></tr>
<tr style="background-color:#f0f5fa;"><td style="padding:3px;"><b>ประเภทชาวไร่</b></td><td style="padding:3px;">รถตัด</td></tr>
<tr style="background-color:#dbe8f5;"><td style="padding:3px;"><b>สถานีขนถ่าย</b></td><td style="padding:3px;"></td></tr>
<tr style="background-color:#f0f5fa;"><td style="padding:3px;"><b>สถานะยืนยัน</b></td><td style="padding:3px;">N</td></tr>
<tr style="background-color:#dbe8f5;"><td style="padding:3px;"><b>โควตา</b></td><td style="padding:3px;">975345</td></tr>
<tr style="background-color:#f0f5fa;"><td style="padding:3px;"><b>ชาวไร่</b></td><td style="padding:3px;">นาง บุปผา สหุนาลุ</td></tr>
<tr style="background-color:#dbe8f5;"><td style="padding:3px;"><b>ประเภทอ้อย</b></td><td style="padding:3px;">ปลายฝน</td></tr>
<tr style="background-color:#f0f5fa;"><td style="padding:3px;"><b>พื้นที่</b></td><td style="padding:3px;">5.07</td></tr>
<tr style="background-color:#dbe8f5;"><td style="padding:3px;"><b>ปีผลิต</b></td><td style="padding:3px;">256970</td></tr>
<tr style="background-color:#f0f5fa;"><td style="padding:3px;"><b>ตันรวม</b></td><td style="padding:3px;">65.91</td></tr>
<tr style="background-color:#dbe8f5;"><td style="padding:3px;"><b>สถานที่ส่งอ้อย_1</b></td><td style="padding:3px;">รถตัด</td></tr>
</table>]]></description>
      <MultiGeometry><Polygon><outerBoundaryIs><LinearRing><coordinates>103.870711739345,14.9206827598842 103.869958609488,14.9208523098621 103.869808719697,14.9211705497168 103.869566660234,14.9214100200064 103.86996168962,14.9215837803209 103.870896180055,14.9212022799209 103.870711739345,14.9206827598842</coordinates></LinearRing></outerBoundaryIs></Polygon></MultiGeometry>
    </Placemark>
    <Placemark>
      <name>320915070006</name>
      <styleUrl>#style_43_001</styleUrl>
      <description><![CDATA[<h3 style="margin-bottom:6px; font-family:sans-serif;">320915070006</h3>
<table style="width:100%; border-collapse:collapse; font-family:sans-serif; font-size:12px;">
<tr style="background-color:#99bfe6; color:#000; font-weight:bold;"><td colspan="2" style="padding:4px; text-align:center;">320915070006</td></tr>
<tr style="background-color:#f0f5fa;"><td style="padding:3px; width:45%;"><b>FID</b></td><td style="padding:3px;">2963</td></tr>
<tr style="background-color:#dbe8f5;"><td style="padding:3px;"><b>รหัสแปลง</b></td><td style="padding:3px;">320915070006</td></tr>
<tr style="background-color:#f0f5fa;"><td style="padding:3px;"><b>รหัสกลุ่มคิว</b></td><td style="padding:3px;">43_001</td></tr>
<tr style="background-color:#dbe8f5;"><td style="padding:3px;"><b>นักเกษตร</b></td><td style="padding:3px;">4301</td></tr>
<tr style="background-color:#f0f5fa;"><td style="padding:3px;"><b>ศูนย์</b></td><td style="padding:3px;">K2-43</td></tr>
<tr style="background-color:#dbe8f5;"><td style="padding:3px;"><b>สถานที่ส่งอ้อย</b></td><td style="padding:3px;">รถตัด</td></tr>
<tr style="background-color:#f0f5fa;"><td style="padding:3px;"><b>ประเภทคิว</b></td><td style="padding:3px;">รถตัด</td></tr>
<tr style="background-color:#dbe8f5;"><td style="padding:3px;"><b>ประเภทรถ</b></td><td style="padding:3px;">10 ล้อเดี่ยว</td></tr>
<tr style="background-color:#f0f5fa;"><td style="padding:3px;"><b>ประเภทชาวไร่</b></td><td style="padding:3px;">รถตัด</td></tr>
<tr style="background-color:#dbe8f5;"><td style="padding:3px;"><b>สถานีขนถ่าย</b></td><td style="padding:3px;"></td></tr>
<tr style="background-color:#f0f5fa;"><td style="padding:3px;"><b>สถานะยืนยัน</b></td><td style="padding:3px;">N</td></tr>
<tr style="background-color:#dbe8f5;"><td style="padding:3px;"><b>โควตา</b></td><td style="padding:3px;">743950</td></tr>
<tr style="background-color:#f0f5fa;"><td style="padding:3px;"><b>ชาวไร่</b></td><td style="padding:3px;">นาย เสน่ห์ วงละคร</td></tr>
<tr style="background-color:#dbe8f5;"><td style="padding:3px;"><b>ประเภทอ้อย</b></td><td style="padding:3px;">ปลายฝน</td></tr>
<tr style="background-color:#f0f5fa;"><td style="padding:3px;"><b>พื้นที่</b></td><td style="padding:3px;">10.65</td></tr>
<tr style="background-color:#dbe8f5;"><td style="padding:3px;"><b>ปีผลิต</b></td><td style="padding:3px;">256970</td></tr>
<tr style="background-color:#f0f5fa;"><td style="padding:3px;"><b>ตันรวม</b></td><td style="padding:3px;">138.45</td></tr>
<tr style="background-color:#dbe8f5;"><td style="padding:3px;"><b>สถานที่ส่งอ้อย_1</b></td><td style="padding:3px;">รถตัด</td></tr>
</table>]]></description>
      <MultiGeometry><Polygon><outerBoundaryIs><LinearRing><coordinates>103.819058789854,14.8700368702389 103.81902684992,14.8695329199782 103.818997730125,14.8693283697255 103.818916629824,14.8690362799399 103.818661570183,14.8682336103137 103.817898370099,14.868390890333 103.818062440251,14.8690383197834 103.818098729454,14.8692203798445 103.818338000023,14.8698233200545 103.818513719769,14.870165220228 103.819058789854,14.8700368702389</coordinates></LinearRing></outerBoundaryIs></Polygon></MultiGeometry>
    </Placemark>
    <Placemark>
      <name>321206031546</name>
      <styleUrl>#style_43_001</styleUrl>
      <description><![CDATA[<h3 style="margin-bottom:6px; font-family:sans-serif;">321206031546</h3>
<table style="width:100%; border-collapse:collapse; font-family:sans-serif; font-size:12px;">
<tr style="background-color:#99bfe6; color:#000; font-weight:bold;"><td colspan="2" style="padding:4px; text-align:center;">321206031546</td></tr>
<tr style="background-color:#f0f5fa;"><td style="padding:3px; width:45%;"><b>FID</b></td><td style="padding:3px;">3093</td></tr>
<tr style="background-color:#dbe8f5;"><td style="padding:3px;"><b>รหัสแปลง</b></td><td style="padding:3px;">321206031546</td></tr>
<tr style="background-color:#f0f5fa;"><td style="padding:3px;"><b>รหัสกลุ่มคิว</b></td><td style="padding:3px;">43_001</td></tr>
<tr style="background-color:#dbe8f5;"><td style="padding:3px;"><b>นักเกษตร</b></td><td style="padding:3px;">4301</td></tr>
<tr style="background-color:#f0f5fa;"><td style="padding:3px;"><b>ศูนย์</b></td><td style="padding:3px;">K2-43</td></tr>
<tr style="background-color:#dbe8f5;"><td style="padding:3px;"><b>สถานที่ส่งอ้อย</b></td><td style="padding:3px;">รถตัด</td></tr>
<tr style="background-color:#f0f5fa;"><td style="padding:3px;"><b>ประเภทคิว</b></td><td style="padding:3px;">รถตัด</td></tr>
<tr style="background-color:#dbe8f5;"><td style="padding:3px;"><b>ประเภทรถ</b></td><td style="padding:3px;">10 ล้อเดี่ยว</td></tr>
<tr style="background-color:#f0f5fa;"><td style="padding:3px;"><b>ประเภทชาวไร่</b></td><td style="padding:3px;">รถตัด</td></tr>
<tr style="background-color:#dbe8f5;"><td style="padding:3px;"><b>สถานีขนถ่าย</b></td><td style="padding:3px;"></td></tr>
<tr style="background-color:#f0f5fa;"><td style="padding:3px;"><b>สถานะยืนยัน</b></td><td style="padding:3px;">N</td></tr>
<tr style="background-color:#dbe8f5;"><td style="padding:3px;"><b>โควตา</b></td><td style="padding:3px;">743183</td></tr>
<tr style="background-color:#f0f5fa;"><td style="padding:3px;"><b>ชาวไร่</b></td><td style="padding:3px;">นาย สุทร กรวยทอง</td></tr>
<tr style="background-color:#dbe8f5;"><td style="padding:3px;"><b>ประเภทอ้อย</b></td><td style="padding:3px;">ปลายฝน</td></tr>
<tr style="background-color:#f0f5fa;"><td style="padding:3px;"><b>พื้นที่</b></td><td style="padding:3px;">2.97</td></tr>
<tr style="background-color:#dbe8f5;"><td style="padding:3px;"><b>ปีผลิต</b></td><td style="padding:3px;">256970</td></tr>
<tr style="background-color:#f0f5fa;"><td style="padding:3px;"><b>ตันรวม</b></td><td style="padding:3px;">38.61</td></tr>
<tr style="background-color:#dbe8f5;"><td style="padding:3px;"><b>สถานที่ส่งอ้อย_1</b></td><td style="padding:3px;">รถตัด</td></tr>
</table>]]></description>
      <MultiGeometry><Polygon><outerBoundaryIs><LinearRing><coordinates>103.903398332798,14.9478849996725 103.903658333563,14.9478949996712 103.903666666704,14.9473850000228 103.903718332678,14.9470866668325 103.903753333564,14.9467450001411 103.90375166657,14.9467299997293 103.903766666012,14.9466816661869 103.903766666658,14.9466666668463 103.903785000237,14.946599999757 103.903808333259,14.9465483334805 103.903813332879,14.9465366666163 103.903823333089,14.9464683330876 103.903553333554,14.9464049998587 103.903468333361,14.9468116663248 103.90342166671,14.9470316661723 103.903398332798,14.9478849996725</coordinates></LinearRing></outerBoundaryIs></Polygon></MultiGeometry>
    </Placemark>
    <Placemark>
      <name>321207011514</name>
      <styleUrl>#style_43_001</styleUrl>
      <description><![CDATA[<h3 style="margin-bottom:6px; font-family:sans-serif;">321207011514</h3>
<table style="width:100%; border-collapse:collapse; font-family:sans-serif; font-size:12px;">
<tr style="background-color:#99bfe6; color:#000; font-weight:bold;"><td colspan="2" style="padding:4px; text-align:center;">321207011514</td></tr>
<tr style="background-color:#f0f5fa;"><td style="padding:3px; width:45%;"><b>FID</b></td><td style="padding:3px;">3094</td></tr>
<tr style="background-color:#dbe8f5;"><td style="padding:3px;"><b>รหัสแปลง</b></td><td style="padding:3px;">321207011514</td></tr>
<tr style="background-color:#f0f5fa;"><td style="padding:3px;"><b>รหัสกลุ่มคิว</b></td><td style="padding:3px;">43_001</td></tr>
<tr style="background-color:#dbe8f5;"><td style="padding:3px;"><b>นักเกษตร</b></td><td style="padding:3px;">4301</td></tr>
<tr style="background-color:#f0f5fa;"><td style="padding:3px;"><b>ศูนย์</b></td><td style="padding:3px;">K2-43</td></tr>
<tr style="background-color:#dbe8f5;"><td style="padding:3px;"><b>สถานที่ส่งอ้อย</b></td><td style="padding:3px;">รถตัด</td></tr>
<tr style="background-color:#f0f5fa;"><td style="padding:3px;"><b>ประเภทคิว</b></td><td style="padding:3px;">รถตัด</td></tr>
<tr style="background-color:#dbe8f5;"><td style="padding:3px;"><b>ประเภทรถ</b></td><td style="padding:3px;">10 ล้อเดี่ยว</td></tr>
<tr style="background-color:#f0f5fa;"><td style="padding:3px;"><b>ประเภทชาวไร่</b></td><td style="padding:3px;">รถตัด</td></tr>
<tr style="background-color:#dbe8f5;"><td style="padding:3px;"><b>สถานีขนถ่าย</b></td><td style="padding:3px;"></td></tr>
<tr style="background-color:#f0f5fa;"><td style="padding:3px;"><b>สถานะยืนยัน</b></td><td style="padding:3px;">N</td></tr>
<tr style="background-color:#dbe8f5;"><td style="padding:3px;"><b>โควตา</b></td><td style="padding:3px;">974257</td></tr>
<tr style="background-color:#f0f5fa;"><td style="padding:3px;"><b>ชาวไร่</b></td><td style="padding:3px;">นาย จรูญ สามยอด</td></tr>
<tr style="background-color:#dbe8f5;"><td style="padding:3px;"><b>ประเภทอ้อย</b></td><td style="padding:3px;">ปลายฝน</td></tr>
<tr style="background-color:#f0f5fa;"><td style="padding:3px;"><b>พื้นที่</b></td><td style="padding:3px;">10.88</td></tr>
<tr style="background-color:#dbe8f5;"><td style="padding:3px;"><b>ปีผลิต</b></td><td style="padding:3px;">256970</td></tr>
<tr style="background-color:#f0f5fa;"><td style="padding:3px;"><b>ตันรวม</b></td><td style="padding:3px;">141.44</td></tr>
<tr style="background-color:#dbe8f5;"><td style="padding:3px;"><b>สถานที่ส่งอ้อย_1</b></td><td style="padding:3px;">รถตัด</td></tr>
</table>]]></description>
      <MultiGeometry><Polygon><outerBoundaryIs><LinearRing><coordinates>103.976428333313,15.0141949997365 103.976854999621,15.0141916669996 103.977165000185,15.0142083335602 103.977691665997,15.0141383335649 103.977608333404,15.0139850000892 103.977543333318,15.0137616668589 103.977528333112,15.0136783329801 103.977489999724,15.0135033329698 103.977450000156,15.0132499999957 103.977346666686,15.0127916669758 103.976409999779,15.0129100003169 103.976428333313,15.0141949997365</coordinates></LinearRing></outerBoundaryIs></Polygon></MultiGeometry>
    </Placemark>
    <Placemark>
      <name>321207021544</name>
      <styleUrl>#style_43_001</styleUrl>
      <description><![CDATA[<h3 style="margin-bottom:6px; font-family:sans-serif;">321207021544</h3>
<table style="width:100%; border-collapse:collapse; font-family:sans-serif; font-size:12px;">
<tr style="background-color:#99bfe6; color:#000; font-weight:bold;"><td colspan="2" style="padding:4px; text-align:center;">321207021544</td></tr>
<tr style="background-color:#f0f5fa;"><td style="padding:3px; width:45%;"><b>FID</b></td><td style="padding:3px;">3095</td></tr>
<tr style="background-color:#dbe8f5;"><td style="padding:3px;"><b>รหัสแปลง</b></td><td style="padding:3px;">321207021544</td></tr>
<tr style="background-color:#f0f5fa;"><td style="padding:3px;"><b>รหัสกลุ่มคิว</b></td><td style="padding:3px;">43_001</td></tr>
<tr style="background-color:#dbe8f5;"><td style="padding:3px;"><b>นักเกษตร</b></td><td style="padding:3px;">4301</td></tr>
<tr style="background-color:#f0f5fa;"><td style="padding:3px;"><b>ศูนย์</b></td><td style="padding:3px;">K2-43</td></tr>
<tr style="background-color:#dbe8f5;"><td style="padding:3px;"><b>สถานที่ส่งอ้อย</b></td><td style="padding:3px;">รถตัด</td></tr>
<tr style="background-color:#f0f5fa;"><td style="padding:3px;"><b>ประเภทคิว</b></td><td style="padding:3px;">รถตัด</td></tr>
<tr style="background-color:#dbe8f5;"><td style="padding:3px;"><b>ประเภทรถ</b></td><td style="padding:3px;">10 ล้อเดี่ยว</td></tr>
<tr style="background-color:#f0f5fa;"><td style="padding:3px;"><b>ประเภทชาวไร่</b></td><td style="padding:3px;">รถตัด</td></tr>
<tr style="background-color:#dbe8f5;"><td style="padding:3px;"><b>สถานีขนถ่าย</b></td><td style="padding:3px;"></td></tr>
<tr style="background-color:#f0f5fa;"><td style="padding:3px;"><b>สถานะยืนยัน</b></td><td style="padding:3px;">N</td></tr>
<tr style="background-color:#dbe8f5;"><td style="padding:3px;"><b>โควตา</b></td><td style="padding:3px;">974996</td></tr>
<tr style="background-color:#f0f5fa;"><td style="padding:3px;"><b>ชาวไร่</b></td><td style="padding:3px;">นาง นรีนารถ ไชยแสง</td></tr>
<tr style="background-color:#dbe8f5;"><td style="padding:3px;"><b>ประเภทอ้อย</b></td><td style="padding:3px;">ตอ1</td></tr>
<tr style="background-color:#f0f5fa;"><td style="padding:3px;"><b>พื้นที่</b></td><td style="padding:3px;">4.79</td></tr>
<tr style="background-color:#dbe8f5;"><td style="padding:3px;"><b>ปีผลิต</b></td><td style="padding:3px;">256970</td></tr>
<tr style="background-color:#f0f5fa;"><td style="padding:3px;"><b>ตันรวม</b></td><td style="padding:3px;">43.11</td></tr>
<tr style="background-color:#dbe8f5;"><td style="padding:3px;"><b>สถานที่ส่งอ้อย_1</b></td><td style="padding:3px;">รถตัด</td></tr>
</table>]]></description>
      <MultiGeometry><Polygon><outerBoundaryIs><LinearRing><coordinates>103.958845519742,14.9908774097841 103.958850759911,14.9905979200148 103.958283269464,14.9906538003748 103.957934029316,14.9907315333309 103.957984497925,14.9913448126067 103.958369905443,14.9912832422904 103.958346213859,14.9911282985095 103.958423013609,14.9911080256096 103.958460932818,14.9912736262717 103.95892321659,14.9912397283008 103.958845519742,14.9908774097841</coordinates></LinearRing></outerBoundaryIs></Polygon></MultiGeometry>
    </Placemark>
    <Placemark>
      <name>321504011501</name>
      <styleUrl>#style_43_001</styleUrl>
      <description><![CDATA[<h3 style="margin-bottom:6px; font-family:sans-serif;">321504011501</h3>
<table style="width:100%; border-collapse:collapse; font-family:sans-serif; font-size:12px;">
<tr style="background-color:#99bfe6; color:#000; font-weight:bold;"><td colspan="2" style="padding:4px; text-align:center;">321504011501</td></tr>
<tr style="background-color:#f0f5fa;"><td style="padding:3px; width:45%;"><b>FID</b></td><td style="padding:3px;">3720</td></tr>
<tr style="background-color:#dbe8f5;"><td style="padding:3px;"><b>รหัสแปลง</b></td><td style="padding:3px;">321504011501</td></tr>
<tr style="background-color:#f0f5fa;"><td style="padding:3px;"><b>รหัสกลุ่มคิว</b></td><td style="padding:3px;">43_001</td></tr>
<tr style="background-color:#dbe8f5;"><td style="padding:3px;"><b>นักเกษตร</b></td><td style="padding:3px;">4301</td></tr>
<tr style="background-color:#f0f5fa;"><td style="padding:3px;"><b>ศูนย์</b></td><td style="padding:3px;">K2-43</td></tr>
<tr style="background-color:#dbe8f5;"><td style="padding:3px;"><b>สถานที่ส่งอ้อย</b></td><td style="padding:3px;">รถตัด</td></tr>
<tr style="background-color:#f0f5fa;"><td style="padding:3px;"><b>ประเภทคิว</b></td><td style="padding:3px;">รถตัด</td></tr>
<tr style="background-color:#dbe8f5;"><td style="padding:3px;"><b>ประเภทรถ</b></td><td style="padding:3px;">10 ล้อเดี่ยว</td></tr>
<tr style="background-color:#f0f5fa;"><td style="padding:3px;"><b>ประเภทชาวไร่</b></td><td style="padding:3px;">รถตัด</td></tr>
<tr style="background-color:#dbe8f5;"><td style="padding:3px;"><b>สถานีขนถ่าย</b></td><td style="padding:3px;"></td></tr>
<tr style="background-color:#f0f5fa;"><td style="padding:3px;"><b>สถานะยืนยัน</b></td><td style="padding:3px;">N</td></tr>
<tr style="background-color:#dbe8f5;"><td style="padding:3px;"><b>โควตา</b></td><td style="padding:3px;">950038</td></tr>
<tr style="background-color:#f0f5fa;"><td style="padding:3px;"><b>ชาวไร่</b></td><td style="padding:3px;">นาย ธนาวุฒิ ผักไหม</td></tr>
<tr style="background-color:#dbe8f5;"><td style="padding:3px;"><b>ประเภทอ้อย</b></td><td style="padding:3px;">ปลายฝน</td></tr>
<tr style="background-color:#f0f5fa;"><td style="padding:3px;"><b>พื้นที่</b></td><td style="padding:3px;">3.2</td></tr>
<tr style="background-color:#dbe8f5;"><td style="padding:3px;"><b>ปีผลิต</b></td><td style="padding:3px;">256970</td></tr>
<tr style="background-color:#f0f5fa;"><td style="padding:3px;"><b>ตันรวม</b></td><td style="padding:3px;">41.6</td></tr>
<tr style="background-color:#dbe8f5;"><td style="padding:3px;"><b>สถานที่ส่งอ้อย_1</b></td><td style="padding:3px;">รถตัด</td></tr>
</table>]]></description>
      <MultiGeometry><Polygon><outerBoundaryIs><LinearRing><coordinates>103.964516666333,14.9415766662829 103.9646916666,14.9421033328695 103.965471666059,14.9418316669832 103.965319999367,14.9413749996546 103.964516666333,14.9415766662829</coordinates></LinearRing></outerBoundaryIs></Polygon></MultiGeometry>
    </Placemark>
    <Placemark>
      <name>330709021513</name>
      <styleUrl>#style_43_001</styleUrl>
      <description><![CDATA[<h3 style="margin-bottom:6px; font-family:sans-serif;">330709021513</h3>
<table style="width:100%; border-collapse:collapse; font-family:sans-serif; font-size:12px;">
<tr style="background-color:#99bfe6; color:#000; font-weight:bold;"><td colspan="2" style="padding:4px; text-align:center;">330709021513</td></tr>
<tr style="background-color:#f0f5fa;"><td style="padding:3px; width:45%;"><b>FID</b></td><td style="padding:3px;">3739</td></tr>
<tr style="background-color:#dbe8f5;"><td style="padding:3px;"><b>รหัสแปลง</b></td><td style="padding:3px;">330709021513</td></tr>
<tr style="background-color:#f0f5fa;"><td style="padding:3px;"><b>รหัสกลุ่มคิว</b></td><td style="padding:3px;">43_001</td></tr>
<tr style="background-color:#dbe8f5;"><td style="padding:3px;"><b>นักเกษตร</b></td><td style="padding:3px;">4301</td></tr>
<tr style="background-color:#f0f5fa;"><td style="padding:3px;"><b>ศูนย์</b></td><td style="padding:3px;">K2-43</td></tr>
<tr style="background-color:#dbe8f5;"><td style="padding:3px;"><b>สถานที่ส่งอ้อย</b></td><td style="padding:3px;">รถตัด</td></tr>
<tr style="background-color:#f0f5fa;"><td style="padding:3px;"><b>ประเภทคิว</b></td><td style="padding:3px;">รถตัด</td></tr>
<tr style="background-color:#dbe8f5;"><td style="padding:3px;"><b>ประเภทรถ</b></td><td style="padding:3px;">10 ล้อเดี่ยว</td></tr>
<tr style="background-color:#f0f5fa;"><td style="padding:3px;"><b>ประเภทชาวไร่</b></td><td style="padding:3px;">รถตัด</td></tr>
<tr style="background-color:#dbe8f5;"><td style="padding:3px;"><b>สถานีขนถ่าย</b></td><td style="padding:3px;"></td></tr>
<tr style="background-color:#f0f5fa;"><td style="padding:3px;"><b>สถานะยืนยัน</b></td><td style="padding:3px;">N</td></tr>
<tr style="background-color:#dbe8f5;"><td style="padding:3px;"><b>โควตา</b></td><td style="padding:3px;">974326</td></tr>
<tr style="background-color:#f0f5fa;"><td style="padding:3px;"><b>ชาวไร่</b></td><td style="padding:3px;">นาง พนารัตน์ ศรีเลิศ</td></tr>
<tr style="background-color:#dbe8f5;"><td style="padding:3px;"><b>ประเภทอ้อย</b></td><td style="padding:3px;">ตอ1</td></tr>
<tr style="background-color:#f0f5fa;"><td style="padding:3px;"><b>พื้นที่</b></td><td style="padding:3px;">3.96</td></tr>
<tr style="background-color:#dbe8f5;"><td style="padding:3px;"><b>ปีผลิต</b></td><td style="padding:3px;">256970</td></tr>
<tr style="background-color:#f0f5fa;"><td style="padding:3px;"><b>ตันรวม</b></td><td style="padding:3px;">35.64</td></tr>
<tr style="background-color:#dbe8f5;"><td style="padding:3px;"><b>สถานที่ส่งอ้อย_1</b></td><td style="padding:3px;">รถตัด</td></tr>
</table>]]></description>
      <MultiGeometry><Polygon><outerBoundaryIs><LinearRing><coordinates>103.969196350135,14.9281517000811 103.968992909461,14.927149089859 103.96849844981,14.9272928797394 103.968642460014,14.9282343797266 103.969196350135,14.9281517000811</coordinates></LinearRing></outerBoundaryIs></Polygon></MultiGeometry>
    </Placemark>
    <Placemark>
      <name>331204131533</name>
      <styleUrl>#style_43_001</styleUrl>
      <description><![CDATA[<h3 style="margin-bottom:6px; font-family:sans-serif;">331204131533</h3>
<table style="width:100%; border-collapse:collapse; font-family:sans-serif; font-size:12px;">
<tr style="background-color:#99bfe6; color:#000; font-weight:bold;"><td colspan="2" style="padding:4px; text-align:center;">331204131533</td></tr>
<tr style="background-color:#f0f5fa;"><td style="padding:3px; width:45%;"><b>FID</b></td><td style="padding:3px;">3740</td></tr>
<tr style="background-color:#dbe8f5;"><td style="padding:3px;"><b>รหัสแปลง</b></td><td style="padding:3px;">331204131533</td></tr>
<tr style="background-color:#f0f5fa;"><td style="padding:3px;"><b>รหัสกลุ่มคิว</b></td><td style="padding:3px;">43_001</td></tr>
<tr style="background-color:#dbe8f5;"><td style="padding:3px;"><b>นักเกษตร</b></td><td style="padding:3px;">4301</td></tr>
<tr style="background-color:#f0f5fa;"><td style="padding:3px;"><b>ศูนย์</b></td><td style="padding:3px;">K2-43</td></tr>
<tr style="background-color:#dbe8f5;"><td style="padding:3px;"><b>สถานที่ส่งอ้อย</b></td><td style="padding:3px;">รถตัด</td></tr>
<tr style="background-color:#f0f5fa;"><td style="padding:3px;"><b>ประเภทคิว</b></td><td style="padding:3px;">รถตัด</td></tr>
<tr style="background-color:#dbe8f5;"><td style="padding:3px;"><b>ประเภทรถ</b></td><td style="padding:3px;">10 ล้อเดี่ยว</td></tr>
<tr style="background-color:#f0f5fa;"><td style="padding:3px;"><b>ประเภทชาวไร่</b></td><td style="padding:3px;">รถตัด</td></tr>
<tr style="background-color:#dbe8f5;"><td style="padding:3px;"><b>สถานีขนถ่าย</b></td><td style="padding:3px;"></td></tr>
<tr style="background-color:#f0f5fa;"><td style="padding:3px;"><b>สถานะยืนยัน</b></td><td style="padding:3px;">N</td></tr>
<tr style="background-color:#dbe8f5;"><td style="padding:3px;"><b>โควตา</b></td><td style="padding:3px;">974326</td></tr>
<tr style="background-color:#f0f5fa;"><td style="padding:3px;"><b>ชาวไร่</b></td><td style="padding:3px;">นาง พนารัตน์ ศรีเลิศ</td></tr>
<tr style="background-color:#dbe8f5;"><td style="padding:3px;"><b>ประเภทอ้อย</b></td><td style="padding:3px;">ตอ1</td></tr>
<tr style="background-color:#f0f5fa;"><td style="padding:3px;"><b>พื้นที่</b></td><td style="padding:3px;">2.43</td></tr>
<tr style="background-color:#dbe8f5;"><td style="padding:3px;"><b>ปีผลิต</b></td><td style="padding:3px;">256970</td></tr>
<tr style="background-color:#f0f5fa;"><td style="padding:3px;"><b>ตันรวม</b></td><td style="padding:3px;">21.87</td></tr>
<tr style="background-color:#dbe8f5;"><td style="padding:3px;"><b>สถานที่ส่งอ้อย_1</b></td><td style="padding:3px;">รถตัด</td></tr>
</table>]]></description>
      <MultiGeometry><Polygon><outerBoundaryIs><LinearRing><coordinates>103.97649037004,14.9391568200817 103.977494889581,14.9391450797422 103.97750303014,14.9388213902302 103.976502709876,14.9388320896083 103.97649037004,14.9391568200817</coordinates></LinearRing></outerBoundaryIs></Polygon></MultiGeometry>
    </Placemark>
    <Placemark>
      <name>331204141566</name>
      <styleUrl>#style_43_001</styleUrl>
      <description><![CDATA[<h3 style="margin-bottom:6px; font-family:sans-serif;">331204141566</h3>
<table style="width:100%; border-collapse:collapse; font-family:sans-serif; font-size:12px;">
<tr style="background-color:#99bfe6; color:#000; font-weight:bold;"><td colspan="2" style="padding:4px; text-align:center;">331204141566</td></tr>
<tr style="background-color:#f0f5fa;"><td style="padding:3px; width:45%;"><b>FID</b></td><td style="padding:3px;">3747</td></tr>
<tr style="background-color:#dbe8f5;"><td style="padding:3px;"><b>รหัสแปลง</b></td><td style="padding:3px;">331204141566</td></tr>
<tr style="background-color:#f0f5fa;"><td style="padding:3px;"><b>รหัสกลุ่มคิว</b></td><td style="padding:3px;">43_001</td></tr>
<tr style="background-color:#dbe8f5;"><td style="padding:3px;"><b>นักเกษตร</b></td><td style="padding:3px;">4301</td></tr>
<tr style="background-color:#f0f5fa;"><td style="padding:3px;"><b>ศูนย์</b></td><td style="padding:3px;">K2-43</td></tr>
<tr style="background-color:#dbe8f5;"><td style="padding:3px;"><b>สถานที่ส่งอ้อย</b></td><td style="padding:3px;">รถตัด</td></tr>
<tr style="background-color:#f0f5fa;"><td style="padding:3px;"><b>ประเภทคิว</b></td><td style="padding:3px;">รถตัด</td></tr>
<tr style="background-color:#dbe8f5;"><td style="padding:3px;"><b>ประเภทรถ</b></td><td style="padding:3px;">10 ล้อเดี่ยว</td></tr>
<tr style="background-color:#f0f5fa;"><td style="padding:3px;"><b>ประเภทชาวไร่</b></td><td style="padding:3px;">รถตัด</td></tr>
<tr style="background-color:#dbe8f5;"><td style="padding:3px;"><b>สถานีขนถ่าย</b></td><td style="padding:3px;"></td></tr>
<tr style="background-color:#f0f5fa;"><td style="padding:3px;"><b>สถานะยืนยัน</b></td><td style="padding:3px;">N</td></tr>
<tr style="background-color:#dbe8f5;"><td style="padding:3px;"><b>โควตา</b></td><td style="padding:3px;">950122</td></tr>
<tr style="background-color:#f0f5fa;"><td style="padding:3px;"><b>ชาวไร่</b></td><td style="padding:3px;">นาย บุญนา วงษ์ละคร</td></tr>
<tr style="background-color:#dbe8f5;"><td style="padding:3px;"><b>ประเภทอ้อย</b></td><td style="padding:3px;">ปลายฝน</td></tr>
<tr style="background-color:#f0f5fa;"><td style="padding:3px;"><b>พื้นที่</b></td><td style="padding:3px;">7.91</td></tr>
<tr style="background-color:#dbe8f5;"><td style="padding:3px;"><b>ปีผลิต</b></td><td style="padding:3px;">256970</td></tr>
<tr style="background-color:#f0f5fa;"><td style="padding:3px;"><b>ตันรวม</b></td><td style="padding:3px;">102.83</td></tr>
<tr style="background-color:#dbe8f5;"><td style="padding:3px;"><b>สถานที่ส่งอ้อย_1</b></td><td style="padding:3px;">รถตัด</td></tr>
</table>]]></description>
      <MultiGeometry><Polygon><outerBoundaryIs><LinearRing><coordinates>103.980844999507,14.9462766666063 103.980808332962,14.9461533330011 103.980773333026,14.9460416670662 103.980703332733,14.9458166662312 103.980523333278,14.9446016668488 103.980321500529,14.9446396204837 103.980547570445,14.9463035497229 103.980510283539,14.9463136635181 103.980293333241,14.9446450003176 103.980250000195,14.9441299998606 103.979939999865,14.9441250003213 103.979948332931,14.9444149999772 103.980028333379,14.9451666666923 103.980066666898,14.9453883335943 103.980116666615,14.9455850000051 103.980279999359,14.9463583328984 103.980844999507,14.9462766666063</coordinates></LinearRing></outerBoundaryIs></Polygon></MultiGeometry>
    </Placemark>
    <Placemark>
      <name>320915071555</name>
      <styleUrl>#style_43_001</styleUrl>
      <description><![CDATA[<h3 style="margin-bottom:6px; font-family:sans-serif;">320915071555</h3>
<table style="width:100%; border-collapse:collapse; font-family:sans-serif; font-size:12px;">
<tr style="background-color:#99bfe6; color:#000; font-weight:bold;"><td colspan="2" style="padding:4px; text-align:center;">320915071555</td></tr>
<tr style="background-color:#f0f5fa;"><td style="padding:3px; width:45%;"><b>FID</b></td><td style="padding:3px;">5321</td></tr>
<tr style="background-color:#dbe8f5;"><td style="padding:3px;"><b>รหัสแปลง</b></td><td style="padding:3px;">320915071555</td></tr>
<tr style="background-color:#f0f5fa;"><td style="padding:3px;"><b>รหัสกลุ่มคิว</b></td><td style="padding:3px;">43_001</td></tr>
<tr style="background-color:#dbe8f5;"><td style="padding:3px;"><b>นักเกษตร</b></td><td style="padding:3px;">4301</td></tr>
<tr style="background-color:#f0f5fa;"><td style="padding:3px;"><b>ศูนย์</b></td><td style="padding:3px;">K2-43</td></tr>
<tr style="background-color:#dbe8f5;"><td style="padding:3px;"><b>สถานที่ส่งอ้อย</b></td><td style="padding:3px;">รถตัด</td></tr>
<tr style="background-color:#f0f5fa;"><td style="padding:3px;"><b>ประเภทคิว</b></td><td style="padding:3px;">รถตัด</td></tr>
<tr style="background-color:#dbe8f5;"><td style="padding:3px;"><b>ประเภทรถ</b></td><td style="padding:3px;">10 ล้อเดี่ยว</td></tr>
<tr style="background-color:#f0f5fa;"><td style="padding:3px;"><b>ประเภทชาวไร่</b></td><td style="padding:3px;">รถตัด</td></tr>
<tr style="background-color:#dbe8f5;"><td style="padding:3px;"><b>สถานีขนถ่าย</b></td><td style="padding:3px;"></td></tr>
<tr style="background-color:#f0f5fa;"><td style="padding:3px;"><b>สถานะยืนยัน</b></td><td style="padding:3px;">N</td></tr>
<tr style="background-color:#dbe8f5;"><td style="padding:3px;"><b>โควตา</b></td><td style="padding:3px;">743950</td></tr>
<tr style="background-color:#f0f5fa;"><td style="padding:3px;"><b>ชาวไร่</b></td><td style="padding:3px;">นาย เสน่ห์ วงละคร</td></tr>
<tr style="background-color:#dbe8f5;"><td style="padding:3px;"><b>ประเภทอ้อย</b></td><td style="padding:3px;">ตอ1</td></tr>
<tr style="background-color:#f0f5fa;"><td style="padding:3px;"><b>พื้นที่</b></td><td style="padding:3px;">10.78</td></tr>
<tr style="background-color:#dbe8f5;"><td style="padding:3px;"><b>ปีผลิต</b></td><td style="padding:3px;">256970</td></tr>
<tr style="background-color:#f0f5fa;"><td style="padding:3px;"><b>ตันรวม</b></td><td style="padding:3px;">97.02</td></tr>
<tr style="background-color:#dbe8f5;"><td style="padding:3px;"><b>สถานที่ส่งอ้อย_1</b></td><td style="padding:3px;">รถตัด</td></tr>
</table>]]></description>
      <MultiGeometry><Polygon><outerBoundaryIs><LinearRing><coordinates>103.825741666331,14.8675499999194 103.826796666206,14.8673616663167 103.826768333138,14.8672949997757 103.826706666259,14.8668166667858 103.825018332872,14.8672266669219 103.825241666491,14.8685566664779 103.825881666924,14.8683966664384 103.825741666331,14.8675499999194</coordinates></LinearRing></outerBoundaryIs></Polygon></MultiGeometry>
    </Placemark>
    <Placemark>
      <name>321206100002</name>
      <styleUrl>#style_43_001</styleUrl>
      <description><![CDATA[<h3 style="margin-bottom:6px; font-family:sans-serif;">321206100002</h3>
<table style="width:100%; border-collapse:collapse; font-family:sans-serif; font-size:12px;">
<tr style="background-color:#99bfe6; color:#000; font-weight:bold;"><td colspan="2" style="padding:4px; text-align:center;">321206100002</td></tr>
<tr style="background-color:#f0f5fa;"><td style="padding:3px; width:45%;"><b>FID</b></td><td style="padding:3px;">5385</td></tr>
<tr style="background-color:#dbe8f5;"><td style="padding:3px;"><b>รหัสแปลง</b></td><td style="padding:3px;">321206100002</td></tr>
<tr style="background-color:#f0f5fa;"><td style="padding:3px;"><b>รหัสกลุ่มคิว</b></td><td style="padding:3px;">43_001</td></tr>
<tr style="background-color:#dbe8f5;"><td style="padding:3px;"><b>นักเกษตร</b></td><td style="padding:3px;">4301</td></tr>
<tr style="background-color:#f0f5fa;"><td style="padding:3px;"><b>ศูนย์</b></td><td style="padding:3px;">K2-43</td></tr>
<tr style="background-color:#dbe8f5;"><td style="padding:3px;"><b>สถานที่ส่งอ้อย</b></td><td style="padding:3px;">รถตัด</td></tr>
<tr style="background-color:#f0f5fa;"><td style="padding:3px;"><b>ประเภทคิว</b></td><td style="padding:3px;">รถตัด</td></tr>
<tr style="background-color:#dbe8f5;"><td style="padding:3px;"><b>ประเภทรถ</b></td><td style="padding:3px;">10 ล้อเดี่ยว</td></tr>
<tr style="background-color:#f0f5fa;"><td style="padding:3px;"><b>ประเภทชาวไร่</b></td><td style="padding:3px;">รถตัด</td></tr>
<tr style="background-color:#dbe8f5;"><td style="padding:3px;"><b>สถานีขนถ่าย</b></td><td style="padding:3px;"></td></tr>
<tr style="background-color:#f0f5fa;"><td style="padding:3px;"><b>สถานะยืนยัน</b></td><td style="padding:3px;">N</td></tr>
<tr style="background-color:#dbe8f5;"><td style="padding:3px;"><b>โควตา</b></td><td style="padding:3px;">974417</td></tr>
<tr style="background-color:#f0f5fa;"><td style="padding:3px;"><b>ชาวไร่</b></td><td style="padding:3px;">นาย เทียม ทองดาษ</td></tr>
<tr style="background-color:#dbe8f5;"><td style="padding:3px;"><b>ประเภทอ้อย</b></td><td style="padding:3px;">ตอ1</td></tr>
<tr style="background-color:#f0f5fa;"><td style="padding:3px;"><b>พื้นที่</b></td><td style="padding:3px;">18.1</td></tr>
<tr style="background-color:#dbe8f5;"><td style="padding:3px;"><b>ปีผลิต</b></td><td style="padding:3px;">256970</td></tr>
<tr style="background-color:#f0f5fa;"><td style="padding:3px;"><b>ตันรวม</b></td><td style="padding:3px;">162.9</td></tr>
<tr style="background-color:#dbe8f5;"><td style="padding:3px;"><b>สถานที่ส่งอ้อย_1</b></td><td style="padding:3px;">รถตัด</td></tr>
</table>]]></description>
      <MultiGeometry><Polygon><outerBoundaryIs><LinearRing><coordinates>103.942443989112,14.932609065571 103.941582915701,14.9327655553469 103.941603703481,14.9322508651409 103.941327770648,14.932179534437 103.941343026383,14.9320570334315 103.941163150669,14.9320334379294 103.941135909183,14.9322228690195 103.941125432035,14.9332272305364 103.942132852802,14.9334594094659 103.942887327959,14.933645213887 103.942854999565,14.9331716668199 103.943058333356,14.933109999578 103.943233332947,14.9331016669232 103.943676666299,14.9331333333926 103.943789727803,14.9331417963615 103.94387704285,14.9324975439544 103.942408281666,14.9322371603918 103.942443989112,14.932609065571</coordinates></LinearRing></outerBoundaryIs></Polygon></MultiGeometry>
    </Placemark>
    <Placemark>
      <name>321505051532</name>
      <styleUrl>#style_43_001</styleUrl>
      <description><![CDATA[<h3 style="margin-bottom:6px; font-family:sans-serif;">321505051532</h3>
<table style="width:100%; border-collapse:collapse; font-family:sans-serif; font-size:12px;">
<tr style="background-color:#99bfe6; color:#000; font-weight:bold;"><td colspan="2" style="padding:4px; text-align:center;">321505051532</td></tr>
<tr style="background-color:#f0f5fa;"><td style="padding:3px; width:45%;"><b>FID</b></td><td style="padding:3px;">5586</td></tr>
<tr style="background-color:#dbe8f5;"><td style="padding:3px;"><b>รหัสแปลง</b></td><td style="padding:3px;">321505051532</td></tr>
<tr style="background-color:#f0f5fa;"><td style="padding:3px;"><b>รหัสกลุ่มคิว</b></td><td style="padding:3px;">43_001</td></tr>
<tr style="background-color:#dbe8f5;"><td style="padding:3px;"><b>นักเกษตร</b></td><td style="padding:3px;">4301</td></tr>
<tr style="background-color:#f0f5fa;"><td style="padding:3px;"><b>ศูนย์</b></td><td style="padding:3px;">K2-43</td></tr>
<tr style="background-color:#dbe8f5;"><td style="padding:3px;"><b>สถานที่ส่งอ้อย</b></td><td style="padding:3px;">รถตัด</td></tr>
<tr style="background-color:#f0f5fa;"><td style="padding:3px;"><b>ประเภทคิว</b></td><td style="padding:3px;">รถตัด</td></tr>
<tr style="background-color:#dbe8f5;"><td style="padding:3px;"><b>ประเภทรถ</b></td><td style="padding:3px;">10 ล้อเดี่ยว</td></tr>
<tr style="background-color:#f0f5fa;"><td style="padding:3px;"><b>ประเภทชาวไร่</b></td><td style="padding:3px;">รถตัด</td></tr>
<tr style="background-color:#dbe8f5;"><td style="padding:3px;"><b>สถานีขนถ่าย</b></td><td style="padding:3px;"></td></tr>
<tr style="background-color:#f0f5fa;"><td style="padding:3px;"><b>สถานะยืนยัน</b></td><td style="padding:3px;">N</td></tr>
<tr style="background-color:#dbe8f5;"><td style="padding:3px;"><b>โควตา</b></td><td style="padding:3px;">701275</td></tr>
<tr style="background-color:#f0f5fa;"><td style="padding:3px;"><b>ชาวไร่</b></td><td style="padding:3px;">นาย วรพัฒน์ นราดุลย์</td></tr>
<tr style="background-color:#dbe8f5;"><td style="padding:3px;"><b>ประเภทอ้อย</b></td><td style="padding:3px;">ปลายฝน</td></tr>
<tr style="background-color:#f0f5fa;"><td style="padding:3px;"><b>พื้นที่</b></td><td style="padding:3px;">6.36</td></tr>
<tr style="background-color:#dbe8f5;"><td style="padding:3px;"><b>ปีผลิต</b></td><td style="padding:3px;">256970</td></tr>
<tr style="background-color:#f0f5fa;"><td style="padding:3px;"><b>ตันรวม</b></td><td style="padding:3px;">82.68</td></tr>
<tr style="background-color:#dbe8f5;"><td style="padding:3px;"><b>สถานที่ส่งอ้อย_1</b></td><td style="padding:3px;">รถตัด</td></tr>
</table>]]></description>
      <MultiGeometry><Polygon><outerBoundaryIs><LinearRing><coordinates>103.835389148097,14.7831567984268 103.83523022698,14.7831736037805 103.835248919245,14.7833959335319 103.835103157525,14.7834463927766 103.835336258559,14.785456038487 103.834991594387,14.7855151304239 103.835024535047,14.785719313807 103.835536167064,14.7857324731755 103.835676479636,14.7857175118469 103.835389148097,14.7831567984268</coordinates></LinearRing></outerBoundaryIs></Polygon></MultiGeometry>
    </Placemark>
    <Placemark>
      <name>331204111587</name>
      <styleUrl>#style_43_001</styleUrl>
      <description><![CDATA[<h3 style="margin-bottom:6px; font-family:sans-serif;">331204111587</h3>
<table style="width:100%; border-collapse:collapse; font-family:sans-serif; font-size:12px;">
<tr style="background-color:#99bfe6; color:#000; font-weight:bold;"><td colspan="2" style="padding:4px; text-align:center;">331204111587</td></tr>
<tr style="background-color:#f0f5fa;"><td style="padding:3px; width:45%;"><b>FID</b></td><td style="padding:3px;">6427</td></tr>
<tr style="background-color:#dbe8f5;"><td style="padding:3px;"><b>รหัสแปลง</b></td><td style="padding:3px;">331204111587</td></tr>
<tr style="background-color:#f0f5fa;"><td style="padding:3px;"><b>รหัสกลุ่มคิว</b></td><td style="padding:3px;">43_001</td></tr>
<tr style="background-color:#dbe8f5;"><td style="padding:3px;"><b>นักเกษตร</b></td><td style="padding:3px;">4301</td></tr>
<tr style="background-color:#f0f5fa;"><td style="padding:3px;"><b>ศูนย์</b></td><td style="padding:3px;">K2-43</td></tr>
<tr style="background-color:#dbe8f5;"><td style="padding:3px;"><b>สถานที่ส่งอ้อย</b></td><td style="padding:3px;">รถตัด</td></tr>
<tr style="background-color:#f0f5fa;"><td style="padding:3px;"><b>ประเภทคิว</b></td><td style="padding:3px;">รถตัด</td></tr>
<tr style="background-color:#dbe8f5;"><td style="padding:3px;"><b>ประเภทรถ</b></td><td style="padding:3px;">10 ล้อเดี่ยว</td></tr>
<tr style="background-color:#f0f5fa;"><td style="padding:3px;"><b>ประเภทชาวไร่</b></td><td style="padding:3px;">รถตัด</td></tr>
<tr style="background-color:#dbe8f5;"><td style="padding:3px;"><b>สถานีขนถ่าย</b></td><td style="padding:3px;"></td></tr>
<tr style="background-color:#f0f5fa;"><td style="padding:3px;"><b>สถานะยืนยัน</b></td><td style="padding:3px;">N</td></tr>
<tr style="background-color:#dbe8f5;"><td style="padding:3px;"><b>โควตา</b></td><td style="padding:3px;">950038</td></tr>
<tr style="background-color:#f0f5fa;"><td style="padding:3px;"><b>ชาวไร่</b></td><td style="padding:3px;">นาย ธนาวุฒิ ผักไหม</td></tr>
<tr style="background-color:#dbe8f5;"><td style="padding:3px;"><b>ประเภทอ้อย</b></td><td style="padding:3px;">ปลายฝน</td></tr>
<tr style="background-color:#f0f5fa;"><td style="padding:3px;"><b>พื้นที่</b></td><td style="padding:3px;">0.98</td></tr>
<tr style="background-color:#dbe8f5;"><td style="padding:3px;"><b>ปีผลิต</b></td><td style="padding:3px;">256970</td></tr>
<tr style="background-color:#f0f5fa;"><td style="padding:3px;"><b>ตันรวม</b></td><td style="padding:3px;">12.74</td></tr>
<tr style="background-color:#dbe8f5;"><td style="padding:3px;"><b>สถานที่ส่งอ้อย_1</b></td><td style="padding:3px;">รถตัด</td></tr>
</table>]]></description>
      <MultiGeometry><Polygon><outerBoundaryIs><LinearRing><coordinates>103.964584999694,14.9415166663079 103.96499833283,14.9414333330273 103.964916666362,14.9411049996679 103.964508332938,14.9412499996922 103.964584999694,14.9415166663079</coordinates></LinearRing></outerBoundaryIs></Polygon></MultiGeometry>
    </Placemark>
    <Placemark>
      <name>321505051541</name>
      <styleUrl>#style_43_001</styleUrl>
      <description><![CDATA[<h3 style="margin-bottom:6px; font-family:sans-serif;">321505051541</h3>
<table style="width:100%; border-collapse:collapse; font-family:sans-serif; font-size:12px;">
<tr style="background-color:#99bfe6; color:#000; font-weight:bold;"><td colspan="2" style="padding:4px; text-align:center;">321505051541</td></tr>
<tr style="background-color:#f0f5fa;"><td style="padding:3px; width:45%;"><b>FID</b></td><td style="padding:3px;">6643</td></tr>
<tr style="background-color:#dbe8f5;"><td style="padding:3px;"><b>รหัสแปลง</b></td><td style="padding:3px;">321505051541</td></tr>
<tr style="background-color:#f0f5fa;"><td style="padding:3px;"><b>รหัสกลุ่มคิว</b></td><td style="padding:3px;">43_001</td></tr>
<tr style="background-color:#dbe8f5;"><td style="padding:3px;"><b>นักเกษตร</b></td><td style="padding:3px;">4301</td></tr>
<tr style="background-color:#f0f5fa;"><td style="padding:3px;"><b>ศูนย์</b></td><td style="padding:3px;">K2-43</td></tr>
<tr style="background-color:#dbe8f5;"><td style="padding:3px;"><b>สถานที่ส่งอ้อย</b></td><td style="padding:3px;">รถตัด</td></tr>
<tr style="background-color:#f0f5fa;"><td style="padding:3px;"><b>ประเภทคิว</b></td><td style="padding:3px;">รถตัด</td></tr>
<tr style="background-color:#dbe8f5;"><td style="padding:3px;"><b>ประเภทรถ</b></td><td style="padding:3px;">10 ล้อเดี่ยว</td></tr>
<tr style="background-color:#f0f5fa;"><td style="padding:3px;"><b>ประเภทชาวไร่</b></td><td style="padding:3px;">รถตัด</td></tr>
<tr style="background-color:#dbe8f5;"><td style="padding:3px;"><b>สถานีขนถ่าย</b></td><td style="padding:3px;"></td></tr>
<tr style="background-color:#f0f5fa;"><td style="padding:3px;"><b>สถานะยืนยัน</b></td><td style="padding:3px;">N</td></tr>
<tr style="background-color:#dbe8f5;"><td style="padding:3px;"><b>โควตา</b></td><td style="padding:3px;">701275</td></tr>
<tr style="background-color:#f0f5fa;"><td style="padding:3px;"><b>ชาวไร่</b></td><td style="padding:3px;">นาย วรพัฒน์ นราดุลย์</td></tr>
<tr style="background-color:#dbe8f5;"><td style="padding:3px;"><b>ประเภทอ้อย</b></td><td style="padding:3px;">ปลายฝน</td></tr>
<tr style="background-color:#f0f5fa;"><td style="padding:3px;"><b>พื้นที่</b></td><td style="padding:3px;">5.38</td></tr>
<tr style="background-color:#dbe8f5;"><td style="padding:3px;"><b>ปีผลิต</b></td><td style="padding:3px;">256970</td></tr>
<tr style="background-color:#f0f5fa;"><td style="padding:3px;"><b>ตันรวม</b></td><td style="padding:3px;">69.94</td></tr>
<tr style="background-color:#dbe8f5;"><td style="padding:3px;"><b>สถานที่ส่งอ้อย_1</b></td><td style="padding:3px;">รถตัด</td></tr>
</table>]]></description>
      <MultiGeometry><Polygon><outerBoundaryIs><LinearRing><coordinates>103.835392249362,14.7831440156245 103.835643874313,14.7853273337772 103.83618006468,14.785280478886 103.836187273295,14.785277712703 103.83576591525,14.7841710926477 103.835667594635,14.7834449262837 103.83563465421,14.7831824887671 103.83563616286,14.7830888213771 103.835635660291,14.7830830373301 103.835392249362,14.7831440156245</coordinates></LinearRing></outerBoundaryIs></Polygon></MultiGeometry>
    </Placemark>
    <Placemark>
      <name>321207021670</name>
      <styleUrl>#style_43_001</styleUrl>
      <description><![CDATA[<h3 style="margin-bottom:6px; font-family:sans-serif;">321207021670</h3>
<table style="width:100%; border-collapse:collapse; font-family:sans-serif; font-size:12px;">
<tr style="background-color:#99bfe6; color:#000; font-weight:bold;"><td colspan="2" style="padding:4px; text-align:center;">321207021670</td></tr>
<tr style="background-color:#f0f5fa;"><td style="padding:3px; width:45%;"><b>FID</b></td><td style="padding:3px;">7621</td></tr>
<tr style="background-color:#dbe8f5;"><td style="padding:3px;"><b>รหัสแปลง</b></td><td style="padding:3px;">321207021670</td></tr>
<tr style="background-color:#f0f5fa;"><td style="padding:3px;"><b>รหัสกลุ่มคิว</b></td><td style="padding:3px;">43_001</td></tr>
<tr style="background-color:#dbe8f5;"><td style="padding:3px;"><b>นักเกษตร</b></td><td style="padding:3px;">4301</td></tr>
<tr style="background-color:#f0f5fa;"><td style="padding:3px;"><b>ศูนย์</b></td><td style="padding:3px;">K2-43</td></tr>
<tr style="background-color:#dbe8f5;"><td style="padding:3px;"><b>สถานที่ส่งอ้อย</b></td><td style="padding:3px;">รถตัด</td></tr>
<tr style="background-color:#f0f5fa;"><td style="padding:3px;"><b>ประเภทคิว</b></td><td style="padding:3px;">รถตัด</td></tr>
<tr style="background-color:#dbe8f5;"><td style="padding:3px;"><b>ประเภทรถ</b></td><td style="padding:3px;">10 ล้อเดี่ยว</td></tr>
<tr style="background-color:#f0f5fa;"><td style="padding:3px;"><b>ประเภทชาวไร่</b></td><td style="padding:3px;">รถตัด</td></tr>
<tr style="background-color:#dbe8f5;"><td style="padding:3px;"><b>สถานีขนถ่าย</b></td><td style="padding:3px;"></td></tr>
<tr style="background-color:#f0f5fa;"><td style="padding:3px;"><b>สถานะยืนยัน</b></td><td style="padding:3px;">N</td></tr>
<tr style="background-color:#dbe8f5;"><td style="padding:3px;"><b>โควตา</b></td><td style="padding:3px;">974996</td></tr>
<tr style="background-color:#f0f5fa;"><td style="padding:3px;"><b>ชาวไร่</b></td><td style="padding:3px;">นาง นรีนารถ ไชยแสง</td></tr>
<tr style="background-color:#dbe8f5;"><td style="padding:3px;"><b>ประเภทอ้อย</b></td><td style="padding:3px;">ปลายฝน</td></tr>
<tr style="background-color:#f0f5fa;"><td style="padding:3px;"><b>พื้นที่</b></td><td style="padding:3px;">3.04</td></tr>
<tr style="background-color:#dbe8f5;"><td style="padding:3px;"><b>ปีผลิต</b></td><td style="padding:3px;">256970</td></tr>
<tr style="background-color:#f0f5fa;"><td style="padding:3px;"><b>ตันรวม</b></td><td style="padding:3px;">39.52</td></tr>
<tr style="background-color:#dbe8f5;"><td style="padding:3px;"><b>สถานที่ส่งอ้อย_1</b></td><td style="padding:3px;">รถตัด</td></tr>
</table>]]></description>
      <MultiGeometry><Polygon><outerBoundaryIs><LinearRing><coordinates>103.958053333437,14.9918633336674 103.958434999804,14.9917300003135 103.958966666261,14.9914933329235 103.958888333147,14.9912583334958 103.95841499962,14.9912800002149 103.958319999697,14.991294999977 103.958221666396,14.9913150000382 103.958113333384,14.9913283332239 103.957876666114,14.9913683333453 103.958053333437,14.9918633336674</coordinates></LinearRing></outerBoundaryIs></Polygon></MultiGeometry>
    </Placemark>
    <Placemark>
      <name>320915071601</name>
      <styleUrl>#style_43_001</styleUrl>
      <description><![CDATA[<h3 style="margin-bottom:6px; font-family:sans-serif;">320915071601</h3>
<table style="width:100%; border-collapse:collapse; font-family:sans-serif; font-size:12px;">
<tr style="background-color:#99bfe6; color:#000; font-weight:bold;"><td colspan="2" style="padding:4px; text-align:center;">320915071601</td></tr>
<tr style="background-color:#f0f5fa;"><td style="padding:3px; width:45%;"><b>FID</b></td><td style="padding:3px;">7842</td></tr>
<tr style="background-color:#dbe8f5;"><td style="padding:3px;"><b>รหัสแปลง</b></td><td style="padding:3px;">320915071601</td></tr>
<tr style="background-color:#f0f5fa;"><td style="padding:3px;"><b>รหัสกลุ่มคิว</b></td><td style="padding:3px;">43_001</td></tr>
<tr style="background-color:#dbe8f5;"><td style="padding:3px;"><b>นักเกษตร</b></td><td style="padding:3px;">4301</td></tr>
<tr style="background-color:#f0f5fa;"><td style="padding:3px;"><b>ศูนย์</b></td><td style="padding:3px;">K2-43</td></tr>
<tr style="background-color:#dbe8f5;"><td style="padding:3px;"><b>สถานที่ส่งอ้อย</b></td><td style="padding:3px;">รถตัด</td></tr>
<tr style="background-color:#f0f5fa;"><td style="padding:3px;"><b>ประเภทคิว</b></td><td style="padding:3px;">รถตัด</td></tr>
<tr style="background-color:#dbe8f5;"><td style="padding:3px;"><b>ประเภทรถ</b></td><td style="padding:3px;">10 ล้อเดี่ยว</td></tr>
<tr style="background-color:#f0f5fa;"><td style="padding:3px;"><b>ประเภทชาวไร่</b></td><td style="padding:3px;">รถตัด</td></tr>
<tr style="background-color:#dbe8f5;"><td style="padding:3px;"><b>สถานีขนถ่าย</b></td><td style="padding:3px;"></td></tr>
<tr style="background-color:#f0f5fa;"><td style="padding:3px;"><b>สถานะยืนยัน</b></td><td style="padding:3px;">N</td></tr>
<tr style="background-color:#dbe8f5;"><td style="padding:3px;"><b>โควตา</b></td><td style="padding:3px;">743950</td></tr>
<tr style="background-color:#f0f5fa;"><td style="padding:3px;"><b>ชาวไร่</b></td><td style="padding:3px;">นาย เสน่ห์ วงละคร</td></tr>
<tr style="background-color:#dbe8f5;"><td style="padding:3px;"><b>ประเภทอ้อย</b></td><td style="padding:3px;">ปลายฝน</td></tr>
<tr style="background-color:#f0f5fa;"><td style="padding:3px;"><b>พื้นที่</b></td><td style="padding:3px;">11.1</td></tr>
<tr style="background-color:#dbe8f5;"><td style="padding:3px;"><b>ปีผลิต</b></td><td style="padding:3px;">256970</td></tr>
<tr style="background-color:#f0f5fa;"><td style="padding:3px;"><b>ตันรวม</b></td><td style="padding:3px;">144.3</td></tr>
<tr style="background-color:#dbe8f5;"><td style="padding:3px;"><b>สถานที่ส่งอ้อย_1</b></td><td style="padding:3px;">รถตัด</td></tr>
</table>]]></description>
      <MultiGeometry><Polygon><outerBoundaryIs><LinearRing><coordinates>103.827691320044,14.8798369302425 103.827693539759,14.879834940153 103.826610149417,14.8802320403944 103.82724175963,14.8814776203959 103.828239609464,14.8808814602095 103.827691320044,14.8798369302425</coordinates></LinearRing></outerBoundaryIs></Polygon></MultiGeometry>
    </Placemark>
    <Placemark>
      <name>320903091518</name>
      <styleUrl>#style_43_001</styleUrl>
      <description><![CDATA[<h3 style="margin-bottom:6px; font-family:sans-serif;">320903091518</h3>
<table style="width:100%; border-collapse:collapse; font-family:sans-serif; font-size:12px;">
<tr style="background-color:#99bfe6; color:#000; font-weight:bold;"><td colspan="2" style="padding:4px; text-align:center;">320903091518</td></tr>
<tr style="background-color:#f0f5fa;"><td style="padding:3px; width:45%;"><b>FID</b></td><td style="padding:3px;">8116</td></tr>
<tr style="background-color:#dbe8f5;"><td style="padding:3px;"><b>รหัสแปลง</b></td><td style="padding:3px;">320903091518</td></tr>
<tr style="background-color:#f0f5fa;"><td style="padding:3px;"><b>รหัสกลุ่มคิว</b></td><td style="padding:3px;">43_001</td></tr>
<tr style="background-color:#dbe8f5;"><td style="padding:3px;"><b>นักเกษตร</b></td><td style="padding:3px;">4301</td></tr>
<tr style="background-color:#f0f5fa;"><td style="padding:3px;"><b>ศูนย์</b></td><td style="padding:3px;">K2-43</td></tr>
<tr style="background-color:#dbe8f5;"><td style="padding:3px;"><b>สถานที่ส่งอ้อย</b></td><td style="padding:3px;">รถตัด</td></tr>
<tr style="background-color:#f0f5fa;"><td style="padding:3px;"><b>ประเภทคิว</b></td><td style="padding:3px;">รถตัด</td></tr>
<tr style="background-color:#dbe8f5;"><td style="padding:3px;"><b>ประเภทรถ</b></td><td style="padding:3px;">10 ล้อเดี่ยว</td></tr>
<tr style="background-color:#f0f5fa;"><td style="padding:3px;"><b>ประเภทชาวไร่</b></td><td style="padding:3px;">รถตัด</td></tr>
<tr style="background-color:#dbe8f5;"><td style="padding:3px;"><b>สถานีขนถ่าย</b></td><td style="padding:3px;"></td></tr>
<tr style="background-color:#f0f5fa;"><td style="padding:3px;"><b>สถานะยืนยัน</b></td><td style="padding:3px;">N</td></tr>
<tr style="background-color:#dbe8f5;"><td style="padding:3px;"><b>โควตา</b></td><td style="padding:3px;">944412</td></tr>
<tr style="background-color:#f0f5fa;"><td style="padding:3px;"><b>ชาวไร่</b></td><td style="padding:3px;">นาง พินิจ สีหะวงษ์</td></tr>
<tr style="background-color:#dbe8f5;"><td style="padding:3px;"><b>ประเภทอ้อย</b></td><td style="padding:3px;">ตอ2</td></tr>
<tr style="background-color:#f0f5fa;"><td style="padding:3px;"><b>พื้นที่</b></td><td style="padding:3px;">4.15</td></tr>
<tr style="background-color:#dbe8f5;"><td style="padding:3px;"><b>ปีผลิต</b></td><td style="padding:3px;">256970</td></tr>
<tr style="background-color:#f0f5fa;"><td style="padding:3px;"><b>ตันรวม</b></td><td style="padding:3px;">33.2</td></tr>
<tr style="background-color:#dbe8f5;"><td style="padding:3px;"><b>สถานที่ส่งอ้อย_1</b></td><td style="padding:3px;">รถตัด</td></tr>
</table>]]></description>
      <MultiGeometry><Polygon><outerBoundaryIs><LinearRing><coordinates>103.741799999776,14.8516116665068 103.740703333199,14.8520966663781 103.740738333509,14.8523900000617 103.740898332864,14.8523849996149 103.741046666307,14.8523099999713 103.741186666403,14.8522249999519 103.741241666276,14.8522083336516 103.741498333161,14.8523649999941 103.741598333597,14.8523233329811 103.741798333075,14.8521583330103 103.741939999871,14.8522533333582 103.741985000118,14.852253332901 103.741958332967,14.8520049999227 103.741799999776,14.8516116665068</coordinates></LinearRing></outerBoundaryIs></Polygon></MultiGeometry>
    </Placemark>
    <Placemark>
      <name>320903091519</name>
      <styleUrl>#style_43_001</styleUrl>
      <description><![CDATA[<h3 style="margin-bottom:6px; font-family:sans-serif;">320903091519</h3>
<table style="width:100%; border-collapse:collapse; font-family:sans-serif; font-size:12px;">
<tr style="background-color:#99bfe6; color:#000; font-weight:bold;"><td colspan="2" style="padding:4px; text-align:center;">320903091519</td></tr>
<tr style="background-color:#f0f5fa;"><td style="padding:3px; width:45%;"><b>FID</b></td><td style="padding:3px;">8132</td></tr>
<tr style="background-color:#dbe8f5;"><td style="padding:3px;"><b>รหัสแปลง</b></td><td style="padding:3px;">320903091519</td></tr>
<tr style="background-color:#f0f5fa;"><td style="padding:3px;"><b>รหัสกลุ่มคิว</b></td><td style="padding:3px;">43_001</td></tr>
<tr style="background-color:#dbe8f5;"><td style="padding:3px;"><b>นักเกษตร</b></td><td style="padding:3px;">4301</td></tr>
<tr style="background-color:#f0f5fa;"><td style="padding:3px;"><b>ศูนย์</b></td><td style="padding:3px;">K2-43</td></tr>
<tr style="background-color:#dbe8f5;"><td style="padding:3px;"><b>สถานที่ส่งอ้อย</b></td><td style="padding:3px;">รถตัด</td></tr>
<tr style="background-color:#f0f5fa;"><td style="padding:3px;"><b>ประเภทคิว</b></td><td style="padding:3px;">รถตัด</td></tr>
<tr style="background-color:#dbe8f5;"><td style="padding:3px;"><b>ประเภทรถ</b></td><td style="padding:3px;">10 ล้อเดี่ยว</td></tr>
<tr style="background-color:#f0f5fa;"><td style="padding:3px;"><b>ประเภทชาวไร่</b></td><td style="padding:3px;">รถตัด</td></tr>
<tr style="background-color:#dbe8f5;"><td style="padding:3px;"><b>สถานีขนถ่าย</b></td><td style="padding:3px;"></td></tr>
<tr style="background-color:#f0f5fa;"><td style="padding:3px;"><b>สถานะยืนยัน</b></td><td style="padding:3px;">N</td></tr>
<tr style="background-color:#dbe8f5;"><td style="padding:3px;"><b>โควตา</b></td><td style="padding:3px;">944412</td></tr>
<tr style="background-color:#f0f5fa;"><td style="padding:3px;"><b>ชาวไร่</b></td><td style="padding:3px;">นาง พินิจ สีหะวงษ์</td></tr>
<tr style="background-color:#dbe8f5;"><td style="padding:3px;"><b>ประเภทอ้อย</b></td><td style="padding:3px;">ตอ2</td></tr>
<tr style="background-color:#f0f5fa;"><td style="padding:3px;"><b>พื้นที่</b></td><td style="padding:3px;">2.92</td></tr>
<tr style="background-color:#dbe8f5;"><td style="padding:3px;"><b>ปีผลิต</b></td><td style="padding:3px;">256970</td></tr>
<tr style="background-color:#f0f5fa;"><td style="padding:3px;"><b>ตันรวม</b></td><td style="padding:3px;">23.36</td></tr>
<tr style="background-color:#dbe8f5;"><td style="padding:3px;"><b>สถานที่ส่งอ้อย_1</b></td><td style="padding:3px;">รถตัด</td></tr>
</table>]]></description>
      <MultiGeometry><Polygon><outerBoundaryIs><LinearRing><coordinates>103.742211666448,14.8526766664271 103.743153333144,14.8523816662087 103.742951666927,14.8520116663642 103.742089999513,14.8522816664351 103.742211666448,14.8526766664271</coordinates></LinearRing></outerBoundaryIs></Polygon></MultiGeometry>
    </Placemark>
    <Placemark>
      <name>330709101720</name>
      <styleUrl>#style_43_001</styleUrl>
      <description><![CDATA[<h3 style="margin-bottom:6px; font-family:sans-serif;">330709101720</h3>
<table style="width:100%; border-collapse:collapse; font-family:sans-serif; font-size:12px;">
<tr style="background-color:#99bfe6; color:#000; font-weight:bold;"><td colspan="2" style="padding:4px; text-align:center;">330709101720</td></tr>
<tr style="background-color:#f0f5fa;"><td style="padding:3px; width:45%;"><b>FID</b></td><td style="padding:3px;">8460</td></tr>
<tr style="background-color:#dbe8f5;"><td style="padding:3px;"><b>รหัสแปลง</b></td><td style="padding:3px;">330709101720</td></tr>
<tr style="background-color:#f0f5fa;"><td style="padding:3px;"><b>รหัสกลุ่มคิว</b></td><td style="padding:3px;">43_001</td></tr>
<tr style="background-color:#dbe8f5;"><td style="padding:3px;"><b>นักเกษตร</b></td><td style="padding:3px;">4301</td></tr>
<tr style="background-color:#f0f5fa;"><td style="padding:3px;"><b>ศูนย์</b></td><td style="padding:3px;">K2-43</td></tr>
<tr style="background-color:#dbe8f5;"><td style="padding:3px;"><b>สถานที่ส่งอ้อย</b></td><td style="padding:3px;">รถตัด</td></tr>
<tr style="background-color:#f0f5fa;"><td style="padding:3px;"><b>ประเภทคิว</b></td><td style="padding:3px;">รถตัด</td></tr>
<tr style="background-color:#dbe8f5;"><td style="padding:3px;"><b>ประเภทรถ</b></td><td style="padding:3px;">10 ล้อเดี่ยว</td></tr>
<tr style="background-color:#f0f5fa;"><td style="padding:3px;"><b>ประเภทชาวไร่</b></td><td style="padding:3px;">รถตัด</td></tr>
<tr style="background-color:#dbe8f5;"><td style="padding:3px;"><b>สถานีขนถ่าย</b></td><td style="padding:3px;"></td></tr>
<tr style="background-color:#f0f5fa;"><td style="padding:3px;"><b>สถานะยืนยัน</b></td><td style="padding:3px;">N</td></tr>
<tr style="background-color:#dbe8f5;"><td style="padding:3px;"><b>โควตา</b></td><td style="padding:3px;">974326</td></tr>
<tr style="background-color:#f0f5fa;"><td style="padding:3px;"><b>ชาวไร่</b></td><td style="padding:3px;">นาง พนารัตน์ ศรีเลิศ</td></tr>
<tr style="background-color:#dbe8f5;"><td style="padding:3px;"><b>ประเภทอ้อย</b></td><td style="padding:3px;">ปลายฝน</td></tr>
<tr style="background-color:#f0f5fa;"><td style="padding:3px;"><b>พื้นที่</b></td><td style="padding:3px;">10.69</td></tr>
<tr style="background-color:#dbe8f5;"><td style="padding:3px;"><b>ปีผลิต</b></td><td style="padding:3px;">256970</td></tr>
<tr style="background-color:#f0f5fa;"><td style="padding:3px;"><b>ตันรวม</b></td><td style="padding:3px;">138.97</td></tr>
<tr style="background-color:#dbe8f5;"><td style="padding:3px;"><b>สถานที่ส่งอ้อย_1</b></td><td style="padding:3px;">รถตัด</td></tr>
</table>]]></description>
      <MultiGeometry><Polygon><outerBoundaryIs><LinearRing><coordinates>103.950313333566,14.939051666261 103.950250000068,14.9391533331871 103.950233333178,14.9391716664546 103.950166666762,14.9396566669515 103.952891666603,14.9394083336866 103.952856666104,14.9389333332523 103.950313333566,14.939051666261</coordinates></LinearRing></outerBoundaryIs></Polygon></MultiGeometry>
    </Placemark>
    <Placemark>
      <name>320915071615</name>
      <styleUrl>#style_43_001</styleUrl>
      <description><![CDATA[<h3 style="margin-bottom:6px; font-family:sans-serif;">320915071615</h3>
<table style="width:100%; border-collapse:collapse; font-family:sans-serif; font-size:12px;">
<tr style="background-color:#99bfe6; color:#000; font-weight:bold;"><td colspan="2" style="padding:4px; text-align:center;">320915071615</td></tr>
<tr style="background-color:#f0f5fa;"><td style="padding:3px; width:45%;"><b>FID</b></td><td style="padding:3px;">8596</td></tr>
<tr style="background-color:#dbe8f5;"><td style="padding:3px;"><b>รหัสแปลง</b></td><td style="padding:3px;">320915071615</td></tr>
<tr style="background-color:#f0f5fa;"><td style="padding:3px;"><b>รหัสกลุ่มคิว</b></td><td style="padding:3px;">43_001</td></tr>
<tr style="background-color:#dbe8f5;"><td style="padding:3px;"><b>นักเกษตร</b></td><td style="padding:3px;">4301</td></tr>
<tr style="background-color:#f0f5fa;"><td style="padding:3px;"><b>ศูนย์</b></td><td style="padding:3px;">K2-43</td></tr>
<tr style="background-color:#dbe8f5;"><td style="padding:3px;"><b>สถานที่ส่งอ้อย</b></td><td style="padding:3px;">รถตัด</td></tr>
<tr style="background-color:#f0f5fa;"><td style="padding:3px;"><b>ประเภทคิว</b></td><td style="padding:3px;">รถตัด</td></tr>
<tr style="background-color:#dbe8f5;"><td style="padding:3px;"><b>ประเภทรถ</b></td><td style="padding:3px;">10 ล้อเดี่ยว</td></tr>
<tr style="background-color:#f0f5fa;"><td style="padding:3px;"><b>ประเภทชาวไร่</b></td><td style="padding:3px;">รถตัด</td></tr>
<tr style="background-color:#dbe8f5;"><td style="padding:3px;"><b>สถานีขนถ่าย</b></td><td style="padding:3px;"></td></tr>
<tr style="background-color:#f0f5fa;"><td style="padding:3px;"><b>สถานะยืนยัน</b></td><td style="padding:3px;">N</td></tr>
<tr style="background-color:#dbe8f5;"><td style="padding:3px;"><b>โควตา</b></td><td style="padding:3px;">743950</td></tr>
<tr style="background-color:#f0f5fa;"><td style="padding:3px;"><b>ชาวไร่</b></td><td style="padding:3px;">นาย เสน่ห์ วงละคร</td></tr>
<tr style="background-color:#dbe8f5;"><td style="padding:3px;"><b>ประเภทอ้อย</b></td><td style="padding:3px;">ปลายฝน</td></tr>
<tr style="background-color:#f0f5fa;"><td style="padding:3px;"><b>พื้นที่</b></td><td style="padding:3px;">13.32</td></tr>
<tr style="background-color:#dbe8f5;"><td style="padding:3px;"><b>ปีผลิต</b></td><td style="padding:3px;">256970</td></tr>
<tr style="background-color:#f0f5fa;"><td style="padding:3px;"><b>ตันรวม</b></td><td style="padding:3px;">173.16</td></tr>
<tr style="background-color:#dbe8f5;"><td style="padding:3px;"><b>สถานที่ส่งอ้อย_1</b></td><td style="padding:3px;">รถตัด</td></tr>
</table>]]></description>
      <MultiGeometry><Polygon><outerBoundaryIs><LinearRing><coordinates>103.817538439897,14.8653309802641 103.817560089942,14.8655566598744 103.817562590656,14.8657738495712 103.817410475808,14.8658137748019 103.817416300269,14.8658757601742 103.817601179894,14.8658688298705 103.817640499996,14.86624205968 103.818610170062,14.8661391895426 103.81861621968,14.8657186202747 103.818601870161,14.8652836097982 103.818356329822,14.8648493998942 103.81814109962,14.864484499631 103.818013669774,14.8644884100794 103.817801099736,14.8645159496512 103.817396009604,14.8645200800812 103.817429039815,14.8648565901148 103.817109489931,14.8648964703242 103.817185599668,14.865151910109 103.817484269544,14.8652510302854 103.817538439897,14.8653309802641</coordinates></LinearRing></outerBoundaryIs></Polygon></MultiGeometry>
    </Placemark>
    <Placemark>
      <name>320915091706</name>
      <styleUrl>#style_43_001</styleUrl>
      <description><![CDATA[<h3 style="margin-bottom:6px; font-family:sans-serif;">320915091706</h3>
<table style="width:100%; border-collapse:collapse; font-family:sans-serif; font-size:12px;">
<tr style="background-color:#99bfe6; color:#000; font-weight:bold;"><td colspan="2" style="padding:4px; text-align:center;">320915091706</td></tr>
<tr style="background-color:#f0f5fa;"><td style="padding:3px; width:45%;"><b>FID</b></td><td style="padding:3px;">9170</td></tr>
<tr style="background-color:#dbe8f5;"><td style="padding:3px;"><b>รหัสแปลง</b></td><td style="padding:3px;">320915091706</td></tr>
<tr style="background-color:#f0f5fa;"><td style="padding:3px;"><b>รหัสกลุ่มคิว</b></td><td style="padding:3px;">43_001</td></tr>
<tr style="background-color:#dbe8f5;"><td style="padding:3px;"><b>นักเกษตร</b></td><td style="padding:3px;">4301</td></tr>
<tr style="background-color:#f0f5fa;"><td style="padding:3px;"><b>ศูนย์</b></td><td style="padding:3px;">K2-43</td></tr>
<tr style="background-color:#dbe8f5;"><td style="padding:3px;"><b>สถานที่ส่งอ้อย</b></td><td style="padding:3px;">รถตัด</td></tr>
<tr style="background-color:#f0f5fa;"><td style="padding:3px;"><b>ประเภทคิว</b></td><td style="padding:3px;">รถตัด</td></tr>
<tr style="background-color:#dbe8f5;"><td style="padding:3px;"><b>ประเภทรถ</b></td><td style="padding:3px;">10 ล้อเดี่ยว</td></tr>
<tr style="background-color:#f0f5fa;"><td style="padding:3px;"><b>ประเภทชาวไร่</b></td><td style="padding:3px;">รถตัด</td></tr>
<tr style="background-color:#dbe8f5;"><td style="padding:3px;"><b>สถานีขนถ่าย</b></td><td style="padding:3px;"></td></tr>
<tr style="background-color:#f0f5fa;"><td style="padding:3px;"><b>สถานะยืนยัน</b></td><td style="padding:3px;">N</td></tr>
<tr style="background-color:#dbe8f5;"><td style="padding:3px;"><b>โควตา</b></td><td style="padding:3px;">743950</td></tr>
<tr style="background-color:#f0f5fa;"><td style="padding:3px;"><b>ชาวไร่</b></td><td style="padding:3px;">นาย เสน่ห์ วงละคร</td></tr>
<tr style="background-color:#dbe8f5;"><td style="padding:3px;"><b>ประเภทอ้อย</b></td><td style="padding:3px;">ปลายฝน</td></tr>
<tr style="background-color:#f0f5fa;"><td style="padding:3px;"><b>พื้นที่</b></td><td style="padding:3px;">19.34</td></tr>
<tr style="background-color:#dbe8f5;"><td style="padding:3px;"><b>ปีผลิต</b></td><td style="padding:3px;">256970</td></tr>
<tr style="background-color:#f0f5fa;"><td style="padding:3px;"><b>ตันรวม</b></td><td style="padding:3px;">251.42</td></tr>
<tr style="background-color:#dbe8f5;"><td style="padding:3px;"><b>สถานที่ส่งอ้อย_1</b></td><td style="padding:3px;">รถตัด</td></tr>
</table>]]></description>
      <MultiGeometry><Polygon><outerBoundaryIs><LinearRing><coordinates>103.834056666588,14.8206149995311 103.836083333463,14.8204066662523 103.836009999751,14.8201283337215 103.835853332943,14.8198249997681 103.835543333407,14.819323333483 103.835416666675,14.8193900000183 103.834656666582,14.8189599996373 103.834621666249,14.8189416669653 103.83458333317,14.8188583334093 103.834500369781,14.8187118342907 103.834073333196,14.8188883337314 103.833896666929,14.8197850000679 103.834144999433,14.8200133331239 103.834223332895,14.8202283329739 103.834056666588,14.8206149995311</coordinates></LinearRing></outerBoundaryIs></Polygon></MultiGeometry>
    </Placemark>
    <Placemark>
      <name>320915071626</name>
      <styleUrl>#style_43_001</styleUrl>
      <description><![CDATA[<h3 style="margin-bottom:6px; font-family:sans-serif;">320915071626</h3>
<table style="width:100%; border-collapse:collapse; font-family:sans-serif; font-size:12px;">
<tr style="background-color:#99bfe6; color:#000; font-weight:bold;"><td colspan="2" style="padding:4px; text-align:center;">320915071626</td></tr>
<tr style="background-color:#f0f5fa;"><td style="padding:3px; width:45%;"><b>FID</b></td><td style="padding:3px;">9349</td></tr>
<tr style="background-color:#dbe8f5;"><td style="padding:3px;"><b>รหัสแปลง</b></td><td style="padding:3px;">320915071626</td></tr>
<tr style="background-color:#f0f5fa;"><td style="padding:3px;"><b>รหัสกลุ่มคิว</b></td><td style="padding:3px;">43_001</td></tr>
<tr style="background-color:#dbe8f5;"><td style="padding:3px;"><b>นักเกษตร</b></td><td style="padding:3px;">4301</td></tr>
<tr style="background-color:#f0f5fa;"><td style="padding:3px;"><b>ศูนย์</b></td><td style="padding:3px;">K2-43</td></tr>
<tr style="background-color:#dbe8f5;"><td style="padding:3px;"><b>สถานที่ส่งอ้อย</b></td><td style="padding:3px;">รถตัด</td></tr>
<tr style="background-color:#f0f5fa;"><td style="padding:3px;"><b>ประเภทคิว</b></td><td style="padding:3px;">รถตัด</td></tr>
<tr style="background-color:#dbe8f5;"><td style="padding:3px;"><b>ประเภทรถ</b></td><td style="padding:3px;">10 ล้อเดี่ยว</td></tr>
<tr style="background-color:#f0f5fa;"><td style="padding:3px;"><b>ประเภทชาวไร่</b></td><td style="padding:3px;">รถตัด</td></tr>
<tr style="background-color:#dbe8f5;"><td style="padding:3px;"><b>สถานีขนถ่าย</b></td><td style="padding:3px;"></td></tr>
<tr style="background-color:#f0f5fa;"><td style="padding:3px;"><b>สถานะยืนยัน</b></td><td style="padding:3px;">N</td></tr>
<tr style="background-color:#dbe8f5;"><td style="padding:3px;"><b>โควตา</b></td><td style="padding:3px;">743950</td></tr>
<tr style="background-color:#f0f5fa;"><td style="padding:3px;"><b>ชาวไร่</b></td><td style="padding:3px;">นาย เสน่ห์ วงละคร</td></tr>
<tr style="background-color:#dbe8f5;"><td style="padding:3px;"><b>ประเภทอ้อย</b></td><td style="padding:3px;">ตอ1</td></tr>
<tr style="background-color:#f0f5fa;"><td style="padding:3px;"><b>พื้นที่</b></td><td style="padding:3px;">13.4</td></tr>
<tr style="background-color:#dbe8f5;"><td style="padding:3px;"><b>ปีผลิต</b></td><td style="padding:3px;">256970</td></tr>
<tr style="background-color:#f0f5fa;"><td style="padding:3px;"><b>ตันรวม</b></td><td style="padding:3px;">120.6</td></tr>
<tr style="background-color:#dbe8f5;"><td style="padding:3px;"><b>สถานที่ส่งอ้อย_1</b></td><td style="padding:3px;">รถตัด</td></tr>
</table>]]></description>
      <MultiGeometry><Polygon><outerBoundaryIs><LinearRing><coordinates>103.818639999857,14.8661116669253 103.81764166648,14.8662233332082 103.817579999967,14.8658466669668 103.817541666158,14.8658466664866 103.817441666416,14.8658583337481 103.817343332839,14.8658733333416 103.817168333307,14.8659033337248 103.817139999343,14.8659383329162 103.817119999409,14.8659733335067 103.817080000035,14.8659933336145 103.817443333456,14.8674916662503 103.818548333568,14.8673433329759 103.818639999857,14.8661116669253</coordinates></LinearRing></outerBoundaryIs></Polygon></MultiGeometry>
    </Placemark>
    <Placemark>
      <name>321505031570</name>
      <styleUrl>#style_43_001</styleUrl>
      <description><![CDATA[<h3 style="margin-bottom:6px; font-family:sans-serif;">321505031570</h3>
<table style="width:100%; border-collapse:collapse; font-family:sans-serif; font-size:12px;">
<tr style="background-color:#99bfe6; color:#000; font-weight:bold;"><td colspan="2" style="padding:4px; text-align:center;">321505031570</td></tr>
<tr style="background-color:#f0f5fa;"><td style="padding:3px; width:45%;"><b>FID</b></td><td style="padding:3px;">9450</td></tr>
<tr style="background-color:#dbe8f5;"><td style="padding:3px;"><b>รหัสแปลง</b></td><td style="padding:3px;">321505031570</td></tr>
<tr style="background-color:#f0f5fa;"><td style="padding:3px;"><b>รหัสกลุ่มคิว</b></td><td style="padding:3px;">43_001</td></tr>
<tr style="background-color:#dbe8f5;"><td style="padding:3px;"><b>นักเกษตร</b></td><td style="padding:3px;">4301</td></tr>
<tr style="background-color:#f0f5fa;"><td style="padding:3px;"><b>ศูนย์</b></td><td style="padding:3px;">K2-43</td></tr>
<tr style="background-color:#dbe8f5;"><td style="padding:3px;"><b>สถานที่ส่งอ้อย</b></td><td style="padding:3px;">รถตัด</td></tr>
<tr style="background-color:#f0f5fa;"><td style="padding:3px;"><b>ประเภทคิว</b></td><td style="padding:3px;">รถตัด</td></tr>
<tr style="background-color:#dbe8f5;"><td style="padding:3px;"><b>ประเภทรถ</b></td><td style="padding:3px;">10 ล้อเดี่ยว</td></tr>
<tr style="background-color:#f0f5fa;"><td style="padding:3px;"><b>ประเภทชาวไร่</b></td><td style="padding:3px;">รถตัด</td></tr>
<tr style="background-color:#dbe8f5;"><td style="padding:3px;"><b>สถานีขนถ่าย</b></td><td style="padding:3px;"></td></tr>
<tr style="background-color:#f0f5fa;"><td style="padding:3px;"><b>สถานะยืนยัน</b></td><td style="padding:3px;">N</td></tr>
<tr style="background-color:#dbe8f5;"><td style="padding:3px;"><b>โควตา</b></td><td style="padding:3px;">701275</td></tr>
<tr style="background-color:#f0f5fa;"><td style="padding:3px;"><b>ชาวไร่</b></td><td style="padding:3px;">นาย วรพัฒน์ นราดุลย์</td></tr>
<tr style="background-color:#dbe8f5;"><td style="padding:3px;"><b>ประเภทอ้อย</b></td><td style="padding:3px;">ปลายฝน</td></tr>
<tr style="background-color:#f0f5fa;"><td style="padding:3px;"><b>พื้นที่</b></td><td style="padding:3px;">2.01</td></tr>
<tr style="background-color:#dbe8f5;"><td style="padding:3px;"><b>ปีผลิต</b></td><td style="padding:3px;">256970</td></tr>
<tr style="background-color:#f0f5fa;"><td style="padding:3px;"><b>ตันรวม</b></td><td style="padding:3px;">26.13</td></tr>
<tr style="background-color:#dbe8f5;"><td style="padding:3px;"><b>สถานที่ส่งอ้อย_1</b></td><td style="padding:3px;">รถตัด</td></tr>
</table>]]></description>
      <MultiGeometry><Polygon><outerBoundaryIs><LinearRing><coordinates>103.835640102859,14.7853349192185 103.835687544065,14.7857290362593 103.836368154135,14.7857172599732 103.836393300588,14.7856931206048 103.83630813995,14.7855270323908 103.836234043639,14.7852858018887 103.835640102859,14.7853349192185</coordinates></LinearRing></outerBoundaryIs></Polygon></MultiGeometry>
    </Placemark>
    <Placemark>
      <name>321206101513</name>
      <styleUrl>#style_43_001</styleUrl>
      <description><![CDATA[<h3 style="margin-bottom:6px; font-family:sans-serif;">321206101513</h3>
<table style="width:100%; border-collapse:collapse; font-family:sans-serif; font-size:12px;">
<tr style="background-color:#99bfe6; color:#000; font-weight:bold;"><td colspan="2" style="padding:4px; text-align:center;">321206101513</td></tr>
<tr style="background-color:#f0f5fa;"><td style="padding:3px; width:45%;"><b>FID</b></td><td style="padding:3px;">9551</td></tr>
<tr style="background-color:#dbe8f5;"><td style="padding:3px;"><b>รหัสแปลง</b></td><td style="padding:3px;">321206101513</td></tr>
<tr style="background-color:#f0f5fa;"><td style="padding:3px;"><b>รหัสกลุ่มคิว</b></td><td style="padding:3px;">43_001</td></tr>
<tr style="background-color:#dbe8f5;"><td style="padding:3px;"><b>นักเกษตร</b></td><td style="padding:3px;">4301</td></tr>
<tr style="background-color:#f0f5fa;"><td style="padding:3px;"><b>ศูนย์</b></td><td style="padding:3px;">K2-43</td></tr>
<tr style="background-color:#dbe8f5;"><td style="padding:3px;"><b>สถานที่ส่งอ้อย</b></td><td style="padding:3px;">รถตัด</td></tr>
<tr style="background-color:#f0f5fa;"><td style="padding:3px;"><b>ประเภทคิว</b></td><td style="padding:3px;">รถตัด</td></tr>
<tr style="background-color:#dbe8f5;"><td style="padding:3px;"><b>ประเภทรถ</b></td><td style="padding:3px;">10 ล้อเดี่ยว</td></tr>
<tr style="background-color:#f0f5fa;"><td style="padding:3px;"><b>ประเภทชาวไร่</b></td><td style="padding:3px;">รถตัด</td></tr>
<tr style="background-color:#dbe8f5;"><td style="padding:3px;"><b>สถานีขนถ่าย</b></td><td style="padding:3px;"></td></tr>
<tr style="background-color:#f0f5fa;"><td style="padding:3px;"><b>สถานะยืนยัน</b></td><td style="padding:3px;">N</td></tr>
<tr style="background-color:#dbe8f5;"><td style="padding:3px;"><b>โควตา</b></td><td style="padding:3px;">974326</td></tr>
<tr style="background-color:#f0f5fa;"><td style="padding:3px;"><b>ชาวไร่</b></td><td style="padding:3px;">นาง พนารัตน์ ศรีเลิศ</td></tr>
<tr style="background-color:#dbe8f5;"><td style="padding:3px;"><b>ประเภทอ้อย</b></td><td style="padding:3px;">ตอ2</td></tr>
<tr style="background-color:#f0f5fa;"><td style="padding:3px;"><b>พื้นที่</b></td><td style="padding:3px;">8.03</td></tr>
<tr style="background-color:#dbe8f5;"><td style="padding:3px;"><b>ปีผลิต</b></td><td style="padding:3px;">256970</td></tr>
<tr style="background-color:#f0f5fa;"><td style="padding:3px;"><b>ตันรวม</b></td><td style="padding:3px;">64.24</td></tr>
<tr style="background-color:#dbe8f5;"><td style="padding:3px;"><b>สถานที่ส่งอ้อย_1</b></td><td style="padding:3px;">รถตัด</td></tr>
</table>]]></description>
      <MultiGeometry><Polygon><outerBoundaryIs><LinearRing><coordinates>103.933651666834,14.9169516666652 103.933514999366,14.916876666431 103.932919999839,14.9167699996648 103.932733332813,14.9168316663749 103.932674999679,14.9167333334317 103.932534999858,14.916718332856 103.932648332907,14.9172833332909 103.932539999623,14.9173783330074 103.932589880127,14.9178188697318 103.933872099501,14.9176467796784 103.933651666834,14.9169516666652</coordinates></LinearRing></outerBoundaryIs></Polygon></MultiGeometry>
    </Placemark>
    <Placemark>
      <name>320915071629</name>
      <styleUrl>#style_43_001</styleUrl>
      <description><![CDATA[<h3 style="margin-bottom:6px; font-family:sans-serif;">320915071629</h3>
<table style="width:100%; border-collapse:collapse; font-family:sans-serif; font-size:12px;">
<tr style="background-color:#99bfe6; color:#000; font-weight:bold;"><td colspan="2" style="padding:4px; text-align:center;">320915071629</td></tr>
<tr style="background-color:#f0f5fa;"><td style="padding:3px; width:45%;"><b>FID</b></td><td style="padding:3px;">9564</td></tr>
<tr style="background-color:#dbe8f5;"><td style="padding:3px;"><b>รหัสแปลง</b></td><td style="padding:3px;">320915071629</td></tr>
<tr style="background-color:#f0f5fa;"><td style="padding:3px;"><b>รหัสกลุ่มคิว</b></td><td style="padding:3px;">43_001</td></tr>
<tr style="background-color:#dbe8f5;"><td style="padding:3px;"><b>นักเกษตร</b></td><td style="padding:3px;">4301</td></tr>
<tr style="background-color:#f0f5fa;"><td style="padding:3px;"><b>ศูนย์</b></td><td style="padding:3px;">K2-43</td></tr>
<tr style="background-color:#dbe8f5;"><td style="padding:3px;"><b>สถานที่ส่งอ้อย</b></td><td style="padding:3px;">รถตัด</td></tr>
<tr style="background-color:#f0f5fa;"><td style="padding:3px;"><b>ประเภทคิว</b></td><td style="padding:3px;">รถตัด</td></tr>
<tr style="background-color:#dbe8f5;"><td style="padding:3px;"><b>ประเภทรถ</b></td><td style="padding:3px;">10 ล้อเดี่ยว</td></tr>
<tr style="background-color:#f0f5fa;"><td style="padding:3px;"><b>ประเภทชาวไร่</b></td><td style="padding:3px;">รถตัด</td></tr>
<tr style="background-color:#dbe8f5;"><td style="padding:3px;"><b>สถานีขนถ่าย</b></td><td style="padding:3px;"></td></tr>
<tr style="background-color:#f0f5fa;"><td style="padding:3px;"><b>สถานะยืนยัน</b></td><td style="padding:3px;">N</td></tr>
<tr style="background-color:#dbe8f5;"><td style="padding:3px;"><b>โควตา</b></td><td style="padding:3px;">743950</td></tr>
<tr style="background-color:#f0f5fa;"><td style="padding:3px;"><b>ชาวไร่</b></td><td style="padding:3px;">นาย เสน่ห์ วงละคร</td></tr>
<tr style="background-color:#dbe8f5;"><td style="padding:3px;"><b>ประเภทอ้อย</b></td><td style="padding:3px;">ปลายฝน</td></tr>
<tr style="background-color:#f0f5fa;"><td style="padding:3px;"><b>พื้นที่</b></td><td style="padding:3px;">4.83</td></tr>
<tr style="background-color:#dbe8f5;"><td style="padding:3px;"><b>ปีผลิต</b></td><td style="padding:3px;">256970</td></tr>
<tr style="background-color:#f0f5fa;"><td style="padding:3px;"><b>ตันรวม</b></td><td style="padding:3px;">62.79</td></tr>
<tr style="background-color:#dbe8f5;"><td style="padding:3px;"><b>สถานที่ส่งอ้อย_1</b></td><td style="padding:3px;">รถตัด</td></tr>
</table>]]></description>
      <MultiGeometry><Polygon><outerBoundaryIs><LinearRing><coordinates>103.828304999676,14.8796666664872 103.827696666912,14.8797850000119 103.82824166672,14.8809233331124 103.828678333427,14.8806683330919 103.828304999676,14.8796666664872</coordinates></LinearRing></outerBoundaryIs></Polygon></MultiGeometry>
    </Placemark>
    <Placemark>
      <name>320915071631</name>
      <styleUrl>#style_43_001</styleUrl>
      <description><![CDATA[<h3 style="margin-bottom:6px; font-family:sans-serif;">320915071631</h3>
<table style="width:100%; border-collapse:collapse; font-family:sans-serif; font-size:12px;">
<tr style="background-color:#99bfe6; color:#000; font-weight:bold;"><td colspan="2" style="padding:4px; text-align:center;">320915071631</td></tr>
<tr style="background-color:#f0f5fa;"><td style="padding:3px; width:45%;"><b>FID</b></td><td style="padding:3px;">9819</td></tr>
<tr style="background-color:#dbe8f5;"><td style="padding:3px;"><b>รหัสแปลง</b></td><td style="padding:3px;">320915071631</td></tr>
<tr style="background-color:#f0f5fa;"><td style="padding:3px;"><b>รหัสกลุ่มคิว</b></td><td style="padding:3px;">43_001</td></tr>
<tr style="background-color:#dbe8f5;"><td style="padding:3px;"><b>นักเกษตร</b></td><td style="padding:3px;">4301</td></tr>
<tr style="background-color:#f0f5fa;"><td style="padding:3px;"><b>ศูนย์</b></td><td style="padding:3px;">K2-43</td></tr>
<tr style="background-color:#dbe8f5;"><td style="padding:3px;"><b>สถานที่ส่งอ้อย</b></td><td style="padding:3px;">รถตัด</td></tr>
<tr style="background-color:#f0f5fa;"><td style="padding:3px;"><b>ประเภทคิว</b></td><td style="padding:3px;">รถตัด</td></tr>
<tr style="background-color:#dbe8f5;"><td style="padding:3px;"><b>ประเภทรถ</b></td><td style="padding:3px;">10 ล้อเดี่ยว</td></tr>
<tr style="background-color:#f0f5fa;"><td style="padding:3px;"><b>ประเภทชาวไร่</b></td><td style="padding:3px;">รถตัด</td></tr>
<tr style="background-color:#dbe8f5;"><td style="padding:3px;"><b>สถานีขนถ่าย</b></td><td style="padding:3px;"></td></tr>
<tr style="background-color:#f0f5fa;"><td style="padding:3px;"><b>สถานะยืนยัน</b></td><td style="padding:3px;">N</td></tr>
<tr style="background-color:#dbe8f5;"><td style="padding:3px;"><b>โควตา</b></td><td style="padding:3px;">743950</td></tr>
<tr style="background-color:#f0f5fa;"><td style="padding:3px;"><b>ชาวไร่</b></td><td style="padding:3px;">นาย เสน่ห์ วงละคร</td></tr>
<tr style="background-color:#dbe8f5;"><td style="padding:3px;"><b>ประเภทอ้อย</b></td><td style="padding:3px;">ปลายฝน</td></tr>
<tr style="background-color:#f0f5fa;"><td style="padding:3px;"><b>พื้นที่</b></td><td style="padding:3px;">7.07</td></tr>
<tr style="background-color:#dbe8f5;"><td style="padding:3px;"><b>ปีผลิต</b></td><td style="padding:3px;">256970</td></tr>
<tr style="background-color:#f0f5fa;"><td style="padding:3px;"><b>ตันรวม</b></td><td style="padding:3px;">91.91</td></tr>
<tr style="background-color:#dbe8f5;"><td style="padding:3px;"><b>สถานที่ส่งอ้อย_1</b></td><td style="padding:3px;">รถตัด</td></tr>
</table>]]></description>
      <MultiGeometry><Polygon><outerBoundaryIs><LinearRing><coordinates>103.825784999622,14.8675483333838 103.825896666885,14.8684250001082 103.825256666698,14.8685949995907 103.825265000228,14.868989999838 103.826443333053,14.868793332993 103.826263333025,14.8674566668349 103.825784999622,14.8675483333838</coordinates></LinearRing></outerBoundaryIs></Polygon></MultiGeometry>
    </Placemark>
    <Placemark>
      <name>330702041636</name>
      <styleUrl>#style_43_001</styleUrl>
      <description><![CDATA[<h3 style="margin-bottom:6px; font-family:sans-serif;">330702041636</h3>
<table style="width:100%; border-collapse:collapse; font-family:sans-serif; font-size:12px;">
<tr style="background-color:#99bfe6; color:#000; font-weight:bold;"><td colspan="2" style="padding:4px; text-align:center;">330702041636</td></tr>
<tr style="background-color:#f0f5fa;"><td style="padding:3px; width:45%;"><b>FID</b></td><td style="padding:3px;">10143</td></tr>
<tr style="background-color:#dbe8f5;"><td style="padding:3px;"><b>รหัสแปลง</b></td><td style="padding:3px;">330702041636</td></tr>
<tr style="background-color:#f0f5fa;"><td style="padding:3px;"><b>รหัสกลุ่มคิว</b></td><td style="padding:3px;">43_001</td></tr>
<tr style="background-color:#dbe8f5;"><td style="padding:3px;"><b>นักเกษตร</b></td><td style="padding:3px;">4301</td></tr>
<tr style="background-color:#f0f5fa;"><td style="padding:3px;"><b>ศูนย์</b></td><td style="padding:3px;">K2-43</td></tr>
<tr style="background-color:#dbe8f5;"><td style="padding:3px;"><b>สถานที่ส่งอ้อย</b></td><td style="padding:3px;">รถตัด</td></tr>
<tr style="background-color:#f0f5fa;"><td style="padding:3px;"><b>ประเภทคิว</b></td><td style="padding:3px;">รถตัด</td></tr>
<tr style="background-color:#dbe8f5;"><td style="padding:3px;"><b>ประเภทรถ</b></td><td style="padding:3px;">10 ล้อเดี่ยว</td></tr>
<tr style="background-color:#f0f5fa;"><td style="padding:3px;"><b>ประเภทชาวไร่</b></td><td style="padding:3px;">รถตัด</td></tr>
<tr style="background-color:#dbe8f5;"><td style="padding:3px;"><b>สถานีขนถ่าย</b></td><td style="padding:3px;"></td></tr>
<tr style="background-color:#f0f5fa;"><td style="padding:3px;"><b>สถานะยืนยัน</b></td><td style="padding:3px;">N</td></tr>
<tr style="background-color:#dbe8f5;"><td style="padding:3px;"><b>โควตา</b></td><td style="padding:3px;">976399</td></tr>
<tr style="background-color:#f0f5fa;"><td style="padding:3px;"><b>ชาวไร่</b></td><td style="padding:3px;">นาง มะลิ แก้วละมุล</td></tr>
<tr style="background-color:#dbe8f5;"><td style="padding:3px;"><b>ประเภทอ้อย</b></td><td style="padding:3px;">ตอ2</td></tr>
<tr style="background-color:#f0f5fa;"><td style="padding:3px;"><b>พื้นที่</b></td><td style="padding:3px;">15.71</td></tr>
<tr style="background-color:#dbe8f5;"><td style="padding:3px;"><b>ปีผลิต</b></td><td style="padding:3px;">256970</td></tr>
<tr style="background-color:#f0f5fa;"><td style="padding:3px;"><b>ตันรวม</b></td><td style="padding:3px;">125.68</td></tr>
<tr style="background-color:#dbe8f5;"><td style="padding:3px;"><b>สถานที่ส่งอ้อย_1</b></td><td style="padding:3px;">รถตัด</td></tr>
</table>]]></description>
      <MultiGeometry><Polygon><outerBoundaryIs><LinearRing><coordinates>103.952510149605,14.8304312795679 103.952717079397,14.8303569196619 103.952657179953,14.8301358198072 103.952630149953,14.8301374303856 103.952561189583,14.8295702397301 103.952520119312,14.8283496196058 103.952426960136,14.8266090303712 103.952384280173,14.8262167499457 103.95233146007,14.8257950302131 103.951950689323,14.8258221995401 103.95199373,14.8266308603924 103.952009219928,14.8271398199719 103.952005699365,14.8276417701471 103.952012259516,14.8284967203732 103.95214591995,14.8302421501252 103.952401590075,14.8301668696189 103.952510149605,14.8304312795679</coordinates></LinearRing></outerBoundaryIs></Polygon></MultiGeometry>
    </Placemark>
    <Placemark>
      <name>320911011566</name>
      <styleUrl>#style_43_001</styleUrl>
      <description><![CDATA[<h3 style="margin-bottom:6px; font-family:sans-serif;">320911011566</h3>
<table style="width:100%; border-collapse:collapse; font-family:sans-serif; font-size:12px;">
<tr style="background-color:#99bfe6; color:#000; font-weight:bold;"><td colspan="2" style="padding:4px; text-align:center;">320911011566</td></tr>
<tr style="background-color:#f0f5fa;"><td style="padding:3px; width:45%;"><b>FID</b></td><td style="padding:3px;">14051</td></tr>
<tr style="background-color:#dbe8f5;"><td style="padding:3px;"><b>รหัสแปลง</b></td><td style="padding:3px;">320911011566</td></tr>
<tr style="background-color:#f0f5fa;"><td style="padding:3px;"><b>รหัสกลุ่มคิว</b></td><td style="padding:3px;">43_001</td></tr>
<tr style="background-color:#dbe8f5;"><td style="padding:3px;"><b>นักเกษตร</b></td><td style="padding:3px;">4301</td></tr>
<tr style="background-color:#f0f5fa;"><td style="padding:3px;"><b>ศูนย์</b></td><td style="padding:3px;">K2-43</td></tr>
<tr style="background-color:#dbe8f5;"><td style="padding:3px;"><b>สถานที่ส่งอ้อย</b></td><td style="padding:3px;">รถตัด</td></tr>
<tr style="background-color:#f0f5fa;"><td style="padding:3px;"><b>ประเภทคิว</b></td><td style="padding:3px;">รถตัด</td></tr>
<tr style="background-color:#dbe8f5;"><td style="padding:3px;"><b>ประเภทรถ</b></td><td style="padding:3px;">10 ล้อเดี่ยว</td></tr>
<tr style="background-color:#f0f5fa;"><td style="padding:3px;"><b>ประเภทชาวไร่</b></td><td style="padding:3px;">รถตัด</td></tr>
<tr style="background-color:#dbe8f5;"><td style="padding:3px;"><b>สถานีขนถ่าย</b></td><td style="padding:3px;"></td></tr>
<tr style="background-color:#f0f5fa;"><td style="padding:3px;"><b>สถานะยืนยัน</b></td><td style="padding:3px;">N</td></tr>
<tr style="background-color:#dbe8f5;"><td style="padding:3px;"><b>โควตา</b></td><td style="padding:3px;">975345</td></tr>
<tr style="background-color:#f0f5fa;"><td style="padding:3px;"><b>ชาวไร่</b></td><td style="padding:3px;">นาง บุปผา สหุนาลุ</td></tr>
<tr style="background-color:#dbe8f5;"><td style="padding:3px;"><b>ประเภทอ้อย</b></td><td style="padding:3px;">ปลายฝน</td></tr>
<tr style="background-color:#f0f5fa;"><td style="padding:3px;"><b>พื้นที่</b></td><td style="padding:3px;">3.43</td></tr>
<tr style="background-color:#dbe8f5;"><td style="padding:3px;"><b>ปีผลิต</b></td><td style="padding:3px;">256970</td></tr>
<tr style="background-color:#f0f5fa;"><td style="padding:3px;"><b>ตันรวม</b></td><td style="padding:3px;">44.59</td></tr>
<tr style="background-color:#dbe8f5;"><td style="padding:3px;"><b>สถานที่ส่งอ้อย_1</b></td><td style="padding:3px;">รถตัด</td></tr>
</table>]]></description>
      <MultiGeometry><Polygon><outerBoundaryIs><LinearRing><coordinates>103.868684999656,14.9255583330242 103.868704999432,14.9256416669048 103.868616666866,14.9256416667529 103.868571666697,14.9255566670593 103.868373333441,14.9255316667229 103.868374999909,14.9263433332296 103.868910000092,14.9263100003154 103.868991666712,14.9260649995882 103.869025000023,14.9259416664868 103.8689816662,14.9255900001383 103.868684999656,14.9255583330242</coordinates></LinearRing></outerBoundaryIs></Polygon></MultiGeometry>
    </Placemark>
    <Placemark>
      <name>331204131586</name>
      <styleUrl>#style_43_001</styleUrl>
      <description><![CDATA[<h3 style="margin-bottom:6px; font-family:sans-serif;">331204131586</h3>
<table style="width:100%; border-collapse:collapse; font-family:sans-serif; font-size:12px;">
<tr style="background-color:#99bfe6; color:#000; font-weight:bold;"><td colspan="2" style="padding:4px; text-align:center;">331204131586</td></tr>
<tr style="background-color:#f0f5fa;"><td style="padding:3px; width:45%;"><b>FID</b></td><td style="padding:3px;">14129</td></tr>
<tr style="background-color:#dbe8f5;"><td style="padding:3px;"><b>รหัสแปลง</b></td><td style="padding:3px;">331204131586</td></tr>
<tr style="background-color:#f0f5fa;"><td style="padding:3px;"><b>รหัสกลุ่มคิว</b></td><td style="padding:3px;">43_001</td></tr>
<tr style="background-color:#dbe8f5;"><td style="padding:3px;"><b>นักเกษตร</b></td><td style="padding:3px;">4301</td></tr>
<tr style="background-color:#f0f5fa;"><td style="padding:3px;"><b>ศูนย์</b></td><td style="padding:3px;">K2-43</td></tr>
<tr style="background-color:#dbe8f5;"><td style="padding:3px;"><b>สถานที่ส่งอ้อย</b></td><td style="padding:3px;">รถตัด</td></tr>
<tr style="background-color:#f0f5fa;"><td style="padding:3px;"><b>ประเภทคิว</b></td><td style="padding:3px;">รถตัด</td></tr>
<tr style="background-color:#dbe8f5;"><td style="padding:3px;"><b>ประเภทรถ</b></td><td style="padding:3px;">10 ล้อเดี่ยว</td></tr>
<tr style="background-color:#f0f5fa;"><td style="padding:3px;"><b>ประเภทชาวไร่</b></td><td style="padding:3px;">รถตัด</td></tr>
<tr style="background-color:#dbe8f5;"><td style="padding:3px;"><b>สถานีขนถ่าย</b></td><td style="padding:3px;"></td></tr>
<tr style="background-color:#f0f5fa;"><td style="padding:3px;"><b>สถานะยืนยัน</b></td><td style="padding:3px;">N</td></tr>
<tr style="background-color:#dbe8f5;"><td style="padding:3px;"><b>โควตา</b></td><td style="padding:3px;">950038</td></tr>
<tr style="background-color:#f0f5fa;"><td style="padding:3px;"><b>ชาวไร่</b></td><td style="padding:3px;">นาย ธนาวุฒิ ผักไหม</td></tr>
<tr style="background-color:#dbe8f5;"><td style="padding:3px;"><b>ประเภทอ้อย</b></td><td style="padding:3px;">ปลายฝน</td></tr>
<tr style="background-color:#f0f5fa;"><td style="padding:3px;"><b>พื้นที่</b></td><td style="padding:3px;">1.57</td></tr>
<tr style="background-color:#dbe8f5;"><td style="padding:3px;"><b>ปีผลิต</b></td><td style="padding:3px;">256970</td></tr>
<tr style="background-color:#f0f5fa;"><td style="padding:3px;"><b>ตันรวม</b></td><td style="padding:3px;">20.41</td></tr>
<tr style="background-color:#dbe8f5;"><td style="padding:3px;"><b>สถานที่ส่งอ้อย_1</b></td><td style="padding:3px;">รถตัด</td></tr>
</table>]]></description>
      <MultiGeometry><Polygon><outerBoundaryIs><LinearRing><coordinates>103.965036666047,14.9414749999211 103.965299999506,14.9413483335621 103.965166666314,14.9409266662708 103.964416666819,14.9410816670015 103.964478333474,14.9412483333548 103.964881666881,14.9410933329753 103.965036666047,14.9414749999211</coordinates></LinearRing></outerBoundaryIs></Polygon></MultiGeometry>
    </Placemark>
  </Folder>
</Document>
</kml>
