<?xml version="1.0" encoding="UTF-8"?>
<kml xmlns="http://www.opengis.net/kml/2.2">
<Document>
  <name>กลุ่มคิว 45</name>
  <Style id="style_45_001">
    <LineStyle>
      <color>ff333333</color>
      <width>1.2</width>
    </LineStyle>
    <PolyStyle>
      <color>b300aaff</color>
      <fill>1</fill>
      <outline>1</outline>
    </PolyStyle>
  </Style>
  <Folder>
    <name>45_001</name>
    <Placemark>
      <name>321203051515</name>
      <styleUrl>#style_45_001</styleUrl>
      <description><![CDATA[<h3 style="margin-bottom:6px; font-family:sans-serif;">321203051515</h3>
<table style="width:100%; border-collapse:collapse; font-family:sans-serif; font-size:12px;">
<tr style="background-color:#99bfe6; color:#000; font-weight:bold;"><td colspan="2" style="padding:4px; text-align:center;">321203051515</td></tr>
<tr style="background-color:#f0f5fa;"><td style="padding:3px; width:45%;"><b>FID</b></td><td style="padding:3px;">3070</td></tr>
<tr style="background-color:#dbe8f5;"><td style="padding:3px;"><b>รหัสแปลง</b></td><td style="padding:3px;">321203051515</td></tr>
<tr style="background-color:#f0f5fa;"><td style="padding:3px;"><b>รหัสกลุ่มคิว</b></td><td style="padding:3px;">45_001</td></tr>
<tr style="background-color:#dbe8f5;"><td style="padding:3px;"><b>นักเกษตร</b></td><td style="padding:3px;">4502</td></tr>
<tr style="background-color:#f0f5fa;"><td style="padding:3px;"><b>ศูนย์</b></td><td style="padding:3px;">K2-45</td></tr>
<tr style="background-color:#dbe8f5;"><td style="padding:3px;"><b>สถานที่ส่งอ้อย</b></td><td style="padding:3px;">รถตัด</td></tr>
<tr style="background-color:#f0f5fa;"><td style="padding:3px;"><b>ประเภทคิว</b></td><td style="padding:3px;">รถตัด</td></tr>
<tr style="background-color:#dbe8f5;"><td style="padding:3px;"><b>ประเภทรถ</b></td><td style="padding:3px;">10 ล้อพ่วง</td></tr>
<tr style="background-color:#f0f5fa;"><td style="padding:3px;"><b>ประเภทชาวไร่</b></td><td style="padding:3px;">รถตัด</td></tr>
<tr style="background-color:#dbe8f5;"><td style="padding:3px;"><b>สถานีขนถ่าย</b></td><td style="padding:3px;"></td></tr>
<tr style="background-color:#f0f5fa;"><td style="padding:3px;"><b>สถานะยืนยัน</b></td><td style="padding:3px;">N</td></tr>
<tr style="background-color:#dbe8f5;"><td style="padding:3px;"><b>โควตา</b></td><td style="padding:3px;">784993</td></tr>
<tr style="background-color:#f0f5fa;"><td style="padding:3px;"><b>ชาวไร่</b></td><td style="padding:3px;">นาย สังวาลย์ นามขันธ์</td></tr>
<tr style="background-color:#dbe8f5;"><td style="padding:3px;"><b>ประเภทอ้อย</b></td><td style="padding:3px;">ตอ2</td></tr>
<tr style="background-color:#f0f5fa;"><td style="padding:3px;"><b>พื้นที่</b></td><td style="padding:3px;">5.56</td></tr>
<tr style="background-color:#dbe8f5;"><td style="padding:3px;"><b>ปีผลิต</b></td><td style="padding:3px;">256970</td></tr>
<tr style="background-color:#f0f5fa;"><td style="padding:3px;"><b>ตันรวม</b></td><td style="padding:3px;">44.48</td></tr>
<tr style="background-color:#dbe8f5;"><td style="padding:3px;"><b>สถานที่ส่งอ้อย_1</b></td><td style="padding:3px;">รถตัด</td></tr>
</table>]]></description>
      <MultiGeometry><Polygon><outerBoundaryIs><LinearRing><coordinates>103.986343960165,15.1479462400195 103.98633582978,15.1479079198731 103.986358530102,15.1478437400658 103.986373710182,15.1477857301819 103.986382189429,15.1477180102513 103.986384569358,15.1476849002157 103.986388879381,15.1476456800776 103.986393279581,15.1476112501922 103.986388059455,15.1475766801114 103.986364329706,15.1475865296955 103.98628962972,15.1476280097478 103.9862451297,15.1476509099845 103.986208369693,15.1476656997878 103.986180629929,15.147678700226 103.986149359622,15.1476876101817 103.98611007023,15.1477062596884 103.986070970166,15.147728430249 103.986027689573,15.1477495696615 103.986000069726,15.1477610003488 103.985946190209,15.147794419968 103.985869010065,15.1478305200794 103.985764549651,15.1478708999946 103.98563022935,15.1479340802271 103.985555499691,15.1479658897457 103.985371629891,15.1480374896646 103.985259779429,15.1480777798078 103.985173649485,15.1481156801264 103.985087760219,15.1481594496171 103.985015069341,15.1482022798477 103.984912240019,15.1482446202709 103.984823660101,15.1482754602376 103.98477932936,15.1482902498651 103.984749189431,15.1483029401516 103.98472799008,15.148310760088 103.984705169361,15.148318159942 103.984677060163,15.1483245198137 103.984660079731,15.1483304999329 103.984641310049,15.148338789634 103.984631009788,15.1483409100648 103.984601599365,15.1483488297725 103.984573599455,15.1483562496572 103.984545389509,15.1483623098634 103.984509520223,15.1483690902291 103.984472619628,15.1483943496656 103.984420019674,15.1484130899679 103.984353849868,15.1484231499078 103.984288049724,15.148427890327 103.984254590079,15.1484427095513 103.984321440235,15.1486339898004 103.98439380008,15.1488595697601 103.984462129549,15.1488322997504 103.984776409539,15.148661629918 103.984949129723,15.1485942700928 103.985155629422,15.1485004698612 103.985285899684,15.1484406100346 103.985419029525,15.1483710797944 103.985553979375,15.14828928976 103.985665249651,15.1482477597185 103.985777990129,15.1481962196746 103.985921050113,15.1481336802374 103.986019879776,15.1480806395678 103.986103440105,15.1480520100074 103.986207869586,15.1480172699313 103.986343960165,15.1479462400195</coordinates></LinearRing></outerBoundaryIs></Polygon></MultiGeometry>
    </Placemark>
    <Placemark>
      <name>321203071506</name>
      <styleUrl>#style_45_001</styleUrl>
      <description><![CDATA[<h3 style="margin-bottom:6px; font-family:sans-serif;">321203071506</h3>
<table style="width:100%; border-collapse:collapse; font-family:sans-serif; font-size:12px;">
<tr style="background-color:#99bfe6; color:#000; font-weight:bold;"><td colspan="2" style="padding:4px; text-align:center;">321203071506</td></tr>
<tr style="background-color:#f0f5fa;"><td style="padding:3px; width:45%;"><b>FID</b></td><td style="padding:3px;">3071</td></tr>
<tr style="background-color:#dbe8f5;"><td style="padding:3px;"><b>รหัสแปลง</b></td><td style="padding:3px;">321203071506</td></tr>
<tr style="background-color:#f0f5fa;"><td style="padding:3px;"><b>รหัสกลุ่มคิว</b></td><td style="padding:3px;">45_001</td></tr>
<tr style="background-color:#dbe8f5;"><td style="padding:3px;"><b>นักเกษตร</b></td><td style="padding:3px;">4502</td></tr>
<tr style="background-color:#f0f5fa;"><td style="padding:3px;"><b>ศูนย์</b></td><td style="padding:3px;">K2-45</td></tr>
<tr style="background-color:#dbe8f5;"><td style="padding:3px;"><b>สถานที่ส่งอ้อย</b></td><td style="padding:3px;">รถตัด</td></tr>
<tr style="background-color:#f0f5fa;"><td style="padding:3px;"><b>ประเภทคิว</b></td><td style="padding:3px;">รถตัด</td></tr>
<tr style="background-color:#dbe8f5;"><td style="padding:3px;"><b>ประเภทรถ</b></td><td style="padding:3px;">10 ล้อพ่วง</td></tr>
<tr style="background-color:#f0f5fa;"><td style="padding:3px;"><b>ประเภทชาวไร่</b></td><td style="padding:3px;">รถตัด</td></tr>
<tr style="background-color:#dbe8f5;"><td style="padding:3px;"><b>สถานีขนถ่าย</b></td><td style="padding:3px;"></td></tr>
<tr style="background-color:#f0f5fa;"><td style="padding:3px;"><b>สถานะยืนยัน</b></td><td style="padding:3px;">N</td></tr>
<tr style="background-color:#dbe8f5;"><td style="padding:3px;"><b>โควตา</b></td><td style="padding:3px;">784993</td></tr>
<tr style="background-color:#f0f5fa;"><td style="padding:3px;"><b>ชาวไร่</b></td><td style="padding:3px;">นาย สังวาลย์ นามขันธ์</td></tr>
<tr style="background-color:#dbe8f5;"><td style="padding:3px;"><b>ประเภทอ้อย</b></td><td style="padding:3px;">ตอ2</td></tr>
<tr style="background-color:#f0f5fa;"><td style="padding:3px;"><b>พื้นที่</b></td><td style="padding:3px;">10.52</td></tr>
<tr style="background-color:#dbe8f5;"><td style="padding:3px;"><b>ปีผลิต</b></td><td style="padding:3px;">256970</td></tr>
<tr style="background-color:#f0f5fa;"><td style="padding:3px;"><b>ตันรวม</b></td><td style="padding:3px;">84.16</td></tr>
<tr style="background-color:#dbe8f5;"><td style="padding:3px;"><b>สถานที่ส่งอ้อย_1</b></td><td style="padding:3px;">รถตัด</td></tr>
</table>]]></description>
      <MultiGeometry><Polygon><outerBoundaryIs><LinearRing><coordinates>103.983617379366,15.1480080395262 103.986366229407,15.1470363701713 103.986382100162,15.1468916195288 103.986474849855,15.1464993000677 103.983484699422,15.1475706499015 103.983617379366,15.1480080395262</coordinates></LinearRing></outerBoundaryIs></Polygon></MultiGeometry>
    </Placemark>
    <Placemark>
      <name>321204021504</name>
      <styleUrl>#style_45_001</styleUrl>
      <description><![CDATA[<h3 style="margin-bottom:6px; font-family:sans-serif;">321204021504</h3>
<table style="width:100%; border-collapse:collapse; font-family:sans-serif; font-size:12px;">
<tr style="background-color:#99bfe6; color:#000; font-weight:bold;"><td colspan="2" style="padding:4px; text-align:center;">321204021504</td></tr>
<tr style="background-color:#f0f5fa;"><td style="padding:3px; width:45%;"><b>FID</b></td><td style="padding:3px;">3072</td></tr>
<tr style="background-color:#dbe8f5;"><td style="padding:3px;"><b>รหัสแปลง</b></td><td style="padding:3px;">321204021504</td></tr>
<tr style="background-color:#f0f5fa;"><td style="padding:3px;"><b>รหัสกลุ่มคิว</b></td><td style="padding:3px;">45_001</td></tr>
<tr style="background-color:#dbe8f5;"><td style="padding:3px;"><b>นักเกษตร</b></td><td style="padding:3px;">4502</td></tr>
<tr style="background-color:#f0f5fa;"><td style="padding:3px;"><b>ศูนย์</b></td><td style="padding:3px;">K2-45</td></tr>
<tr style="background-color:#dbe8f5;"><td style="padding:3px;"><b>สถานที่ส่งอ้อย</b></td><td style="padding:3px;">รถตัด</td></tr>
<tr style="background-color:#f0f5fa;"><td style="padding:3px;"><b>ประเภทคิว</b></td><td style="padding:3px;">รถตัด</td></tr>
<tr style="background-color:#dbe8f5;"><td style="padding:3px;"><b>ประเภทรถ</b></td><td style="padding:3px;">10 ล้อพ่วง</td></tr>
<tr style="background-color:#f0f5fa;"><td style="padding:3px;"><b>ประเภทชาวไร่</b></td><td style="padding:3px;">รถตัด</td></tr>
<tr style="background-color:#dbe8f5;"><td style="padding:3px;"><b>สถานีขนถ่าย</b></td><td style="padding:3px;"></td></tr>
<tr style="background-color:#f0f5fa;"><td style="padding:3px;"><b>สถานะยืนยัน</b></td><td style="padding:3px;">N</td></tr>
<tr style="background-color:#dbe8f5;"><td style="padding:3px;"><b>โควตา</b></td><td style="padding:3px;">784536</td></tr>
<tr style="background-color:#f0f5fa;"><td style="padding:3px;"><b>ชาวไร่</b></td><td style="padding:3px;">นาย สมบัติ จันทร์หอม</td></tr>
<tr style="background-color:#dbe8f5;"><td style="padding:3px;"><b>ประเภทอ้อย</b></td><td style="padding:3px;">ปลายฝน</td></tr>
<tr style="background-color:#f0f5fa;"><td style="padding:3px;"><b>พื้นที่</b></td><td style="padding:3px;">4.95</td></tr>
<tr style="background-color:#dbe8f5;"><td style="padding:3px;"><b>ปีผลิต</b></td><td style="padding:3px;">256970</td></tr>
<tr style="background-color:#f0f5fa;"><td style="padding:3px;"><b>ตันรวม</b></td><td style="padding:3px;">64.35</td></tr>
<tr style="background-color:#dbe8f5;"><td style="padding:3px;"><b>สถานที่ส่งอ้อย_1</b></td><td style="padding:3px;">รถตัด</td></tr>
</table>]]></description>
      <MultiGeometry><Polygon><outerBoundaryIs><LinearRing><coordinates>103.903720070885,15.1184463282152 103.903749540774,15.1186633170898 103.90373241698,15.118816921069 103.903807796838,15.1194531517482 103.90387447256,15.1197127360545 103.904293113437,15.1196406708831 103.904273145325,15.1191378715512 103.904286636818,15.1189237935171 103.904271480812,15.1185172919567 103.904219621194,15.1183106649028 103.903720070885,15.1184463282152</coordinates></LinearRing></outerBoundaryIs></Polygon></MultiGeometry>
    </Placemark>
    <Placemark>
      <name>321702090001</name>
      <styleUrl>#style_45_001</styleUrl>
      <description><![CDATA[<h3 style="margin-bottom:6px; font-family:sans-serif;">321702090001</h3>
<table style="width:100%; border-collapse:collapse; font-family:sans-serif; font-size:12px;">
<tr style="background-color:#99bfe6; color:#000; font-weight:bold;"><td colspan="2" style="padding:4px; text-align:center;">321702090001</td></tr>
<tr style="background-color:#f0f5fa;"><td style="padding:3px; width:45%;"><b>FID</b></td><td style="padding:3px;">3737</td></tr>
<tr style="background-color:#dbe8f5;"><td style="padding:3px;"><b>รหัสแปลง</b></td><td style="padding:3px;">321702090001</td></tr>
<tr style="background-color:#f0f5fa;"><td style="padding:3px;"><b>รหัสกลุ่มคิว</b></td><td style="padding:3px;">45_001</td></tr>
<tr style="background-color:#dbe8f5;"><td style="padding:3px;"><b>นักเกษตร</b></td><td style="padding:3px;">4502</td></tr>
<tr style="background-color:#f0f5fa;"><td style="padding:3px;"><b>ศูนย์</b></td><td style="padding:3px;">K2-45</td></tr>
<tr style="background-color:#dbe8f5;"><td style="padding:3px;"><b>สถานที่ส่งอ้อย</b></td><td style="padding:3px;">รถตัด</td></tr>
<tr style="background-color:#f0f5fa;"><td style="padding:3px;"><b>ประเภทคิว</b></td><td style="padding:3px;">รถตัด</td></tr>
<tr style="background-color:#dbe8f5;"><td style="padding:3px;"><b>ประเภทรถ</b></td><td style="padding:3px;">10 ล้อพ่วง</td></tr>
<tr style="background-color:#f0f5fa;"><td style="padding:3px;"><b>ประเภทชาวไร่</b></td><td style="padding:3px;">รถตัด</td></tr>
<tr style="background-color:#dbe8f5;"><td style="padding:3px;"><b>สถานีขนถ่าย</b></td><td style="padding:3px;"></td></tr>
<tr style="background-color:#f0f5fa;"><td style="padding:3px;"><b>สถานะยืนยัน</b></td><td style="padding:3px;">N</td></tr>
<tr style="background-color:#dbe8f5;"><td style="padding:3px;"><b>โควตา</b></td><td style="padding:3px;">785083</td></tr>
<tr style="background-color:#f0f5fa;"><td style="padding:3px;"><b>ชาวไร่</b></td><td style="padding:3px;">นาย อรุณรัตน์ วงจันทร์</td></tr>
<tr style="background-color:#dbe8f5;"><td style="padding:3px;"><b>ประเภทอ้อย</b></td><td style="padding:3px;">ปลายฝน</td></tr>
<tr style="background-color:#f0f5fa;"><td style="padding:3px;"><b>พื้นที่</b></td><td style="padding:3px;">4.98</td></tr>
<tr style="background-color:#dbe8f5;"><td style="padding:3px;"><b>ปีผลิต</b></td><td style="padding:3px;">256970</td></tr>
<tr style="background-color:#f0f5fa;"><td style="padding:3px;"><b>ตันรวม</b></td><td style="padding:3px;">64.74</td></tr>
<tr style="background-color:#dbe8f5;"><td style="padding:3px;"><b>สถานที่ส่งอ้อย_1</b></td><td style="padding:3px;">รถตัด</td></tr>
</table>]]></description>
      <MultiGeometry><Polygon><outerBoundaryIs><LinearRing><coordinates>103.959573333316,15.164921666768 103.959301666572,15.1642649996723 103.959125000064,15.164363333513 103.959089999775,15.1643366663197 103.959014999371,15.1642550003151 103.958896666236,15.1641050003896 103.958771666384,15.1639750000916 103.958619999528,15.16402666685 103.958464999772,15.1641383330212 103.95850999996,15.1642633337055 103.958608333076,15.1644816662289 103.958661666147,15.1645649995801 103.958716666709,15.164641666239 103.958761666699,15.1647333334259 103.958785000047,15.1647683332486 103.958811666206,15.164810000345 103.958845000252,15.1649066666307 103.958859999534,15.164950000347 103.958854999709,15.1649966668122 103.9588533335,15.1651450000667 103.959573333316,15.164921666768</coordinates></LinearRing></outerBoundaryIs></Polygon></MultiGeometry>
    </Placemark>
    <Placemark>
      <name>332102050010</name>
      <styleUrl>#style_45_001</styleUrl>
      <description><![CDATA[<h3 style="margin-bottom:6px; font-family:sans-serif;">332102050010</h3>
<table style="width:100%; border-collapse:collapse; font-family:sans-serif; font-size:12px;">
<tr style="background-color:#99bfe6; color:#000; font-weight:bold;"><td colspan="2" style="padding:4px; text-align:center;">332102050010</td></tr>
<tr style="background-color:#f0f5fa;"><td style="padding:3px; width:45%;"><b>FID</b></td><td style="padding:3px;">3772</td></tr>
<tr style="background-color:#dbe8f5;"><td style="padding:3px;"><b>รหัสแปลง</b></td><td style="padding:3px;">332102050010</td></tr>
<tr style="background-color:#f0f5fa;"><td style="padding:3px;"><b>รหัสกลุ่มคิว</b></td><td style="padding:3px;">45_001</td></tr>
<tr style="background-color:#dbe8f5;"><td style="padding:3px;"><b>นักเกษตร</b></td><td style="padding:3px;">4502</td></tr>
<tr style="background-color:#f0f5fa;"><td style="padding:3px;"><b>ศูนย์</b></td><td style="padding:3px;">K2-45</td></tr>
<tr style="background-color:#dbe8f5;"><td style="padding:3px;"><b>สถานที่ส่งอ้อย</b></td><td style="padding:3px;">รถตัด</td></tr>
<tr style="background-color:#f0f5fa;"><td style="padding:3px;"><b>ประเภทคิว</b></td><td style="padding:3px;">รถตัด</td></tr>
<tr style="background-color:#dbe8f5;"><td style="padding:3px;"><b>ประเภทรถ</b></td><td style="padding:3px;">10 ล้อพ่วง</td></tr>
<tr style="background-color:#f0f5fa;"><td style="padding:3px;"><b>ประเภทชาวไร่</b></td><td style="padding:3px;">รถตัด</td></tr>
<tr style="background-color:#dbe8f5;"><td style="padding:3px;"><b>สถานีขนถ่าย</b></td><td style="padding:3px;"></td></tr>
<tr style="background-color:#f0f5fa;"><td style="padding:3px;"><b>สถานะยืนยัน</b></td><td style="padding:3px;">N</td></tr>
<tr style="background-color:#dbe8f5;"><td style="padding:3px;"><b>โควตา</b></td><td style="padding:3px;">783067</td></tr>
<tr style="background-color:#f0f5fa;"><td style="padding:3px;"><b>ชาวไร่</b></td><td style="padding:3px;">นาย ยศ สืบสอน</td></tr>
<tr style="background-color:#dbe8f5;"><td style="padding:3px;"><b>ประเภทอ้อย</b></td><td style="padding:3px;">ปลายฝน</td></tr>
<tr style="background-color:#f0f5fa;"><td style="padding:3px;"><b>พื้นที่</b></td><td style="padding:3px;">2.95</td></tr>
<tr style="background-color:#dbe8f5;"><td style="padding:3px;"><b>ปีผลิต</b></td><td style="padding:3px;">256970</td></tr>
<tr style="background-color:#f0f5fa;"><td style="padding:3px;"><b>ตันรวม</b></td><td style="padding:3px;">38.35</td></tr>
<tr style="background-color:#dbe8f5;"><td style="padding:3px;"><b>สถานที่ส่งอ้อย_1</b></td><td style="padding:3px;">รถตัด</td></tr>
</table>]]></description>
      <MultiGeometry><Polygon><outerBoundaryIs><LinearRing><coordinates>104.055954999794,15.2309316667779 104.056011666822,15.2310716666409 104.056231666192,15.2310249998785 104.056113333463,15.2305133335941 104.055995000093,15.229946666843 104.055858333548,15.2294149995514 104.055631666277,15.2295299995374 104.055789999571,15.2301483334116 104.055855000036,15.2304333328835 104.055954999794,15.2309316667779</coordinates></LinearRing></outerBoundaryIs></Polygon></MultiGeometry>
    </Placemark>
    <Placemark>
      <name>332102051514</name>
      <styleUrl>#style_45_001</styleUrl>
      <description><![CDATA[<h3 style="margin-bottom:6px; font-family:sans-serif;">332102051514</h3>
<table style="width:100%; border-collapse:collapse; font-family:sans-serif; font-size:12px;">
<tr style="background-color:#99bfe6; color:#000; font-weight:bold;"><td colspan="2" style="padding:4px; text-align:center;">332102051514</td></tr>
<tr style="background-color:#f0f5fa;"><td style="padding:3px; width:45%;"><b>FID</b></td><td style="padding:3px;">3773</td></tr>
<tr style="background-color:#dbe8f5;"><td style="padding:3px;"><b>รหัสแปลง</b></td><td style="padding:3px;">332102051514</td></tr>
<tr style="background-color:#f0f5fa;"><td style="padding:3px;"><b>รหัสกลุ่มคิว</b></td><td style="padding:3px;">45_001</td></tr>
<tr style="background-color:#dbe8f5;"><td style="padding:3px;"><b>นักเกษตร</b></td><td style="padding:3px;">4502</td></tr>
<tr style="background-color:#f0f5fa;"><td style="padding:3px;"><b>ศูนย์</b></td><td style="padding:3px;">K2-45</td></tr>
<tr style="background-color:#dbe8f5;"><td style="padding:3px;"><b>สถานที่ส่งอ้อย</b></td><td style="padding:3px;">รถตัด</td></tr>
<tr style="background-color:#f0f5fa;"><td style="padding:3px;"><b>ประเภทคิว</b></td><td style="padding:3px;">รถตัด</td></tr>
<tr style="background-color:#dbe8f5;"><td style="padding:3px;"><b>ประเภทรถ</b></td><td style="padding:3px;">10 ล้อพ่วง</td></tr>
<tr style="background-color:#f0f5fa;"><td style="padding:3px;"><b>ประเภทชาวไร่</b></td><td style="padding:3px;">รถตัด</td></tr>
<tr style="background-color:#dbe8f5;"><td style="padding:3px;"><b>สถานีขนถ่าย</b></td><td style="padding:3px;"></td></tr>
<tr style="background-color:#f0f5fa;"><td style="padding:3px;"><b>สถานะยืนยัน</b></td><td style="padding:3px;">N</td></tr>
<tr style="background-color:#dbe8f5;"><td style="padding:3px;"><b>โควตา</b></td><td style="padding:3px;">783067</td></tr>
<tr style="background-color:#f0f5fa;"><td style="padding:3px;"><b>ชาวไร่</b></td><td style="padding:3px;">นาย ยศ สืบสอน</td></tr>
<tr style="background-color:#dbe8f5;"><td style="padding:3px;"><b>ประเภทอ้อย</b></td><td style="padding:3px;">ตอ1</td></tr>
<tr style="background-color:#f0f5fa;"><td style="padding:3px;"><b>พื้นที่</b></td><td style="padding:3px;">4.69</td></tr>
<tr style="background-color:#dbe8f5;"><td style="padding:3px;"><b>ปีผลิต</b></td><td style="padding:3px;">256970</td></tr>
<tr style="background-color:#f0f5fa;"><td style="padding:3px;"><b>ตันรวม</b></td><td style="padding:3px;">42.21</td></tr>
<tr style="background-color:#dbe8f5;"><td style="padding:3px;"><b>สถานที่ส่งอ้อย_1</b></td><td style="padding:3px;">รถตัด</td></tr>
</table>]]></description>
      <MultiGeometry><Polygon><outerBoundaryIs><LinearRing><coordinates>104.056718333423,15.231281666659 104.056706666167,15.2312449995055 104.056684999381,15.2311933329855 104.056660000053,15.2311200002024 104.056646666078,15.231068333007 104.056629999577,15.231036666888 104.056624999346,15.2310300002353 104.056608332836,15.2310166669138 104.056546666061,15.231041666352 104.056478333249,15.2310633336676 104.056408332716,15.2310849998617 104.056341666605,15.2310949996448 104.056266666773,15.231106667027 104.056210000162,15.2311233332376 104.056116666078,15.2311366668302 104.056066666464,15.2311366662495 104.056016666865,15.231134999611 104.055996666837,15.2311366665025 104.055968333089,15.2311350001575 104.055908333015,15.2311316669779 104.055866666198,15.2311333335636 104.055776666453,15.2311449996107 104.055721666597,15.2311450000651 104.055703333311,15.2311450002136 104.055658332971,15.2311500001972 104.05562166642,15.2311433335905 104.055598332897,15.2311400000417 104.055528333194,15.2311450000926 104.05544499947,15.2311550000115 104.055365000196,15.2311583334519 104.055263333206,15.2311583335338 104.05522333303,15.2311683331803 104.055181666115,15.2311783334873 104.055191666408,15.2312083336726 104.055198333097,15.2312516662804 104.055211665986,15.2312800000022 104.055231666783,15.2313083328337 104.055256666861,15.2313466662751 104.055276666732,15.2313816669154 104.055306666083,15.2314316670055 104.05532500012,15.2314683334312 104.055353332772,15.2315133333296 104.055390000074,15.2315666663996 104.055408333293,15.2315916668925 104.05543333342,15.2316350002385 104.055446666379,15.2316600000316 104.055461666052,15.231693332995 104.055506666237,15.2317550001419 104.055533333373,15.2317483333508 104.055629999614,15.2316983329558 104.055649999747,15.2316866661931 104.055656666754,15.2316866662099 104.055668333043,15.2316983328693 104.055708333098,15.2317349995544 104.055735000008,15.2317933328994 104.05576000023,15.2318383331283 104.055818332852,15.2318383330857 104.055865000081,15.2318350002013 104.055901666775,15.2318283329507 104.055941666058,15.2318250000641 104.055975000182,15.2318200001757 104.055948333206,15.2317599999334 104.055929999962,15.2317233335794 104.055893333393,15.2316833335055 104.055875000122,15.2316616669674 104.055846666418,15.2316133333015 104.055848333189,15.23160666664 104.056718333423,15.231281666659</coordinates></LinearRing></outerBoundaryIs></Polygon></MultiGeometry>
    </Placemark>
    <Placemark>
      <name>321705091508</name>
      <styleUrl>#style_45_001</styleUrl>
      <description><![CDATA[<h3 style="margin-bottom:6px; font-family:sans-serif;">321705091508</h3>
<table style="width:100%; border-collapse:collapse; font-family:sans-serif; font-size:12px;">
<tr style="background-color:#99bfe6; color:#000; font-weight:bold;"><td colspan="2" style="padding:4px; text-align:center;">321705091508</td></tr>
<tr style="background-color:#f0f5fa;"><td style="padding:3px; width:45%;"><b>FID</b></td><td style="padding:3px;">4005</td></tr>
<tr style="background-color:#dbe8f5;"><td style="padding:3px;"><b>รหัสแปลง</b></td><td style="padding:3px;">321705091508</td></tr>
<tr style="background-color:#f0f5fa;"><td style="padding:3px;"><b>รหัสกลุ่มคิว</b></td><td style="padding:3px;">45_001</td></tr>
<tr style="background-color:#dbe8f5;"><td style="padding:3px;"><b>นักเกษตร</b></td><td style="padding:3px;">4502</td></tr>
<tr style="background-color:#f0f5fa;"><td style="padding:3px;"><b>ศูนย์</b></td><td style="padding:3px;">K2-45</td></tr>
<tr style="background-color:#dbe8f5;"><td style="padding:3px;"><b>สถานที่ส่งอ้อย</b></td><td style="padding:3px;">รถตัด</td></tr>
<tr style="background-color:#f0f5fa;"><td style="padding:3px;"><b>ประเภทคิว</b></td><td style="padding:3px;">รถตัด</td></tr>
<tr style="background-color:#dbe8f5;"><td style="padding:3px;"><b>ประเภทรถ</b></td><td style="padding:3px;">10 ล้อพ่วง</td></tr>
<tr style="background-color:#f0f5fa;"><td style="padding:3px;"><b>ประเภทชาวไร่</b></td><td style="padding:3px;">รถตัด</td></tr>
<tr style="background-color:#dbe8f5;"><td style="padding:3px;"><b>สถานีขนถ่าย</b></td><td style="padding:3px;"></td></tr>
<tr style="background-color:#f0f5fa;"><td style="padding:3px;"><b>สถานะยืนยัน</b></td><td style="padding:3px;">N</td></tr>
<tr style="background-color:#dbe8f5;"><td style="padding:3px;"><b>โควตา</b></td><td style="padding:3px;">783456</td></tr>
<tr style="background-color:#f0f5fa;"><td style="padding:3px;"><b>ชาวไร่</b></td><td style="padding:3px;">นาย ชัชวาล นนธิจันทร์</td></tr>
<tr style="background-color:#dbe8f5;"><td style="padding:3px;"><b>ประเภทอ้อย</b></td><td style="padding:3px;">ปลายฝน</td></tr>
<tr style="background-color:#f0f5fa;"><td style="padding:3px;"><b>พื้นที่</b></td><td style="padding:3px;">5.18</td></tr>
<tr style="background-color:#dbe8f5;"><td style="padding:3px;"><b>ปีผลิต</b></td><td style="padding:3px;">256970</td></tr>
<tr style="background-color:#f0f5fa;"><td style="padding:3px;"><b>ตันรวม</b></td><td style="padding:3px;">67.34</td></tr>
<tr style="background-color:#dbe8f5;"><td style="padding:3px;"><b>สถานที่ส่งอ้อย_1</b></td><td style="padding:3px;">รถตัด</td></tr>
</table>]]></description>
      <MultiGeometry><Polygon><outerBoundaryIs><LinearRing><coordinates>103.943393332719,15.1530883334125 103.943373333422,15.1531066666168 103.943361666862,15.1531616664218 103.943353333224,15.153214999732 103.943356666154,15.15327666696 103.943361666833,15.1533699995696 103.943363332912,15.1534183333703 103.943369999954,15.1534850001638 103.943373333418,15.1535233329043 103.943371666736,15.1535899997772 103.94353000025,15.1535916664333 103.943660000012,15.1535816666704 103.943711666701,15.1535749995175 103.943773333441,15.153578333091 103.943820000172,15.1535799999714 103.943908333567,15.1535833335793 103.943949999884,15.1535883329088 103.944003332776,15.1535833332393 103.944079999893,15.1535750003093 103.944150000166,15.1535799999688 103.944226666917,15.1535749995894 103.944279999949,15.1535683335578 103.944313333506,15.1535633333367 103.944371666069,15.1535616662964 103.944438333303,15.1535600000006 103.944516666243,15.1535566670698 103.944579999916,15.1535533328665 103.944650000207,15.1535483336978 103.944699999958,15.153536666211 103.944756666768,15.1535283335387 103.944831666592,15.1535183328461 103.944874999476,15.1535016669081 103.944836666836,15.1533799998806 103.944806666285,15.1533150002638 103.944796666563,15.1532916665171 103.944781666354,15.1532633328888 103.944765000149,15.1532216667495 103.944753333026,15.1531900003046 103.944736666647,15.1531499995572 103.944728333493,15.1531249998474 103.944706666787,15.1530883333841 103.943393332719,15.1530883334125</coordinates></LinearRing></outerBoundaryIs></Polygon></MultiGeometry>
    </Placemark>
    <Placemark>
      <name>332102050006</name>
      <styleUrl>#style_45_001</styleUrl>
      <description><![CDATA[<h3 style="margin-bottom:6px; font-family:sans-serif;">332102050006</h3>
<table style="width:100%; border-collapse:collapse; font-family:sans-serif; font-size:12px;">
<tr style="background-color:#99bfe6; color:#000; font-weight:bold;"><td colspan="2" style="padding:4px; text-align:center;">332102050006</td></tr>
<tr style="background-color:#f0f5fa;"><td style="padding:3px; width:45%;"><b>FID</b></td><td style="padding:3px;">4010</td></tr>
<tr style="background-color:#dbe8f5;"><td style="padding:3px;"><b>รหัสแปลง</b></td><td style="padding:3px;">332102050006</td></tr>
<tr style="background-color:#f0f5fa;"><td style="padding:3px;"><b>รหัสกลุ่มคิว</b></td><td style="padding:3px;">45_001</td></tr>
<tr style="background-color:#dbe8f5;"><td style="padding:3px;"><b>นักเกษตร</b></td><td style="padding:3px;">4502</td></tr>
<tr style="background-color:#f0f5fa;"><td style="padding:3px;"><b>ศูนย์</b></td><td style="padding:3px;">K2-45</td></tr>
<tr style="background-color:#dbe8f5;"><td style="padding:3px;"><b>สถานที่ส่งอ้อย</b></td><td style="padding:3px;">รถตัด</td></tr>
<tr style="background-color:#f0f5fa;"><td style="padding:3px;"><b>ประเภทคิว</b></td><td style="padding:3px;">รถตัด</td></tr>
<tr style="background-color:#dbe8f5;"><td style="padding:3px;"><b>ประเภทรถ</b></td><td style="padding:3px;">10 ล้อพ่วง</td></tr>
<tr style="background-color:#f0f5fa;"><td style="padding:3px;"><b>ประเภทชาวไร่</b></td><td style="padding:3px;">รถตัด</td></tr>
<tr style="background-color:#dbe8f5;"><td style="padding:3px;"><b>สถานีขนถ่าย</b></td><td style="padding:3px;"></td></tr>
<tr style="background-color:#f0f5fa;"><td style="padding:3px;"><b>สถานะยืนยัน</b></td><td style="padding:3px;">N</td></tr>
<tr style="background-color:#dbe8f5;"><td style="padding:3px;"><b>โควตา</b></td><td style="padding:3px;">783532</td></tr>
<tr style="background-color:#f0f5fa;"><td style="padding:3px;"><b>ชาวไร่</b></td><td style="padding:3px;">นาง อุไรวรรณ์ ถิระศุภศรี</td></tr>
<tr style="background-color:#dbe8f5;"><td style="padding:3px;"><b>ประเภทอ้อย</b></td><td style="padding:3px;">ตอ4</td></tr>
<tr style="background-color:#f0f5fa;"><td style="padding:3px;"><b>พื้นที่</b></td><td style="padding:3px;">7.27</td></tr>
<tr style="background-color:#dbe8f5;"><td style="padding:3px;"><b>ปีผลิต</b></td><td style="padding:3px;">256970</td></tr>
<tr style="background-color:#f0f5fa;"><td style="padding:3px;"><b>ตันรวม</b></td><td style="padding:3px;">50.89</td></tr>
<tr style="background-color:#dbe8f5;"><td style="padding:3px;"><b>สถานที่ส่งอ้อย_1</b></td><td style="padding:3px;">รถตัด</td></tr>
</table>]]></description>
      <MultiGeometry><Polygon><outerBoundaryIs><LinearRing><coordinates>104.045950091821,15.2307841364876 104.045493388275,15.2311006872013 104.045831774007,15.2319395335484 104.046408044734,15.2317056957822 104.047034603653,15.2315555050033 104.047080807903,15.2314327006809 104.045950091821,15.2307841364876</coordinates></LinearRing></outerBoundaryIs></Polygon></MultiGeometry>
    </Placemark>
    <Placemark>
      <name>332101100002</name>
      <styleUrl>#style_45_001</styleUrl>
      <description><![CDATA[<h3 style="margin-bottom:6px; font-family:sans-serif;">332101100002</h3>
<table style="width:100%; border-collapse:collapse; font-family:sans-serif; font-size:12px;">
<tr style="background-color:#99bfe6; color:#000; font-weight:bold;"><td colspan="2" style="padding:4px; text-align:center;">332101100002</td></tr>
<tr style="background-color:#f0f5fa;"><td style="padding:3px; width:45%;"><b>FID</b></td><td style="padding:3px;">4074</td></tr>
<tr style="background-color:#dbe8f5;"><td style="padding:3px;"><b>รหัสแปลง</b></td><td style="padding:3px;">332101100002</td></tr>
<tr style="background-color:#f0f5fa;"><td style="padding:3px;"><b>รหัสกลุ่มคิว</b></td><td style="padding:3px;">45_001</td></tr>
<tr style="background-color:#dbe8f5;"><td style="padding:3px;"><b>นักเกษตร</b></td><td style="padding:3px;">4502</td></tr>
<tr style="background-color:#f0f5fa;"><td style="padding:3px;"><b>ศูนย์</b></td><td style="padding:3px;">K2-45</td></tr>
<tr style="background-color:#dbe8f5;"><td style="padding:3px;"><b>สถานที่ส่งอ้อย</b></td><td style="padding:3px;">รถตัด</td></tr>
<tr style="background-color:#f0f5fa;"><td style="padding:3px;"><b>ประเภทคิว</b></td><td style="padding:3px;">รถตัด</td></tr>
<tr style="background-color:#dbe8f5;"><td style="padding:3px;"><b>ประเภทรถ</b></td><td style="padding:3px;">10 ล้อพ่วง</td></tr>
<tr style="background-color:#f0f5fa;"><td style="padding:3px;"><b>ประเภทชาวไร่</b></td><td style="padding:3px;">รถตัด</td></tr>
<tr style="background-color:#dbe8f5;"><td style="padding:3px;"><b>สถานีขนถ่าย</b></td><td style="padding:3px;"></td></tr>
<tr style="background-color:#f0f5fa;"><td style="padding:3px;"><b>สถานะยืนยัน</b></td><td style="padding:3px;">N</td></tr>
<tr style="background-color:#dbe8f5;"><td style="padding:3px;"><b>โควตา</b></td><td style="padding:3px;">950372</td></tr>
<tr style="background-color:#f0f5fa;"><td style="padding:3px;"><b>ชาวไร่</b></td><td style="padding:3px;">นางสาว สุภาพร บัวพันธ์</td></tr>
<tr style="background-color:#dbe8f5;"><td style="padding:3px;"><b>ประเภทอ้อย</b></td><td style="padding:3px;">ตอ1</td></tr>
<tr style="background-color:#f0f5fa;"><td style="padding:3px;"><b>พื้นที่</b></td><td style="padding:3px;">3.18</td></tr>
<tr style="background-color:#dbe8f5;"><td style="padding:3px;"><b>ปีผลิต</b></td><td style="padding:3px;">256970</td></tr>
<tr style="background-color:#f0f5fa;"><td style="padding:3px;"><b>ตันรวม</b></td><td style="padding:3px;">28.62</td></tr>
<tr style="background-color:#dbe8f5;"><td style="padding:3px;"><b>สถานที่ส่งอ้อย_1</b></td><td style="padding:3px;">รถตัด</td></tr>
</table>]]></description>
      <MultiGeometry><Polygon><outerBoundaryIs><LinearRing><coordinates>104.056108332999,15.1932050003168 104.055534999633,15.1927466670152 104.055363333286,15.1927416665561 104.055090000051,15.1929050002085 104.055541666061,15.1935550000426 104.056108332999,15.1932050003168</coordinates></LinearRing></outerBoundaryIs></Polygon></MultiGeometry>
    </Placemark>
    <Placemark>
      <name>332101101501</name>
      <styleUrl>#style_45_001</styleUrl>
      <description><![CDATA[<h3 style="margin-bottom:6px; font-family:sans-serif;">332101101501</h3>
<table style="width:100%; border-collapse:collapse; font-family:sans-serif; font-size:12px;">
<tr style="background-color:#99bfe6; color:#000; font-weight:bold;"><td colspan="2" style="padding:4px; text-align:center;">332101101501</td></tr>
<tr style="background-color:#f0f5fa;"><td style="padding:3px; width:45%;"><b>FID</b></td><td style="padding:3px;">4075</td></tr>
<tr style="background-color:#dbe8f5;"><td style="padding:3px;"><b>รหัสแปลง</b></td><td style="padding:3px;">332101101501</td></tr>
<tr style="background-color:#f0f5fa;"><td style="padding:3px;"><b>รหัสกลุ่มคิว</b></td><td style="padding:3px;">45_001</td></tr>
<tr style="background-color:#dbe8f5;"><td style="padding:3px;"><b>นักเกษตร</b></td><td style="padding:3px;">4502</td></tr>
<tr style="background-color:#f0f5fa;"><td style="padding:3px;"><b>ศูนย์</b></td><td style="padding:3px;">K2-45</td></tr>
<tr style="background-color:#dbe8f5;"><td style="padding:3px;"><b>สถานที่ส่งอ้อย</b></td><td style="padding:3px;">รถตัด</td></tr>
<tr style="background-color:#f0f5fa;"><td style="padding:3px;"><b>ประเภทคิว</b></td><td style="padding:3px;">รถตัด</td></tr>
<tr style="background-color:#dbe8f5;"><td style="padding:3px;"><b>ประเภทรถ</b></td><td style="padding:3px;">10 ล้อพ่วง</td></tr>
<tr style="background-color:#f0f5fa;"><td style="padding:3px;"><b>ประเภทชาวไร่</b></td><td style="padding:3px;">รถตัด</td></tr>
<tr style="background-color:#dbe8f5;"><td style="padding:3px;"><b>สถานีขนถ่าย</b></td><td style="padding:3px;"></td></tr>
<tr style="background-color:#f0f5fa;"><td style="padding:3px;"><b>สถานะยืนยัน</b></td><td style="padding:3px;">N</td></tr>
<tr style="background-color:#dbe8f5;"><td style="padding:3px;"><b>โควตา</b></td><td style="padding:3px;">784207</td></tr>
<tr style="background-color:#f0f5fa;"><td style="padding:3px;"><b>ชาวไร่</b></td><td style="padding:3px;">นาย ธีรพงษ์ บุญยืน</td></tr>
<tr style="background-color:#dbe8f5;"><td style="padding:3px;"><b>ประเภทอ้อย</b></td><td style="padding:3px;">ตอ1</td></tr>
<tr style="background-color:#f0f5fa;"><td style="padding:3px;"><b>พื้นที่</b></td><td style="padding:3px;">3.24</td></tr>
<tr style="background-color:#dbe8f5;"><td style="padding:3px;"><b>ปีผลิต</b></td><td style="padding:3px;">256970</td></tr>
<tr style="background-color:#f0f5fa;"><td style="padding:3px;"><b>ตันรวม</b></td><td style="padding:3px;">29.16</td></tr>
<tr style="background-color:#dbe8f5;"><td style="padding:3px;"><b>สถานที่ส่งอ้อย_1</b></td><td style="padding:3px;">รถตัด</td></tr>
</table>]]></description>
      <MultiGeometry><Polygon><outerBoundaryIs><LinearRing><coordinates>104.054601666503,15.193376667002 104.054771666534,15.1937383329635 104.055031666878,15.1936283328655 104.055219999739,15.1935566667813 104.055319999359,15.19369166655 104.055528333239,15.1935600001428 104.055139999453,15.1929533334218 104.054601666431,15.1932133336801 104.054584999938,15.1932566666614 104.054601666503,15.193376667002</coordinates></LinearRing></outerBoundaryIs></Polygon></MultiGeometry>
    </Placemark>
    <Placemark>
      <name>332102021501</name>
      <styleUrl>#style_45_001</styleUrl>
      <description><![CDATA[<h3 style="margin-bottom:6px; font-family:sans-serif;">332102021501</h3>
<table style="width:100%; border-collapse:collapse; font-family:sans-serif; font-size:12px;">
<tr style="background-color:#99bfe6; color:#000; font-weight:bold;"><td colspan="2" style="padding:4px; text-align:center;">332102021501</td></tr>
<tr style="background-color:#f0f5fa;"><td style="padding:3px; width:45%;"><b>FID</b></td><td style="padding:3px;">4076</td></tr>
<tr style="background-color:#dbe8f5;"><td style="padding:3px;"><b>รหัสแปลง</b></td><td style="padding:3px;">332102021501</td></tr>
<tr style="background-color:#f0f5fa;"><td style="padding:3px;"><b>รหัสกลุ่มคิว</b></td><td style="padding:3px;">45_001</td></tr>
<tr style="background-color:#dbe8f5;"><td style="padding:3px;"><b>นักเกษตร</b></td><td style="padding:3px;">4502</td></tr>
<tr style="background-color:#f0f5fa;"><td style="padding:3px;"><b>ศูนย์</b></td><td style="padding:3px;">K2-45</td></tr>
<tr style="background-color:#dbe8f5;"><td style="padding:3px;"><b>สถานที่ส่งอ้อย</b></td><td style="padding:3px;">รถตัด</td></tr>
<tr style="background-color:#f0f5fa;"><td style="padding:3px;"><b>ประเภทคิว</b></td><td style="padding:3px;">รถตัด</td></tr>
<tr style="background-color:#dbe8f5;"><td style="padding:3px;"><b>ประเภทรถ</b></td><td style="padding:3px;">10 ล้อพ่วง</td></tr>
<tr style="background-color:#f0f5fa;"><td style="padding:3px;"><b>ประเภทชาวไร่</b></td><td style="padding:3px;">รถตัด</td></tr>
<tr style="background-color:#dbe8f5;"><td style="padding:3px;"><b>สถานีขนถ่าย</b></td><td style="padding:3px;"></td></tr>
<tr style="background-color:#f0f5fa;"><td style="padding:3px;"><b>สถานะยืนยัน</b></td><td style="padding:3px;">N</td></tr>
<tr style="background-color:#dbe8f5;"><td style="padding:3px;"><b>โควตา</b></td><td style="padding:3px;">950288</td></tr>
<tr style="background-color:#f0f5fa;"><td style="padding:3px;"><b>ชาวไร่</b></td><td style="padding:3px;">นาง ศิรินันท์ อุตะพันธ์</td></tr>
<tr style="background-color:#dbe8f5;"><td style="padding:3px;"><b>ประเภทอ้อย</b></td><td style="padding:3px;">ตอ1</td></tr>
<tr style="background-color:#f0f5fa;"><td style="padding:3px;"><b>พื้นที่</b></td><td style="padding:3px;">2.32</td></tr>
<tr style="background-color:#dbe8f5;"><td style="padding:3px;"><b>ปีผลิต</b></td><td style="padding:3px;">256970</td></tr>
<tr style="background-color:#f0f5fa;"><td style="padding:3px;"><b>ตันรวม</b></td><td style="padding:3px;">20.88</td></tr>
<tr style="background-color:#dbe8f5;"><td style="padding:3px;"><b>สถานที่ส่งอ้อย_1</b></td><td style="padding:3px;">รถตัด</td></tr>
</table>]]></description>
      <MultiGeometry><Polygon><outerBoundaryIs><LinearRing><coordinates>104.03648500012,15.2757599997044 104.036019999719,15.2747783329482 104.035959999895,15.2747916667629 104.035776666239,15.2748533330455 104.036181666464,15.2758583328828 104.03648500012,15.2757599997044</coordinates></LinearRing></outerBoundaryIs></Polygon></MultiGeometry>
    </Placemark>
    <Placemark>
      <name>321703030002</name>
      <styleUrl>#style_45_001</styleUrl>
      <description><![CDATA[<h3 style="margin-bottom:6px; font-family:sans-serif;">321703030002</h3>
<table style="width:100%; border-collapse:collapse; font-family:sans-serif; font-size:12px;">
<tr style="background-color:#99bfe6; color:#000; font-weight:bold;"><td colspan="2" style="padding:4px; text-align:center;">321703030002</td></tr>
<tr style="background-color:#f0f5fa;"><td style="padding:3px; width:45%;"><b>FID</b></td><td style="padding:3px;">4113</td></tr>
<tr style="background-color:#dbe8f5;"><td style="padding:3px;"><b>รหัสแปลง</b></td><td style="padding:3px;">321703030002</td></tr>
<tr style="background-color:#f0f5fa;"><td style="padding:3px;"><b>รหัสกลุ่มคิว</b></td><td style="padding:3px;">45_001</td></tr>
<tr style="background-color:#dbe8f5;"><td style="padding:3px;"><b>นักเกษตร</b></td><td style="padding:3px;">4502</td></tr>
<tr style="background-color:#f0f5fa;"><td style="padding:3px;"><b>ศูนย์</b></td><td style="padding:3px;">K2-45</td></tr>
<tr style="background-color:#dbe8f5;"><td style="padding:3px;"><b>สถานที่ส่งอ้อย</b></td><td style="padding:3px;">รถตัด</td></tr>
<tr style="background-color:#f0f5fa;"><td style="padding:3px;"><b>ประเภทคิว</b></td><td style="padding:3px;">รถตัด</td></tr>
<tr style="background-color:#dbe8f5;"><td style="padding:3px;"><b>ประเภทรถ</b></td><td style="padding:3px;">10 ล้อพ่วง</td></tr>
<tr style="background-color:#f0f5fa;"><td style="padding:3px;"><b>ประเภทชาวไร่</b></td><td style="padding:3px;">รถตัด</td></tr>
<tr style="background-color:#dbe8f5;"><td style="padding:3px;"><b>สถานีขนถ่าย</b></td><td style="padding:3px;"></td></tr>
<tr style="background-color:#f0f5fa;"><td style="padding:3px;"><b>สถานะยืนยัน</b></td><td style="padding:3px;">N</td></tr>
<tr style="background-color:#dbe8f5;"><td style="padding:3px;"><b>โควตา</b></td><td style="padding:3px;">784990</td></tr>
<tr style="background-color:#f0f5fa;"><td style="padding:3px;"><b>ชาวไร่</b></td><td style="padding:3px;">นาย กิตติศักดิ์ บุญประคม</td></tr>
<tr style="background-color:#dbe8f5;"><td style="padding:3px;"><b>ประเภทอ้อย</b></td><td style="padding:3px;">ปลายฝน</td></tr>
<tr style="background-color:#f0f5fa;"><td style="padding:3px;"><b>พื้นที่</b></td><td style="padding:3px;">11.8</td></tr>
<tr style="background-color:#dbe8f5;"><td style="padding:3px;"><b>ปีผลิต</b></td><td style="padding:3px;">256970</td></tr>
<tr style="background-color:#f0f5fa;"><td style="padding:3px;"><b>ตันรวม</b></td><td style="padding:3px;">153.4</td></tr>
<tr style="background-color:#dbe8f5;"><td style="padding:3px;"><b>สถานที่ส่งอ้อย_1</b></td><td style="padding:3px;">รถตัด</td></tr>
</table>]]></description>
      <MultiGeometry><Polygon><outerBoundaryIs><LinearRing><coordinates>103.854054137587,15.1661979124623 103.854051120228,15.1662427979605 103.854066040298,15.1663171868539 103.854098227061,15.1663732205445 103.854132592297,15.1664589669962 103.854153463651,15.1665144129599 103.854175005118,15.1665750142718 103.854202078521,15.1666345678656 103.854216662841,15.1666926127228 103.854220937872,15.1667074485735 103.854256476742,15.1668140661154 103.854289585912,15.1669203070621 103.854315904504,15.1670082333722 103.854363178632,15.1671043733444 103.854449008901,15.1673021445811 103.854497121557,15.1674075893587 103.854553950487,15.1675602233104 103.854628549498,15.1676936637175 103.854716056831,15.1678280674385 103.854780932726,15.1679128919238 103.854873636621,15.1680253775121 103.854984109725,15.1681676601237 103.855026103534,15.1682065105206 103.855095003037,15.1682256628157 103.855224419214,15.1681573506778 103.855296000252,15.1681235293139 103.855417873385,15.1680787702368 103.855500099901,15.1680456194019 103.855486773191,15.1678973851523 103.855343526191,15.1674989937136 103.85513347561,15.1669439439642 103.85493381851,15.1664622364172 103.854799037417,15.1660712619411 103.854054137587,15.1661979124623</coordinates></LinearRing></outerBoundaryIs></Polygon></MultiGeometry>
    </Placemark>
    <Placemark>
      <name>321705010021</name>
      <styleUrl>#style_45_001</styleUrl>
      <description><![CDATA[<h3 style="margin-bottom:6px; font-family:sans-serif;">321705010021</h3>
<table style="width:100%; border-collapse:collapse; font-family:sans-serif; font-size:12px;">
<tr style="background-color:#99bfe6; color:#000; font-weight:bold;"><td colspan="2" style="padding:4px; text-align:center;">321705010021</td></tr>
<tr style="background-color:#f0f5fa;"><td style="padding:3px; width:45%;"><b>FID</b></td><td style="padding:3px;">4114</td></tr>
<tr style="background-color:#dbe8f5;"><td style="padding:3px;"><b>รหัสแปลง</b></td><td style="padding:3px;">321705010021</td></tr>
<tr style="background-color:#f0f5fa;"><td style="padding:3px;"><b>รหัสกลุ่มคิว</b></td><td style="padding:3px;">45_001</td></tr>
<tr style="background-color:#dbe8f5;"><td style="padding:3px;"><b>นักเกษตร</b></td><td style="padding:3px;">4502</td></tr>
<tr style="background-color:#f0f5fa;"><td style="padding:3px;"><b>ศูนย์</b></td><td style="padding:3px;">K2-45</td></tr>
<tr style="background-color:#dbe8f5;"><td style="padding:3px;"><b>สถานที่ส่งอ้อย</b></td><td style="padding:3px;">รถตัด</td></tr>
<tr style="background-color:#f0f5fa;"><td style="padding:3px;"><b>ประเภทคิว</b></td><td style="padding:3px;">รถตัด</td></tr>
<tr style="background-color:#dbe8f5;"><td style="padding:3px;"><b>ประเภทรถ</b></td><td style="padding:3px;">10 ล้อพ่วง</td></tr>
<tr style="background-color:#f0f5fa;"><td style="padding:3px;"><b>ประเภทชาวไร่</b></td><td style="padding:3px;">รถตัด</td></tr>
<tr style="background-color:#dbe8f5;"><td style="padding:3px;"><b>สถานีขนถ่าย</b></td><td style="padding:3px;"></td></tr>
<tr style="background-color:#f0f5fa;"><td style="padding:3px;"><b>สถานะยืนยัน</b></td><td style="padding:3px;">N</td></tr>
<tr style="background-color:#dbe8f5;"><td style="padding:3px;"><b>โควตา</b></td><td style="padding:3px;">785096</td></tr>
<tr style="background-color:#f0f5fa;"><td style="padding:3px;"><b>ชาวไร่</b></td><td style="padding:3px;">นาย แมน มะเดื่อ</td></tr>
<tr style="background-color:#dbe8f5;"><td style="padding:3px;"><b>ประเภทอ้อย</b></td><td style="padding:3px;">ตอ1</td></tr>
<tr style="background-color:#f0f5fa;"><td style="padding:3px;"><b>พื้นที่</b></td><td style="padding:3px;">3.24</td></tr>
<tr style="background-color:#dbe8f5;"><td style="padding:3px;"><b>ปีผลิต</b></td><td style="padding:3px;">256970</td></tr>
<tr style="background-color:#f0f5fa;"><td style="padding:3px;"><b>ตันรวม</b></td><td style="padding:3px;">29.16</td></tr>
<tr style="background-color:#dbe8f5;"><td style="padding:3px;"><b>สถานที่ส่งอ้อย_1</b></td><td style="padding:3px;">รถตัด</td></tr>
</table>]]></description>
      <MultiGeometry><Polygon><outerBoundaryIs><LinearRing><coordinates>103.864874509662,15.1641654697745 103.865368039694,15.1642649303848 103.865229669784,15.1633093595459 103.864719420234,15.1633908995536 103.864874509662,15.1641654697745</coordinates></LinearRing></outerBoundaryIs></Polygon></MultiGeometry>
    </Placemark>
    <Placemark>
      <name>332104031508</name>
      <styleUrl>#style_45_001</styleUrl>
      <description><![CDATA[<h3 style="margin-bottom:6px; font-family:sans-serif;">332104031508</h3>
<table style="width:100%; border-collapse:collapse; font-family:sans-serif; font-size:12px;">
<tr style="background-color:#99bfe6; color:#000; font-weight:bold;"><td colspan="2" style="padding:4px; text-align:center;">332104031508</td></tr>
<tr style="background-color:#f0f5fa;"><td style="padding:3px; width:45%;"><b>FID</b></td><td style="padding:3px;">5598</td></tr>
<tr style="background-color:#dbe8f5;"><td style="padding:3px;"><b>รหัสแปลง</b></td><td style="padding:3px;">332104031508</td></tr>
<tr style="background-color:#f0f5fa;"><td style="padding:3px;"><b>รหัสกลุ่มคิว</b></td><td style="padding:3px;">45_001</td></tr>
<tr style="background-color:#dbe8f5;"><td style="padding:3px;"><b>นักเกษตร</b></td><td style="padding:3px;">4502</td></tr>
<tr style="background-color:#f0f5fa;"><td style="padding:3px;"><b>ศูนย์</b></td><td style="padding:3px;">K2-45</td></tr>
<tr style="background-color:#dbe8f5;"><td style="padding:3px;"><b>สถานที่ส่งอ้อย</b></td><td style="padding:3px;">รถตัด</td></tr>
<tr style="background-color:#f0f5fa;"><td style="padding:3px;"><b>ประเภทคิว</b></td><td style="padding:3px;">รถตัด</td></tr>
<tr style="background-color:#dbe8f5;"><td style="padding:3px;"><b>ประเภทรถ</b></td><td style="padding:3px;">10 ล้อพ่วง</td></tr>
<tr style="background-color:#f0f5fa;"><td style="padding:3px;"><b>ประเภทชาวไร่</b></td><td style="padding:3px;">รถตัด</td></tr>
<tr style="background-color:#dbe8f5;"><td style="padding:3px;"><b>สถานีขนถ่าย</b></td><td style="padding:3px;"></td></tr>
<tr style="background-color:#f0f5fa;"><td style="padding:3px;"><b>สถานะยืนยัน</b></td><td style="padding:3px;">N</td></tr>
<tr style="background-color:#dbe8f5;"><td style="padding:3px;"><b>โควตา</b></td><td style="padding:3px;">784400</td></tr>
<tr style="background-color:#f0f5fa;"><td style="padding:3px;"><b>ชาวไร่</b></td><td style="padding:3px;">นาย ประเสริฐ พงษ์ภา</td></tr>
<tr style="background-color:#dbe8f5;"><td style="padding:3px;"><b>ประเภทอ้อย</b></td><td style="padding:3px;">ปลายฝน</td></tr>
<tr style="background-color:#f0f5fa;"><td style="padding:3px;"><b>พื้นที่</b></td><td style="padding:3px;">3.8</td></tr>
<tr style="background-color:#dbe8f5;"><td style="padding:3px;"><b>ปีผลิต</b></td><td style="padding:3px;">256970</td></tr>
<tr style="background-color:#f0f5fa;"><td style="padding:3px;"><b>ตันรวม</b></td><td style="padding:3px;">49.4</td></tr>
<tr style="background-color:#dbe8f5;"><td style="padding:3px;"><b>สถานที่ส่งอ้อย_1</b></td><td style="padding:3px;">รถตัด</td></tr>
</table>]]></description>
      <MultiGeometry><Polygon><outerBoundaryIs><LinearRing><coordinates>104.102151009845,15.2054150794902 104.103022009536,15.2052964798819 104.102872239292,15.2047296899532 104.101971149607,15.204886739663 104.102151009845,15.2054150794902</coordinates></LinearRing></outerBoundaryIs></Polygon></MultiGeometry>
    </Placemark>
    <Placemark>
      <name>331005090001</name>
      <styleUrl>#style_45_001</styleUrl>
      <description><![CDATA[<h3 style="margin-bottom:6px; font-family:sans-serif;">331005090001</h3>
<table style="width:100%; border-collapse:collapse; font-family:sans-serif; font-size:12px;">
<tr style="background-color:#99bfe6; color:#000; font-weight:bold;"><td colspan="2" style="padding:4px; text-align:center;">331005090001</td></tr>
<tr style="background-color:#f0f5fa;"><td style="padding:3px; width:45%;"><b>FID</b></td><td style="padding:3px;">6568</td></tr>
<tr style="background-color:#dbe8f5;"><td style="padding:3px;"><b>รหัสแปลง</b></td><td style="padding:3px;">331005090001</td></tr>
<tr style="background-color:#f0f5fa;"><td style="padding:3px;"><b>รหัสกลุ่มคิว</b></td><td style="padding:3px;">45_001</td></tr>
<tr style="background-color:#dbe8f5;"><td style="padding:3px;"><b>นักเกษตร</b></td><td style="padding:3px;">4502</td></tr>
<tr style="background-color:#f0f5fa;"><td style="padding:3px;"><b>ศูนย์</b></td><td style="padding:3px;">K2-45</td></tr>
<tr style="background-color:#dbe8f5;"><td style="padding:3px;"><b>สถานที่ส่งอ้อย</b></td><td style="padding:3px;">รถตัด</td></tr>
<tr style="background-color:#f0f5fa;"><td style="padding:3px;"><b>ประเภทคิว</b></td><td style="padding:3px;">รถตัด</td></tr>
<tr style="background-color:#dbe8f5;"><td style="padding:3px;"><b>ประเภทรถ</b></td><td style="padding:3px;">10 ล้อพ่วง</td></tr>
<tr style="background-color:#f0f5fa;"><td style="padding:3px;"><b>ประเภทชาวไร่</b></td><td style="padding:3px;">รถตัด</td></tr>
<tr style="background-color:#dbe8f5;"><td style="padding:3px;"><b>สถานีขนถ่าย</b></td><td style="padding:3px;"></td></tr>
<tr style="background-color:#f0f5fa;"><td style="padding:3px;"><b>สถานะยืนยัน</b></td><td style="padding:3px;">N</td></tr>
<tr style="background-color:#dbe8f5;"><td style="padding:3px;"><b>โควตา</b></td><td style="padding:3px;">950277</td></tr>
<tr style="background-color:#f0f5fa;"><td style="padding:3px;"><b>ชาวไร่</b></td><td style="padding:3px;">นาย สอน ไชยสาร</td></tr>
<tr style="background-color:#dbe8f5;"><td style="padding:3px;"><b>ประเภทอ้อย</b></td><td style="padding:3px;">ตอ1</td></tr>
<tr style="background-color:#f0f5fa;"><td style="padding:3px;"><b>พื้นที่</b></td><td style="padding:3px;">11.16</td></tr>
<tr style="background-color:#dbe8f5;"><td style="padding:3px;"><b>ปีผลิต</b></td><td style="padding:3px;">256970</td></tr>
<tr style="background-color:#f0f5fa;"><td style="padding:3px;"><b>ตันรวม</b></td><td style="padding:3px;">100.44</td></tr>
<tr style="background-color:#dbe8f5;"><td style="padding:3px;"><b>สถานที่ส่งอ้อย_1</b></td><td style="padding:3px;">รถตัด</td></tr>
</table>]]></description>
      <MultiGeometry><Polygon><outerBoundaryIs><LinearRing><coordinates>104.140043333487,15.1848433335933 104.139763332707,15.1838499998408 104.139319999888,15.1838683334546 104.138869999933,15.1839700000664 104.138458333386,15.1839283330428 104.138694999439,15.1848150003909 104.138783333334,15.1850249998716 104.138853333359,15.1852883334513 104.139403333523,15.1850183335264 104.139621666253,15.1849316666899 104.139748333317,15.1848933330728 104.140043333487,15.1848433335933</coordinates></LinearRing></outerBoundaryIs></Polygon></MultiGeometry>
    </Placemark>
    <Placemark>
      <name>331801031508</name>
      <styleUrl>#style_45_001</styleUrl>
      <description><![CDATA[<h3 style="margin-bottom:6px; font-family:sans-serif;">331801031508</h3>
<table style="width:100%; border-collapse:collapse; font-family:sans-serif; font-size:12px;">
<tr style="background-color:#99bfe6; color:#000; font-weight:bold;"><td colspan="2" style="padding:4px; text-align:center;">331801031508</td></tr>
<tr style="background-color:#f0f5fa;"><td style="padding:3px; width:45%;"><b>FID</b></td><td style="padding:3px;">6764</td></tr>
<tr style="background-color:#dbe8f5;"><td style="padding:3px;"><b>รหัสแปลง</b></td><td style="padding:3px;">331801031508</td></tr>
<tr style="background-color:#f0f5fa;"><td style="padding:3px;"><b>รหัสกลุ่มคิว</b></td><td style="padding:3px;">45_001</td></tr>
<tr style="background-color:#dbe8f5;"><td style="padding:3px;"><b>นักเกษตร</b></td><td style="padding:3px;">4502</td></tr>
<tr style="background-color:#f0f5fa;"><td style="padding:3px;"><b>ศูนย์</b></td><td style="padding:3px;">K2-45</td></tr>
<tr style="background-color:#dbe8f5;"><td style="padding:3px;"><b>สถานที่ส่งอ้อย</b></td><td style="padding:3px;">รถตัด</td></tr>
<tr style="background-color:#f0f5fa;"><td style="padding:3px;"><b>ประเภทคิว</b></td><td style="padding:3px;">รถตัด</td></tr>
<tr style="background-color:#dbe8f5;"><td style="padding:3px;"><b>ประเภทรถ</b></td><td style="padding:3px;">10 ล้อพ่วง</td></tr>
<tr style="background-color:#f0f5fa;"><td style="padding:3px;"><b>ประเภทชาวไร่</b></td><td style="padding:3px;">รถตัด</td></tr>
<tr style="background-color:#dbe8f5;"><td style="padding:3px;"><b>สถานีขนถ่าย</b></td><td style="padding:3px;"></td></tr>
<tr style="background-color:#f0f5fa;"><td style="padding:3px;"><b>สถานะยืนยัน</b></td><td style="padding:3px;">N</td></tr>
<tr style="background-color:#dbe8f5;"><td style="padding:3px;"><b>โควตา</b></td><td style="padding:3px;">950263</td></tr>
<tr style="background-color:#f0f5fa;"><td style="padding:3px;"><b>ชาวไร่</b></td><td style="padding:3px;">นาย สมบัติ นาโนน</td></tr>
<tr style="background-color:#dbe8f5;"><td style="padding:3px;"><b>ประเภทอ้อย</b></td><td style="padding:3px;">ตอ1</td></tr>
<tr style="background-color:#f0f5fa;"><td style="padding:3px;"><b>พื้นที่</b></td><td style="padding:3px;">7.01</td></tr>
<tr style="background-color:#dbe8f5;"><td style="padding:3px;"><b>ปีผลิต</b></td><td style="padding:3px;">256970</td></tr>
<tr style="background-color:#f0f5fa;"><td style="padding:3px;"><b>ตันรวม</b></td><td style="padding:3px;">63.09</td></tr>
<tr style="background-color:#dbe8f5;"><td style="padding:3px;"><b>สถานที่ส่งอ้อย_1</b></td><td style="padding:3px;">รถตัด</td></tr>
</table>]]></description>
      <MultiGeometry><Polygon><outerBoundaryIs><LinearRing><coordinates>104.075631569854,15.1470595301551 104.075652399523,15.1470471300374 104.075497809708,15.1463920401493 104.074797459644,15.146795899686 104.075106710148,15.147910429661 104.075816059617,15.1476915099367 104.075631569854,15.1470595301551</coordinates></LinearRing></outerBoundaryIs></Polygon></MultiGeometry>
    </Placemark>
    <Placemark>
      <name>321702091551</name>
      <styleUrl>#style_45_001</styleUrl>
      <description><![CDATA[<h3 style="margin-bottom:6px; font-family:sans-serif;">321702091551</h3>
<table style="width:100%; border-collapse:collapse; font-family:sans-serif; font-size:12px;">
<tr style="background-color:#99bfe6; color:#000; font-weight:bold;"><td colspan="2" style="padding:4px; text-align:center;">321702091551</td></tr>
<tr style="background-color:#f0f5fa;"><td style="padding:3px; width:45%;"><b>FID</b></td><td style="padding:3px;">7350</td></tr>
<tr style="background-color:#dbe8f5;"><td style="padding:3px;"><b>รหัสแปลง</b></td><td style="padding:3px;">321702091551</td></tr>
<tr style="background-color:#f0f5fa;"><td style="padding:3px;"><b>รหัสกลุ่มคิว</b></td><td style="padding:3px;">45_001</td></tr>
<tr style="background-color:#dbe8f5;"><td style="padding:3px;"><b>นักเกษตร</b></td><td style="padding:3px;">4502</td></tr>
<tr style="background-color:#f0f5fa;"><td style="padding:3px;"><b>ศูนย์</b></td><td style="padding:3px;">K2-45</td></tr>
<tr style="background-color:#dbe8f5;"><td style="padding:3px;"><b>สถานที่ส่งอ้อย</b></td><td style="padding:3px;">รถตัด</td></tr>
<tr style="background-color:#f0f5fa;"><td style="padding:3px;"><b>ประเภทคิว</b></td><td style="padding:3px;">รถตัด</td></tr>
<tr style="background-color:#dbe8f5;"><td style="padding:3px;"><b>ประเภทรถ</b></td><td style="padding:3px;">10 ล้อพ่วง</td></tr>
<tr style="background-color:#f0f5fa;"><td style="padding:3px;"><b>ประเภทชาวไร่</b></td><td style="padding:3px;">รถตัด</td></tr>
<tr style="background-color:#dbe8f5;"><td style="padding:3px;"><b>สถานีขนถ่าย</b></td><td style="padding:3px;"></td></tr>
<tr style="background-color:#f0f5fa;"><td style="padding:3px;"><b>สถานะยืนยัน</b></td><td style="padding:3px;">N</td></tr>
<tr style="background-color:#dbe8f5;"><td style="padding:3px;"><b>โควตา</b></td><td style="padding:3px;">784776</td></tr>
<tr style="background-color:#f0f5fa;"><td style="padding:3px;"><b>ชาวไร่</b></td><td style="padding:3px;">นาย ไกรษร พานอุ่น</td></tr>
<tr style="background-color:#dbe8f5;"><td style="padding:3px;"><b>ประเภทอ้อย</b></td><td style="padding:3px;">ตอ2</td></tr>
<tr style="background-color:#f0f5fa;"><td style="padding:3px;"><b>พื้นที่</b></td><td style="padding:3px;">5.84</td></tr>
<tr style="background-color:#dbe8f5;"><td style="padding:3px;"><b>ปีผลิต</b></td><td style="padding:3px;">256970</td></tr>
<tr style="background-color:#f0f5fa;"><td style="padding:3px;"><b>ตันรวม</b></td><td style="padding:3px;">46.72</td></tr>
<tr style="background-color:#dbe8f5;"><td style="padding:3px;"><b>สถานที่ส่งอ้อย_1</b></td><td style="padding:3px;">รถตัด</td></tr>
</table>]]></description>
      <MultiGeometry><Polygon><outerBoundaryIs><LinearRing><coordinates>103.975505949385,15.2132750901723 103.976101439377,15.2132444797528 103.975988689911,15.2119774997653 103.975291250216,15.2121849698034 103.975505949385,15.2132750901723</coordinates></LinearRing></outerBoundaryIs></Polygon></MultiGeometry>
    </Placemark>
    <Placemark>
      <name>321209021545</name>
      <styleUrl>#style_45_001</styleUrl>
      <description><![CDATA[<h3 style="margin-bottom:6px; font-family:sans-serif;">321209021545</h3>
<table style="width:100%; border-collapse:collapse; font-family:sans-serif; font-size:12px;">
<tr style="background-color:#99bfe6; color:#000; font-weight:bold;"><td colspan="2" style="padding:4px; text-align:center;">321209021545</td></tr>
<tr style="background-color:#f0f5fa;"><td style="padding:3px; width:45%;"><b>FID</b></td><td style="padding:3px;">7407</td></tr>
<tr style="background-color:#dbe8f5;"><td style="padding:3px;"><b>รหัสแปลง</b></td><td style="padding:3px;">321209021545</td></tr>
<tr style="background-color:#f0f5fa;"><td style="padding:3px;"><b>รหัสกลุ่มคิว</b></td><td style="padding:3px;">45_001</td></tr>
<tr style="background-color:#dbe8f5;"><td style="padding:3px;"><b>นักเกษตร</b></td><td style="padding:3px;">4502</td></tr>
<tr style="background-color:#f0f5fa;"><td style="padding:3px;"><b>ศูนย์</b></td><td style="padding:3px;">K2-45</td></tr>
<tr style="background-color:#dbe8f5;"><td style="padding:3px;"><b>สถานที่ส่งอ้อย</b></td><td style="padding:3px;">รถตัด</td></tr>
<tr style="background-color:#f0f5fa;"><td style="padding:3px;"><b>ประเภทคิว</b></td><td style="padding:3px;">รถตัด</td></tr>
<tr style="background-color:#dbe8f5;"><td style="padding:3px;"><b>ประเภทรถ</b></td><td style="padding:3px;">10 ล้อพ่วง</td></tr>
<tr style="background-color:#f0f5fa;"><td style="padding:3px;"><b>ประเภทชาวไร่</b></td><td style="padding:3px;">รถตัด</td></tr>
<tr style="background-color:#dbe8f5;"><td style="padding:3px;"><b>สถานีขนถ่าย</b></td><td style="padding:3px;"></td></tr>
<tr style="background-color:#f0f5fa;"><td style="padding:3px;"><b>สถานะยืนยัน</b></td><td style="padding:3px;">N</td></tr>
<tr style="background-color:#dbe8f5;"><td style="padding:3px;"><b>โควตา</b></td><td style="padding:3px;">784979</td></tr>
<tr style="background-color:#f0f5fa;"><td style="padding:3px;"><b>ชาวไร่</b></td><td style="padding:3px;">นาง ลอย นามนุ</td></tr>
<tr style="background-color:#dbe8f5;"><td style="padding:3px;"><b>ประเภทอ้อย</b></td><td style="padding:3px;">ตอ2</td></tr>
<tr style="background-color:#f0f5fa;"><td style="padding:3px;"><b>พื้นที่</b></td><td style="padding:3px;">5.59</td></tr>
<tr style="background-color:#dbe8f5;"><td style="padding:3px;"><b>ปีผลิต</b></td><td style="padding:3px;">256970</td></tr>
<tr style="background-color:#f0f5fa;"><td style="padding:3px;"><b>ตันรวม</b></td><td style="padding:3px;">44.72</td></tr>
<tr style="background-color:#dbe8f5;"><td style="padding:3px;"><b>สถานที่ส่งอ้อย_1</b></td><td style="padding:3px;">รถตัด</td></tr>
</table>]]></description>
      <MultiGeometry><Polygon><outerBoundaryIs><LinearRing><coordinates>103.953133539785,15.1029572597433 103.953704599619,15.1035050403208 103.953832639697,15.1034561500364 103.954126329726,15.1033688600757 103.954465889649,15.1032762997145 103.954512620243,15.1032674195487 103.954780429472,15.1032174197557 103.954762309572,15.1030433497522 103.954726229526,15.1027935497461 103.954699219852,15.1027799399544 103.954618179646,15.1027764897841 103.954387799885,15.1027891395969 103.954172309768,15.1028264899327 103.954033919933,15.1028363503203 103.953940070259,15.1028479701948 103.953649789934,15.1028623697931 103.953538999899,15.1028877301625 103.953402619907,15.1028968296448 103.953257459735,15.102922030169 103.953133539785,15.1029572597433</coordinates></LinearRing></outerBoundaryIs></Polygon></MultiGeometry>
    </Placemark>
    <Placemark>
      <name>332104031524</name>
      <styleUrl>#style_45_001</styleUrl>
      <description><![CDATA[<h3 style="margin-bottom:6px; font-family:sans-serif;">332104031524</h3>
<table style="width:100%; border-collapse:collapse; font-family:sans-serif; font-size:12px;">
<tr style="background-color:#99bfe6; color:#000; font-weight:bold;"><td colspan="2" style="padding:4px; text-align:center;">332104031524</td></tr>
<tr style="background-color:#f0f5fa;"><td style="padding:3px; width:45%;"><b>FID</b></td><td style="padding:3px;">7764</td></tr>
<tr style="background-color:#dbe8f5;"><td style="padding:3px;"><b>รหัสแปลง</b></td><td style="padding:3px;">332104031524</td></tr>
<tr style="background-color:#f0f5fa;"><td style="padding:3px;"><b>รหัสกลุ่มคิว</b></td><td style="padding:3px;">45_001</td></tr>
<tr style="background-color:#dbe8f5;"><td style="padding:3px;"><b>นักเกษตร</b></td><td style="padding:3px;">4502</td></tr>
<tr style="background-color:#f0f5fa;"><td style="padding:3px;"><b>ศูนย์</b></td><td style="padding:3px;">K2-45</td></tr>
<tr style="background-color:#dbe8f5;"><td style="padding:3px;"><b>สถานที่ส่งอ้อย</b></td><td style="padding:3px;">รถตัด</td></tr>
<tr style="background-color:#f0f5fa;"><td style="padding:3px;"><b>ประเภทคิว</b></td><td style="padding:3px;">รถตัด</td></tr>
<tr style="background-color:#dbe8f5;"><td style="padding:3px;"><b>ประเภทรถ</b></td><td style="padding:3px;">10 ล้อพ่วง</td></tr>
<tr style="background-color:#f0f5fa;"><td style="padding:3px;"><b>ประเภทชาวไร่</b></td><td style="padding:3px;">รถตัด</td></tr>
<tr style="background-color:#dbe8f5;"><td style="padding:3px;"><b>สถานีขนถ่าย</b></td><td style="padding:3px;"></td></tr>
<tr style="background-color:#f0f5fa;"><td style="padding:3px;"><b>สถานะยืนยัน</b></td><td style="padding:3px;">N</td></tr>
<tr style="background-color:#dbe8f5;"><td style="padding:3px;"><b>โควตา</b></td><td style="padding:3px;">784400</td></tr>
<tr style="background-color:#f0f5fa;"><td style="padding:3px;"><b>ชาวไร่</b></td><td style="padding:3px;">นาย ประเสริฐ พงษ์ภา</td></tr>
<tr style="background-color:#dbe8f5;"><td style="padding:3px;"><b>ประเภทอ้อย</b></td><td style="padding:3px;">ตอ2</td></tr>
<tr style="background-color:#f0f5fa;"><td style="padding:3px;"><b>พื้นที่</b></td><td style="padding:3px;">7.0</td></tr>
<tr style="background-color:#dbe8f5;"><td style="padding:3px;"><b>ปีผลิต</b></td><td style="padding:3px;">256970</td></tr>
<tr style="background-color:#f0f5fa;"><td style="padding:3px;"><b>ตันรวม</b></td><td style="padding:3px;">56.0</td></tr>
<tr style="background-color:#dbe8f5;"><td style="padding:3px;"><b>สถานที่ส่งอ้อย_1</b></td><td style="padding:3px;">รถตัด</td></tr>
</table>]]></description>
      <MultiGeometry><Polygon><outerBoundaryIs><LinearRing><coordinates>104.103784420045,15.2051983402032 104.103246270006,15.205314279656 104.103750189656,15.2068767096114 104.10433241953,15.2067338703801 104.103784420045,15.2051983402032</coordinates></LinearRing></outerBoundaryIs></Polygon></MultiGeometry>
    </Placemark>
    <Placemark>
      <name>321702101552</name>
      <styleUrl>#style_45_001</styleUrl>
      <description><![CDATA[<h3 style="margin-bottom:6px; font-family:sans-serif;">321702101552</h3>
<table style="width:100%; border-collapse:collapse; font-family:sans-serif; font-size:12px;">
<tr style="background-color:#99bfe6; color:#000; font-weight:bold;"><td colspan="2" style="padding:4px; text-align:center;">321702101552</td></tr>
<tr style="background-color:#f0f5fa;"><td style="padding:3px; width:45%;"><b>FID</b></td><td style="padding:3px;">8092</td></tr>
<tr style="background-color:#dbe8f5;"><td style="padding:3px;"><b>รหัสแปลง</b></td><td style="padding:3px;">321702101552</td></tr>
<tr style="background-color:#f0f5fa;"><td style="padding:3px;"><b>รหัสกลุ่มคิว</b></td><td style="padding:3px;">45_001</td></tr>
<tr style="background-color:#dbe8f5;"><td style="padding:3px;"><b>นักเกษตร</b></td><td style="padding:3px;">4502</td></tr>
<tr style="background-color:#f0f5fa;"><td style="padding:3px;"><b>ศูนย์</b></td><td style="padding:3px;">K2-45</td></tr>
<tr style="background-color:#dbe8f5;"><td style="padding:3px;"><b>สถานที่ส่งอ้อย</b></td><td style="padding:3px;">รถตัด</td></tr>
<tr style="background-color:#f0f5fa;"><td style="padding:3px;"><b>ประเภทคิว</b></td><td style="padding:3px;">รถตัด</td></tr>
<tr style="background-color:#dbe8f5;"><td style="padding:3px;"><b>ประเภทรถ</b></td><td style="padding:3px;">10 ล้อพ่วง</td></tr>
<tr style="background-color:#f0f5fa;"><td style="padding:3px;"><b>ประเภทชาวไร่</b></td><td style="padding:3px;">รถตัด</td></tr>
<tr style="background-color:#dbe8f5;"><td style="padding:3px;"><b>สถานีขนถ่าย</b></td><td style="padding:3px;"></td></tr>
<tr style="background-color:#f0f5fa;"><td style="padding:3px;"><b>สถานะยืนยัน</b></td><td style="padding:3px;">N</td></tr>
<tr style="background-color:#dbe8f5;"><td style="padding:3px;"><b>โควตา</b></td><td style="padding:3px;">784776</td></tr>
<tr style="background-color:#f0f5fa;"><td style="padding:3px;"><b>ชาวไร่</b></td><td style="padding:3px;">นาย ไกรษร พานอุ่น</td></tr>
<tr style="background-color:#dbe8f5;"><td style="padding:3px;"><b>ประเภทอ้อย</b></td><td style="padding:3px;">ตอ2</td></tr>
<tr style="background-color:#f0f5fa;"><td style="padding:3px;"><b>พื้นที่</b></td><td style="padding:3px;">4.64</td></tr>
<tr style="background-color:#dbe8f5;"><td style="padding:3px;"><b>ปีผลิต</b></td><td style="padding:3px;">256970</td></tr>
<tr style="background-color:#f0f5fa;"><td style="padding:3px;"><b>ตันรวม</b></td><td style="padding:3px;">37.12</td></tr>
<tr style="background-color:#dbe8f5;"><td style="padding:3px;"><b>สถานที่ส่งอ้อย_1</b></td><td style="padding:3px;">รถตัด</td></tr>
</table>]]></description>
      <MultiGeometry><Polygon><outerBoundaryIs><LinearRing><coordinates>103.974105589803,15.2131353902741 103.975369379793,15.212821729954 103.975252509914,15.2123635601379 103.974324670255,15.2126144101245 103.973871610064,15.2127893897831 103.974105589803,15.2131353902741</coordinates></LinearRing></outerBoundaryIs></Polygon></MultiGeometry>
    </Placemark>
    <Placemark>
      <name>332101041508</name>
      <styleUrl>#style_45_001</styleUrl>
      <description><![CDATA[<h3 style="margin-bottom:6px; font-family:sans-serif;">332101041508</h3>
<table style="width:100%; border-collapse:collapse; font-family:sans-serif; font-size:12px;">
<tr style="background-color:#99bfe6; color:#000; font-weight:bold;"><td colspan="2" style="padding:4px; text-align:center;">332101041508</td></tr>
<tr style="background-color:#f0f5fa;"><td style="padding:3px; width:45%;"><b>FID</b></td><td style="padding:3px;">8286</td></tr>
<tr style="background-color:#dbe8f5;"><td style="padding:3px;"><b>รหัสแปลง</b></td><td style="padding:3px;">332101041508</td></tr>
<tr style="background-color:#f0f5fa;"><td style="padding:3px;"><b>รหัสกลุ่มคิว</b></td><td style="padding:3px;">45_001</td></tr>
<tr style="background-color:#dbe8f5;"><td style="padding:3px;"><b>นักเกษตร</b></td><td style="padding:3px;">4502</td></tr>
<tr style="background-color:#f0f5fa;"><td style="padding:3px;"><b>ศูนย์</b></td><td style="padding:3px;">K2-45</td></tr>
<tr style="background-color:#dbe8f5;"><td style="padding:3px;"><b>สถานที่ส่งอ้อย</b></td><td style="padding:3px;">รถตัด</td></tr>
<tr style="background-color:#f0f5fa;"><td style="padding:3px;"><b>ประเภทคิว</b></td><td style="padding:3px;">รถตัด</td></tr>
<tr style="background-color:#dbe8f5;"><td style="padding:3px;"><b>ประเภทรถ</b></td><td style="padding:3px;">10 ล้อพ่วง</td></tr>
<tr style="background-color:#f0f5fa;"><td style="padding:3px;"><b>ประเภทชาวไร่</b></td><td style="padding:3px;">รถตัด</td></tr>
<tr style="background-color:#dbe8f5;"><td style="padding:3px;"><b>สถานีขนถ่าย</b></td><td style="padding:3px;"></td></tr>
<tr style="background-color:#f0f5fa;"><td style="padding:3px;"><b>สถานะยืนยัน</b></td><td style="padding:3px;">N</td></tr>
<tr style="background-color:#dbe8f5;"><td style="padding:3px;"><b>โควตา</b></td><td style="padding:3px;">950243</td></tr>
<tr style="background-color:#f0f5fa;"><td style="padding:3px;"><b>ชาวไร่</b></td><td style="padding:3px;">นาง นิตยาภรณ์ เกษโสภา</td></tr>
<tr style="background-color:#dbe8f5;"><td style="padding:3px;"><b>ประเภทอ้อย</b></td><td style="padding:3px;">ตอ1</td></tr>
<tr style="background-color:#f0f5fa;"><td style="padding:3px;"><b>พื้นที่</b></td><td style="padding:3px;">7.46</td></tr>
<tr style="background-color:#dbe8f5;"><td style="padding:3px;"><b>ปีผลิต</b></td><td style="padding:3px;">256970</td></tr>
<tr style="background-color:#f0f5fa;"><td style="padding:3px;"><b>ตันรวม</b></td><td style="padding:3px;">67.14</td></tr>
<tr style="background-color:#dbe8f5;"><td style="padding:3px;"><b>สถานที่ส่งอ้อย_1</b></td><td style="padding:3px;">รถตัด</td></tr>
</table>]]></description>
      <MultiGeometry><Polygon><outerBoundaryIs><LinearRing><coordinates>104.093367809745,15.2146224996976 104.093191730007,15.2148536503754 104.093619499917,15.2155769798474 104.094290539522,15.2150889402226 104.094655099989,15.2149621797912 104.09455077944,15.2143762001266 104.093367809745,15.2146224996976</coordinates></LinearRing></outerBoundaryIs></Polygon></MultiGeometry>
    </Placemark>
    <Placemark>
      <name>321702051546</name>
      <styleUrl>#style_45_001</styleUrl>
      <description><![CDATA[<h3 style="margin-bottom:6px; font-family:sans-serif;">321702051546</h3>
<table style="width:100%; border-collapse:collapse; font-family:sans-serif; font-size:12px;">
<tr style="background-color:#99bfe6; color:#000; font-weight:bold;"><td colspan="2" style="padding:4px; text-align:center;">321702051546</td></tr>
<tr style="background-color:#f0f5fa;"><td style="padding:3px; width:45%;"><b>FID</b></td><td style="padding:3px;">8307</td></tr>
<tr style="background-color:#dbe8f5;"><td style="padding:3px;"><b>รหัสแปลง</b></td><td style="padding:3px;">321702051546</td></tr>
<tr style="background-color:#f0f5fa;"><td style="padding:3px;"><b>รหัสกลุ่มคิว</b></td><td style="padding:3px;">45_001</td></tr>
<tr style="background-color:#dbe8f5;"><td style="padding:3px;"><b>นักเกษตร</b></td><td style="padding:3px;">4502</td></tr>
<tr style="background-color:#f0f5fa;"><td style="padding:3px;"><b>ศูนย์</b></td><td style="padding:3px;">K2-45</td></tr>
<tr style="background-color:#dbe8f5;"><td style="padding:3px;"><b>สถานที่ส่งอ้อย</b></td><td style="padding:3px;">รถตัด</td></tr>
<tr style="background-color:#f0f5fa;"><td style="padding:3px;"><b>ประเภทคิว</b></td><td style="padding:3px;">รถตัด</td></tr>
<tr style="background-color:#dbe8f5;"><td style="padding:3px;"><b>ประเภทรถ</b></td><td style="padding:3px;">10 ล้อพ่วง</td></tr>
<tr style="background-color:#f0f5fa;"><td style="padding:3px;"><b>ประเภทชาวไร่</b></td><td style="padding:3px;">รถตัด</td></tr>
<tr style="background-color:#dbe8f5;"><td style="padding:3px;"><b>สถานีขนถ่าย</b></td><td style="padding:3px;"></td></tr>
<tr style="background-color:#f0f5fa;"><td style="padding:3px;"><b>สถานะยืนยัน</b></td><td style="padding:3px;">N</td></tr>
<tr style="background-color:#dbe8f5;"><td style="padding:3px;"><b>โควตา</b></td><td style="padding:3px;">784776</td></tr>
<tr style="background-color:#f0f5fa;"><td style="padding:3px;"><b>ชาวไร่</b></td><td style="padding:3px;">นาย ไกรษร พานอุ่น</td></tr>
<tr style="background-color:#dbe8f5;"><td style="padding:3px;"><b>ประเภทอ้อย</b></td><td style="padding:3px;">ตอ2</td></tr>
<tr style="background-color:#f0f5fa;"><td style="padding:3px;"><b>พื้นที่</b></td><td style="padding:3px;">5.74</td></tr>
<tr style="background-color:#dbe8f5;"><td style="padding:3px;"><b>ปีผลิต</b></td><td style="padding:3px;">256970</td></tr>
<tr style="background-color:#f0f5fa;"><td style="padding:3px;"><b>ตันรวม</b></td><td style="padding:3px;">45.92</td></tr>
<tr style="background-color:#dbe8f5;"><td style="padding:3px;"><b>สถานที่ส่งอ้อย_1</b></td><td style="padding:3px;">รถตัด</td></tr>
</table>]]></description>
      <MultiGeometry><Polygon><outerBoundaryIs><LinearRing><coordinates>103.975291479786,15.212369879688 103.97529541964,15.2120881497344 103.975211329969,15.2119353902839 103.975078549408,15.211952579892 103.973575039538,15.2123575903207 103.973870029486,15.2127897798874 103.975291479786,15.212369879688</coordinates></LinearRing></outerBoundaryIs></Polygon></MultiGeometry>
    </Placemark>
    <Placemark>
      <name>331002050010</name>
      <styleUrl>#style_45_001</styleUrl>
      <description><![CDATA[<h3 style="margin-bottom:6px; font-family:sans-serif;">331002050010</h3>
<table style="width:100%; border-collapse:collapse; font-family:sans-serif; font-size:12px;">
<tr style="background-color:#99bfe6; color:#000; font-weight:bold;"><td colspan="2" style="padding:4px; text-align:center;">331002050010</td></tr>
<tr style="background-color:#f0f5fa;"><td style="padding:3px; width:45%;"><b>FID</b></td><td style="padding:3px;">8523</td></tr>
<tr style="background-color:#dbe8f5;"><td style="padding:3px;"><b>รหัสแปลง</b></td><td style="padding:3px;">331002050010</td></tr>
<tr style="background-color:#f0f5fa;"><td style="padding:3px;"><b>รหัสกลุ่มคิว</b></td><td style="padding:3px;">45_001</td></tr>
<tr style="background-color:#dbe8f5;"><td style="padding:3px;"><b>นักเกษตร</b></td><td style="padding:3px;">4502</td></tr>
<tr style="background-color:#f0f5fa;"><td style="padding:3px;"><b>ศูนย์</b></td><td style="padding:3px;">K2-45</td></tr>
<tr style="background-color:#dbe8f5;"><td style="padding:3px;"><b>สถานที่ส่งอ้อย</b></td><td style="padding:3px;">รถตัด</td></tr>
<tr style="background-color:#f0f5fa;"><td style="padding:3px;"><b>ประเภทคิว</b></td><td style="padding:3px;">รถตัด</td></tr>
<tr style="background-color:#dbe8f5;"><td style="padding:3px;"><b>ประเภทรถ</b></td><td style="padding:3px;">10 ล้อพ่วง</td></tr>
<tr style="background-color:#f0f5fa;"><td style="padding:3px;"><b>ประเภทชาวไร่</b></td><td style="padding:3px;">รถตัด</td></tr>
<tr style="background-color:#dbe8f5;"><td style="padding:3px;"><b>สถานีขนถ่าย</b></td><td style="padding:3px;"></td></tr>
<tr style="background-color:#f0f5fa;"><td style="padding:3px;"><b>สถานะยืนยัน</b></td><td style="padding:3px;">N</td></tr>
<tr style="background-color:#dbe8f5;"><td style="padding:3px;"><b>โควตา</b></td><td style="padding:3px;">950277</td></tr>
<tr style="background-color:#f0f5fa;"><td style="padding:3px;"><b>ชาวไร่</b></td><td style="padding:3px;">นาย สอน ไชยสาร</td></tr>
<tr style="background-color:#dbe8f5;"><td style="padding:3px;"><b>ประเภทอ้อย</b></td><td style="padding:3px;">ปลายฝน</td></tr>
<tr style="background-color:#f0f5fa;"><td style="padding:3px;"><b>พื้นที่</b></td><td style="padding:3px;">17.13</td></tr>
<tr style="background-color:#dbe8f5;"><td style="padding:3px;"><b>ปีผลิต</b></td><td style="padding:3px;">256970</td></tr>
<tr style="background-color:#f0f5fa;"><td style="padding:3px;"><b>ตันรวม</b></td><td style="padding:3px;">222.69</td></tr>
<tr style="background-color:#dbe8f5;"><td style="padding:3px;"><b>สถานที่ส่งอ้อย_1</b></td><td style="padding:3px;">รถตัด</td></tr>
</table>]]></description>
      <MultiGeometry><Polygon><outerBoundaryIs><LinearRing><coordinates>104.143761665975,15.1785316666902 104.143828333389,15.1785233330619 104.143803332686,15.1777966666936 104.14479333265,15.1773299996003 104.144193333087,15.1758616669661 104.142931666169,15.176708332859 104.143761665975,15.1785316666902</coordinates></LinearRing></outerBoundaryIs></Polygon></MultiGeometry>
    </Placemark>
    <Placemark>
      <name>332101051504</name>
      <styleUrl>#style_45_001</styleUrl>
      <description><![CDATA[<h3 style="margin-bottom:6px; font-family:sans-serif;">332101051504</h3>
<table style="width:100%; border-collapse:collapse; font-family:sans-serif; font-size:12px;">
<tr style="background-color:#99bfe6; color:#000; font-weight:bold;"><td colspan="2" style="padding:4px; text-align:center;">332101051504</td></tr>
<tr style="background-color:#f0f5fa;"><td style="padding:3px; width:45%;"><b>FID</b></td><td style="padding:3px;">8560</td></tr>
<tr style="background-color:#dbe8f5;"><td style="padding:3px;"><b>รหัสแปลง</b></td><td style="padding:3px;">332101051504</td></tr>
<tr style="background-color:#f0f5fa;"><td style="padding:3px;"><b>รหัสกลุ่มคิว</b></td><td style="padding:3px;">45_001</td></tr>
<tr style="background-color:#dbe8f5;"><td style="padding:3px;"><b>นักเกษตร</b></td><td style="padding:3px;">4502</td></tr>
<tr style="background-color:#f0f5fa;"><td style="padding:3px;"><b>ศูนย์</b></td><td style="padding:3px;">K2-45</td></tr>
<tr style="background-color:#dbe8f5;"><td style="padding:3px;"><b>สถานที่ส่งอ้อย</b></td><td style="padding:3px;">รถตัด</td></tr>
<tr style="background-color:#f0f5fa;"><td style="padding:3px;"><b>ประเภทคิว</b></td><td style="padding:3px;">รถตัด</td></tr>
<tr style="background-color:#dbe8f5;"><td style="padding:3px;"><b>ประเภทรถ</b></td><td style="padding:3px;">10 ล้อพ่วง</td></tr>
<tr style="background-color:#f0f5fa;"><td style="padding:3px;"><b>ประเภทชาวไร่</b></td><td style="padding:3px;">รถตัด</td></tr>
<tr style="background-color:#dbe8f5;"><td style="padding:3px;"><b>สถานีขนถ่าย</b></td><td style="padding:3px;"></td></tr>
<tr style="background-color:#f0f5fa;"><td style="padding:3px;"><b>สถานะยืนยัน</b></td><td style="padding:3px;">N</td></tr>
<tr style="background-color:#dbe8f5;"><td style="padding:3px;"><b>โควตา</b></td><td style="padding:3px;">784207</td></tr>
<tr style="background-color:#f0f5fa;"><td style="padding:3px;"><b>ชาวไร่</b></td><td style="padding:3px;">นาย ธีรพงษ์ บุญยืน</td></tr>
<tr style="background-color:#dbe8f5;"><td style="padding:3px;"><b>ประเภทอ้อย</b></td><td style="padding:3px;">ตอ1</td></tr>
<tr style="background-color:#f0f5fa;"><td style="padding:3px;"><b>พื้นที่</b></td><td style="padding:3px;">5.25</td></tr>
<tr style="background-color:#dbe8f5;"><td style="padding:3px;"><b>ปีผลิต</b></td><td style="padding:3px;">256970</td></tr>
<tr style="background-color:#f0f5fa;"><td style="padding:3px;"><b>ตันรวม</b></td><td style="padding:3px;">47.25</td></tr>
<tr style="background-color:#dbe8f5;"><td style="padding:3px;"><b>สถานที่ส่งอ้อย_1</b></td><td style="padding:3px;">รถตัด</td></tr>
</table>]]></description>
      <MultiGeometry><Polygon><outerBoundaryIs><LinearRing><coordinates>104.054506710169,15.2254520701366 104.055121659624,15.2251621401535 104.054669579394,15.2242599601484 104.054049259904,15.2243945503872 104.054506710169,15.2254520701366</coordinates></LinearRing></outerBoundaryIs></Polygon></MultiGeometry>
    </Placemark>
    <Placemark>
      <name>331005010004</name>
      <styleUrl>#style_45_001</styleUrl>
      <description><![CDATA[<h3 style="margin-bottom:6px; font-family:sans-serif;">331005010004</h3>
<table style="width:100%; border-collapse:collapse; font-family:sans-serif; font-size:12px;">
<tr style="background-color:#99bfe6; color:#000; font-weight:bold;"><td colspan="2" style="padding:4px; text-align:center;">331005010004</td></tr>
<tr style="background-color:#f0f5fa;"><td style="padding:3px; width:45%;"><b>FID</b></td><td style="padding:3px;">8565</td></tr>
<tr style="background-color:#dbe8f5;"><td style="padding:3px;"><b>รหัสแปลง</b></td><td style="padding:3px;">331005010004</td></tr>
<tr style="background-color:#f0f5fa;"><td style="padding:3px;"><b>รหัสกลุ่มคิว</b></td><td style="padding:3px;">45_001</td></tr>
<tr style="background-color:#dbe8f5;"><td style="padding:3px;"><b>นักเกษตร</b></td><td style="padding:3px;">4502</td></tr>
<tr style="background-color:#f0f5fa;"><td style="padding:3px;"><b>ศูนย์</b></td><td style="padding:3px;">K2-45</td></tr>
<tr style="background-color:#dbe8f5;"><td style="padding:3px;"><b>สถานที่ส่งอ้อย</b></td><td style="padding:3px;">รถตัด</td></tr>
<tr style="background-color:#f0f5fa;"><td style="padding:3px;"><b>ประเภทคิว</b></td><td style="padding:3px;">รถตัด</td></tr>
<tr style="background-color:#dbe8f5;"><td style="padding:3px;"><b>ประเภทรถ</b></td><td style="padding:3px;">10 ล้อพ่วง</td></tr>
<tr style="background-color:#f0f5fa;"><td style="padding:3px;"><b>ประเภทชาวไร่</b></td><td style="padding:3px;">รถตัด</td></tr>
<tr style="background-color:#dbe8f5;"><td style="padding:3px;"><b>สถานีขนถ่าย</b></td><td style="padding:3px;"></td></tr>
<tr style="background-color:#f0f5fa;"><td style="padding:3px;"><b>สถานะยืนยัน</b></td><td style="padding:3px;">N</td></tr>
<tr style="background-color:#dbe8f5;"><td style="padding:3px;"><b>โควตา</b></td><td style="padding:3px;">950243</td></tr>
<tr style="background-color:#f0f5fa;"><td style="padding:3px;"><b>ชาวไร่</b></td><td style="padding:3px;">นาง นิตยาภรณ์ เกษโสภา</td></tr>
<tr style="background-color:#dbe8f5;"><td style="padding:3px;"><b>ประเภทอ้อย</b></td><td style="padding:3px;">ปลายฝน</td></tr>
<tr style="background-color:#f0f5fa;"><td style="padding:3px;"><b>พื้นที่</b></td><td style="padding:3px;">7.01</td></tr>
<tr style="background-color:#dbe8f5;"><td style="padding:3px;"><b>ปีผลิต</b></td><td style="padding:3px;">256970</td></tr>
<tr style="background-color:#f0f5fa;"><td style="padding:3px;"><b>ตันรวม</b></td><td style="padding:3px;">91.13</td></tr>
<tr style="background-color:#dbe8f5;"><td style="padding:3px;"><b>สถานที่ส่งอ้อย_1</b></td><td style="padding:3px;">รถตัด</td></tr>
</table>]]></description>
      <MultiGeometry><Polygon><outerBoundaryIs><LinearRing><coordinates>104.151266069503,15.1466413503107 104.150937089619,15.1457800999122 104.150519599802,15.1458841602937 104.150162369714,15.146808719778 104.150154489539,15.1468963298903 104.150454960144,15.1472093902719 104.151266069503,15.1466413503107</coordinates></LinearRing></outerBoundaryIs></Polygon></MultiGeometry>
    </Placemark>
    <Placemark>
      <name>331007013010</name>
      <styleUrl>#style_45_001</styleUrl>
      <description><![CDATA[<h3 style="margin-bottom:6px; font-family:sans-serif;">331007013010</h3>
<table style="width:100%; border-collapse:collapse; font-family:sans-serif; font-size:12px;">
<tr style="background-color:#99bfe6; color:#000; font-weight:bold;"><td colspan="2" style="padding:4px; text-align:center;">331007013010</td></tr>
<tr style="background-color:#f0f5fa;"><td style="padding:3px; width:45%;"><b>FID</b></td><td style="padding:3px;">8685</td></tr>
<tr style="background-color:#dbe8f5;"><td style="padding:3px;"><b>รหัสแปลง</b></td><td style="padding:3px;">331007013010</td></tr>
<tr style="background-color:#f0f5fa;"><td style="padding:3px;"><b>รหัสกลุ่มคิว</b></td><td style="padding:3px;">45_001</td></tr>
<tr style="background-color:#dbe8f5;"><td style="padding:3px;"><b>นักเกษตร</b></td><td style="padding:3px;">4502</td></tr>
<tr style="background-color:#f0f5fa;"><td style="padding:3px;"><b>ศูนย์</b></td><td style="padding:3px;">K2-45</td></tr>
<tr style="background-color:#dbe8f5;"><td style="padding:3px;"><b>สถานที่ส่งอ้อย</b></td><td style="padding:3px;">รถตัด</td></tr>
<tr style="background-color:#f0f5fa;"><td style="padding:3px;"><b>ประเภทคิว</b></td><td style="padding:3px;">รถตัด</td></tr>
<tr style="background-color:#dbe8f5;"><td style="padding:3px;"><b>ประเภทรถ</b></td><td style="padding:3px;">10 ล้อพ่วง</td></tr>
<tr style="background-color:#f0f5fa;"><td style="padding:3px;"><b>ประเภทชาวไร่</b></td><td style="padding:3px;">รถตัด</td></tr>
<tr style="background-color:#dbe8f5;"><td style="padding:3px;"><b>สถานีขนถ่าย</b></td><td style="padding:3px;"></td></tr>
<tr style="background-color:#f0f5fa;"><td style="padding:3px;"><b>สถานะยืนยัน</b></td><td style="padding:3px;">N</td></tr>
<tr style="background-color:#dbe8f5;"><td style="padding:3px;"><b>โควตา</b></td><td style="padding:3px;">950311</td></tr>
<tr style="background-color:#f0f5fa;"><td style="padding:3px;"><b>ชาวไร่</b></td><td style="padding:3px;">นาย วงเดือน ชราศรี</td></tr>
<tr style="background-color:#dbe8f5;"><td style="padding:3px;"><b>ประเภทอ้อย</b></td><td style="padding:3px;">ตอ5</td></tr>
<tr style="background-color:#f0f5fa;"><td style="padding:3px;"><b>พื้นที่</b></td><td style="padding:3px;">3.46</td></tr>
<tr style="background-color:#dbe8f5;"><td style="padding:3px;"><b>ปีผลิต</b></td><td style="padding:3px;">256970</td></tr>
<tr style="background-color:#f0f5fa;"><td style="padding:3px;"><b>ตันรวม</b></td><td style="padding:3px;">24.22</td></tr>
<tr style="background-color:#dbe8f5;"><td style="padding:3px;"><b>สถานที่ส่งอ้อย_1</b></td><td style="padding:3px;">รถตัด</td></tr>
</table>]]></description>
      <MultiGeometry><Polygon><outerBoundaryIs><LinearRing><coordinates>104.096148333457,15.1471966666256 104.097065967317,15.1466105352433 104.096986666112,15.1462933335298 104.09590500004,15.1467833329638 104.09610666609,15.1472116663635 104.096148333457,15.1471966666256</coordinates></LinearRing></outerBoundaryIs></Polygon></MultiGeometry>
    </Placemark>
    <Placemark>
      <name>332101051505</name>
      <styleUrl>#style_45_001</styleUrl>
      <description><![CDATA[<h3 style="margin-bottom:6px; font-family:sans-serif;">332101051505</h3>
<table style="width:100%; border-collapse:collapse; font-family:sans-serif; font-size:12px;">
<tr style="background-color:#99bfe6; color:#000; font-weight:bold;"><td colspan="2" style="padding:4px; text-align:center;">332101051505</td></tr>
<tr style="background-color:#f0f5fa;"><td style="padding:3px; width:45%;"><b>FID</b></td><td style="padding:3px;">8752</td></tr>
<tr style="background-color:#dbe8f5;"><td style="padding:3px;"><b>รหัสแปลง</b></td><td style="padding:3px;">332101051505</td></tr>
<tr style="background-color:#f0f5fa;"><td style="padding:3px;"><b>รหัสกลุ่มคิว</b></td><td style="padding:3px;">45_001</td></tr>
<tr style="background-color:#dbe8f5;"><td style="padding:3px;"><b>นักเกษตร</b></td><td style="padding:3px;">4502</td></tr>
<tr style="background-color:#f0f5fa;"><td style="padding:3px;"><b>ศูนย์</b></td><td style="padding:3px;">K2-45</td></tr>
<tr style="background-color:#dbe8f5;"><td style="padding:3px;"><b>สถานที่ส่งอ้อย</b></td><td style="padding:3px;">รถตัด</td></tr>
<tr style="background-color:#f0f5fa;"><td style="padding:3px;"><b>ประเภทคิว</b></td><td style="padding:3px;">รถตัด</td></tr>
<tr style="background-color:#dbe8f5;"><td style="padding:3px;"><b>ประเภทรถ</b></td><td style="padding:3px;">10 ล้อพ่วง</td></tr>
<tr style="background-color:#f0f5fa;"><td style="padding:3px;"><b>ประเภทชาวไร่</b></td><td style="padding:3px;">รถตัด</td></tr>
<tr style="background-color:#dbe8f5;"><td style="padding:3px;"><b>สถานีขนถ่าย</b></td><td style="padding:3px;"></td></tr>
<tr style="background-color:#f0f5fa;"><td style="padding:3px;"><b>สถานะยืนยัน</b></td><td style="padding:3px;">N</td></tr>
<tr style="background-color:#dbe8f5;"><td style="padding:3px;"><b>โควตา</b></td><td style="padding:3px;">784207</td></tr>
<tr style="background-color:#f0f5fa;"><td style="padding:3px;"><b>ชาวไร่</b></td><td style="padding:3px;">นาย ธีรพงษ์ บุญยืน</td></tr>
<tr style="background-color:#dbe8f5;"><td style="padding:3px;"><b>ประเภทอ้อย</b></td><td style="padding:3px;">ตอ1</td></tr>
<tr style="background-color:#f0f5fa;"><td style="padding:3px;"><b>พื้นที่</b></td><td style="padding:3px;">6.2</td></tr>
<tr style="background-color:#dbe8f5;"><td style="padding:3px;"><b>ปีผลิต</b></td><td style="padding:3px;">256970</td></tr>
<tr style="background-color:#f0f5fa;"><td style="padding:3px;"><b>ตันรวม</b></td><td style="padding:3px;">55.8</td></tr>
<tr style="background-color:#dbe8f5;"><td style="padding:3px;"><b>สถานที่ส่งอ้อย_1</b></td><td style="padding:3px;">รถตัด</td></tr>
</table>]]></description>
      <MultiGeometry><Polygon><outerBoundaryIs><LinearRing><coordinates>104.055650489448,15.2261153198884 104.055133010142,15.2251440297447 104.054497809912,15.225416239508 104.055029839878,15.2265191196197 104.055650489448,15.2261153198884</coordinates></LinearRing></outerBoundaryIs></Polygon></MultiGeometry>
    </Placemark>
    <Placemark>
      <name>321203051531</name>
      <styleUrl>#style_45_001</styleUrl>
      <description><![CDATA[<h3 style="margin-bottom:6px; font-family:sans-serif;">321203051531</h3>
<table style="width:100%; border-collapse:collapse; font-family:sans-serif; font-size:12px;">
<tr style="background-color:#99bfe6; color:#000; font-weight:bold;"><td colspan="2" style="padding:4px; text-align:center;">321203051531</td></tr>
<tr style="background-color:#f0f5fa;"><td style="padding:3px; width:45%;"><b>FID</b></td><td style="padding:3px;">8777</td></tr>
<tr style="background-color:#dbe8f5;"><td style="padding:3px;"><b>รหัสแปลง</b></td><td style="padding:3px;">321203051531</td></tr>
<tr style="background-color:#f0f5fa;"><td style="padding:3px;"><b>รหัสกลุ่มคิว</b></td><td style="padding:3px;">45_001</td></tr>
<tr style="background-color:#dbe8f5;"><td style="padding:3px;"><b>นักเกษตร</b></td><td style="padding:3px;">4502</td></tr>
<tr style="background-color:#f0f5fa;"><td style="padding:3px;"><b>ศูนย์</b></td><td style="padding:3px;">K2-45</td></tr>
<tr style="background-color:#dbe8f5;"><td style="padding:3px;"><b>สถานที่ส่งอ้อย</b></td><td style="padding:3px;">รถตัด</td></tr>
<tr style="background-color:#f0f5fa;"><td style="padding:3px;"><b>ประเภทคิว</b></td><td style="padding:3px;">รถตัด</td></tr>
<tr style="background-color:#dbe8f5;"><td style="padding:3px;"><b>ประเภทรถ</b></td><td style="padding:3px;">10 ล้อพ่วง</td></tr>
<tr style="background-color:#f0f5fa;"><td style="padding:3px;"><b>ประเภทชาวไร่</b></td><td style="padding:3px;">รถตัด</td></tr>
<tr style="background-color:#dbe8f5;"><td style="padding:3px;"><b>สถานีขนถ่าย</b></td><td style="padding:3px;"></td></tr>
<tr style="background-color:#f0f5fa;"><td style="padding:3px;"><b>สถานะยืนยัน</b></td><td style="padding:3px;">N</td></tr>
<tr style="background-color:#dbe8f5;"><td style="padding:3px;"><b>โควตา</b></td><td style="padding:3px;">784993</td></tr>
<tr style="background-color:#f0f5fa;"><td style="padding:3px;"><b>ชาวไร่</b></td><td style="padding:3px;">นาย สังวาลย์ นามขันธ์</td></tr>
<tr style="background-color:#dbe8f5;"><td style="padding:3px;"><b>ประเภทอ้อย</b></td><td style="padding:3px;">ตอ1</td></tr>
<tr style="background-color:#f0f5fa;"><td style="padding:3px;"><b>พื้นที่</b></td><td style="padding:3px;">9.2</td></tr>
<tr style="background-color:#dbe8f5;"><td style="padding:3px;"><b>ปีผลิต</b></td><td style="padding:3px;">256970</td></tr>
<tr style="background-color:#f0f5fa;"><td style="padding:3px;"><b>ตันรวม</b></td><td style="padding:3px;">82.8</td></tr>
<tr style="background-color:#dbe8f5;"><td style="padding:3px;"><b>สถานที่ส่งอ้อย_1</b></td><td style="padding:3px;">รถตัด</td></tr>
</table>]]></description>
      <MultiGeometry><Polygon><outerBoundaryIs><LinearRing><coordinates>103.974316666291,15.1496866670191 103.974348332988,15.1497566663157 103.974374999712,15.1498200003167 103.974393333321,15.1498866670573 103.974406666241,15.1499533334441 103.974460000195,15.1500899996671 103.974483332964,15.1501849998755 103.974518333499,15.1503033335082 103.974546666761,15.1503916664231 103.974574999938,15.150476666871 103.974596666787,15.1505550001078 103.97462499972,15.1506333329229 103.974659999554,15.1507516665048 103.974699999513,15.1508766662359 103.974711666703,15.1509283336573 103.974733333352,15.1510200002928 103.974761666399,15.1511183332079 103.974791666181,15.1511833335416 103.974804999705,15.1512350001688 103.974821666668,15.151284999892 103.974836666655,15.1513399999915 103.974898333171,15.1513366663835 103.974951666488,15.1513150000681 103.975011666797,15.1512933332905 103.975081666525,15.1512683329357 103.975189999937,15.1512383328637 103.975224999754,15.1512250000036 103.975233332825,15.1512200000863 103.975238333401,15.1512166670543 103.975260000028,15.1512016670597 103.975278332834,15.1512000002759 103.975288333344,15.1512000000362 103.975356666323,15.1511866666991 103.975414999462,15.1511683330897 103.975461666197,15.1511583334269 103.975501666607,15.151143333723 103.975519999921,15.1511333330711 103.975546666538,15.1511233329705 103.975556666267,15.1511066668622 103.975560000224,15.1510966670034 103.975541666279,15.1510350000823 103.975526666486,15.1509866667815 103.975515000119,15.1509366665693 103.975508333569,15.150906666825 103.975501666551,15.150866667024 103.975484999789,15.1508033330592 103.975473333463,15.1507733329717 103.975454999848,15.150736666639 103.97544999937,15.1507216666639 103.97543166623,15.1506950003837 103.975408333001,15.1506216667832 103.975403333087,15.1505783337181 103.975389999967,15.1505166661773 103.97538166635,15.1504683333087 103.975361666771,15.1503966670391 103.975336666332,15.1503216661845 103.975324999898,15.1502466662188 103.975310000159,15.1501750002787 103.975294999675,15.1501283331725 103.975279999914,15.1500766664633 103.975264999386,15.1500283331244 103.975251666523,15.1499899999455 103.975243332723,15.1499566667151 103.975229999618,15.149891666684 103.975201666881,15.1498183335598 103.975181666429,15.1497650002708 103.975163332667,15.1497633336763 103.975151666787,15.1497616666173 103.975141666198,15.1497583334765 103.975131666682,15.1497583336686 103.975091666103,15.1497650003016 103.97505333351,15.1497683336584 103.97499499936,15.1497783332518 103.974953333412,15.1497849997162 103.97489166606,15.1498016666644 103.974823333225,15.1498100001521 103.97479666616,15.1497633330426 103.974786666306,15.1497333329985 103.97475999941,15.1496450002425 103.974316666291,15.1496866670191</coordinates></LinearRing></outerBoundaryIs></Polygon></MultiGeometry>
    </Placemark>
    <Placemark>
      <name>321209021562</name>
      <styleUrl>#style_45_001</styleUrl>
      <description><![CDATA[<h3 style="margin-bottom:6px; font-family:sans-serif;">321209021562</h3>
<table style="width:100%; border-collapse:collapse; font-family:sans-serif; font-size:12px;">
<tr style="background-color:#99bfe6; color:#000; font-weight:bold;"><td colspan="2" style="padding:4px; text-align:center;">321209021562</td></tr>
<tr style="background-color:#f0f5fa;"><td style="padding:3px; width:45%;"><b>FID</b></td><td style="padding:3px;">8938</td></tr>
<tr style="background-color:#dbe8f5;"><td style="padding:3px;"><b>รหัสแปลง</b></td><td style="padding:3px;">321209021562</td></tr>
<tr style="background-color:#f0f5fa;"><td style="padding:3px;"><b>รหัสกลุ่มคิว</b></td><td style="padding:3px;">45_001</td></tr>
<tr style="background-color:#dbe8f5;"><td style="padding:3px;"><b>นักเกษตร</b></td><td style="padding:3px;">4502</td></tr>
<tr style="background-color:#f0f5fa;"><td style="padding:3px;"><b>ศูนย์</b></td><td style="padding:3px;">K2-45</td></tr>
<tr style="background-color:#dbe8f5;"><td style="padding:3px;"><b>สถานที่ส่งอ้อย</b></td><td style="padding:3px;">รถตัด</td></tr>
<tr style="background-color:#f0f5fa;"><td style="padding:3px;"><b>ประเภทคิว</b></td><td style="padding:3px;">รถตัด</td></tr>
<tr style="background-color:#dbe8f5;"><td style="padding:3px;"><b>ประเภทรถ</b></td><td style="padding:3px;">10 ล้อพ่วง</td></tr>
<tr style="background-color:#f0f5fa;"><td style="padding:3px;"><b>ประเภทชาวไร่</b></td><td style="padding:3px;">รถตัด</td></tr>
<tr style="background-color:#dbe8f5;"><td style="padding:3px;"><b>สถานีขนถ่าย</b></td><td style="padding:3px;"></td></tr>
<tr style="background-color:#f0f5fa;"><td style="padding:3px;"><b>สถานะยืนยัน</b></td><td style="padding:3px;">N</td></tr>
<tr style="background-color:#dbe8f5;"><td style="padding:3px;"><b>โควตา</b></td><td style="padding:3px;">784747</td></tr>
<tr style="background-color:#f0f5fa;"><td style="padding:3px;"><b>ชาวไร่</b></td><td style="padding:3px;">นาย สมบูรณ์ นามอนุ</td></tr>
<tr style="background-color:#dbe8f5;"><td style="padding:3px;"><b>ประเภทอ้อย</b></td><td style="padding:3px;">ตอ4</td></tr>
<tr style="background-color:#f0f5fa;"><td style="padding:3px;"><b>พื้นที่</b></td><td style="padding:3px;">2.34</td></tr>
<tr style="background-color:#dbe8f5;"><td style="padding:3px;"><b>ปีผลิต</b></td><td style="padding:3px;">256970</td></tr>
<tr style="background-color:#f0f5fa;"><td style="padding:3px;"><b>ตันรวม</b></td><td style="padding:3px;">16.38</td></tr>
<tr style="background-color:#dbe8f5;"><td style="padding:3px;"><b>สถานที่ส่งอ้อย_1</b></td><td style="padding:3px;">รถตัด</td></tr>
</table>]]></description>
      <MultiGeometry><Polygon><outerBoundaryIs><LinearRing><coordinates>103.953714179497,15.1076236297626 103.953702930156,15.1072471296354 103.953688249689,15.1071161998767 103.953657129841,15.106935469571 103.953580700221,15.1063212498893 103.953324259678,15.1063587898799 103.953323480012,15.1064279903951 103.95338209983,15.1066533898296 103.953414350059,15.1068487603069 103.953459129681,15.1072706100667 103.953502849332,15.1076531195986 103.953714179497,15.1076236297626</coordinates></LinearRing></outerBoundaryIs></Polygon></MultiGeometry>
    </Placemark>
    <Placemark>
      <name>321702011529</name>
      <styleUrl>#style_45_001</styleUrl>
      <description><![CDATA[<h3 style="margin-bottom:6px; font-family:sans-serif;">321702011529</h3>
<table style="width:100%; border-collapse:collapse; font-family:sans-serif; font-size:12px;">
<tr style="background-color:#99bfe6; color:#000; font-weight:bold;"><td colspan="2" style="padding:4px; text-align:center;">321702011529</td></tr>
<tr style="background-color:#f0f5fa;"><td style="padding:3px; width:45%;"><b>FID</b></td><td style="padding:3px;">8962</td></tr>
<tr style="background-color:#dbe8f5;"><td style="padding:3px;"><b>รหัสแปลง</b></td><td style="padding:3px;">321702011529</td></tr>
<tr style="background-color:#f0f5fa;"><td style="padding:3px;"><b>รหัสกลุ่มคิว</b></td><td style="padding:3px;">45_001</td></tr>
<tr style="background-color:#dbe8f5;"><td style="padding:3px;"><b>นักเกษตร</b></td><td style="padding:3px;">4502</td></tr>
<tr style="background-color:#f0f5fa;"><td style="padding:3px;"><b>ศูนย์</b></td><td style="padding:3px;">K2-45</td></tr>
<tr style="background-color:#dbe8f5;"><td style="padding:3px;"><b>สถานที่ส่งอ้อย</b></td><td style="padding:3px;">รถตัด</td></tr>
<tr style="background-color:#f0f5fa;"><td style="padding:3px;"><b>ประเภทคิว</b></td><td style="padding:3px;">รถตัด</td></tr>
<tr style="background-color:#dbe8f5;"><td style="padding:3px;"><b>ประเภทรถ</b></td><td style="padding:3px;">10 ล้อพ่วง</td></tr>
<tr style="background-color:#f0f5fa;"><td style="padding:3px;"><b>ประเภทชาวไร่</b></td><td style="padding:3px;">รถตัด</td></tr>
<tr style="background-color:#dbe8f5;"><td style="padding:3px;"><b>สถานีขนถ่าย</b></td><td style="padding:3px;"></td></tr>
<tr style="background-color:#f0f5fa;"><td style="padding:3px;"><b>สถานะยืนยัน</b></td><td style="padding:3px;">N</td></tr>
<tr style="background-color:#dbe8f5;"><td style="padding:3px;"><b>โควตา</b></td><td style="padding:3px;">783067</td></tr>
<tr style="background-color:#f0f5fa;"><td style="padding:3px;"><b>ชาวไร่</b></td><td style="padding:3px;">นาย ยศ สืบสอน</td></tr>
<tr style="background-color:#dbe8f5;"><td style="padding:3px;"><b>ประเภทอ้อย</b></td><td style="padding:3px;">ปลายฝน</td></tr>
<tr style="background-color:#f0f5fa;"><td style="padding:3px;"><b>พื้นที่</b></td><td style="padding:3px;">3.65</td></tr>
<tr style="background-color:#dbe8f5;"><td style="padding:3px;"><b>ปีผลิต</b></td><td style="padding:3px;">256970</td></tr>
<tr style="background-color:#f0f5fa;"><td style="padding:3px;"><b>ตันรวม</b></td><td style="padding:3px;">47.45</td></tr>
<tr style="background-color:#dbe8f5;"><td style="padding:3px;"><b>สถานที่ส่งอ้อย_1</b></td><td style="padding:3px;">รถตัด</td></tr>
</table>]]></description>
      <MultiGeometry><Polygon><outerBoundaryIs><LinearRing><coordinates>104.056603229314,15.23097618972 104.05622635957,15.2299220703275 104.056096839388,15.2295231896607 104.056060819546,15.2294187703875 104.056013189841,15.229345429988 104.055856179608,15.2294329502729 104.056228690028,15.2310723695913 104.05635536001,15.2310390398016 104.056603229314,15.23097618972</coordinates></LinearRing></outerBoundaryIs></Polygon></MultiGeometry>
    </Placemark>
    <Placemark>
      <name>331010100001</name>
      <styleUrl>#style_45_001</styleUrl>
      <description><![CDATA[<h3 style="margin-bottom:6px; font-family:sans-serif;">331010100001</h3>
<table style="width:100%; border-collapse:collapse; font-family:sans-serif; font-size:12px;">
<tr style="background-color:#99bfe6; color:#000; font-weight:bold;"><td colspan="2" style="padding:4px; text-align:center;">331010100001</td></tr>
<tr style="background-color:#f0f5fa;"><td style="padding:3px; width:45%;"><b>FID</b></td><td style="padding:3px;">9028</td></tr>
<tr style="background-color:#dbe8f5;"><td style="padding:3px;"><b>รหัสแปลง</b></td><td style="padding:3px;">331010100001</td></tr>
<tr style="background-color:#f0f5fa;"><td style="padding:3px;"><b>รหัสกลุ่มคิว</b></td><td style="padding:3px;">45_001</td></tr>
<tr style="background-color:#dbe8f5;"><td style="padding:3px;"><b>นักเกษตร</b></td><td style="padding:3px;">4502</td></tr>
<tr style="background-color:#f0f5fa;"><td style="padding:3px;"><b>ศูนย์</b></td><td style="padding:3px;">K2-45</td></tr>
<tr style="background-color:#dbe8f5;"><td style="padding:3px;"><b>สถานที่ส่งอ้อย</b></td><td style="padding:3px;">รถตัด</td></tr>
<tr style="background-color:#f0f5fa;"><td style="padding:3px;"><b>ประเภทคิว</b></td><td style="padding:3px;">รถตัด</td></tr>
<tr style="background-color:#dbe8f5;"><td style="padding:3px;"><b>ประเภทรถ</b></td><td style="padding:3px;">10 ล้อพ่วง</td></tr>
<tr style="background-color:#f0f5fa;"><td style="padding:3px;"><b>ประเภทชาวไร่</b></td><td style="padding:3px;">รถตัด</td></tr>
<tr style="background-color:#dbe8f5;"><td style="padding:3px;"><b>สถานีขนถ่าย</b></td><td style="padding:3px;"></td></tr>
<tr style="background-color:#f0f5fa;"><td style="padding:3px;"><b>สถานะยืนยัน</b></td><td style="padding:3px;">N</td></tr>
<tr style="background-color:#dbe8f5;"><td style="padding:3px;"><b>โควตา</b></td><td style="padding:3px;">950277</td></tr>
<tr style="background-color:#f0f5fa;"><td style="padding:3px;"><b>ชาวไร่</b></td><td style="padding:3px;">นาย สอน ไชยสาร</td></tr>
<tr style="background-color:#dbe8f5;"><td style="padding:3px;"><b>ประเภทอ้อย</b></td><td style="padding:3px;">ตอ1</td></tr>
<tr style="background-color:#f0f5fa;"><td style="padding:3px;"><b>พื้นที่</b></td><td style="padding:3px;">4.8</td></tr>
<tr style="background-color:#dbe8f5;"><td style="padding:3px;"><b>ปีผลิต</b></td><td style="padding:3px;">256970</td></tr>
<tr style="background-color:#f0f5fa;"><td style="padding:3px;"><b>ตันรวม</b></td><td style="padding:3px;">43.2</td></tr>
<tr style="background-color:#dbe8f5;"><td style="padding:3px;"><b>สถานที่ส่งอ้อย_1</b></td><td style="padding:3px;">รถตัด</td></tr>
</table>]]></description>
      <MultiGeometry><Polygon><outerBoundaryIs><LinearRing><coordinates>104.167529269346,15.1614260948743 104.167980802688,15.1630567107744 104.16853358908,15.1629371009762 104.168546414133,15.1627610807234 104.16826385978,15.1628131744566 104.167878963049,15.1613215726265 104.167529269346,15.1614260948743</coordinates></LinearRing></outerBoundaryIs></Polygon></MultiGeometry>
    </Placemark>
    <Placemark>
      <name>331005080001</name>
      <styleUrl>#style_45_001</styleUrl>
      <description><![CDATA[<h3 style="margin-bottom:6px; font-family:sans-serif;">331005080001</h3>
<table style="width:100%; border-collapse:collapse; font-family:sans-serif; font-size:12px;">
<tr style="background-color:#99bfe6; color:#000; font-weight:bold;"><td colspan="2" style="padding:4px; text-align:center;">331005080001</td></tr>
<tr style="background-color:#f0f5fa;"><td style="padding:3px; width:45%;"><b>FID</b></td><td style="padding:3px;">9029</td></tr>
<tr style="background-color:#dbe8f5;"><td style="padding:3px;"><b>รหัสแปลง</b></td><td style="padding:3px;">331005080001</td></tr>
<tr style="background-color:#f0f5fa;"><td style="padding:3px;"><b>รหัสกลุ่มคิว</b></td><td style="padding:3px;">45_001</td></tr>
<tr style="background-color:#dbe8f5;"><td style="padding:3px;"><b>นักเกษตร</b></td><td style="padding:3px;">4502</td></tr>
<tr style="background-color:#f0f5fa;"><td style="padding:3px;"><b>ศูนย์</b></td><td style="padding:3px;">K2-45</td></tr>
<tr style="background-color:#dbe8f5;"><td style="padding:3px;"><b>สถานที่ส่งอ้อย</b></td><td style="padding:3px;">รถตัด</td></tr>
<tr style="background-color:#f0f5fa;"><td style="padding:3px;"><b>ประเภทคิว</b></td><td style="padding:3px;">รถตัด</td></tr>
<tr style="background-color:#dbe8f5;"><td style="padding:3px;"><b>ประเภทรถ</b></td><td style="padding:3px;">10 ล้อพ่วง</td></tr>
<tr style="background-color:#f0f5fa;"><td style="padding:3px;"><b>ประเภทชาวไร่</b></td><td style="padding:3px;">รถตัด</td></tr>
<tr style="background-color:#dbe8f5;"><td style="padding:3px;"><b>สถานีขนถ่าย</b></td><td style="padding:3px;"></td></tr>
<tr style="background-color:#f0f5fa;"><td style="padding:3px;"><b>สถานะยืนยัน</b></td><td style="padding:3px;">N</td></tr>
<tr style="background-color:#dbe8f5;"><td style="padding:3px;"><b>โควตา</b></td><td style="padding:3px;">950243</td></tr>
<tr style="background-color:#f0f5fa;"><td style="padding:3px;"><b>ชาวไร่</b></td><td style="padding:3px;">นาง นิตยาภรณ์ เกษโสภา</td></tr>
<tr style="background-color:#dbe8f5;"><td style="padding:3px;"><b>ประเภทอ้อย</b></td><td style="padding:3px;">ปลายฝน</td></tr>
<tr style="background-color:#f0f5fa;"><td style="padding:3px;"><b>พื้นที่</b></td><td style="padding:3px;">13.72</td></tr>
<tr style="background-color:#dbe8f5;"><td style="padding:3px;"><b>ปีผลิต</b></td><td style="padding:3px;">256970</td></tr>
<tr style="background-color:#f0f5fa;"><td style="padding:3px;"><b>ตันรวม</b></td><td style="padding:3px;">178.36</td></tr>
<tr style="background-color:#dbe8f5;"><td style="padding:3px;"><b>สถานที่ส่งอ้อย_1</b></td><td style="padding:3px;">รถตัด</td></tr>
</table>]]></description>
      <MultiGeometry><Polygon><outerBoundaryIs><LinearRing><coordinates>104.149264180735,15.1482804627393 104.149925345746,15.1476963706189 104.148965784801,15.1462332253122 104.148671496007,15.1458924589201 104.148078309393,15.1462686802309 104.149264180735,15.1482804627393</coordinates></LinearRing></outerBoundaryIs></Polygon></MultiGeometry>
    </Placemark>
    <Placemark>
      <name>321702091571</name>
      <styleUrl>#style_45_001</styleUrl>
      <description><![CDATA[<h3 style="margin-bottom:6px; font-family:sans-serif;">321702091571</h3>
<table style="width:100%; border-collapse:collapse; font-family:sans-serif; font-size:12px;">
<tr style="background-color:#99bfe6; color:#000; font-weight:bold;"><td colspan="2" style="padding:4px; text-align:center;">321702091571</td></tr>
<tr style="background-color:#f0f5fa;"><td style="padding:3px; width:45%;"><b>FID</b></td><td style="padding:3px;">9076</td></tr>
<tr style="background-color:#dbe8f5;"><td style="padding:3px;"><b>รหัสแปลง</b></td><td style="padding:3px;">321702091571</td></tr>
<tr style="background-color:#f0f5fa;"><td style="padding:3px;"><b>รหัสกลุ่มคิว</b></td><td style="padding:3px;">45_001</td></tr>
<tr style="background-color:#dbe8f5;"><td style="padding:3px;"><b>นักเกษตร</b></td><td style="padding:3px;">4502</td></tr>
<tr style="background-color:#f0f5fa;"><td style="padding:3px;"><b>ศูนย์</b></td><td style="padding:3px;">K2-45</td></tr>
<tr style="background-color:#dbe8f5;"><td style="padding:3px;"><b>สถานที่ส่งอ้อย</b></td><td style="padding:3px;">รถตัด</td></tr>
<tr style="background-color:#f0f5fa;"><td style="padding:3px;"><b>ประเภทคิว</b></td><td style="padding:3px;">รถตัด</td></tr>
<tr style="background-color:#dbe8f5;"><td style="padding:3px;"><b>ประเภทรถ</b></td><td style="padding:3px;">10 ล้อพ่วง</td></tr>
<tr style="background-color:#f0f5fa;"><td style="padding:3px;"><b>ประเภทชาวไร่</b></td><td style="padding:3px;">รถตัด</td></tr>
<tr style="background-color:#dbe8f5;"><td style="padding:3px;"><b>สถานีขนถ่าย</b></td><td style="padding:3px;"></td></tr>
<tr style="background-color:#f0f5fa;"><td style="padding:3px;"><b>สถานะยืนยัน</b></td><td style="padding:3px;">N</td></tr>
<tr style="background-color:#dbe8f5;"><td style="padding:3px;"><b>โควตา</b></td><td style="padding:3px;">785125</td></tr>
<tr style="background-color:#f0f5fa;"><td style="padding:3px;"><b>ชาวไร่</b></td><td style="padding:3px;">น.ส. ปนัดดา ยอดอาจ</td></tr>
<tr style="background-color:#dbe8f5;"><td style="padding:3px;"><b>ประเภทอ้อย</b></td><td style="padding:3px;">ปลายฝน</td></tr>
<tr style="background-color:#f0f5fa;"><td style="padding:3px;"><b>พื้นที่</b></td><td style="padding:3px;">4.87</td></tr>
<tr style="background-color:#dbe8f5;"><td style="padding:3px;"><b>ปีผลิต</b></td><td style="padding:3px;">256970</td></tr>
<tr style="background-color:#f0f5fa;"><td style="padding:3px;"><b>ตันรวม</b></td><td style="padding:3px;">63.31</td></tr>
<tr style="background-color:#dbe8f5;"><td style="padding:3px;"><b>สถานที่ส่งอ้อย_1</b></td><td style="padding:3px;">รถตัด</td></tr>
</table>]]></description>
      <MultiGeometry><Polygon><outerBoundaryIs><LinearRing><coordinates>103.960133359897,15.1652835598071 103.958926699404,15.1653796702596 103.958951549786,15.165683030188 103.958951259522,15.1657379800083 103.958990079407,15.165912890083 103.959416809949,15.1658903900001 103.959637659815,15.1658836503376 103.960071099988,15.1659088495246 103.96013363963,15.1652834599169 103.960133359897,15.1652835598071</coordinates></LinearRing></outerBoundaryIs></Polygon></MultiGeometry>
    </Placemark>
    <Placemark>
      <name>331005040001</name>
      <styleUrl>#style_45_001</styleUrl>
      <description><![CDATA[<h3 style="margin-bottom:6px; font-family:sans-serif;">331005040001</h3>
<table style="width:100%; border-collapse:collapse; font-family:sans-serif; font-size:12px;">
<tr style="background-color:#99bfe6; color:#000; font-weight:bold;"><td colspan="2" style="padding:4px; text-align:center;">331005040001</td></tr>
<tr style="background-color:#f0f5fa;"><td style="padding:3px; width:45%;"><b>FID</b></td><td style="padding:3px;">9634</td></tr>
<tr style="background-color:#dbe8f5;"><td style="padding:3px;"><b>รหัสแปลง</b></td><td style="padding:3px;">331005040001</td></tr>
<tr style="background-color:#f0f5fa;"><td style="padding:3px;"><b>รหัสกลุ่มคิว</b></td><td style="padding:3px;">45_001</td></tr>
<tr style="background-color:#dbe8f5;"><td style="padding:3px;"><b>นักเกษตร</b></td><td style="padding:3px;">4502</td></tr>
<tr style="background-color:#f0f5fa;"><td style="padding:3px;"><b>ศูนย์</b></td><td style="padding:3px;">K2-45</td></tr>
<tr style="background-color:#dbe8f5;"><td style="padding:3px;"><b>สถานที่ส่งอ้อย</b></td><td style="padding:3px;">รถตัด</td></tr>
<tr style="background-color:#f0f5fa;"><td style="padding:3px;"><b>ประเภทคิว</b></td><td style="padding:3px;">รถตัด</td></tr>
<tr style="background-color:#dbe8f5;"><td style="padding:3px;"><b>ประเภทรถ</b></td><td style="padding:3px;">10 ล้อพ่วง</td></tr>
<tr style="background-color:#f0f5fa;"><td style="padding:3px;"><b>ประเภทชาวไร่</b></td><td style="padding:3px;">รถตัด</td></tr>
<tr style="background-color:#dbe8f5;"><td style="padding:3px;"><b>สถานีขนถ่าย</b></td><td style="padding:3px;"></td></tr>
<tr style="background-color:#f0f5fa;"><td style="padding:3px;"><b>สถานะยืนยัน</b></td><td style="padding:3px;">N</td></tr>
<tr style="background-color:#dbe8f5;"><td style="padding:3px;"><b>โควตา</b></td><td style="padding:3px;">950243</td></tr>
<tr style="background-color:#f0f5fa;"><td style="padding:3px;"><b>ชาวไร่</b></td><td style="padding:3px;">นาง นิตยาภรณ์ เกษโสภา</td></tr>
<tr style="background-color:#dbe8f5;"><td style="padding:3px;"><b>ประเภทอ้อย</b></td><td style="padding:3px;">ตอ3</td></tr>
<tr style="background-color:#f0f5fa;"><td style="padding:3px;"><b>พื้นที่</b></td><td style="padding:3px;">4.96</td></tr>
<tr style="background-color:#dbe8f5;"><td style="padding:3px;"><b>ปีผลิต</b></td><td style="padding:3px;">256970</td></tr>
<tr style="background-color:#f0f5fa;"><td style="padding:3px;"><b>ตันรวม</b></td><td style="padding:3px;">34.72</td></tr>
<tr style="background-color:#dbe8f5;"><td style="padding:3px;"><b>สถานที่ส่งอ้อย_1</b></td><td style="padding:3px;">รถตัด</td></tr>
</table>]]></description>
      <MultiGeometry><Polygon><outerBoundaryIs><LinearRing><coordinates>104.152903267587,15.1503471470762 104.152712411508,15.1498016110703 104.151608263616,15.150353559413 104.151945887149,15.1508293998464 104.152903267587,15.1503471470762</coordinates></LinearRing></outerBoundaryIs></Polygon></MultiGeometry>
    </Placemark>
    <Placemark>
      <name>331005120001</name>
      <styleUrl>#style_45_001</styleUrl>
      <description><![CDATA[<h3 style="margin-bottom:6px; font-family:sans-serif;">331005120001</h3>
<table style="width:100%; border-collapse:collapse; font-family:sans-serif; font-size:12px;">
<tr style="background-color:#99bfe6; color:#000; font-weight:bold;"><td colspan="2" style="padding:4px; text-align:center;">331005120001</td></tr>
<tr style="background-color:#f0f5fa;"><td style="padding:3px; width:45%;"><b>FID</b></td><td style="padding:3px;">9885</td></tr>
<tr style="background-color:#dbe8f5;"><td style="padding:3px;"><b>รหัสแปลง</b></td><td style="padding:3px;">331005120001</td></tr>
<tr style="background-color:#f0f5fa;"><td style="padding:3px;"><b>รหัสกลุ่มคิว</b></td><td style="padding:3px;">45_001</td></tr>
<tr style="background-color:#dbe8f5;"><td style="padding:3px;"><b>นักเกษตร</b></td><td style="padding:3px;">4502</td></tr>
<tr style="background-color:#f0f5fa;"><td style="padding:3px;"><b>ศูนย์</b></td><td style="padding:3px;">K2-45</td></tr>
<tr style="background-color:#dbe8f5;"><td style="padding:3px;"><b>สถานที่ส่งอ้อย</b></td><td style="padding:3px;">รถตัด</td></tr>
<tr style="background-color:#f0f5fa;"><td style="padding:3px;"><b>ประเภทคิว</b></td><td style="padding:3px;">รถตัด</td></tr>
<tr style="background-color:#dbe8f5;"><td style="padding:3px;"><b>ประเภทรถ</b></td><td style="padding:3px;">10 ล้อพ่วง</td></tr>
<tr style="background-color:#f0f5fa;"><td style="padding:3px;"><b>ประเภทชาวไร่</b></td><td style="padding:3px;">รถตัด</td></tr>
<tr style="background-color:#dbe8f5;"><td style="padding:3px;"><b>สถานีขนถ่าย</b></td><td style="padding:3px;"></td></tr>
<tr style="background-color:#f0f5fa;"><td style="padding:3px;"><b>สถานะยืนยัน</b></td><td style="padding:3px;">N</td></tr>
<tr style="background-color:#dbe8f5;"><td style="padding:3px;"><b>โควตา</b></td><td style="padding:3px;">950243</td></tr>
<tr style="background-color:#f0f5fa;"><td style="padding:3px;"><b>ชาวไร่</b></td><td style="padding:3px;">นาง นิตยาภรณ์ เกษโสภา</td></tr>
<tr style="background-color:#dbe8f5;"><td style="padding:3px;"><b>ประเภทอ้อย</b></td><td style="padding:3px;">ตอ3</td></tr>
<tr style="background-color:#f0f5fa;"><td style="padding:3px;"><b>พื้นที่</b></td><td style="padding:3px;">4.29</td></tr>
<tr style="background-color:#dbe8f5;"><td style="padding:3px;"><b>ปีผลิต</b></td><td style="padding:3px;">256970</td></tr>
<tr style="background-color:#f0f5fa;"><td style="padding:3px;"><b>ตันรวม</b></td><td style="padding:3px;">30.03</td></tr>
<tr style="background-color:#dbe8f5;"><td style="padding:3px;"><b>สถานที่ส่งอ้อย_1</b></td><td style="padding:3px;">รถตัด</td></tr>
</table>]]></description>
      <MultiGeometry><Polygon><outerBoundaryIs><LinearRing><coordinates>104.153082724145,15.151074947916 104.15244234701,15.1514437935131 104.153067720518,15.1522673994517 104.153396543001,15.1521053770627 104.153082724145,15.151074947916</coordinates></LinearRing></outerBoundaryIs></Polygon></MultiGeometry>
    </Placemark>
    <Placemark>
      <name>331005120002</name>
      <styleUrl>#style_45_001</styleUrl>
      <description><![CDATA[<h3 style="margin-bottom:6px; font-family:sans-serif;">331005120002</h3>
<table style="width:100%; border-collapse:collapse; font-family:sans-serif; font-size:12px;">
<tr style="background-color:#99bfe6; color:#000; font-weight:bold;"><td colspan="2" style="padding:4px; text-align:center;">331005120002</td></tr>
<tr style="background-color:#f0f5fa;"><td style="padding:3px; width:45%;"><b>FID</b></td><td style="padding:3px;">9886</td></tr>
<tr style="background-color:#dbe8f5;"><td style="padding:3px;"><b>รหัสแปลง</b></td><td style="padding:3px;">331005120002</td></tr>
<tr style="background-color:#f0f5fa;"><td style="padding:3px;"><b>รหัสกลุ่มคิว</b></td><td style="padding:3px;">45_001</td></tr>
<tr style="background-color:#dbe8f5;"><td style="padding:3px;"><b>นักเกษตร</b></td><td style="padding:3px;">4502</td></tr>
<tr style="background-color:#f0f5fa;"><td style="padding:3px;"><b>ศูนย์</b></td><td style="padding:3px;">K2-45</td></tr>
<tr style="background-color:#dbe8f5;"><td style="padding:3px;"><b>สถานที่ส่งอ้อย</b></td><td style="padding:3px;">รถตัด</td></tr>
<tr style="background-color:#f0f5fa;"><td style="padding:3px;"><b>ประเภทคิว</b></td><td style="padding:3px;">รถตัด</td></tr>
<tr style="background-color:#dbe8f5;"><td style="padding:3px;"><b>ประเภทรถ</b></td><td style="padding:3px;">10 ล้อพ่วง</td></tr>
<tr style="background-color:#f0f5fa;"><td style="padding:3px;"><b>ประเภทชาวไร่</b></td><td style="padding:3px;">รถตัด</td></tr>
<tr style="background-color:#dbe8f5;"><td style="padding:3px;"><b>สถานีขนถ่าย</b></td><td style="padding:3px;"></td></tr>
<tr style="background-color:#f0f5fa;"><td style="padding:3px;"><b>สถานะยืนยัน</b></td><td style="padding:3px;">N</td></tr>
<tr style="background-color:#dbe8f5;"><td style="padding:3px;"><b>โควตา</b></td><td style="padding:3px;">950243</td></tr>
<tr style="background-color:#f0f5fa;"><td style="padding:3px;"><b>ชาวไร่</b></td><td style="padding:3px;">นาง นิตยาภรณ์ เกษโสภา</td></tr>
<tr style="background-color:#dbe8f5;"><td style="padding:3px;"><b>ประเภทอ้อย</b></td><td style="padding:3px;">ตอ3</td></tr>
<tr style="background-color:#f0f5fa;"><td style="padding:3px;"><b>พื้นที่</b></td><td style="padding:3px;">5.0</td></tr>
<tr style="background-color:#dbe8f5;"><td style="padding:3px;"><b>ปีผลิต</b></td><td style="padding:3px;">256970</td></tr>
<tr style="background-color:#f0f5fa;"><td style="padding:3px;"><b>ตันรวม</b></td><td style="padding:3px;">35.0</td></tr>
<tr style="background-color:#dbe8f5;"><td style="padding:3px;"><b>สถานที่ส่งอ้อย_1</b></td><td style="padding:3px;">รถตัด</td></tr>
</table>]]></description>
      <MultiGeometry><Polygon><outerBoundaryIs><LinearRing><coordinates>104.152879462959,15.1503380529257 104.151961309236,15.150839667987 104.152452991627,15.1514315980087 104.153091190138,15.1510772109386 104.152879462959,15.1503380529257</coordinates></LinearRing></outerBoundaryIs></Polygon></MultiGeometry>
    </Placemark>
    <Placemark>
      <name>331007013016</name>
      <styleUrl>#style_45_001</styleUrl>
      <description><![CDATA[<h3 style="margin-bottom:6px; font-family:sans-serif;">331007013016</h3>
<table style="width:100%; border-collapse:collapse; font-family:sans-serif; font-size:12px;">
<tr style="background-color:#99bfe6; color:#000; font-weight:bold;"><td colspan="2" style="padding:4px; text-align:center;">331007013016</td></tr>
<tr style="background-color:#f0f5fa;"><td style="padding:3px; width:45%;"><b>FID</b></td><td style="padding:3px;">10132</td></tr>
<tr style="background-color:#dbe8f5;"><td style="padding:3px;"><b>รหัสแปลง</b></td><td style="padding:3px;">331007013016</td></tr>
<tr style="background-color:#f0f5fa;"><td style="padding:3px;"><b>รหัสกลุ่มคิว</b></td><td style="padding:3px;">45_001</td></tr>
<tr style="background-color:#dbe8f5;"><td style="padding:3px;"><b>นักเกษตร</b></td><td style="padding:3px;">4502</td></tr>
<tr style="background-color:#f0f5fa;"><td style="padding:3px;"><b>ศูนย์</b></td><td style="padding:3px;">K2-45</td></tr>
<tr style="background-color:#dbe8f5;"><td style="padding:3px;"><b>สถานที่ส่งอ้อย</b></td><td style="padding:3px;">รถตัด</td></tr>
<tr style="background-color:#f0f5fa;"><td style="padding:3px;"><b>ประเภทคิว</b></td><td style="padding:3px;">รถตัด</td></tr>
<tr style="background-color:#dbe8f5;"><td style="padding:3px;"><b>ประเภทรถ</b></td><td style="padding:3px;">10 ล้อพ่วง</td></tr>
<tr style="background-color:#f0f5fa;"><td style="padding:3px;"><b>ประเภทชาวไร่</b></td><td style="padding:3px;">รถตัด</td></tr>
<tr style="background-color:#dbe8f5;"><td style="padding:3px;"><b>สถานีขนถ่าย</b></td><td style="padding:3px;"></td></tr>
<tr style="background-color:#f0f5fa;"><td style="padding:3px;"><b>สถานะยืนยัน</b></td><td style="padding:3px;">N</td></tr>
<tr style="background-color:#dbe8f5;"><td style="padding:3px;"><b>โควตา</b></td><td style="padding:3px;">950311</td></tr>
<tr style="background-color:#f0f5fa;"><td style="padding:3px;"><b>ชาวไร่</b></td><td style="padding:3px;">นาย วงเดือน ชราศรี</td></tr>
<tr style="background-color:#dbe8f5;"><td style="padding:3px;"><b>ประเภทอ้อย</b></td><td style="padding:3px;">ตอ2</td></tr>
<tr style="background-color:#f0f5fa;"><td style="padding:3px;"><b>พื้นที่</b></td><td style="padding:3px;">6.18</td></tr>
<tr style="background-color:#dbe8f5;"><td style="padding:3px;"><b>ปีผลิต</b></td><td style="padding:3px;">256970</td></tr>
<tr style="background-color:#f0f5fa;"><td style="padding:3px;"><b>ตันรวม</b></td><td style="padding:3px;">49.44</td></tr>
<tr style="background-color:#dbe8f5;"><td style="padding:3px;"><b>สถานที่ส่งอ้อย_1</b></td><td style="padding:3px;">รถตัด</td></tr>
</table>]]></description>
      <MultiGeometry><Polygon><outerBoundaryIs><LinearRing><coordinates>104.083304889477,15.1399406373318 104.082278357875,15.1402643461208 104.082345245587,15.1404557051621 104.082574658025,15.1406777832848 104.082931140449,15.140924546607 104.083683331958,15.1407103888142 104.083304889477,15.1399406373318</coordinates></LinearRing></outerBoundaryIs></Polygon></MultiGeometry>
    </Placemark>
    <Placemark>
      <name>331007013017</name>
      <styleUrl>#style_45_001</styleUrl>
      <description><![CDATA[<h3 style="margin-bottom:6px; font-family:sans-serif;">331007013017</h3>
<table style="width:100%; border-collapse:collapse; font-family:sans-serif; font-size:12px;">
<tr style="background-color:#99bfe6; color:#000; font-weight:bold;"><td colspan="2" style="padding:4px; text-align:center;">331007013017</td></tr>
<tr style="background-color:#f0f5fa;"><td style="padding:3px; width:45%;"><b>FID</b></td><td style="padding:3px;">10133</td></tr>
<tr style="background-color:#dbe8f5;"><td style="padding:3px;"><b>รหัสแปลง</b></td><td style="padding:3px;">331007013017</td></tr>
<tr style="background-color:#f0f5fa;"><td style="padding:3px;"><b>รหัสกลุ่มคิว</b></td><td style="padding:3px;">45_001</td></tr>
<tr style="background-color:#dbe8f5;"><td style="padding:3px;"><b>นักเกษตร</b></td><td style="padding:3px;">4502</td></tr>
<tr style="background-color:#f0f5fa;"><td style="padding:3px;"><b>ศูนย์</b></td><td style="padding:3px;">K2-45</td></tr>
<tr style="background-color:#dbe8f5;"><td style="padding:3px;"><b>สถานที่ส่งอ้อย</b></td><td style="padding:3px;">รถตัด</td></tr>
<tr style="background-color:#f0f5fa;"><td style="padding:3px;"><b>ประเภทคิว</b></td><td style="padding:3px;">รถตัด</td></tr>
<tr style="background-color:#dbe8f5;"><td style="padding:3px;"><b>ประเภทรถ</b></td><td style="padding:3px;">10 ล้อพ่วง</td></tr>
<tr style="background-color:#f0f5fa;"><td style="padding:3px;"><b>ประเภทชาวไร่</b></td><td style="padding:3px;">รถตัด</td></tr>
<tr style="background-color:#dbe8f5;"><td style="padding:3px;"><b>สถานีขนถ่าย</b></td><td style="padding:3px;"></td></tr>
<tr style="background-color:#f0f5fa;"><td style="padding:3px;"><b>สถานะยืนยัน</b></td><td style="padding:3px;">N</td></tr>
<tr style="background-color:#dbe8f5;"><td style="padding:3px;"><b>โควตา</b></td><td style="padding:3px;">950311</td></tr>
<tr style="background-color:#f0f5fa;"><td style="padding:3px;"><b>ชาวไร่</b></td><td style="padding:3px;">นาย วงเดือน ชราศรี</td></tr>
<tr style="background-color:#dbe8f5;"><td style="padding:3px;"><b>ประเภทอ้อย</b></td><td style="padding:3px;">ตอ2</td></tr>
<tr style="background-color:#f0f5fa;"><td style="padding:3px;"><b>พื้นที่</b></td><td style="padding:3px;">6.67</td></tr>
<tr style="background-color:#dbe8f5;"><td style="padding:3px;"><b>ปีผลิต</b></td><td style="padding:3px;">256970</td></tr>
<tr style="background-color:#f0f5fa;"><td style="padding:3px;"><b>ตันรวม</b></td><td style="padding:3px;">53.36</td></tr>
<tr style="background-color:#dbe8f5;"><td style="padding:3px;"><b>สถานที่ส่งอ้อย_1</b></td><td style="padding:3px;">รถตัด</td></tr>
</table>]]></description>
      <MultiGeometry><Polygon><outerBoundaryIs><LinearRing><coordinates>104.094358524003,15.157212889784 104.093440873197,15.1574575577656 104.093891651797,15.158408275195 104.094650968984,15.1581474719756 104.094522893479,15.1576934244464 104.094358524003,15.157212889784</coordinates></LinearRing></outerBoundaryIs></Polygon></MultiGeometry>
    </Placemark>
    <Placemark>
      <name>321705081597</name>
      <styleUrl>#style_45_001</styleUrl>
      <description><![CDATA[<h3 style="margin-bottom:6px; font-family:sans-serif;">321705081597</h3>
<table style="width:100%; border-collapse:collapse; font-family:sans-serif; font-size:12px;">
<tr style="background-color:#99bfe6; color:#000; font-weight:bold;"><td colspan="2" style="padding:4px; text-align:center;">321705081597</td></tr>
<tr style="background-color:#f0f5fa;"><td style="padding:3px; width:45%;"><b>FID</b></td><td style="padding:3px;">10208</td></tr>
<tr style="background-color:#dbe8f5;"><td style="padding:3px;"><b>รหัสแปลง</b></td><td style="padding:3px;">321705081597</td></tr>
<tr style="background-color:#f0f5fa;"><td style="padding:3px;"><b>รหัสกลุ่มคิว</b></td><td style="padding:3px;">45_001</td></tr>
<tr style="background-color:#dbe8f5;"><td style="padding:3px;"><b>นักเกษตร</b></td><td style="padding:3px;">4502</td></tr>
<tr style="background-color:#f0f5fa;"><td style="padding:3px;"><b>ศูนย์</b></td><td style="padding:3px;">K2-45</td></tr>
<tr style="background-color:#dbe8f5;"><td style="padding:3px;"><b>สถานที่ส่งอ้อย</b></td><td style="padding:3px;">รถตัด</td></tr>
<tr style="background-color:#f0f5fa;"><td style="padding:3px;"><b>ประเภทคิว</b></td><td style="padding:3px;">รถตัด</td></tr>
<tr style="background-color:#dbe8f5;"><td style="padding:3px;"><b>ประเภทรถ</b></td><td style="padding:3px;">10 ล้อพ่วง</td></tr>
<tr style="background-color:#f0f5fa;"><td style="padding:3px;"><b>ประเภทชาวไร่</b></td><td style="padding:3px;">รถตัด</td></tr>
<tr style="background-color:#dbe8f5;"><td style="padding:3px;"><b>สถานีขนถ่าย</b></td><td style="padding:3px;"></td></tr>
<tr style="background-color:#f0f5fa;"><td style="padding:3px;"><b>สถานะยืนยัน</b></td><td style="padding:3px;">N</td></tr>
<tr style="background-color:#dbe8f5;"><td style="padding:3px;"><b>โควตา</b></td><td style="padding:3px;">784990</td></tr>
<tr style="background-color:#f0f5fa;"><td style="padding:3px;"><b>ชาวไร่</b></td><td style="padding:3px;">นาย กิตติศักดิ์ บุญประคม</td></tr>
<tr style="background-color:#dbe8f5;"><td style="padding:3px;"><b>ประเภทอ้อย</b></td><td style="padding:3px;">ตอ2</td></tr>
<tr style="background-color:#f0f5fa;"><td style="padding:3px;"><b>พื้นที่</b></td><td style="padding:3px;">7.44</td></tr>
<tr style="background-color:#dbe8f5;"><td style="padding:3px;"><b>ปีผลิต</b></td><td style="padding:3px;">256970</td></tr>
<tr style="background-color:#f0f5fa;"><td style="padding:3px;"><b>ตันรวม</b></td><td style="padding:3px;">59.52</td></tr>
<tr style="background-color:#dbe8f5;"><td style="padding:3px;"><b>สถานที่ส่งอ้อย_1</b></td><td style="padding:3px;">รถตัด</td></tr>
</table>]]></description>
      <MultiGeometry><Polygon><outerBoundaryIs><LinearRing><coordinates>103.870436148357,15.129026729098 103.870677128488,15.1290157068304 103.870754995682,15.1289852801292 103.870628261699,15.1286369701325 103.870578808318,15.1284647216916 103.870501611089,15.1282214374921 103.870448469917,15.1280085373353 103.870340427274,15.1276727581798 103.870289129574,15.1274567140876 103.870290219189,15.1274018128341 103.870281921201,15.1273996758076 103.870043707658,15.1273639270118 103.869954691719,15.1273552516839 103.869833573596,15.1273437258972 103.869712119768,15.1273645135081 103.869740366957,15.1275181116092 103.869765428411,15.1276782064012 103.86979711241,15.1278158786079 103.869818150939,15.127904266483 103.869831394256,15.1279953769444 103.869869783773,15.128104844872 103.86995905094,15.1283517343434 103.869964834007,15.1284072225996 103.869997858914,15.1285200842861 103.870034571507,15.1286816036422 103.870058963158,15.1287721280322 103.870091736435,15.1288722078218 103.870133142751,15.1289805442421 103.870170694036,15.1290974295984 103.870436148357,15.129026729098</coordinates></LinearRing></outerBoundaryIs></Polygon></MultiGeometry>
    </Placemark>
    <Placemark>
      <name>331005090014</name>
      <styleUrl>#style_45_001</styleUrl>
      <description><![CDATA[<h3 style="margin-bottom:6px; font-family:sans-serif;">331005090014</h3>
<table style="width:100%; border-collapse:collapse; font-family:sans-serif; font-size:12px;">
<tr style="background-color:#99bfe6; color:#000; font-weight:bold;"><td colspan="2" style="padding:4px; text-align:center;">331005090014</td></tr>
<tr style="background-color:#f0f5fa;"><td style="padding:3px; width:45%;"><b>FID</b></td><td style="padding:3px;">10388</td></tr>
<tr style="background-color:#dbe8f5;"><td style="padding:3px;"><b>รหัสแปลง</b></td><td style="padding:3px;">331005090014</td></tr>
<tr style="background-color:#f0f5fa;"><td style="padding:3px;"><b>รหัสกลุ่มคิว</b></td><td style="padding:3px;">45_001</td></tr>
<tr style="background-color:#dbe8f5;"><td style="padding:3px;"><b>นักเกษตร</b></td><td style="padding:3px;">4502</td></tr>
<tr style="background-color:#f0f5fa;"><td style="padding:3px;"><b>ศูนย์</b></td><td style="padding:3px;">K2-45</td></tr>
<tr style="background-color:#dbe8f5;"><td style="padding:3px;"><b>สถานที่ส่งอ้อย</b></td><td style="padding:3px;">รถตัด</td></tr>
<tr style="background-color:#f0f5fa;"><td style="padding:3px;"><b>ประเภทคิว</b></td><td style="padding:3px;">รถตัด</td></tr>
<tr style="background-color:#dbe8f5;"><td style="padding:3px;"><b>ประเภทรถ</b></td><td style="padding:3px;">10 ล้อพ่วง</td></tr>
<tr style="background-color:#f0f5fa;"><td style="padding:3px;"><b>ประเภทชาวไร่</b></td><td style="padding:3px;">รถตัด</td></tr>
<tr style="background-color:#dbe8f5;"><td style="padding:3px;"><b>สถานีขนถ่าย</b></td><td style="padding:3px;"></td></tr>
<tr style="background-color:#f0f5fa;"><td style="padding:3px;"><b>สถานะยืนยัน</b></td><td style="padding:3px;">N</td></tr>
<tr style="background-color:#dbe8f5;"><td style="padding:3px;"><b>โควตา</b></td><td style="padding:3px;">950277</td></tr>
<tr style="background-color:#f0f5fa;"><td style="padding:3px;"><b>ชาวไร่</b></td><td style="padding:3px;">นาย สอน ไชยสาร</td></tr>
<tr style="background-color:#dbe8f5;"><td style="padding:3px;"><b>ประเภทอ้อย</b></td><td style="padding:3px;">ตอ2</td></tr>
<tr style="background-color:#f0f5fa;"><td style="padding:3px;"><b>พื้นที่</b></td><td style="padding:3px;">12.12</td></tr>
<tr style="background-color:#dbe8f5;"><td style="padding:3px;"><b>ปีผลิต</b></td><td style="padding:3px;">256970</td></tr>
<tr style="background-color:#f0f5fa;"><td style="padding:3px;"><b>ตันรวม</b></td><td style="padding:3px;">96.96</td></tr>
<tr style="background-color:#dbe8f5;"><td style="padding:3px;"><b>สถานที่ส่งอ้อย_1</b></td><td style="padding:3px;">รถตัด</td></tr>
</table>]]></description>
      <MultiGeometry><Polygon><outerBoundaryIs><LinearRing><coordinates>104.156019999718,15.1644383331124 104.154574200092,15.1648988016438 104.155080886498,15.1659905024083 104.156014043742,15.1655537213498 104.155951011657,15.1654086723151 104.15644478952,15.1652085552138 104.156440933942,15.1648827497716 104.156271666202,15.1649700003099 104.156213332812,15.1647999995303 104.156121666833,15.1648316661731 104.156019999718,15.1644383331124</coordinates></LinearRing></outerBoundaryIs></Polygon></MultiGeometry>
    </Placemark>
    <Placemark>
      <name>331005010005</name>
      <styleUrl>#style_45_001</styleUrl>
      <description><![CDATA[<h3 style="margin-bottom:6px; font-family:sans-serif;">331005010005</h3>
<table style="width:100%; border-collapse:collapse; font-family:sans-serif; font-size:12px;">
<tr style="background-color:#99bfe6; color:#000; font-weight:bold;"><td colspan="2" style="padding:4px; text-align:center;">331005010005</td></tr>
<tr style="background-color:#f0f5fa;"><td style="padding:3px; width:45%;"><b>FID</b></td><td style="padding:3px;">10389</td></tr>
<tr style="background-color:#dbe8f5;"><td style="padding:3px;"><b>รหัสแปลง</b></td><td style="padding:3px;">331005010005</td></tr>
<tr style="background-color:#f0f5fa;"><td style="padding:3px;"><b>รหัสกลุ่มคิว</b></td><td style="padding:3px;">45_001</td></tr>
<tr style="background-color:#dbe8f5;"><td style="padding:3px;"><b>นักเกษตร</b></td><td style="padding:3px;">4502</td></tr>
<tr style="background-color:#f0f5fa;"><td style="padding:3px;"><b>ศูนย์</b></td><td style="padding:3px;">K2-45</td></tr>
<tr style="background-color:#dbe8f5;"><td style="padding:3px;"><b>สถานที่ส่งอ้อย</b></td><td style="padding:3px;">รถตัด</td></tr>
<tr style="background-color:#f0f5fa;"><td style="padding:3px;"><b>ประเภทคิว</b></td><td style="padding:3px;">รถตัด</td></tr>
<tr style="background-color:#dbe8f5;"><td style="padding:3px;"><b>ประเภทรถ</b></td><td style="padding:3px;">10 ล้อพ่วง</td></tr>
<tr style="background-color:#f0f5fa;"><td style="padding:3px;"><b>ประเภทชาวไร่</b></td><td style="padding:3px;">รถตัด</td></tr>
<tr style="background-color:#dbe8f5;"><td style="padding:3px;"><b>สถานีขนถ่าย</b></td><td style="padding:3px;"></td></tr>
<tr style="background-color:#f0f5fa;"><td style="padding:3px;"><b>สถานะยืนยัน</b></td><td style="padding:3px;">N</td></tr>
<tr style="background-color:#dbe8f5;"><td style="padding:3px;"><b>โควตา</b></td><td style="padding:3px;">950243</td></tr>
<tr style="background-color:#f0f5fa;"><td style="padding:3px;"><b>ชาวไร่</b></td><td style="padding:3px;">นาง นิตยาภรณ์ เกษโสภา</td></tr>
<tr style="background-color:#dbe8f5;"><td style="padding:3px;"><b>ประเภทอ้อย</b></td><td style="padding:3px;">ตอ1</td></tr>
<tr style="background-color:#f0f5fa;"><td style="padding:3px;"><b>พื้นที่</b></td><td style="padding:3px;">17.39</td></tr>
<tr style="background-color:#dbe8f5;"><td style="padding:3px;"><b>ปีผลิต</b></td><td style="padding:3px;">256970</td></tr>
<tr style="background-color:#f0f5fa;"><td style="padding:3px;"><b>ตันรวม</b></td><td style="padding:3px;">156.51</td></tr>
<tr style="background-color:#dbe8f5;"><td style="padding:3px;"><b>สถานที่ส่งอ้อย_1</b></td><td style="padding:3px;">รถตัด</td></tr>
</table>]]></description>
      <MultiGeometry><Polygon><outerBoundaryIs><LinearRing><coordinates>104.145428333476,15.1276149996369 104.146508333087,15.1270350001351 104.146388332768,15.1266416669741 104.145904999352,15.1254783328986 104.145698333478,15.1252266668359 104.145483333099,15.124824999492 104.144654999993,15.1251549997881 104.145694999592,15.1267399999239 104.145081666286,15.1271666663102 104.145428333476,15.1276149996369</coordinates></LinearRing></outerBoundaryIs></Polygon></MultiGeometry>
    </Placemark>
    <Placemark>
      <name>321702011530</name>
      <styleUrl>#style_45_001</styleUrl>
      <description><![CDATA[<h3 style="margin-bottom:6px; font-family:sans-serif;">321702011530</h3>
<table style="width:100%; border-collapse:collapse; font-family:sans-serif; font-size:12px;">
<tr style="background-color:#99bfe6; color:#000; font-weight:bold;"><td colspan="2" style="padding:4px; text-align:center;">321702011530</td></tr>
<tr style="background-color:#f0f5fa;"><td style="padding:3px; width:45%;"><b>FID</b></td><td style="padding:3px;">10464</td></tr>
<tr style="background-color:#dbe8f5;"><td style="padding:3px;"><b>รหัสแปลง</b></td><td style="padding:3px;">321702011530</td></tr>
<tr style="background-color:#f0f5fa;"><td style="padding:3px;"><b>รหัสกลุ่มคิว</b></td><td style="padding:3px;">45_001</td></tr>
<tr style="background-color:#dbe8f5;"><td style="padding:3px;"><b>นักเกษตร</b></td><td style="padding:3px;">4502</td></tr>
<tr style="background-color:#f0f5fa;"><td style="padding:3px;"><b>ศูนย์</b></td><td style="padding:3px;">K2-45</td></tr>
<tr style="background-color:#dbe8f5;"><td style="padding:3px;"><b>สถานที่ส่งอ้อย</b></td><td style="padding:3px;">รถตัด</td></tr>
<tr style="background-color:#f0f5fa;"><td style="padding:3px;"><b>ประเภทคิว</b></td><td style="padding:3px;">รถตัด</td></tr>
<tr style="background-color:#dbe8f5;"><td style="padding:3px;"><b>ประเภทรถ</b></td><td style="padding:3px;">10 ล้อพ่วง</td></tr>
<tr style="background-color:#f0f5fa;"><td style="padding:3px;"><b>ประเภทชาวไร่</b></td><td style="padding:3px;">รถตัด</td></tr>
<tr style="background-color:#dbe8f5;"><td style="padding:3px;"><b>สถานีขนถ่าย</b></td><td style="padding:3px;"></td></tr>
<tr style="background-color:#f0f5fa;"><td style="padding:3px;"><b>สถานะยืนยัน</b></td><td style="padding:3px;">N</td></tr>
<tr style="background-color:#dbe8f5;"><td style="padding:3px;"><b>โควตา</b></td><td style="padding:3px;">784776</td></tr>
<tr style="background-color:#f0f5fa;"><td style="padding:3px;"><b>ชาวไร่</b></td><td style="padding:3px;">นาย ไกรษร พานอุ่น</td></tr>
<tr style="background-color:#dbe8f5;"><td style="padding:3px;"><b>ประเภทอ้อย</b></td><td style="padding:3px;">ตอ1</td></tr>
<tr style="background-color:#f0f5fa;"><td style="padding:3px;"><b>พื้นที่</b></td><td style="padding:3px;">4.14</td></tr>
<tr style="background-color:#dbe8f5;"><td style="padding:3px;"><b>ปีผลิต</b></td><td style="padding:3px;">256970</td></tr>
<tr style="background-color:#f0f5fa;"><td style="padding:3px;"><b>ตันรวม</b></td><td style="padding:3px;">37.26</td></tr>
<tr style="background-color:#dbe8f5;"><td style="padding:3px;"><b>สถานที่ส่งอ้อย_1</b></td><td style="padding:3px;">รถตัด</td></tr>
</table>]]></description>
      <MultiGeometry><Polygon><outerBoundaryIs><LinearRing><coordinates>103.973348333181,15.2154883333193 103.972831666122,15.2156766663751 103.972988333026,15.2161299997798 103.973088332721,15.2161949999648 103.973343333151,15.2160699997821 103.97353999964,15.215863333151 103.974114999983,15.2154566669513 103.97408333348,15.2151933330211 103.973348333181,15.2154883333193</coordinates></LinearRing></outerBoundaryIs></Polygon></MultiGeometry>
    </Placemark>
    <Placemark>
      <name>321705061508</name>
      <styleUrl>#style_45_001</styleUrl>
      <description><![CDATA[<h3 style="margin-bottom:6px; font-family:sans-serif;">321705061508</h3>
<table style="width:100%; border-collapse:collapse; font-family:sans-serif; font-size:12px;">
<tr style="background-color:#99bfe6; color:#000; font-weight:bold;"><td colspan="2" style="padding:4px; text-align:center;">321705061508</td></tr>
<tr style="background-color:#f0f5fa;"><td style="padding:3px; width:45%;"><b>FID</b></td><td style="padding:3px;">10605</td></tr>
<tr style="background-color:#dbe8f5;"><td style="padding:3px;"><b>รหัสแปลง</b></td><td style="padding:3px;">321705061508</td></tr>
<tr style="background-color:#f0f5fa;"><td style="padding:3px;"><b>รหัสกลุ่มคิว</b></td><td style="padding:3px;">45_001</td></tr>
<tr style="background-color:#dbe8f5;"><td style="padding:3px;"><b>นักเกษตร</b></td><td style="padding:3px;">4502</td></tr>
<tr style="background-color:#f0f5fa;"><td style="padding:3px;"><b>ศูนย์</b></td><td style="padding:3px;">K2-45</td></tr>
<tr style="background-color:#dbe8f5;"><td style="padding:3px;"><b>สถานที่ส่งอ้อย</b></td><td style="padding:3px;">รถตัด</td></tr>
<tr style="background-color:#f0f5fa;"><td style="padding:3px;"><b>ประเภทคิว</b></td><td style="padding:3px;">รถตัด</td></tr>
<tr style="background-color:#dbe8f5;"><td style="padding:3px;"><b>ประเภทรถ</b></td><td style="padding:3px;">10 ล้อพ่วง</td></tr>
<tr style="background-color:#f0f5fa;"><td style="padding:3px;"><b>ประเภทชาวไร่</b></td><td style="padding:3px;">รถตัด</td></tr>
<tr style="background-color:#dbe8f5;"><td style="padding:3px;"><b>สถานีขนถ่าย</b></td><td style="padding:3px;"></td></tr>
<tr style="background-color:#f0f5fa;"><td style="padding:3px;"><b>สถานะยืนยัน</b></td><td style="padding:3px;">N</td></tr>
<tr style="background-color:#dbe8f5;"><td style="padding:3px;"><b>โควตา</b></td><td style="padding:3px;">785058</td></tr>
<tr style="background-color:#f0f5fa;"><td style="padding:3px;"><b>ชาวไร่</b></td><td style="padding:3px;">นาง ชนิษฐา อมรสินธนพงษ์</td></tr>
<tr style="background-color:#dbe8f5;"><td style="padding:3px;"><b>ประเภทอ้อย</b></td><td style="padding:3px;">ตอ2</td></tr>
<tr style="background-color:#f0f5fa;"><td style="padding:3px;"><b>พื้นที่</b></td><td style="padding:3px;">5.68</td></tr>
<tr style="background-color:#dbe8f5;"><td style="padding:3px;"><b>ปีผลิต</b></td><td style="padding:3px;">256970</td></tr>
<tr style="background-color:#f0f5fa;"><td style="padding:3px;"><b>ตันรวม</b></td><td style="padding:3px;">45.44</td></tr>
<tr style="background-color:#dbe8f5;"><td style="padding:3px;"><b>สถานที่ส่งอ้อย_1</b></td><td style="padding:3px;">รถตัด</td></tr>
</table>]]></description>
      <MultiGeometry><Polygon><outerBoundaryIs><LinearRing><coordinates>103.898171111792,15.1450716192153 103.899243073029,15.1445702559649 103.899259836862,15.1445617476922 103.899312811103,15.1445426372195 103.899347343894,15.1445269209203 103.899408028758,15.1445101571582 103.899442227346,15.1445083975153 103.899478855906,15.144502571783 103.899507606411,15.1444959918511 103.899534846965,15.1444900404835 103.899570470241,15.1444867717953 103.899588491891,15.1444900405837 103.899628137633,15.1444759596232 103.899670215222,15.1444719782221 103.899741629014,15.1444617096331 103.899776162344,15.1444658169413 103.899780353134,15.1444261703501 103.899789657322,15.1443896254367 103.899774904681,15.144334095643 103.899766607351,15.1442930660542 103.899762080829,15.1442692618427 103.899756548663,15.1442264299996 103.899750765611,15.1441710673659 103.899729894715,15.144129535338 103.899712041129,15.1440809197101 103.899699970568,15.1440502427279 103.899677926432,15.1440092129679 103.899570722241,15.1440224140356 103.899454465192,15.144035699329 103.899433342667,15.1440323465638 103.899384308824,15.1440258508882 103.899327982348,15.1440205700888 103.899295879357,15.1440258512182 103.899221364,15.1440332274215 103.899159170155,15.1440353643421 103.899106113404,15.1440412733657 103.899013157677,15.1440349452905 103.898888351034,15.1440315927989 103.898867983549,15.1440310480442 103.898840741692,15.144026437704 103.89883697039,15.1440237970824 103.898814590432,15.1440131102682 103.898171111792,15.1450716192153</coordinates></LinearRing></outerBoundaryIs></Polygon></MultiGeometry>
    </Placemark>
    <Placemark>
      <name>332101051510</name>
      <styleUrl>#style_45_001</styleUrl>
      <description><![CDATA[<h3 style="margin-bottom:6px; font-family:sans-serif;">332101051510</h3>
<table style="width:100%; border-collapse:collapse; font-family:sans-serif; font-size:12px;">
<tr style="background-color:#99bfe6; color:#000; font-weight:bold;"><td colspan="2" style="padding:4px; text-align:center;">332101051510</td></tr>
<tr style="background-color:#f0f5fa;"><td style="padding:3px; width:45%;"><b>FID</b></td><td style="padding:3px;">10862</td></tr>
<tr style="background-color:#dbe8f5;"><td style="padding:3px;"><b>รหัสแปลง</b></td><td style="padding:3px;">332101051510</td></tr>
<tr style="background-color:#f0f5fa;"><td style="padding:3px;"><b>รหัสกลุ่มคิว</b></td><td style="padding:3px;">45_001</td></tr>
<tr style="background-color:#dbe8f5;"><td style="padding:3px;"><b>นักเกษตร</b></td><td style="padding:3px;">4502</td></tr>
<tr style="background-color:#f0f5fa;"><td style="padding:3px;"><b>ศูนย์</b></td><td style="padding:3px;">K2-45</td></tr>
<tr style="background-color:#dbe8f5;"><td style="padding:3px;"><b>สถานที่ส่งอ้อย</b></td><td style="padding:3px;">รถตัด</td></tr>
<tr style="background-color:#f0f5fa;"><td style="padding:3px;"><b>ประเภทคิว</b></td><td style="padding:3px;">รถตัด</td></tr>
<tr style="background-color:#dbe8f5;"><td style="padding:3px;"><b>ประเภทรถ</b></td><td style="padding:3px;">10 ล้อพ่วง</td></tr>
<tr style="background-color:#f0f5fa;"><td style="padding:3px;"><b>ประเภทชาวไร่</b></td><td style="padding:3px;">รถตัด</td></tr>
<tr style="background-color:#dbe8f5;"><td style="padding:3px;"><b>สถานีขนถ่าย</b></td><td style="padding:3px;"></td></tr>
<tr style="background-color:#f0f5fa;"><td style="padding:3px;"><b>สถานะยืนยัน</b></td><td style="padding:3px;">N</td></tr>
<tr style="background-color:#dbe8f5;"><td style="padding:3px;"><b>โควตา</b></td><td style="padding:3px;">950382</td></tr>
<tr style="background-color:#f0f5fa;"><td style="padding:3px;"><b>ชาวไร่</b></td><td style="padding:3px;">นาง สุจิตดี สุขเหลือง</td></tr>
<tr style="background-color:#dbe8f5;"><td style="padding:3px;"><b>ประเภทอ้อย</b></td><td style="padding:3px;">ตอ2</td></tr>
<tr style="background-color:#f0f5fa;"><td style="padding:3px;"><b>พื้นที่</b></td><td style="padding:3px;">4.7</td></tr>
<tr style="background-color:#dbe8f5;"><td style="padding:3px;"><b>ปีผลิต</b></td><td style="padding:3px;">256970</td></tr>
<tr style="background-color:#f0f5fa;"><td style="padding:3px;"><b>ตันรวม</b></td><td style="padding:3px;">37.6</td></tr>
<tr style="background-color:#dbe8f5;"><td style="padding:3px;"><b>สถานที่ส่งอ้อย_1</b></td><td style="padding:3px;">รถตัด</td></tr>
</table>]]></description>
      <MultiGeometry><Polygon><outerBoundaryIs><LinearRing><coordinates>104.053142107749,15.2265616554802 104.053765637839,15.2263619984956 104.053554748697,15.225890055427 104.053361378166,15.2253638814758 104.053256353152,15.2254186568743 104.053212935025,15.2253139248937 104.052937169889,15.2253890690466 104.052977905849,15.2259091656539 104.053072956908,15.2262962426572 104.053142107749,15.2265616554802</coordinates></LinearRing></outerBoundaryIs></Polygon></MultiGeometry>
    </Placemark>
    <Placemark>
      <name>320805050017</name>
      <styleUrl>#style_45_001</styleUrl>
      <description><![CDATA[<h3 style="margin-bottom:6px; font-family:sans-serif;">320805050017</h3>
<table style="width:100%; border-collapse:collapse; font-family:sans-serif; font-size:12px;">
<tr style="background-color:#99bfe6; color:#000; font-weight:bold;"><td colspan="2" style="padding:4px; text-align:center;">320805050017</td></tr>
<tr style="background-color:#f0f5fa;"><td style="padding:3px; width:45%;"><b>FID</b></td><td style="padding:3px;">10950</td></tr>
<tr style="background-color:#dbe8f5;"><td style="padding:3px;"><b>รหัสแปลง</b></td><td style="padding:3px;">320805050017</td></tr>
<tr style="background-color:#f0f5fa;"><td style="padding:3px;"><b>รหัสกลุ่มคิว</b></td><td style="padding:3px;">45_001</td></tr>
<tr style="background-color:#dbe8f5;"><td style="padding:3px;"><b>นักเกษตร</b></td><td style="padding:3px;">4502</td></tr>
<tr style="background-color:#f0f5fa;"><td style="padding:3px;"><b>ศูนย์</b></td><td style="padding:3px;">K2-45</td></tr>
<tr style="background-color:#dbe8f5;"><td style="padding:3px;"><b>สถานที่ส่งอ้อย</b></td><td style="padding:3px;">รถตัด</td></tr>
<tr style="background-color:#f0f5fa;"><td style="padding:3px;"><b>ประเภทคิว</b></td><td style="padding:3px;">รถตัด</td></tr>
<tr style="background-color:#dbe8f5;"><td style="padding:3px;"><b>ประเภทรถ</b></td><td style="padding:3px;">10 ล้อพ่วง</td></tr>
<tr style="background-color:#f0f5fa;"><td style="padding:3px;"><b>ประเภทชาวไร่</b></td><td style="padding:3px;">รถตัด</td></tr>
<tr style="background-color:#dbe8f5;"><td style="padding:3px;"><b>สถานีขนถ่าย</b></td><td style="padding:3px;"></td></tr>
<tr style="background-color:#f0f5fa;"><td style="padding:3px;"><b>สถานะยืนยัน</b></td><td style="padding:3px;">N</td></tr>
<tr style="background-color:#dbe8f5;"><td style="padding:3px;"><b>โควตา</b></td><td style="padding:3px;">784990</td></tr>
<tr style="background-color:#f0f5fa;"><td style="padding:3px;"><b>ชาวไร่</b></td><td style="padding:3px;">นาย กิตติศักดิ์ บุญประคม</td></tr>
<tr style="background-color:#dbe8f5;"><td style="padding:3px;"><b>ประเภทอ้อย</b></td><td style="padding:3px;">ปลายฝน</td></tr>
<tr style="background-color:#f0f5fa;"><td style="padding:3px;"><b>พื้นที่</b></td><td style="padding:3px;">10.47</td></tr>
<tr style="background-color:#dbe8f5;"><td style="padding:3px;"><b>ปีผลิต</b></td><td style="padding:3px;">256970</td></tr>
<tr style="background-color:#f0f5fa;"><td style="padding:3px;"><b>ตันรวม</b></td><td style="padding:3px;">136.11</td></tr>
<tr style="background-color:#dbe8f5;"><td style="padding:3px;"><b>สถานที่ส่งอ้อย_1</b></td><td style="padding:3px;">รถตัด</td></tr>
</table>]]></description>
      <MultiGeometry><Polygon><outerBoundaryIs><LinearRing><coordinates>103.854059586277,15.1661997984579 103.854788392368,15.166074908483 103.854753272734,15.1657614247032 103.854629974737,15.1651772480698 103.854409614655,15.164546300298 103.853571591295,15.1645848576941 103.853588439006,15.1647454129144 103.853594055138,15.1648433136999 103.85365700362,15.1651820675637 103.853761274382,15.1654059486181 103.85378323453,15.1654862468684 103.854059586277,15.1661997984579</coordinates></LinearRing></outerBoundaryIs></Polygon></MultiGeometry>
    </Placemark>
    <Placemark>
      <name>332104031535</name>
      <styleUrl>#style_45_001</styleUrl>
      <description><![CDATA[<h3 style="margin-bottom:6px; font-family:sans-serif;">332104031535</h3>
<table style="width:100%; border-collapse:collapse; font-family:sans-serif; font-size:12px;">
<tr style="background-color:#99bfe6; color:#000; font-weight:bold;"><td colspan="2" style="padding:4px; text-align:center;">332104031535</td></tr>
<tr style="background-color:#f0f5fa;"><td style="padding:3px; width:45%;"><b>FID</b></td><td style="padding:3px;">10997</td></tr>
<tr style="background-color:#dbe8f5;"><td style="padding:3px;"><b>รหัสแปลง</b></td><td style="padding:3px;">332104031535</td></tr>
<tr style="background-color:#f0f5fa;"><td style="padding:3px;"><b>รหัสกลุ่มคิว</b></td><td style="padding:3px;">45_001</td></tr>
<tr style="background-color:#dbe8f5;"><td style="padding:3px;"><b>นักเกษตร</b></td><td style="padding:3px;">4502</td></tr>
<tr style="background-color:#f0f5fa;"><td style="padding:3px;"><b>ศูนย์</b></td><td style="padding:3px;">K2-45</td></tr>
<tr style="background-color:#dbe8f5;"><td style="padding:3px;"><b>สถานที่ส่งอ้อย</b></td><td style="padding:3px;">รถตัด</td></tr>
<tr style="background-color:#f0f5fa;"><td style="padding:3px;"><b>ประเภทคิว</b></td><td style="padding:3px;">รถตัด</td></tr>
<tr style="background-color:#dbe8f5;"><td style="padding:3px;"><b>ประเภทรถ</b></td><td style="padding:3px;">10 ล้อพ่วง</td></tr>
<tr style="background-color:#f0f5fa;"><td style="padding:3px;"><b>ประเภทชาวไร่</b></td><td style="padding:3px;">รถตัด</td></tr>
<tr style="background-color:#dbe8f5;"><td style="padding:3px;"><b>สถานีขนถ่าย</b></td><td style="padding:3px;"></td></tr>
<tr style="background-color:#f0f5fa;"><td style="padding:3px;"><b>สถานะยืนยัน</b></td><td style="padding:3px;">N</td></tr>
<tr style="background-color:#dbe8f5;"><td style="padding:3px;"><b>โควตา</b></td><td style="padding:3px;">784400</td></tr>
<tr style="background-color:#f0f5fa;"><td style="padding:3px;"><b>ชาวไร่</b></td><td style="padding:3px;">นาย ประเสริฐ พงษ์ภา</td></tr>
<tr style="background-color:#dbe8f5;"><td style="padding:3px;"><b>ประเภทอ้อย</b></td><td style="padding:3px;">ตอ2</td></tr>
<tr style="background-color:#f0f5fa;"><td style="padding:3px;"><b>พื้นที่</b></td><td style="padding:3px;">3.55</td></tr>
<tr style="background-color:#dbe8f5;"><td style="padding:3px;"><b>ปีผลิต</b></td><td style="padding:3px;">256970</td></tr>
<tr style="background-color:#f0f5fa;"><td style="padding:3px;"><b>ตันรวม</b></td><td style="padding:3px;">28.4</td></tr>
<tr style="background-color:#dbe8f5;"><td style="padding:3px;"><b>สถานที่ส่งอ้อย_1</b></td><td style="padding:3px;">รถตัด</td></tr>
</table>]]></description>
      <MultiGeometry><Polygon><outerBoundaryIs><LinearRing><coordinates>104.104454274802,15.2045017848452 104.103192295586,15.2046733207651 104.103243508749,15.2048016893954 104.103413333002,15.2050350002479 104.104655485514,15.2047967453861 104.10456181516,15.2045084491313 104.104454274802,15.2045017848452</coordinates></LinearRing></outerBoundaryIs></Polygon></MultiGeometry>
    </Placemark>
    <Placemark>
      <name>321702061512</name>
      <styleUrl>#style_45_001</styleUrl>
      <description><![CDATA[<h3 style="margin-bottom:6px; font-family:sans-serif;">321702061512</h3>
<table style="width:100%; border-collapse:collapse; font-family:sans-serif; font-size:12px;">
<tr style="background-color:#99bfe6; color:#000; font-weight:bold;"><td colspan="2" style="padding:4px; text-align:center;">321702061512</td></tr>
<tr style="background-color:#f0f5fa;"><td style="padding:3px; width:45%;"><b>FID</b></td><td style="padding:3px;">11164</td></tr>
<tr style="background-color:#dbe8f5;"><td style="padding:3px;"><b>รหัสแปลง</b></td><td style="padding:3px;">321702061512</td></tr>
<tr style="background-color:#f0f5fa;"><td style="padding:3px;"><b>รหัสกลุ่มคิว</b></td><td style="padding:3px;">45_001</td></tr>
<tr style="background-color:#dbe8f5;"><td style="padding:3px;"><b>นักเกษตร</b></td><td style="padding:3px;">4502</td></tr>
<tr style="background-color:#f0f5fa;"><td style="padding:3px;"><b>ศูนย์</b></td><td style="padding:3px;">K2-45</td></tr>
<tr style="background-color:#dbe8f5;"><td style="padding:3px;"><b>สถานที่ส่งอ้อย</b></td><td style="padding:3px;">รถตัด</td></tr>
<tr style="background-color:#f0f5fa;"><td style="padding:3px;"><b>ประเภทคิว</b></td><td style="padding:3px;">รถตัด</td></tr>
<tr style="background-color:#dbe8f5;"><td style="padding:3px;"><b>ประเภทรถ</b></td><td style="padding:3px;">10 ล้อพ่วง</td></tr>
<tr style="background-color:#f0f5fa;"><td style="padding:3px;"><b>ประเภทชาวไร่</b></td><td style="padding:3px;">รถตัด</td></tr>
<tr style="background-color:#dbe8f5;"><td style="padding:3px;"><b>สถานีขนถ่าย</b></td><td style="padding:3px;"></td></tr>
<tr style="background-color:#f0f5fa;"><td style="padding:3px;"><b>สถานะยืนยัน</b></td><td style="padding:3px;">N</td></tr>
<tr style="background-color:#dbe8f5;"><td style="padding:3px;"><b>โควตา</b></td><td style="padding:3px;">784776</td></tr>
<tr style="background-color:#f0f5fa;"><td style="padding:3px;"><b>ชาวไร่</b></td><td style="padding:3px;">นาย ไกรษร พานอุ่น</td></tr>
<tr style="background-color:#dbe8f5;"><td style="padding:3px;"><b>ประเภทอ้อย</b></td><td style="padding:3px;">ตอ1</td></tr>
<tr style="background-color:#f0f5fa;"><td style="padding:3px;"><b>พื้นที่</b></td><td style="padding:3px;">14.09</td></tr>
<tr style="background-color:#dbe8f5;"><td style="padding:3px;"><b>ปีผลิต</b></td><td style="padding:3px;">256970</td></tr>
<tr style="background-color:#f0f5fa;"><td style="padding:3px;"><b>ตันรวม</b></td><td style="padding:3px;">126.81</td></tr>
<tr style="background-color:#dbe8f5;"><td style="padding:3px;"><b>สถานที่ส่งอ้อย_1</b></td><td style="padding:3px;">รถตัด</td></tr>
</table>]]></description>
      <MultiGeometry><Polygon><outerBoundaryIs><LinearRing><coordinates>103.94181166602,15.200384999674 103.944330000053,15.1998599995272 103.944290000086,15.1996633333068 103.944264999451,15.1994850002584 103.944188333186,15.1991050003171 103.943904999765,15.1991949995578 103.943736666678,15.1992200000776 103.943580000182,15.1992316664258 103.943409999497,15.1992783337433 103.943245000046,15.1993183328764 103.943133332967,15.1993466667745 103.94306166613,15.1993649997912 103.942456666256,15.1995149999935 103.942408332931,15.199528332961 103.942351666884,15.1995400001446 103.942291666272,15.1995550003327 103.942236666057,15.199564999662 103.942188332766,15.1995766662896 103.94211833298,15.1996049997861 103.9420616668,15.1996183332073 103.942014999974,15.19963666706 103.941974999562,15.1996449996354 103.941936666589,15.1996600003427 103.941901666479,15.1996666664683 103.941850000157,15.1996883330123 103.941804999371,15.1997000001016 103.941773333473,15.1997116665035 103.941738333155,15.1997233333121 103.941681666627,15.1997433336594 103.941668333486,15.1997449996939 103.941719999508,15.1999149999708 103.94173166659,15.199964999753 103.941738333379,15.2000166668708 103.941753333452,15.2000800002676 103.941758332965,15.2001450002367 103.94176999955,15.2002083331189 103.941780000008,15.2002799999303 103.94181166602,15.200384999674</coordinates></LinearRing></outerBoundaryIs></Polygon></MultiGeometry>
    </Placemark>
    <Placemark>
      <name>331007013018</name>
      <styleUrl>#style_45_001</styleUrl>
      <description><![CDATA[<h3 style="margin-bottom:6px; font-family:sans-serif;">331007013018</h3>
<table style="width:100%; border-collapse:collapse; font-family:sans-serif; font-size:12px;">
<tr style="background-color:#99bfe6; color:#000; font-weight:bold;"><td colspan="2" style="padding:4px; text-align:center;">331007013018</td></tr>
<tr style="background-color:#f0f5fa;"><td style="padding:3px; width:45%;"><b>FID</b></td><td style="padding:3px;">11407</td></tr>
<tr style="background-color:#dbe8f5;"><td style="padding:3px;"><b>รหัสแปลง</b></td><td style="padding:3px;">331007013018</td></tr>
<tr style="background-color:#f0f5fa;"><td style="padding:3px;"><b>รหัสกลุ่มคิว</b></td><td style="padding:3px;">45_001</td></tr>
<tr style="background-color:#dbe8f5;"><td style="padding:3px;"><b>นักเกษตร</b></td><td style="padding:3px;">4502</td></tr>
<tr style="background-color:#f0f5fa;"><td style="padding:3px;"><b>ศูนย์</b></td><td style="padding:3px;">K2-45</td></tr>
<tr style="background-color:#dbe8f5;"><td style="padding:3px;"><b>สถานที่ส่งอ้อย</b></td><td style="padding:3px;">รถตัด</td></tr>
<tr style="background-color:#f0f5fa;"><td style="padding:3px;"><b>ประเภทคิว</b></td><td style="padding:3px;">รถตัด</td></tr>
<tr style="background-color:#dbe8f5;"><td style="padding:3px;"><b>ประเภทรถ</b></td><td style="padding:3px;">10 ล้อพ่วง</td></tr>
<tr style="background-color:#f0f5fa;"><td style="padding:3px;"><b>ประเภทชาวไร่</b></td><td style="padding:3px;">รถตัด</td></tr>
<tr style="background-color:#dbe8f5;"><td style="padding:3px;"><b>สถานีขนถ่าย</b></td><td style="padding:3px;"></td></tr>
<tr style="background-color:#f0f5fa;"><td style="padding:3px;"><b>สถานะยืนยัน</b></td><td style="padding:3px;">N</td></tr>
<tr style="background-color:#dbe8f5;"><td style="padding:3px;"><b>โควตา</b></td><td style="padding:3px;">950311</td></tr>
<tr style="background-color:#f0f5fa;"><td style="padding:3px;"><b>ชาวไร่</b></td><td style="padding:3px;">นาย วงเดือน ชราศรี</td></tr>
<tr style="background-color:#dbe8f5;"><td style="padding:3px;"><b>ประเภทอ้อย</b></td><td style="padding:3px;">ตอ1</td></tr>
<tr style="background-color:#f0f5fa;"><td style="padding:3px;"><b>พื้นที่</b></td><td style="padding:3px;">2.76</td></tr>
<tr style="background-color:#dbe8f5;"><td style="padding:3px;"><b>ปีผลิต</b></td><td style="padding:3px;">256970</td></tr>
<tr style="background-color:#f0f5fa;"><td style="padding:3px;"><b>ตันรวม</b></td><td style="padding:3px;">24.84</td></tr>
<tr style="background-color:#dbe8f5;"><td style="padding:3px;"><b>สถานที่ส่งอ้อย_1</b></td><td style="padding:3px;">รถตัด</td></tr>
</table>]]></description>
      <MultiGeometry><Polygon><outerBoundaryIs><LinearRing><coordinates>104.095773333126,15.1464683336794 104.095919999764,15.1467400001787 104.096986666196,15.1462799995649 104.096869999912,15.1459850000949 104.095773333126,15.1464683336794</coordinates></LinearRing></outerBoundaryIs></Polygon></MultiGeometry>
    </Placemark>
    <Placemark>
      <name>331005010007</name>
      <styleUrl>#style_45_001</styleUrl>
      <description><![CDATA[<h3 style="margin-bottom:6px; font-family:sans-serif;">331005010007</h3>
<table style="width:100%; border-collapse:collapse; font-family:sans-serif; font-size:12px;">
<tr style="background-color:#99bfe6; color:#000; font-weight:bold;"><td colspan="2" style="padding:4px; text-align:center;">331005010007</td></tr>
<tr style="background-color:#f0f5fa;"><td style="padding:3px; width:45%;"><b>FID</b></td><td style="padding:3px;">11917</td></tr>
<tr style="background-color:#dbe8f5;"><td style="padding:3px;"><b>รหัสแปลง</b></td><td style="padding:3px;">331005010007</td></tr>
<tr style="background-color:#f0f5fa;"><td style="padding:3px;"><b>รหัสกลุ่มคิว</b></td><td style="padding:3px;">45_001</td></tr>
<tr style="background-color:#dbe8f5;"><td style="padding:3px;"><b>นักเกษตร</b></td><td style="padding:3px;">4502</td></tr>
<tr style="background-color:#f0f5fa;"><td style="padding:3px;"><b>ศูนย์</b></td><td style="padding:3px;">K2-45</td></tr>
<tr style="background-color:#dbe8f5;"><td style="padding:3px;"><b>สถานที่ส่งอ้อย</b></td><td style="padding:3px;">รถตัด</td></tr>
<tr style="background-color:#f0f5fa;"><td style="padding:3px;"><b>ประเภทคิว</b></td><td style="padding:3px;">รถตัด</td></tr>
<tr style="background-color:#dbe8f5;"><td style="padding:3px;"><b>ประเภทรถ</b></td><td style="padding:3px;">10 ล้อพ่วง</td></tr>
<tr style="background-color:#f0f5fa;"><td style="padding:3px;"><b>ประเภทชาวไร่</b></td><td style="padding:3px;">รถตัด</td></tr>
<tr style="background-color:#dbe8f5;"><td style="padding:3px;"><b>สถานีขนถ่าย</b></td><td style="padding:3px;"></td></tr>
<tr style="background-color:#f0f5fa;"><td style="padding:3px;"><b>สถานะยืนยัน</b></td><td style="padding:3px;">N</td></tr>
<tr style="background-color:#dbe8f5;"><td style="padding:3px;"><b>โควตา</b></td><td style="padding:3px;">950243</td></tr>
<tr style="background-color:#f0f5fa;"><td style="padding:3px;"><b>ชาวไร่</b></td><td style="padding:3px;">นาง นิตยาภรณ์ เกษโสภา</td></tr>
<tr style="background-color:#dbe8f5;"><td style="padding:3px;"><b>ประเภทอ้อย</b></td><td style="padding:3px;">ตอ1</td></tr>
<tr style="background-color:#f0f5fa;"><td style="padding:3px;"><b>พื้นที่</b></td><td style="padding:3px;">5.41</td></tr>
<tr style="background-color:#dbe8f5;"><td style="padding:3px;"><b>ปีผลิต</b></td><td style="padding:3px;">256970</td></tr>
<tr style="background-color:#f0f5fa;"><td style="padding:3px;"><b>ตันรวม</b></td><td style="padding:3px;">48.69</td></tr>
<tr style="background-color:#dbe8f5;"><td style="padding:3px;"><b>สถานที่ส่งอ้อย_1</b></td><td style="padding:3px;">รถตัด</td></tr>
</table>]]></description>
      <MultiGeometry><Polygon><outerBoundaryIs><LinearRing><coordinates>104.146234999446,15.1272583333831 104.14577166669,15.1275799998221 104.146336666043,15.1285066668265 104.147071666609,15.1281266664266 104.146828333102,15.1277400001563 104.146533333426,15.1278933334257 104.146234999446,15.1272583333831</coordinates></LinearRing></outerBoundaryIs></Polygon></MultiGeometry>
    </Placemark>
    <Placemark>
      <name>332102031511</name>
      <styleUrl>#style_45_001</styleUrl>
      <description><![CDATA[<h3 style="margin-bottom:6px; font-family:sans-serif;">332102031511</h3>
<table style="width:100%; border-collapse:collapse; font-family:sans-serif; font-size:12px;">
<tr style="background-color:#99bfe6; color:#000; font-weight:bold;"><td colspan="2" style="padding:4px; text-align:center;">332102031511</td></tr>
<tr style="background-color:#f0f5fa;"><td style="padding:3px; width:45%;"><b>FID</b></td><td style="padding:3px;">12321</td></tr>
<tr style="background-color:#dbe8f5;"><td style="padding:3px;"><b>รหัสแปลง</b></td><td style="padding:3px;">332102031511</td></tr>
<tr style="background-color:#f0f5fa;"><td style="padding:3px;"><b>รหัสกลุ่มคิว</b></td><td style="padding:3px;">45_001</td></tr>
<tr style="background-color:#dbe8f5;"><td style="padding:3px;"><b>นักเกษตร</b></td><td style="padding:3px;">4502</td></tr>
<tr style="background-color:#f0f5fa;"><td style="padding:3px;"><b>ศูนย์</b></td><td style="padding:3px;">K2-45</td></tr>
<tr style="background-color:#dbe8f5;"><td style="padding:3px;"><b>สถานที่ส่งอ้อย</b></td><td style="padding:3px;">รถตัด</td></tr>
<tr style="background-color:#f0f5fa;"><td style="padding:3px;"><b>ประเภทคิว</b></td><td style="padding:3px;">รถตัด</td></tr>
<tr style="background-color:#dbe8f5;"><td style="padding:3px;"><b>ประเภทรถ</b></td><td style="padding:3px;">10 ล้อพ่วง</td></tr>
<tr style="background-color:#f0f5fa;"><td style="padding:3px;"><b>ประเภทชาวไร่</b></td><td style="padding:3px;">รถตัด</td></tr>
<tr style="background-color:#dbe8f5;"><td style="padding:3px;"><b>สถานีขนถ่าย</b></td><td style="padding:3px;"></td></tr>
<tr style="background-color:#f0f5fa;"><td style="padding:3px;"><b>สถานะยืนยัน</b></td><td style="padding:3px;">N</td></tr>
<tr style="background-color:#dbe8f5;"><td style="padding:3px;"><b>โควตา</b></td><td style="padding:3px;">950288</td></tr>
<tr style="background-color:#f0f5fa;"><td style="padding:3px;"><b>ชาวไร่</b></td><td style="padding:3px;">นาง ศิรินันท์ อุตะพันธ์</td></tr>
<tr style="background-color:#dbe8f5;"><td style="padding:3px;"><b>ประเภทอ้อย</b></td><td style="padding:3px;">ตอ1</td></tr>
<tr style="background-color:#f0f5fa;"><td style="padding:3px;"><b>พื้นที่</b></td><td style="padding:3px;">3.96</td></tr>
<tr style="background-color:#dbe8f5;"><td style="padding:3px;"><b>ปีผลิต</b></td><td style="padding:3px;">256970</td></tr>
<tr style="background-color:#f0f5fa;"><td style="padding:3px;"><b>ตันรวม</b></td><td style="padding:3px;">35.64</td></tr>
<tr style="background-color:#dbe8f5;"><td style="padding:3px;"><b>สถานที่ส่งอ้อย_1</b></td><td style="padding:3px;">รถตัด</td></tr>
</table>]]></description>
      <MultiGeometry><Polygon><outerBoundaryIs><LinearRing><coordinates>104.036158332811,15.2758300000526 104.035745000201,15.2748150003356 104.035341666249,15.2749716668658 104.035608333234,15.2759499996631 104.035758333277,15.2759449998711 104.036158332811,15.2758300000526</coordinates></LinearRing></outerBoundaryIs></Polygon></MultiGeometry>
    </Placemark>
    <Placemark>
      <name>321702101568</name>
      <styleUrl>#style_45_001</styleUrl>
      <description><![CDATA[<h3 style="margin-bottom:6px; font-family:sans-serif;">321702101568</h3>
<table style="width:100%; border-collapse:collapse; font-family:sans-serif; font-size:12px;">
<tr style="background-color:#99bfe6; color:#000; font-weight:bold;"><td colspan="2" style="padding:4px; text-align:center;">321702101568</td></tr>
<tr style="background-color:#f0f5fa;"><td style="padding:3px; width:45%;"><b>FID</b></td><td style="padding:3px;">12839</td></tr>
<tr style="background-color:#dbe8f5;"><td style="padding:3px;"><b>รหัสแปลง</b></td><td style="padding:3px;">321702101568</td></tr>
<tr style="background-color:#f0f5fa;"><td style="padding:3px;"><b>รหัสกลุ่มคิว</b></td><td style="padding:3px;">45_001</td></tr>
<tr style="background-color:#dbe8f5;"><td style="padding:3px;"><b>นักเกษตร</b></td><td style="padding:3px;">4502</td></tr>
<tr style="background-color:#f0f5fa;"><td style="padding:3px;"><b>ศูนย์</b></td><td style="padding:3px;">K2-45</td></tr>
<tr style="background-color:#dbe8f5;"><td style="padding:3px;"><b>สถานที่ส่งอ้อย</b></td><td style="padding:3px;">รถตัด</td></tr>
<tr style="background-color:#f0f5fa;"><td style="padding:3px;"><b>ประเภทคิว</b></td><td style="padding:3px;">รถตัด</td></tr>
<tr style="background-color:#dbe8f5;"><td style="padding:3px;"><b>ประเภทรถ</b></td><td style="padding:3px;">10 ล้อพ่วง</td></tr>
<tr style="background-color:#f0f5fa;"><td style="padding:3px;"><b>ประเภทชาวไร่</b></td><td style="padding:3px;">รถตัด</td></tr>
<tr style="background-color:#dbe8f5;"><td style="padding:3px;"><b>สถานีขนถ่าย</b></td><td style="padding:3px;"></td></tr>
<tr style="background-color:#f0f5fa;"><td style="padding:3px;"><b>สถานะยืนยัน</b></td><td style="padding:3px;">N</td></tr>
<tr style="background-color:#dbe8f5;"><td style="padding:3px;"><b>โควตา</b></td><td style="padding:3px;">784776</td></tr>
<tr style="background-color:#f0f5fa;"><td style="padding:3px;"><b>ชาวไร่</b></td><td style="padding:3px;">นาย ไกรษร พานอุ่น</td></tr>
<tr style="background-color:#dbe8f5;"><td style="padding:3px;"><b>ประเภทอ้อย</b></td><td style="padding:3px;">ตอ1</td></tr>
<tr style="background-color:#f0f5fa;"><td style="padding:3px;"><b>พื้นที่</b></td><td style="padding:3px;">6.68</td></tr>
<tr style="background-color:#dbe8f5;"><td style="padding:3px;"><b>ปีผลิต</b></td><td style="padding:3px;">256970</td></tr>
<tr style="background-color:#f0f5fa;"><td style="padding:3px;"><b>ตันรวม</b></td><td style="padding:3px;">60.12</td></tr>
<tr style="background-color:#dbe8f5;"><td style="padding:3px;"><b>สถานที่ส่งอ้อย_1</b></td><td style="padding:3px;">รถตัด</td></tr>
</table>]]></description>
      <MultiGeometry><Polygon><outerBoundaryIs><LinearRing><coordinates>103.974479999627,15.2042933331263 103.975046666824,15.2041300003693 103.975046666775,15.2041000001874 103.975029999923,15.2040649995494 103.975024999741,15.2040199997345 103.975013333138,15.203963333633 103.975008333166,15.2039200000377 103.975001666294,15.2038750002219 103.974983332668,15.2038166670005 103.974978333425,15.203771666258 103.974971666792,15.2037283335604 103.974944999965,15.203650000206 103.9749299999,15.203599999899 103.974919999359,15.2035750002066 103.97490333282,15.2035266670182 103.974895000015,15.2034800000451 103.974881666599,15.2034216667932 103.974863332871,15.2033766669614 103.974831666249,15.203299999789 103.974819999774,15.2032583332938 103.974808333088,15.2032300002205 103.974808332729,15.2031816670347 103.974796666765,15.2031516668151 103.97478499994,15.2030766667725 103.974733332904,15.2029383329298 103.974698333546,15.2029266665661 103.974589999806,15.2029266663635 103.97452166634,15.2029450001147 103.973954999482,15.2030933328949 103.9739616663,15.2030933329237 103.974124999941,15.203476666182 103.974163333255,15.2035383329808 103.97419166632,15.2035766662391 103.974226666384,15.2036700003492 103.974261666096,15.2037449996368 103.974323333268,15.2038816665077 103.974351666597,15.20399000021 103.974373333175,15.2040683336817 103.974413333361,15.2041599996914 103.974479999627,15.2042933331263</coordinates></LinearRing></outerBoundaryIs></Polygon></MultiGeometry>
    </Placemark>
    <Placemark>
      <name>331005170003</name>
      <styleUrl>#style_45_001</styleUrl>
      <description><![CDATA[<h3 style="margin-bottom:6px; font-family:sans-serif;">331005170003</h3>
<table style="width:100%; border-collapse:collapse; font-family:sans-serif; font-size:12px;">
<tr style="background-color:#99bfe6; color:#000; font-weight:bold;"><td colspan="2" style="padding:4px; text-align:center;">331005170003</td></tr>
<tr style="background-color:#f0f5fa;"><td style="padding:3px; width:45%;"><b>FID</b></td><td style="padding:3px;">13278</td></tr>
<tr style="background-color:#dbe8f5;"><td style="padding:3px;"><b>รหัสแปลง</b></td><td style="padding:3px;">331005170003</td></tr>
<tr style="background-color:#f0f5fa;"><td style="padding:3px;"><b>รหัสกลุ่มคิว</b></td><td style="padding:3px;">45_001</td></tr>
<tr style="background-color:#dbe8f5;"><td style="padding:3px;"><b>นักเกษตร</b></td><td style="padding:3px;">4502</td></tr>
<tr style="background-color:#f0f5fa;"><td style="padding:3px;"><b>ศูนย์</b></td><td style="padding:3px;">K2-45</td></tr>
<tr style="background-color:#dbe8f5;"><td style="padding:3px;"><b>สถานที่ส่งอ้อย</b></td><td style="padding:3px;">รถตัด</td></tr>
<tr style="background-color:#f0f5fa;"><td style="padding:3px;"><b>ประเภทคิว</b></td><td style="padding:3px;">รถตัด</td></tr>
<tr style="background-color:#dbe8f5;"><td style="padding:3px;"><b>ประเภทรถ</b></td><td style="padding:3px;">10 ล้อพ่วง</td></tr>
<tr style="background-color:#f0f5fa;"><td style="padding:3px;"><b>ประเภทชาวไร่</b></td><td style="padding:3px;">รถตัด</td></tr>
<tr style="background-color:#dbe8f5;"><td style="padding:3px;"><b>สถานีขนถ่าย</b></td><td style="padding:3px;"></td></tr>
<tr style="background-color:#f0f5fa;"><td style="padding:3px;"><b>สถานะยืนยัน</b></td><td style="padding:3px;">N</td></tr>
<tr style="background-color:#dbe8f5;"><td style="padding:3px;"><b>โควตา</b></td><td style="padding:3px;">950413</td></tr>
<tr style="background-color:#f0f5fa;"><td style="padding:3px;"><b>ชาวไร่</b></td><td style="padding:3px;">นาง ยุพดี บุญเนตร</td></tr>
<tr style="background-color:#dbe8f5;"><td style="padding:3px;"><b>ประเภทอ้อย</b></td><td style="padding:3px;">ปลายฝน</td></tr>
<tr style="background-color:#f0f5fa;"><td style="padding:3px;"><b>พื้นที่</b></td><td style="padding:3px;">5.31</td></tr>
<tr style="background-color:#dbe8f5;"><td style="padding:3px;"><b>ปีผลิต</b></td><td style="padding:3px;">256970</td></tr>
<tr style="background-color:#f0f5fa;"><td style="padding:3px;"><b>ตันรวม</b></td><td style="padding:3px;">69.03</td></tr>
<tr style="background-color:#dbe8f5;"><td style="padding:3px;"><b>สถานที่ส่งอ้อย_1</b></td><td style="padding:3px;">รถตัด</td></tr>
</table>]]></description>
      <MultiGeometry><Polygon><outerBoundaryIs><LinearRing><coordinates>104.14483166603,15.1750933333757 104.144406666707,15.1743233334572 104.143703332842,15.1745616667199 104.144201666168,15.1754849996809 104.14483166603,15.1750933333757</coordinates></LinearRing></outerBoundaryIs></Polygon></MultiGeometry>
    </Placemark>
    <Placemark>
      <name>331022080002</name>
      <styleUrl>#style_45_001</styleUrl>
      <description><![CDATA[<h3 style="margin-bottom:6px; font-family:sans-serif;">331022080002</h3>
<table style="width:100%; border-collapse:collapse; font-family:sans-serif; font-size:12px;">
<tr style="background-color:#99bfe6; color:#000; font-weight:bold;"><td colspan="2" style="padding:4px; text-align:center;">331022080002</td></tr>
<tr style="background-color:#f0f5fa;"><td style="padding:3px; width:45%;"><b>FID</b></td><td style="padding:3px;">13542</td></tr>
<tr style="background-color:#dbe8f5;"><td style="padding:3px;"><b>รหัสแปลง</b></td><td style="padding:3px;">331022080002</td></tr>
<tr style="background-color:#f0f5fa;"><td style="padding:3px;"><b>รหัสกลุ่มคิว</b></td><td style="padding:3px;">45_001</td></tr>
<tr style="background-color:#dbe8f5;"><td style="padding:3px;"><b>นักเกษตร</b></td><td style="padding:3px;">4502</td></tr>
<tr style="background-color:#f0f5fa;"><td style="padding:3px;"><b>ศูนย์</b></td><td style="padding:3px;">K2-45</td></tr>
<tr style="background-color:#dbe8f5;"><td style="padding:3px;"><b>สถานที่ส่งอ้อย</b></td><td style="padding:3px;">รถตัด</td></tr>
<tr style="background-color:#f0f5fa;"><td style="padding:3px;"><b>ประเภทคิว</b></td><td style="padding:3px;">รถตัด</td></tr>
<tr style="background-color:#dbe8f5;"><td style="padding:3px;"><b>ประเภทรถ</b></td><td style="padding:3px;">10 ล้อพ่วง</td></tr>
<tr style="background-color:#f0f5fa;"><td style="padding:3px;"><b>ประเภทชาวไร่</b></td><td style="padding:3px;">รถตัด</td></tr>
<tr style="background-color:#dbe8f5;"><td style="padding:3px;"><b>สถานีขนถ่าย</b></td><td style="padding:3px;"></td></tr>
<tr style="background-color:#f0f5fa;"><td style="padding:3px;"><b>สถานะยืนยัน</b></td><td style="padding:3px;">N</td></tr>
<tr style="background-color:#dbe8f5;"><td style="padding:3px;"><b>โควตา</b></td><td style="padding:3px;">950243</td></tr>
<tr style="background-color:#f0f5fa;"><td style="padding:3px;"><b>ชาวไร่</b></td><td style="padding:3px;">นาง นิตยาภรณ์ เกษโสภา</td></tr>
<tr style="background-color:#dbe8f5;"><td style="padding:3px;"><b>ประเภทอ้อย</b></td><td style="padding:3px;">ปลายฝน</td></tr>
<tr style="background-color:#f0f5fa;"><td style="padding:3px;"><b>พื้นที่</b></td><td style="padding:3px;">4.58</td></tr>
<tr style="background-color:#dbe8f5;"><td style="padding:3px;"><b>ปีผลิต</b></td><td style="padding:3px;">256970</td></tr>
<tr style="background-color:#f0f5fa;"><td style="padding:3px;"><b>ตันรวม</b></td><td style="padding:3px;">59.54</td></tr>
<tr style="background-color:#dbe8f5;"><td style="padding:3px;"><b>สถานที่ส่งอ้อย_1</b></td><td style="padding:3px;">รถตัด</td></tr>
</table>]]></description>
      <MultiGeometry><Polygon><outerBoundaryIs><LinearRing><coordinates>104.117006666727,15.0886416669858 104.117779999802,15.088296666757 104.117513333348,15.0879933330633 104.116044999748,15.0886866667897 104.116292728099,15.0889842480307 104.117006666727,15.0886416669858</coordinates></LinearRing></outerBoundaryIs></Polygon></MultiGeometry>
    </Placemark>
    <Placemark>
      <name>321705151569</name>
      <styleUrl>#style_45_001</styleUrl>
      <description><![CDATA[<h3 style="margin-bottom:6px; font-family:sans-serif;">321705151569</h3>
<table style="width:100%; border-collapse:collapse; font-family:sans-serif; font-size:12px;">
<tr style="background-color:#99bfe6; color:#000; font-weight:bold;"><td colspan="2" style="padding:4px; text-align:center;">321705151569</td></tr>
<tr style="background-color:#f0f5fa;"><td style="padding:3px; width:45%;"><b>FID</b></td><td style="padding:3px;">13653</td></tr>
<tr style="background-color:#dbe8f5;"><td style="padding:3px;"><b>รหัสแปลง</b></td><td style="padding:3px;">321705151569</td></tr>
<tr style="background-color:#f0f5fa;"><td style="padding:3px;"><b>รหัสกลุ่มคิว</b></td><td style="padding:3px;">45_001</td></tr>
<tr style="background-color:#dbe8f5;"><td style="padding:3px;"><b>นักเกษตร</b></td><td style="padding:3px;">4502</td></tr>
<tr style="background-color:#f0f5fa;"><td style="padding:3px;"><b>ศูนย์</b></td><td style="padding:3px;">K2-45</td></tr>
<tr style="background-color:#dbe8f5;"><td style="padding:3px;"><b>สถานที่ส่งอ้อย</b></td><td style="padding:3px;">รถตัด</td></tr>
<tr style="background-color:#f0f5fa;"><td style="padding:3px;"><b>ประเภทคิว</b></td><td style="padding:3px;">รถตัด</td></tr>
<tr style="background-color:#dbe8f5;"><td style="padding:3px;"><b>ประเภทรถ</b></td><td style="padding:3px;">10 ล้อพ่วง</td></tr>
<tr style="background-color:#f0f5fa;"><td style="padding:3px;"><b>ประเภทชาวไร่</b></td><td style="padding:3px;">รถตัด</td></tr>
<tr style="background-color:#dbe8f5;"><td style="padding:3px;"><b>สถานีขนถ่าย</b></td><td style="padding:3px;"></td></tr>
<tr style="background-color:#f0f5fa;"><td style="padding:3px;"><b>สถานะยืนยัน</b></td><td style="padding:3px;">N</td></tr>
<tr style="background-color:#dbe8f5;"><td style="padding:3px;"><b>โควตา</b></td><td style="padding:3px;">785058</td></tr>
<tr style="background-color:#f0f5fa;"><td style="padding:3px;"><b>ชาวไร่</b></td><td style="padding:3px;">นาง ชนิษฐา อมรสินธนพงษ์</td></tr>
<tr style="background-color:#dbe8f5;"><td style="padding:3px;"><b>ประเภทอ้อย</b></td><td style="padding:3px;">ปลายฝน</td></tr>
<tr style="background-color:#f0f5fa;"><td style="padding:3px;"><b>พื้นที่</b></td><td style="padding:3px;">11.33</td></tr>
<tr style="background-color:#dbe8f5;"><td style="padding:3px;"><b>ปีผลิต</b></td><td style="padding:3px;">256970</td></tr>
<tr style="background-color:#f0f5fa;"><td style="padding:3px;"><b>ตันรวม</b></td><td style="padding:3px;">147.29</td></tr>
<tr style="background-color:#dbe8f5;"><td style="padding:3px;"><b>สถานที่ส่งอ้อย_1</b></td><td style="padding:3px;">รถตัด</td></tr>
</table>]]></description>
      <MultiGeometry><Polygon><outerBoundaryIs><LinearRing><coordinates>103.892425779798,15.1376727697613 103.892034890106,15.1377753600625 103.892019059574,15.137785840123 103.891978650102,15.137828049675 103.891941029901,15.1378739397499 103.891794419476,15.1380655497753 103.891785079944,15.1380911101015 103.891790629727,15.1381173403384 103.891800520028,15.1381539001866 103.891808179557,15.138190769829 103.891818199994,15.1382273800228 103.891836449967,15.1382840995618 103.891842569409,15.1383030299238 103.891855220183,15.1383437503801 103.891880150102,15.1384165401521 103.891890519716,15.1384414697741 103.891902220042,15.138467819711 103.891916269969,15.138502410124 103.891930389903,15.1385271402496 103.891938319749,15.1385436601096 103.891958659357,15.1385746198085 103.891979089627,15.1386058902689 103.891997679992,15.1386372799853 103.892027850178,15.1386857898417 103.892056749596,15.1387223397689 103.89211552975,15.138797359586 103.892127620075,15.1388236803007 103.89213981972,15.1388494696069 103.892154959637,15.1388715495149 103.892167170131,15.1388940201838 103.892176200261,15.1389075095682 103.89218869007,15.138929739845 103.892201099835,15.1389520800082 103.892219759646,15.138987290377 103.892226480061,15.1390143098907 103.892249209388,15.139051659774 103.892257010053,15.139065910367 103.892273090092,15.1390854995217 103.892285059437,15.1391076500629 103.892299410059,15.139130909702 103.892327180115,15.1391628498671 103.892336819536,15.1391768496337 103.892373859397,15.139222290178 103.892390270003,15.1392405995764 103.892394589518,15.139248199736 103.892416480053,15.1392771600532 103.892428810095,15.1392993396979 103.892444949676,15.1393209499398 103.892467019924,15.1393515096666 103.892493129861,15.139387709999 103.89249794938,15.1393945801003 103.892520079674,15.1394240795466 103.892539909739,15.1394571600334 103.892565959914,15.1394982202784 103.892594069915,15.1395286803633 103.892618239842,15.1395608104033 103.892645230105,15.1395982902844 103.892691510118,15.1396461797374 103.892710859693,15.1396697903999 103.892734909914,15.1397008298034 103.89276230982,15.1397307501055 103.892770829786,15.1397400498071 103.892790259914,15.1397607098244 103.892800569978,15.1397761099495 103.892830099842,15.1398106100863 103.892839559511,15.1398249399694 103.892865639456,15.1398648296841 103.892900439696,15.1399107495135 103.892907289591,15.139923999598 103.892922540011,15.1399636901005 103.892941069436,15.1399912101293 103.892960489668,15.1400116801723 103.892974759715,15.140031110275 103.892997479655,15.1400746103347 103.893027680034,15.1400861996586 103.893064290123,15.1400699895632 103.893092030091,15.1400555898591 103.893122349495,15.1400472797367 103.893154699934,15.1400323202521 103.893203129791,15.1400162797051 103.893242929832,15.1400008402641 103.893275189935,15.1399889704028 103.893295849541,15.1399788395646 103.893321419964,15.1399698701147 103.893351810238,15.1399500900527 103.893349030128,15.1399387902133 103.893338679443,15.1399099795443 103.893335809356,15.1399025498133 103.893329690182,15.1398862601919 103.893318100246,15.1398543599235 103.893303189707,15.1398166998047 103.893297139922,15.1398015298259 103.893288029882,15.1397787702175 103.893279269381,15.1397534200405 103.893271159406,15.1397234800989 103.89325474961,15.1396826395878 103.893242179728,15.1396545196974 103.893236199831,15.1396377097282 103.893223159903,15.139607549706 103.893211140134,15.139569469891 103.893195690013,15.1395311401303 103.893180829878,15.1395000201521 103.893174109406,15.1394855803225 103.893165219646,15.1394660604092 103.893156599555,15.1394444302245 103.893147969753,15.1394147196623 103.893138730164,15.1393942303918 103.893128900244,15.1393762702255 103.893120909676,15.1393429299707 103.893089399395,15.1392954696752 103.893076080217,15.1392550297556 103.893063860258,15.1392213099985 103.893050120207,15.1391906397301 103.893039939938,15.1391695102653 103.89302503991,15.1391320995178 103.893010039813,15.1390993702206 103.892996779786,15.1390669401971 103.892988619737,15.1390516700261 103.892981299598,15.1390351198662 103.892970870174,15.1390089695452 103.892962349371,15.1389915297917 103.892951849439,15.1389680802377 103.89293767999,15.1389366099579 103.892931279832,15.1389186302626 103.892926309422,15.1389033097418 103.892919339975,15.1388869998042 103.892910159477,15.1388618596894 103.892902139853,15.1388449903512 103.89289310959,15.1388124297001 103.892883019522,15.1387890496457 103.892867269647,15.1387519195918 103.892849400196,15.1387224700387 103.89282853021,15.1386953198387 103.892801729456,15.1386560702956 103.892786129395,15.1386347601908 103.892771959801,15.1386109000306 103.892745840018,15.1385732597361 103.892720130138,15.1385381502522 103.892708859608,15.1385087096859 103.892696379474,15.1384843604014 103.89267505966,15.1384527001829 103.892663049925,15.1384321799976 103.892647289941,15.1383936396757 103.892637449848,15.1383710400573 103.89261113944,15.1383219697327 103.892586230095,15.1382535903715 103.892573150156,15.1382124899737 103.892561609857,15.1381744699543 103.892549179484,15.1381266402446 103.892520830087,15.1380555299767 103.892495269485,15.1380049697968 103.892478859686,15.1379535097371 103.892474330121,15.1379289994998 103.892481260039,15.1378766297779 103.8924844598,15.1378311400727 103.892473260029,15.1377895301809 103.892465599858,15.1377671499767 103.892452910071,15.1377329203158 103.892426020202,15.1376722499283 103.892425779798,15.1376727697613</coordinates></LinearRing></outerBoundaryIs></Polygon></MultiGeometry>
    </Placemark>
    <Placemark>
      <name>331005020007</name>
      <styleUrl>#style_45_001</styleUrl>
      <description><![CDATA[<h3 style="margin-bottom:6px; font-family:sans-serif;">331005020007</h3>
<table style="width:100%; border-collapse:collapse; font-family:sans-serif; font-size:12px;">
<tr style="background-color:#99bfe6; color:#000; font-weight:bold;"><td colspan="2" style="padding:4px; text-align:center;">331005020007</td></tr>
<tr style="background-color:#f0f5fa;"><td style="padding:3px; width:45%;"><b>FID</b></td><td style="padding:3px;">13712</td></tr>
<tr style="background-color:#dbe8f5;"><td style="padding:3px;"><b>รหัสแปลง</b></td><td style="padding:3px;">331005020007</td></tr>
<tr style="background-color:#f0f5fa;"><td style="padding:3px;"><b>รหัสกลุ่มคิว</b></td><td style="padding:3px;">45_001</td></tr>
<tr style="background-color:#dbe8f5;"><td style="padding:3px;"><b>นักเกษตร</b></td><td style="padding:3px;">4502</td></tr>
<tr style="background-color:#f0f5fa;"><td style="padding:3px;"><b>ศูนย์</b></td><td style="padding:3px;">K2-45</td></tr>
<tr style="background-color:#dbe8f5;"><td style="padding:3px;"><b>สถานที่ส่งอ้อย</b></td><td style="padding:3px;">รถตัด</td></tr>
<tr style="background-color:#f0f5fa;"><td style="padding:3px;"><b>ประเภทคิว</b></td><td style="padding:3px;">รถตัด</td></tr>
<tr style="background-color:#dbe8f5;"><td style="padding:3px;"><b>ประเภทรถ</b></td><td style="padding:3px;">10 ล้อพ่วง</td></tr>
<tr style="background-color:#f0f5fa;"><td style="padding:3px;"><b>ประเภทชาวไร่</b></td><td style="padding:3px;">รถตัด</td></tr>
<tr style="background-color:#dbe8f5;"><td style="padding:3px;"><b>สถานีขนถ่าย</b></td><td style="padding:3px;"></td></tr>
<tr style="background-color:#f0f5fa;"><td style="padding:3px;"><b>สถานะยืนยัน</b></td><td style="padding:3px;">N</td></tr>
<tr style="background-color:#dbe8f5;"><td style="padding:3px;"><b>โควตา</b></td><td style="padding:3px;">950277</td></tr>
<tr style="background-color:#f0f5fa;"><td style="padding:3px;"><b>ชาวไร่</b></td><td style="padding:3px;">นาย สอน ไชยสาร</td></tr>
<tr style="background-color:#dbe8f5;"><td style="padding:3px;"><b>ประเภทอ้อย</b></td><td style="padding:3px;">ปลายฝน</td></tr>
<tr style="background-color:#f0f5fa;"><td style="padding:3px;"><b>พื้นที่</b></td><td style="padding:3px;">8.07</td></tr>
<tr style="background-color:#dbe8f5;"><td style="padding:3px;"><b>ปีผลิต</b></td><td style="padding:3px;">256970</td></tr>
<tr style="background-color:#f0f5fa;"><td style="padding:3px;"><b>ตันรวม</b></td><td style="padding:3px;">104.91</td></tr>
<tr style="background-color:#dbe8f5;"><td style="padding:3px;"><b>สถานที่ส่งอ้อย_1</b></td><td style="padding:3px;">รถตัด</td></tr>
</table>]]></description>
      <MultiGeometry><Polygon><outerBoundaryIs><LinearRing><coordinates>104.156708333396,15.1638349999962 104.154338333414,15.1644733334067 104.154368333321,15.1644783334358 104.154388333484,15.1644933332723 104.154416666206,15.1645383333199 104.15446833294,15.164603333536 104.154418332913,15.164713333026 104.154519999701,15.1649400003418 104.156016666518,15.1644500000174 104.156823333153,15.1642716669319 104.156708333396,15.1638349999962</coordinates></LinearRing></outerBoundaryIs></Polygon></MultiGeometry>
    </Placemark>
    <Placemark>
      <name>331005140003</name>
      <styleUrl>#style_45_001</styleUrl>
      <description><![CDATA[<h3 style="margin-bottom:6px; font-family:sans-serif;">331005140003</h3>
<table style="width:100%; border-collapse:collapse; font-family:sans-serif; font-size:12px;">
<tr style="background-color:#99bfe6; color:#000; font-weight:bold;"><td colspan="2" style="padding:4px; text-align:center;">331005140003</td></tr>
<tr style="background-color:#f0f5fa;"><td style="padding:3px; width:45%;"><b>FID</b></td><td style="padding:3px;">14059</td></tr>
<tr style="background-color:#dbe8f5;"><td style="padding:3px;"><b>รหัสแปลง</b></td><td style="padding:3px;">331005140003</td></tr>
<tr style="background-color:#f0f5fa;"><td style="padding:3px;"><b>รหัสกลุ่มคิว</b></td><td style="padding:3px;">45_001</td></tr>
<tr style="background-color:#dbe8f5;"><td style="padding:3px;"><b>นักเกษตร</b></td><td style="padding:3px;">4502</td></tr>
<tr style="background-color:#f0f5fa;"><td style="padding:3px;"><b>ศูนย์</b></td><td style="padding:3px;">K2-45</td></tr>
<tr style="background-color:#dbe8f5;"><td style="padding:3px;"><b>สถานที่ส่งอ้อย</b></td><td style="padding:3px;">รถตัด</td></tr>
<tr style="background-color:#f0f5fa;"><td style="padding:3px;"><b>ประเภทคิว</b></td><td style="padding:3px;">รถตัด</td></tr>
<tr style="background-color:#dbe8f5;"><td style="padding:3px;"><b>ประเภทรถ</b></td><td style="padding:3px;">10 ล้อพ่วง</td></tr>
<tr style="background-color:#f0f5fa;"><td style="padding:3px;"><b>ประเภทชาวไร่</b></td><td style="padding:3px;">รถตัด</td></tr>
<tr style="background-color:#dbe8f5;"><td style="padding:3px;"><b>สถานีขนถ่าย</b></td><td style="padding:3px;"></td></tr>
<tr style="background-color:#f0f5fa;"><td style="padding:3px;"><b>สถานะยืนยัน</b></td><td style="padding:3px;">N</td></tr>
<tr style="background-color:#dbe8f5;"><td style="padding:3px;"><b>โควตา</b></td><td style="padding:3px;">950419</td></tr>
<tr style="background-color:#f0f5fa;"><td style="padding:3px;"><b>ชาวไร่</b></td><td style="padding:3px;">น.ส. วัชราภรณ์ อินทร์ทอง</td></tr>
<tr style="background-color:#dbe8f5;"><td style="padding:3px;"><b>ประเภทอ้อย</b></td><td style="padding:3px;">ปลายฝน</td></tr>
<tr style="background-color:#f0f5fa;"><td style="padding:3px;"><b>พื้นที่</b></td><td style="padding:3px;">14.73</td></tr>
<tr style="background-color:#dbe8f5;"><td style="padding:3px;"><b>ปีผลิต</b></td><td style="padding:3px;">256970</td></tr>
<tr style="background-color:#f0f5fa;"><td style="padding:3px;"><b>ตันรวม</b></td><td style="padding:3px;">191.49</td></tr>
<tr style="background-color:#dbe8f5;"><td style="padding:3px;"><b>สถานที่ส่งอ้อย_1</b></td><td style="padding:3px;">รถตัด</td></tr>
</table>]]></description>
      <MultiGeometry><Polygon><outerBoundaryIs><LinearRing><coordinates>104.130594999472,15.1484983336752 104.133238332926,15.1474366668842 104.13288999959,15.1466916665447 104.132184495985,15.1470351458826 104.132455138845,15.1476843378227 104.132393770683,15.1477040921762 104.132103559715,15.1470742348412 104.130418333053,15.1478949998301 104.130594999472,15.1484983336752</coordinates></LinearRing></outerBoundaryIs></Polygon></MultiGeometry>
    </Placemark>
    <Placemark>
      <name>321702101570</name>
      <styleUrl>#style_45_001</styleUrl>
      <description><![CDATA[<h3 style="margin-bottom:6px; font-family:sans-serif;">321702101570</h3>
<table style="width:100%; border-collapse:collapse; font-family:sans-serif; font-size:12px;">
<tr style="background-color:#99bfe6; color:#000; font-weight:bold;"><td colspan="2" style="padding:4px; text-align:center;">321702101570</td></tr>
<tr style="background-color:#f0f5fa;"><td style="padding:3px; width:45%;"><b>FID</b></td><td style="padding:3px;">14302</td></tr>
<tr style="background-color:#dbe8f5;"><td style="padding:3px;"><b>รหัสแปลง</b></td><td style="padding:3px;">321702101570</td></tr>
<tr style="background-color:#f0f5fa;"><td style="padding:3px;"><b>รหัสกลุ่มคิว</b></td><td style="padding:3px;">45_001</td></tr>
<tr style="background-color:#dbe8f5;"><td style="padding:3px;"><b>นักเกษตร</b></td><td style="padding:3px;">4502</td></tr>
<tr style="background-color:#f0f5fa;"><td style="padding:3px;"><b>ศูนย์</b></td><td style="padding:3px;">K2-45</td></tr>
<tr style="background-color:#dbe8f5;"><td style="padding:3px;"><b>สถานที่ส่งอ้อย</b></td><td style="padding:3px;">รถตัด</td></tr>
<tr style="background-color:#f0f5fa;"><td style="padding:3px;"><b>ประเภทคิว</b></td><td style="padding:3px;">รถตัด</td></tr>
<tr style="background-color:#dbe8f5;"><td style="padding:3px;"><b>ประเภทรถ</b></td><td style="padding:3px;">10 ล้อพ่วง</td></tr>
<tr style="background-color:#f0f5fa;"><td style="padding:3px;"><b>ประเภทชาวไร่</b></td><td style="padding:3px;">รถตัด</td></tr>
<tr style="background-color:#dbe8f5;"><td style="padding:3px;"><b>สถานีขนถ่าย</b></td><td style="padding:3px;"></td></tr>
<tr style="background-color:#f0f5fa;"><td style="padding:3px;"><b>สถานะยืนยัน</b></td><td style="padding:3px;">N</td></tr>
<tr style="background-color:#dbe8f5;"><td style="padding:3px;"><b>โควตา</b></td><td style="padding:3px;">783518</td></tr>
<tr style="background-color:#f0f5fa;"><td style="padding:3px;"><b>ชาวไร่</b></td><td style="padding:3px;">นาย สุทัศน์ สิงห์โสดา</td></tr>
<tr style="background-color:#dbe8f5;"><td style="padding:3px;"><b>ประเภทอ้อย</b></td><td style="padding:3px;">ปลายฝน</td></tr>
<tr style="background-color:#f0f5fa;"><td style="padding:3px;"><b>พื้นที่</b></td><td style="padding:3px;">4.85</td></tr>
<tr style="background-color:#dbe8f5;"><td style="padding:3px;"><b>ปีผลิต</b></td><td style="padding:3px;">256970</td></tr>
<tr style="background-color:#f0f5fa;"><td style="padding:3px;"><b>ตันรวม</b></td><td style="padding:3px;">63.05</td></tr>
<tr style="background-color:#dbe8f5;"><td style="padding:3px;"><b>สถานที่ส่งอ้อย_1</b></td><td style="padding:3px;">รถตัด</td></tr>
</table>]]></description>
      <MultiGeometry><Polygon><outerBoundaryIs><LinearRing><coordinates>103.975741666163,15.2073750001307 103.974848333206,15.2075266661962 103.974934999989,15.2078416663331 103.974938333546,15.2079916663318 103.975041666519,15.2080033328784 103.975103333369,15.2080049995903 103.975136666295,15.208011666977 103.975309999436,15.2080433330026 103.97544666643,15.2080699996026 103.975616666436,15.2080900000097 103.975803333409,15.2081000000528 103.975936666124,15.2080316663685 103.975991666257,15.2079533334202 103.976021666461,15.2078700002646 103.976028332863,15.2078249995352 103.976001666794,15.2076799995666 103.97595833298,15.2075866662415 103.97592499938,15.2075466663873 103.975843332818,15.2074549996056 103.975741666163,15.2073750001307</coordinates></LinearRing></outerBoundaryIs></Polygon></MultiGeometry>
    </Placemark>
    <Placemark>
      <name>331005040002</name>
      <styleUrl>#style_45_001</styleUrl>
      <description><![CDATA[<h3 style="margin-bottom:6px; font-family:sans-serif;">331005040002</h3>
<table style="width:100%; border-collapse:collapse; font-family:sans-serif; font-size:12px;">
<tr style="background-color:#99bfe6; color:#000; font-weight:bold;"><td colspan="2" style="padding:4px; text-align:center;">331005040002</td></tr>
<tr style="background-color:#f0f5fa;"><td style="padding:3px; width:45%;"><b>FID</b></td><td style="padding:3px;">14505</td></tr>
<tr style="background-color:#dbe8f5;"><td style="padding:3px;"><b>รหัสแปลง</b></td><td style="padding:3px;">331005040002</td></tr>
<tr style="background-color:#f0f5fa;"><td style="padding:3px;"><b>รหัสกลุ่มคิว</b></td><td style="padding:3px;">45_001</td></tr>
<tr style="background-color:#dbe8f5;"><td style="padding:3px;"><b>นักเกษตร</b></td><td style="padding:3px;">4502</td></tr>
<tr style="background-color:#f0f5fa;"><td style="padding:3px;"><b>ศูนย์</b></td><td style="padding:3px;">K2-45</td></tr>
<tr style="background-color:#dbe8f5;"><td style="padding:3px;"><b>สถานที่ส่งอ้อย</b></td><td style="padding:3px;">รถตัด</td></tr>
<tr style="background-color:#f0f5fa;"><td style="padding:3px;"><b>ประเภทคิว</b></td><td style="padding:3px;">รถตัด</td></tr>
<tr style="background-color:#dbe8f5;"><td style="padding:3px;"><b>ประเภทรถ</b></td><td style="padding:3px;">10 ล้อพ่วง</td></tr>
<tr style="background-color:#f0f5fa;"><td style="padding:3px;"><b>ประเภทชาวไร่</b></td><td style="padding:3px;">รถตัด</td></tr>
<tr style="background-color:#dbe8f5;"><td style="padding:3px;"><b>สถานีขนถ่าย</b></td><td style="padding:3px;"></td></tr>
<tr style="background-color:#f0f5fa;"><td style="padding:3px;"><b>สถานะยืนยัน</b></td><td style="padding:3px;">N</td></tr>
<tr style="background-color:#dbe8f5;"><td style="padding:3px;"><b>โควตา</b></td><td style="padding:3px;">950243</td></tr>
<tr style="background-color:#f0f5fa;"><td style="padding:3px;"><b>ชาวไร่</b></td><td style="padding:3px;">นาง นิตยาภรณ์ เกษโสภา</td></tr>
<tr style="background-color:#dbe8f5;"><td style="padding:3px;"><b>ประเภทอ้อย</b></td><td style="padding:3px;">ปลายฝน</td></tr>
<tr style="background-color:#f0f5fa;"><td style="padding:3px;"><b>พื้นที่</b></td><td style="padding:3px;">8.18</td></tr>
<tr style="background-color:#dbe8f5;"><td style="padding:3px;"><b>ปีผลิต</b></td><td style="padding:3px;">256970</td></tr>
<tr style="background-color:#f0f5fa;"><td style="padding:3px;"><b>ตันรวม</b></td><td style="padding:3px;">106.34</td></tr>
<tr style="background-color:#dbe8f5;"><td style="padding:3px;"><b>สถานที่ส่งอ้อย_1</b></td><td style="padding:3px;">รถตัด</td></tr>
</table>]]></description>
      <MultiGeometry><Polygon><outerBoundaryIs><LinearRing><coordinates>104.147554999495,15.1279349999441 104.148269999511,15.1275133336327 104.147899999453,15.1269600002403 104.14764666604,15.1271099998316 104.146786666253,15.1254416668013 104.146536666486,15.1255850001186 104.147391666622,15.1273216662846 104.147274999833,15.1273999998923 104.147554999495,15.1279349999441</coordinates></LinearRing></outerBoundaryIs></Polygon></MultiGeometry>
    </Placemark>
    <Placemark>
      <name>331005120003</name>
      <styleUrl>#style_45_001</styleUrl>
      <description><![CDATA[<h3 style="margin-bottom:6px; font-family:sans-serif;">331005120003</h3>
<table style="width:100%; border-collapse:collapse; font-family:sans-serif; font-size:12px;">
<tr style="background-color:#99bfe6; color:#000; font-weight:bold;"><td colspan="2" style="padding:4px; text-align:center;">331005120003</td></tr>
<tr style="background-color:#f0f5fa;"><td style="padding:3px; width:45%;"><b>FID</b></td><td style="padding:3px;">14671</td></tr>
<tr style="background-color:#dbe8f5;"><td style="padding:3px;"><b>รหัสแปลง</b></td><td style="padding:3px;">331005120003</td></tr>
<tr style="background-color:#f0f5fa;"><td style="padding:3px;"><b>รหัสกลุ่มคิว</b></td><td style="padding:3px;">45_001</td></tr>
<tr style="background-color:#dbe8f5;"><td style="padding:3px;"><b>นักเกษตร</b></td><td style="padding:3px;">4502</td></tr>
<tr style="background-color:#f0f5fa;"><td style="padding:3px;"><b>ศูนย์</b></td><td style="padding:3px;">K2-45</td></tr>
<tr style="background-color:#dbe8f5;"><td style="padding:3px;"><b>สถานที่ส่งอ้อย</b></td><td style="padding:3px;">รถตัด</td></tr>
<tr style="background-color:#f0f5fa;"><td style="padding:3px;"><b>ประเภทคิว</b></td><td style="padding:3px;">รถตัด</td></tr>
<tr style="background-color:#dbe8f5;"><td style="padding:3px;"><b>ประเภทรถ</b></td><td style="padding:3px;">10 ล้อพ่วง</td></tr>
<tr style="background-color:#f0f5fa;"><td style="padding:3px;"><b>ประเภทชาวไร่</b></td><td style="padding:3px;">รถตัด</td></tr>
<tr style="background-color:#dbe8f5;"><td style="padding:3px;"><b>สถานีขนถ่าย</b></td><td style="padding:3px;"></td></tr>
<tr style="background-color:#f0f5fa;"><td style="padding:3px;"><b>สถานะยืนยัน</b></td><td style="padding:3px;">N</td></tr>
<tr style="background-color:#dbe8f5;"><td style="padding:3px;"><b>โควตา</b></td><td style="padding:3px;">950385</td></tr>
<tr style="background-color:#f0f5fa;"><td style="padding:3px;"><b>ชาวไร่</b></td><td style="padding:3px;">น.ส. นงลักษณ์ ชำนิกุล</td></tr>
<tr style="background-color:#dbe8f5;"><td style="padding:3px;"><b>ประเภทอ้อย</b></td><td style="padding:3px;">ปลายฝน</td></tr>
<tr style="background-color:#f0f5fa;"><td style="padding:3px;"><b>พื้นที่</b></td><td style="padding:3px;">11.24</td></tr>
<tr style="background-color:#dbe8f5;"><td style="padding:3px;"><b>ปีผลิต</b></td><td style="padding:3px;">256970</td></tr>
<tr style="background-color:#f0f5fa;"><td style="padding:3px;"><b>ตันรวม</b></td><td style="padding:3px;">146.12</td></tr>
<tr style="background-color:#dbe8f5;"><td style="padding:3px;"><b>สถานที่ส่งอ้อย_1</b></td><td style="padding:3px;">รถตัด</td></tr>
</table>]]></description>
      <MultiGeometry><Polygon><outerBoundaryIs><LinearRing><coordinates>104.149941666007,15.1392416662732 104.150766666477,15.1389666662889 104.150333333498,15.1380466665373 104.150206666536,15.137783333364 104.150131665954,15.1376816662676 104.149919999898,15.1373999995747 104.149866666214,15.1372866662078 104.149739999547,15.137153333579 104.149651666828,15.1370583334125 104.149494999985,15.1368733336431 104.149266666846,15.1369266669409 104.149941666007,15.1392416662732</coordinates></LinearRing></outerBoundaryIs></Polygon></MultiGeometry>
    </Placemark>
    <Placemark>
      <name>331005120004</name>
      <styleUrl>#style_45_001</styleUrl>
      <description><![CDATA[<h3 style="margin-bottom:6px; font-family:sans-serif;">331005120004</h3>
<table style="width:100%; border-collapse:collapse; font-family:sans-serif; font-size:12px;">
<tr style="background-color:#99bfe6; color:#000; font-weight:bold;"><td colspan="2" style="padding:4px; text-align:center;">331005120004</td></tr>
<tr style="background-color:#f0f5fa;"><td style="padding:3px; width:45%;"><b>FID</b></td><td style="padding:3px;">14879</td></tr>
<tr style="background-color:#dbe8f5;"><td style="padding:3px;"><b>รหัสแปลง</b></td><td style="padding:3px;">331005120004</td></tr>
<tr style="background-color:#f0f5fa;"><td style="padding:3px;"><b>รหัสกลุ่มคิว</b></td><td style="padding:3px;">45_001</td></tr>
<tr style="background-color:#dbe8f5;"><td style="padding:3px;"><b>นักเกษตร</b></td><td style="padding:3px;">4502</td></tr>
<tr style="background-color:#f0f5fa;"><td style="padding:3px;"><b>ศูนย์</b></td><td style="padding:3px;">K2-45</td></tr>
<tr style="background-color:#dbe8f5;"><td style="padding:3px;"><b>สถานที่ส่งอ้อย</b></td><td style="padding:3px;">รถตัด</td></tr>
<tr style="background-color:#f0f5fa;"><td style="padding:3px;"><b>ประเภทคิว</b></td><td style="padding:3px;">รถตัด</td></tr>
<tr style="background-color:#dbe8f5;"><td style="padding:3px;"><b>ประเภทรถ</b></td><td style="padding:3px;">10 ล้อพ่วง</td></tr>
<tr style="background-color:#f0f5fa;"><td style="padding:3px;"><b>ประเภทชาวไร่</b></td><td style="padding:3px;">รถตัด</td></tr>
<tr style="background-color:#dbe8f5;"><td style="padding:3px;"><b>สถานีขนถ่าย</b></td><td style="padding:3px;"></td></tr>
<tr style="background-color:#f0f5fa;"><td style="padding:3px;"><b>สถานะยืนยัน</b></td><td style="padding:3px;">N</td></tr>
<tr style="background-color:#dbe8f5;"><td style="padding:3px;"><b>โควตา</b></td><td style="padding:3px;">784400</td></tr>
<tr style="background-color:#f0f5fa;"><td style="padding:3px;"><b>ชาวไร่</b></td><td style="padding:3px;">นาย ประเสริฐ พงษ์ภา</td></tr>
<tr style="background-color:#dbe8f5;"><td style="padding:3px;"><b>ประเภทอ้อย</b></td><td style="padding:3px;">ปลายฝน</td></tr>
<tr style="background-color:#f0f5fa;"><td style="padding:3px;"><b>พื้นที่</b></td><td style="padding:3px;">4.56</td></tr>
<tr style="background-color:#dbe8f5;"><td style="padding:3px;"><b>ปีผลิต</b></td><td style="padding:3px;">256970</td></tr>
<tr style="background-color:#f0f5fa;"><td style="padding:3px;"><b>ตันรวม</b></td><td style="padding:3px;">59.28</td></tr>
<tr style="background-color:#dbe8f5;"><td style="padding:3px;"><b>สถานที่ส่งอ้อย_1</b></td><td style="padding:3px;">รถตัด</td></tr>
</table>]]></description>
      <MultiGeometry><Polygon><outerBoundaryIs><LinearRing><coordinates>104.149058333445,15.1369966661691 104.148821666528,15.1368899995579 104.148653333021,15.1368616662989 104.148389999397,15.1369533328429 104.149088333304,15.1381433328883 104.149249999426,15.1382099997808 104.149296666539,15.1383116662869 104.149408332658,15.1382999995918 104.149058333445,15.1369966661691</coordinates></LinearRing></outerBoundaryIs></Polygon></MultiGeometry>
    </Placemark>
  </Folder>
</Document>
</kml>
