<?xml version="1.0" encoding="UTF-8"?>
<kml xmlns="http://www.opengis.net/kml/2.2">
<Document>
  <name>กลุ่มคิว 82</name>
  <Style id="style_82_001">
    <LineStyle>
      <color>ff333333</color>
      <width>1.2</width>
    </LineStyle>
    <PolyStyle>
      <color>b300cc99</color>
      <fill>1</fill>
      <outline>1</outline>
    </PolyStyle>
  </Style>
  <Folder>
    <name>82_001</name>
    <Placemark>
      <name>320105041501</name>
      <styleUrl>#style_82_001</styleUrl>
      <description><![CDATA[<h3 style="margin-bottom:6px; font-family:sans-serif;">320105041501</h3>
<table style="width:100%; border-collapse:collapse; font-family:sans-serif; font-size:12px;">
<tr style="background-color:#99bfe6; color:#000; font-weight:bold;"><td colspan="2" style="padding:4px; text-align:center;">320105041501</td></tr>
<tr style="background-color:#f0f5fa;"><td style="padding:3px; width:45%;"><b>FID</b></td><td style="padding:3px;">1771</td></tr>
<tr style="background-color:#dbe8f5;"><td style="padding:3px;"><b>รหัสแปลง</b></td><td style="padding:3px;">320105041501</td></tr>
<tr style="background-color:#f0f5fa;"><td style="padding:3px;"><b>รหัสกลุ่มคิว</b></td><td style="padding:3px;">82_001</td></tr>
<tr style="background-color:#dbe8f5;"><td style="padding:3px;"><b>นักเกษตร</b></td><td style="padding:3px;">8201</td></tr>
<tr style="background-color:#f0f5fa;"><td style="padding:3px;"><b>ศูนย์</b></td><td style="padding:3px;">K2-82</td></tr>
<tr style="background-color:#dbe8f5;"><td style="padding:3px;"><b>สถานที่ส่งอ้อย</b></td><td style="padding:3px;">รถตัด</td></tr>
<tr style="background-color:#f0f5fa;"><td style="padding:3px;"><b>ประเภทคิว</b></td><td style="padding:3px;">รถตัด</td></tr>
<tr style="background-color:#dbe8f5;"><td style="padding:3px;"><b>ประเภทรถ</b></td><td style="padding:3px;">10 ล้อเดี่ยว</td></tr>
<tr style="background-color:#f0f5fa;"><td style="padding:3px;"><b>ประเภทชาวไร่</b></td><td style="padding:3px;">รถตัด</td></tr>
<tr style="background-color:#dbe8f5;"><td style="padding:3px;"><b>สถานีขนถ่าย</b></td><td style="padding:3px;"></td></tr>
<tr style="background-color:#f0f5fa;"><td style="padding:3px;"><b>สถานะยืนยัน</b></td><td style="padding:3px;">N</td></tr>
<tr style="background-color:#dbe8f5;"><td style="padding:3px;"><b>โควตา</b></td><td style="padding:3px;">718292</td></tr>
<tr style="background-color:#f0f5fa;"><td style="padding:3px;"><b>ชาวไร่</b></td><td style="padding:3px;">นาง เกศณีย์ กำลังมา</td></tr>
<tr style="background-color:#dbe8f5;"><td style="padding:3px;"><b>ประเภทอ้อย</b></td><td style="padding:3px;">ตอ2</td></tr>
<tr style="background-color:#f0f5fa;"><td style="padding:3px;"><b>พื้นที่</b></td><td style="padding:3px;">11.42</td></tr>
<tr style="background-color:#dbe8f5;"><td style="padding:3px;"><b>ปีผลิต</b></td><td style="padding:3px;">256970</td></tr>
<tr style="background-color:#f0f5fa;"><td style="padding:3px;"><b>ตันรวม</b></td><td style="padding:3px;">91.36</td></tr>
<tr style="background-color:#dbe8f5;"><td style="padding:3px;"><b>สถานที่ส่งอ้อย_1</b></td><td style="padding:3px;">รถตัด</td></tr>
</table>]]></description>
      <MultiGeometry><Polygon><outerBoundaryIs><LinearRing><coordinates>103.443039639821,14.9551912897857 103.442864440182,14.9552152103153 103.440483439715,14.9558975201086 103.440613310068,14.9563349097019 103.440756150176,14.9563355502591 103.440855150245,14.9563245998771 103.441085139529,14.9562838997565 103.441405580035,14.9562550396214 103.441687110339,14.9561545001786 103.44231581981,14.9560207698439 103.442823059458,14.9558801197779 103.442980109806,14.9558238796564 103.443085679673,14.9557654301685 103.443074169591,14.9556654099854 103.443129989979,14.9556180697509 103.443039639821,14.9551912897857</coordinates></LinearRing></outerBoundaryIs></Polygon></MultiGeometry>
    </Placemark>
    <Placemark>
      <name>320105061508</name>
      <styleUrl>#style_82_001</styleUrl>
      <description><![CDATA[<h3 style="margin-bottom:6px; font-family:sans-serif;">320105061508</h3>
<table style="width:100%; border-collapse:collapse; font-family:sans-serif; font-size:12px;">
<tr style="background-color:#99bfe6; color:#000; font-weight:bold;"><td colspan="2" style="padding:4px; text-align:center;">320105061508</td></tr>
<tr style="background-color:#f0f5fa;"><td style="padding:3px; width:45%;"><b>FID</b></td><td style="padding:3px;">1772</td></tr>
<tr style="background-color:#dbe8f5;"><td style="padding:3px;"><b>รหัสแปลง</b></td><td style="padding:3px;">320105061508</td></tr>
<tr style="background-color:#f0f5fa;"><td style="padding:3px;"><b>รหัสกลุ่มคิว</b></td><td style="padding:3px;">82_001</td></tr>
<tr style="background-color:#dbe8f5;"><td style="padding:3px;"><b>นักเกษตร</b></td><td style="padding:3px;">8201</td></tr>
<tr style="background-color:#f0f5fa;"><td style="padding:3px;"><b>ศูนย์</b></td><td style="padding:3px;">K2-82</td></tr>
<tr style="background-color:#dbe8f5;"><td style="padding:3px;"><b>สถานที่ส่งอ้อย</b></td><td style="padding:3px;">รถตัด</td></tr>
<tr style="background-color:#f0f5fa;"><td style="padding:3px;"><b>ประเภทคิว</b></td><td style="padding:3px;">รถตัด</td></tr>
<tr style="background-color:#dbe8f5;"><td style="padding:3px;"><b>ประเภทรถ</b></td><td style="padding:3px;">10 ล้อเดี่ยว</td></tr>
<tr style="background-color:#f0f5fa;"><td style="padding:3px;"><b>ประเภทชาวไร่</b></td><td style="padding:3px;">รถตัด</td></tr>
<tr style="background-color:#dbe8f5;"><td style="padding:3px;"><b>สถานีขนถ่าย</b></td><td style="padding:3px;"></td></tr>
<tr style="background-color:#f0f5fa;"><td style="padding:3px;"><b>สถานะยืนยัน</b></td><td style="padding:3px;">N</td></tr>
<tr style="background-color:#dbe8f5;"><td style="padding:3px;"><b>โควตา</b></td><td style="padding:3px;">718191</td></tr>
<tr style="background-color:#f0f5fa;"><td style="padding:3px;"><b>ชาวไร่</b></td><td style="padding:3px;">นาย พงษ์อนันต์ ทางดี</td></tr>
<tr style="background-color:#dbe8f5;"><td style="padding:3px;"><b>ประเภทอ้อย</b></td><td style="padding:3px;">ตอ1</td></tr>
<tr style="background-color:#f0f5fa;"><td style="padding:3px;"><b>พื้นที่</b></td><td style="padding:3px;">4.56</td></tr>
<tr style="background-color:#dbe8f5;"><td style="padding:3px;"><b>ปีผลิต</b></td><td style="padding:3px;">256970</td></tr>
<tr style="background-color:#f0f5fa;"><td style="padding:3px;"><b>ตันรวม</b></td><td style="padding:3px;">41.04</td></tr>
<tr style="background-color:#dbe8f5;"><td style="padding:3px;"><b>สถานที่ส่งอ้อย_1</b></td><td style="padding:3px;">รถตัด</td></tr>
</table>]]></description>
      <MultiGeometry><Polygon><outerBoundaryIs><LinearRing><coordinates>103.468225569563,14.9634296404073 103.469230500083,14.9637837600514 103.469373429905,14.9630855695466 103.468401459865,14.9629684600641 103.468302959843,14.9632271396252 103.468225569563,14.9634296404073</coordinates></LinearRing></outerBoundaryIs></Polygon></MultiGeometry>
    </Placemark>
    <Placemark>
      <name>320105191506</name>
      <styleUrl>#style_82_001</styleUrl>
      <description><![CDATA[<h3 style="margin-bottom:6px; font-family:sans-serif;">320105191506</h3>
<table style="width:100%; border-collapse:collapse; font-family:sans-serif; font-size:12px;">
<tr style="background-color:#99bfe6; color:#000; font-weight:bold;"><td colspan="2" style="padding:4px; text-align:center;">320105191506</td></tr>
<tr style="background-color:#f0f5fa;"><td style="padding:3px; width:45%;"><b>FID</b></td><td style="padding:3px;">1773</td></tr>
<tr style="background-color:#dbe8f5;"><td style="padding:3px;"><b>รหัสแปลง</b></td><td style="padding:3px;">320105191506</td></tr>
<tr style="background-color:#f0f5fa;"><td style="padding:3px;"><b>รหัสกลุ่มคิว</b></td><td style="padding:3px;">82_001</td></tr>
<tr style="background-color:#dbe8f5;"><td style="padding:3px;"><b>นักเกษตร</b></td><td style="padding:3px;">8201</td></tr>
<tr style="background-color:#f0f5fa;"><td style="padding:3px;"><b>ศูนย์</b></td><td style="padding:3px;">K2-82</td></tr>
<tr style="background-color:#dbe8f5;"><td style="padding:3px;"><b>สถานที่ส่งอ้อย</b></td><td style="padding:3px;">รถตัด</td></tr>
<tr style="background-color:#f0f5fa;"><td style="padding:3px;"><b>ประเภทคิว</b></td><td style="padding:3px;">รถตัด</td></tr>
<tr style="background-color:#dbe8f5;"><td style="padding:3px;"><b>ประเภทรถ</b></td><td style="padding:3px;">10 ล้อเดี่ยว</td></tr>
<tr style="background-color:#f0f5fa;"><td style="padding:3px;"><b>ประเภทชาวไร่</b></td><td style="padding:3px;">รถตัด</td></tr>
<tr style="background-color:#dbe8f5;"><td style="padding:3px;"><b>สถานีขนถ่าย</b></td><td style="padding:3px;"></td></tr>
<tr style="background-color:#f0f5fa;"><td style="padding:3px;"><b>สถานะยืนยัน</b></td><td style="padding:3px;">N</td></tr>
<tr style="background-color:#dbe8f5;"><td style="padding:3px;"><b>โควตา</b></td><td style="padding:3px;">716774</td></tr>
<tr style="background-color:#f0f5fa;"><td style="padding:3px;"><b>ชาวไร่</b></td><td style="padding:3px;">นาย จำลอง สืบสาม</td></tr>
<tr style="background-color:#dbe8f5;"><td style="padding:3px;"><b>ประเภทอ้อย</b></td><td style="padding:3px;">ตอ1</td></tr>
<tr style="background-color:#f0f5fa;"><td style="padding:3px;"><b>พื้นที่</b></td><td style="padding:3px;">6.14</td></tr>
<tr style="background-color:#dbe8f5;"><td style="padding:3px;"><b>ปีผลิต</b></td><td style="padding:3px;">256970</td></tr>
<tr style="background-color:#f0f5fa;"><td style="padding:3px;"><b>ตันรวม</b></td><td style="padding:3px;">55.26</td></tr>
<tr style="background-color:#dbe8f5;"><td style="padding:3px;"><b>สถานที่ส่งอ้อย_1</b></td><td style="padding:3px;">รถตัด</td></tr>
</table>]]></description>
      <MultiGeometry><Polygon><outerBoundaryIs><LinearRing><coordinates>103.45468449475,14.9561338803734 103.454638815313,14.956105688464 103.454607873125,14.9558956658657 103.454713507001,14.9557375615309 103.454664154161,14.9556387970275 103.453049631467,14.9564657049781 103.453204789353,14.9568301421868 103.454807452374,14.9562124939239 103.45468449475,14.9561338803734</coordinates></LinearRing></outerBoundaryIs></Polygon></MultiGeometry>
    </Placemark>
    <Placemark>
      <name>320105191515</name>
      <styleUrl>#style_82_001</styleUrl>
      <description><![CDATA[<h3 style="margin-bottom:6px; font-family:sans-serif;">320105191515</h3>
<table style="width:100%; border-collapse:collapse; font-family:sans-serif; font-size:12px;">
<tr style="background-color:#99bfe6; color:#000; font-weight:bold;"><td colspan="2" style="padding:4px; text-align:center;">320105191515</td></tr>
<tr style="background-color:#f0f5fa;"><td style="padding:3px; width:45%;"><b>FID</b></td><td style="padding:3px;">1774</td></tr>
<tr style="background-color:#dbe8f5;"><td style="padding:3px;"><b>รหัสแปลง</b></td><td style="padding:3px;">320105191515</td></tr>
<tr style="background-color:#f0f5fa;"><td style="padding:3px;"><b>รหัสกลุ่มคิว</b></td><td style="padding:3px;">82_001</td></tr>
<tr style="background-color:#dbe8f5;"><td style="padding:3px;"><b>นักเกษตร</b></td><td style="padding:3px;">8201</td></tr>
<tr style="background-color:#f0f5fa;"><td style="padding:3px;"><b>ศูนย์</b></td><td style="padding:3px;">K2-82</td></tr>
<tr style="background-color:#dbe8f5;"><td style="padding:3px;"><b>สถานที่ส่งอ้อย</b></td><td style="padding:3px;">รถตัด</td></tr>
<tr style="background-color:#f0f5fa;"><td style="padding:3px;"><b>ประเภทคิว</b></td><td style="padding:3px;">รถตัด</td></tr>
<tr style="background-color:#dbe8f5;"><td style="padding:3px;"><b>ประเภทรถ</b></td><td style="padding:3px;">10 ล้อเดี่ยว</td></tr>
<tr style="background-color:#f0f5fa;"><td style="padding:3px;"><b>ประเภทชาวไร่</b></td><td style="padding:3px;">รถตัด</td></tr>
<tr style="background-color:#dbe8f5;"><td style="padding:3px;"><b>สถานีขนถ่าย</b></td><td style="padding:3px;"></td></tr>
<tr style="background-color:#f0f5fa;"><td style="padding:3px;"><b>สถานะยืนยัน</b></td><td style="padding:3px;">N</td></tr>
<tr style="background-color:#dbe8f5;"><td style="padding:3px;"><b>โควตา</b></td><td style="padding:3px;">716862</td></tr>
<tr style="background-color:#f0f5fa;"><td style="padding:3px;"><b>ชาวไร่</b></td><td style="padding:3px;">นาย สุริยา โสรกนิษฐ์</td></tr>
<tr style="background-color:#dbe8f5;"><td style="padding:3px;"><b>ประเภทอ้อย</b></td><td style="padding:3px;">ปลายฝน</td></tr>
<tr style="background-color:#f0f5fa;"><td style="padding:3px;"><b>พื้นที่</b></td><td style="padding:3px;">4.01</td></tr>
<tr style="background-color:#dbe8f5;"><td style="padding:3px;"><b>ปีผลิต</b></td><td style="padding:3px;">256970</td></tr>
<tr style="background-color:#f0f5fa;"><td style="padding:3px;"><b>ตันรวม</b></td><td style="padding:3px;">52.13</td></tr>
<tr style="background-color:#dbe8f5;"><td style="padding:3px;"><b>สถานที่ส่งอ้อย_1</b></td><td style="padding:3px;">รถตัด</td></tr>
</table>]]></description>
      <MultiGeometry><Polygon><outerBoundaryIs><LinearRing><coordinates>103.45775499949,14.9545349999219 103.457039999824,14.9536283332796 103.456448333047,14.9540283332169 103.456621666398,14.9542966665992 103.456973333615,14.9541083333655 103.457406666704,14.954710000047 103.45775499949,14.9545349999219</coordinates></LinearRing></outerBoundaryIs></Polygon></MultiGeometry>
    </Placemark>
    <Placemark>
      <name>320105191518</name>
      <styleUrl>#style_82_001</styleUrl>
      <description><![CDATA[<h3 style="margin-bottom:6px; font-family:sans-serif;">320105191518</h3>
<table style="width:100%; border-collapse:collapse; font-family:sans-serif; font-size:12px;">
<tr style="background-color:#99bfe6; color:#000; font-weight:bold;"><td colspan="2" style="padding:4px; text-align:center;">320105191518</td></tr>
<tr style="background-color:#f0f5fa;"><td style="padding:3px; width:45%;"><b>FID</b></td><td style="padding:3px;">1775</td></tr>
<tr style="background-color:#dbe8f5;"><td style="padding:3px;"><b>รหัสแปลง</b></td><td style="padding:3px;">320105191518</td></tr>
<tr style="background-color:#f0f5fa;"><td style="padding:3px;"><b>รหัสกลุ่มคิว</b></td><td style="padding:3px;">82_001</td></tr>
<tr style="background-color:#dbe8f5;"><td style="padding:3px;"><b>นักเกษตร</b></td><td style="padding:3px;">8201</td></tr>
<tr style="background-color:#f0f5fa;"><td style="padding:3px;"><b>ศูนย์</b></td><td style="padding:3px;">K2-82</td></tr>
<tr style="background-color:#dbe8f5;"><td style="padding:3px;"><b>สถานที่ส่งอ้อย</b></td><td style="padding:3px;">รถตัด</td></tr>
<tr style="background-color:#f0f5fa;"><td style="padding:3px;"><b>ประเภทคิว</b></td><td style="padding:3px;">รถตัด</td></tr>
<tr style="background-color:#dbe8f5;"><td style="padding:3px;"><b>ประเภทรถ</b></td><td style="padding:3px;">10 ล้อเดี่ยว</td></tr>
<tr style="background-color:#f0f5fa;"><td style="padding:3px;"><b>ประเภทชาวไร่</b></td><td style="padding:3px;">รถตัด</td></tr>
<tr style="background-color:#dbe8f5;"><td style="padding:3px;"><b>สถานีขนถ่าย</b></td><td style="padding:3px;"></td></tr>
<tr style="background-color:#f0f5fa;"><td style="padding:3px;"><b>สถานะยืนยัน</b></td><td style="padding:3px;">N</td></tr>
<tr style="background-color:#dbe8f5;"><td style="padding:3px;"><b>โควตา</b></td><td style="padding:3px;">716774</td></tr>
<tr style="background-color:#f0f5fa;"><td style="padding:3px;"><b>ชาวไร่</b></td><td style="padding:3px;">นาย จำลอง สืบสาม</td></tr>
<tr style="background-color:#dbe8f5;"><td style="padding:3px;"><b>ประเภทอ้อย</b></td><td style="padding:3px;">ปลายฝน</td></tr>
<tr style="background-color:#f0f5fa;"><td style="padding:3px;"><b>พื้นที่</b></td><td style="padding:3px;">2.91</td></tr>
<tr style="background-color:#dbe8f5;"><td style="padding:3px;"><b>ปีผลิต</b></td><td style="padding:3px;">256970</td></tr>
<tr style="background-color:#f0f5fa;"><td style="padding:3px;"><b>ตันรวม</b></td><td style="padding:3px;">37.83</td></tr>
<tr style="background-color:#dbe8f5;"><td style="padding:3px;"><b>สถานที่ส่งอ้อย_1</b></td><td style="padding:3px;">รถตัด</td></tr>
</table>]]></description>
      <MultiGeometry><Polygon><outerBoundaryIs><LinearRing><coordinates>103.455906089979,14.956049259981 103.457143889598,14.9557148596286 103.457059960078,14.9554022101519 103.456423330013,14.9555928703119 103.455796719651,14.9558139895865 103.455906089979,14.956049259981</coordinates></LinearRing></outerBoundaryIs></Polygon></MultiGeometry>
    </Placemark>
    <Placemark>
      <name>320105191521</name>
      <styleUrl>#style_82_001</styleUrl>
      <description><![CDATA[<h3 style="margin-bottom:6px; font-family:sans-serif;">320105191521</h3>
<table style="width:100%; border-collapse:collapse; font-family:sans-serif; font-size:12px;">
<tr style="background-color:#99bfe6; color:#000; font-weight:bold;"><td colspan="2" style="padding:4px; text-align:center;">320105191521</td></tr>
<tr style="background-color:#f0f5fa;"><td style="padding:3px; width:45%;"><b>FID</b></td><td style="padding:3px;">1776</td></tr>
<tr style="background-color:#dbe8f5;"><td style="padding:3px;"><b>รหัสแปลง</b></td><td style="padding:3px;">320105191521</td></tr>
<tr style="background-color:#f0f5fa;"><td style="padding:3px;"><b>รหัสกลุ่มคิว</b></td><td style="padding:3px;">82_001</td></tr>
<tr style="background-color:#dbe8f5;"><td style="padding:3px;"><b>นักเกษตร</b></td><td style="padding:3px;">8201</td></tr>
<tr style="background-color:#f0f5fa;"><td style="padding:3px;"><b>ศูนย์</b></td><td style="padding:3px;">K2-82</td></tr>
<tr style="background-color:#dbe8f5;"><td style="padding:3px;"><b>สถานที่ส่งอ้อย</b></td><td style="padding:3px;">รถตัด</td></tr>
<tr style="background-color:#f0f5fa;"><td style="padding:3px;"><b>ประเภทคิว</b></td><td style="padding:3px;">รถตัด</td></tr>
<tr style="background-color:#dbe8f5;"><td style="padding:3px;"><b>ประเภทรถ</b></td><td style="padding:3px;">10 ล้อเดี่ยว</td></tr>
<tr style="background-color:#f0f5fa;"><td style="padding:3px;"><b>ประเภทชาวไร่</b></td><td style="padding:3px;">รถตัด</td></tr>
<tr style="background-color:#dbe8f5;"><td style="padding:3px;"><b>สถานีขนถ่าย</b></td><td style="padding:3px;"></td></tr>
<tr style="background-color:#f0f5fa;"><td style="padding:3px;"><b>สถานะยืนยัน</b></td><td style="padding:3px;">N</td></tr>
<tr style="background-color:#dbe8f5;"><td style="padding:3px;"><b>โควตา</b></td><td style="padding:3px;">718191</td></tr>
<tr style="background-color:#f0f5fa;"><td style="padding:3px;"><b>ชาวไร่</b></td><td style="padding:3px;">นาย พงษ์อนันต์ ทางดี</td></tr>
<tr style="background-color:#dbe8f5;"><td style="padding:3px;"><b>ประเภทอ้อย</b></td><td style="padding:3px;">ต้นฝน</td></tr>
<tr style="background-color:#f0f5fa;"><td style="padding:3px;"><b>พื้นที่</b></td><td style="padding:3px;">6.31</td></tr>
<tr style="background-color:#dbe8f5;"><td style="padding:3px;"><b>ปีผลิต</b></td><td style="padding:3px;">256970</td></tr>
<tr style="background-color:#f0f5fa;"><td style="padding:3px;"><b>ตันรวม</b></td><td style="padding:3px;">69.41</td></tr>
<tr style="background-color:#dbe8f5;"><td style="padding:3px;"><b>สถานที่ส่งอ้อย_1</b></td><td style="padding:3px;">รถตัด</td></tr>
</table>]]></description>
      <MultiGeometry><Polygon><outerBoundaryIs><LinearRing><coordinates>103.459641666543,14.953243333241 103.458989999774,14.9522533330229 103.458541666939,14.9523833336462 103.459740000303,14.9540899997289 103.460086666852,14.9538949999503 103.459641666543,14.953243333241</coordinates></LinearRing></outerBoundaryIs></Polygon></MultiGeometry>
    </Placemark>
    <Placemark>
      <name>320105191525</name>
      <styleUrl>#style_82_001</styleUrl>
      <description><![CDATA[<h3 style="margin-bottom:6px; font-family:sans-serif;">320105191525</h3>
<table style="width:100%; border-collapse:collapse; font-family:sans-serif; font-size:12px;">
<tr style="background-color:#99bfe6; color:#000; font-weight:bold;"><td colspan="2" style="padding:4px; text-align:center;">320105191525</td></tr>
<tr style="background-color:#f0f5fa;"><td style="padding:3px; width:45%;"><b>FID</b></td><td style="padding:3px;">1777</td></tr>
<tr style="background-color:#dbe8f5;"><td style="padding:3px;"><b>รหัสแปลง</b></td><td style="padding:3px;">320105191525</td></tr>
<tr style="background-color:#f0f5fa;"><td style="padding:3px;"><b>รหัสกลุ่มคิว</b></td><td style="padding:3px;">82_001</td></tr>
<tr style="background-color:#dbe8f5;"><td style="padding:3px;"><b>นักเกษตร</b></td><td style="padding:3px;">8201</td></tr>
<tr style="background-color:#f0f5fa;"><td style="padding:3px;"><b>ศูนย์</b></td><td style="padding:3px;">K2-82</td></tr>
<tr style="background-color:#dbe8f5;"><td style="padding:3px;"><b>สถานที่ส่งอ้อย</b></td><td style="padding:3px;">รถตัด</td></tr>
<tr style="background-color:#f0f5fa;"><td style="padding:3px;"><b>ประเภทคิว</b></td><td style="padding:3px;">รถตัด</td></tr>
<tr style="background-color:#dbe8f5;"><td style="padding:3px;"><b>ประเภทรถ</b></td><td style="padding:3px;">10 ล้อเดี่ยว</td></tr>
<tr style="background-color:#f0f5fa;"><td style="padding:3px;"><b>ประเภทชาวไร่</b></td><td style="padding:3px;">รถตัด</td></tr>
<tr style="background-color:#dbe8f5;"><td style="padding:3px;"><b>สถานีขนถ่าย</b></td><td style="padding:3px;"></td></tr>
<tr style="background-color:#f0f5fa;"><td style="padding:3px;"><b>สถานะยืนยัน</b></td><td style="padding:3px;">N</td></tr>
<tr style="background-color:#dbe8f5;"><td style="padding:3px;"><b>โควตา</b></td><td style="padding:3px;">716914</td></tr>
<tr style="background-color:#f0f5fa;"><td style="padding:3px;"><b>ชาวไร่</b></td><td style="padding:3px;">นาย พิชิต พวงอินทร์</td></tr>
<tr style="background-color:#dbe8f5;"><td style="padding:3px;"><b>ประเภทอ้อย</b></td><td style="padding:3px;">ตอ1</td></tr>
<tr style="background-color:#f0f5fa;"><td style="padding:3px;"><b>พื้นที่</b></td><td style="padding:3px;">9.43</td></tr>
<tr style="background-color:#dbe8f5;"><td style="padding:3px;"><b>ปีผลิต</b></td><td style="padding:3px;">256970</td></tr>
<tr style="background-color:#f0f5fa;"><td style="padding:3px;"><b>ตันรวม</b></td><td style="padding:3px;">84.87</td></tr>
<tr style="background-color:#dbe8f5;"><td style="padding:3px;"><b>สถานที่ส่งอ้อย_1</b></td><td style="padding:3px;">รถตัด</td></tr>
</table>]]></description>
      <MultiGeometry><Polygon><outerBoundaryIs><LinearRing><coordinates>103.467596350286,14.9464179703514 103.467693500125,14.9463858003097 103.467790049895,14.9465006599943 103.468152489578,14.9462834803918 103.468131049451,14.9462506501514 103.468179220027,14.946215109588 103.467301989939,14.9443366397208 103.467237499732,14.9443280002261 103.467178770031,14.9446904298485 103.467049409745,14.9450681495843 103.467004940059,14.9454592400781 103.466964009688,14.9456007397945 103.467142420154,14.945999699678 103.467335910358,14.9459383299383 103.467596350286,14.9464179703514</coordinates></LinearRing></outerBoundaryIs></Polygon></MultiGeometry>
    </Placemark>
    <Placemark>
      <name>320105191532</name>
      <styleUrl>#style_82_001</styleUrl>
      <description><![CDATA[<h3 style="margin-bottom:6px; font-family:sans-serif;">320105191532</h3>
<table style="width:100%; border-collapse:collapse; font-family:sans-serif; font-size:12px;">
<tr style="background-color:#99bfe6; color:#000; font-weight:bold;"><td colspan="2" style="padding:4px; text-align:center;">320105191532</td></tr>
<tr style="background-color:#f0f5fa;"><td style="padding:3px; width:45%;"><b>FID</b></td><td style="padding:3px;">1778</td></tr>
<tr style="background-color:#dbe8f5;"><td style="padding:3px;"><b>รหัสแปลง</b></td><td style="padding:3px;">320105191532</td></tr>
<tr style="background-color:#f0f5fa;"><td style="padding:3px;"><b>รหัสกลุ่มคิว</b></td><td style="padding:3px;">82_001</td></tr>
<tr style="background-color:#dbe8f5;"><td style="padding:3px;"><b>นักเกษตร</b></td><td style="padding:3px;">8201</td></tr>
<tr style="background-color:#f0f5fa;"><td style="padding:3px;"><b>ศูนย์</b></td><td style="padding:3px;">K2-82</td></tr>
<tr style="background-color:#dbe8f5;"><td style="padding:3px;"><b>สถานที่ส่งอ้อย</b></td><td style="padding:3px;">รถตัด</td></tr>
<tr style="background-color:#f0f5fa;"><td style="padding:3px;"><b>ประเภทคิว</b></td><td style="padding:3px;">รถตัด</td></tr>
<tr style="background-color:#dbe8f5;"><td style="padding:3px;"><b>ประเภทรถ</b></td><td style="padding:3px;">10 ล้อเดี่ยว</td></tr>
<tr style="background-color:#f0f5fa;"><td style="padding:3px;"><b>ประเภทชาวไร่</b></td><td style="padding:3px;">รถตัด</td></tr>
<tr style="background-color:#dbe8f5;"><td style="padding:3px;"><b>สถานีขนถ่าย</b></td><td style="padding:3px;"></td></tr>
<tr style="background-color:#f0f5fa;"><td style="padding:3px;"><b>สถานะยืนยัน</b></td><td style="padding:3px;">N</td></tr>
<tr style="background-color:#dbe8f5;"><td style="padding:3px;"><b>โควตา</b></td><td style="padding:3px;">716914</td></tr>
<tr style="background-color:#f0f5fa;"><td style="padding:3px;"><b>ชาวไร่</b></td><td style="padding:3px;">นาย พิชิต พวงอินทร์</td></tr>
<tr style="background-color:#dbe8f5;"><td style="padding:3px;"><b>ประเภทอ้อย</b></td><td style="padding:3px;">ตอ4</td></tr>
<tr style="background-color:#f0f5fa;"><td style="padding:3px;"><b>พื้นที่</b></td><td style="padding:3px;">7.09</td></tr>
<tr style="background-color:#dbe8f5;"><td style="padding:3px;"><b>ปีผลิต</b></td><td style="padding:3px;">256970</td></tr>
<tr style="background-color:#f0f5fa;"><td style="padding:3px;"><b>ตันรวม</b></td><td style="padding:3px;">49.63</td></tr>
<tr style="background-color:#dbe8f5;"><td style="padding:3px;"><b>สถานที่ส่งอ้อย_1</b></td><td style="padding:3px;">รถตัด</td></tr>
</table>]]></description>
      <MultiGeometry><Polygon><outerBoundaryIs><LinearRing><coordinates>103.468391666597,14.9451383335208 103.467680000078,14.9435533328962 103.467353333156,14.9436566662661 103.467278333143,14.9441166670586 103.467313333518,14.9443100004191 103.467676666763,14.9450883335541 103.467951666636,14.9449533337426 103.468089999766,14.9452616667895 103.468391666597,14.9451383335208</coordinates></LinearRing></outerBoundaryIs></Polygon></MultiGeometry>
    </Placemark>
    <Placemark>
      <name>320110093003</name>
      <styleUrl>#style_82_001</styleUrl>
      <description><![CDATA[<h3 style="margin-bottom:6px; font-family:sans-serif;">320110093003</h3>
<table style="width:100%; border-collapse:collapse; font-family:sans-serif; font-size:12px;">
<tr style="background-color:#99bfe6; color:#000; font-weight:bold;"><td colspan="2" style="padding:4px; text-align:center;">320110093003</td></tr>
<tr style="background-color:#f0f5fa;"><td style="padding:3px; width:45%;"><b>FID</b></td><td style="padding:3px;">1779</td></tr>
<tr style="background-color:#dbe8f5;"><td style="padding:3px;"><b>รหัสแปลง</b></td><td style="padding:3px;">320110093003</td></tr>
<tr style="background-color:#f0f5fa;"><td style="padding:3px;"><b>รหัสกลุ่มคิว</b></td><td style="padding:3px;">82_001</td></tr>
<tr style="background-color:#dbe8f5;"><td style="padding:3px;"><b>นักเกษตร</b></td><td style="padding:3px;">8201</td></tr>
<tr style="background-color:#f0f5fa;"><td style="padding:3px;"><b>ศูนย์</b></td><td style="padding:3px;">K2-82</td></tr>
<tr style="background-color:#dbe8f5;"><td style="padding:3px;"><b>สถานที่ส่งอ้อย</b></td><td style="padding:3px;">รถตัด</td></tr>
<tr style="background-color:#f0f5fa;"><td style="padding:3px;"><b>ประเภทคิว</b></td><td style="padding:3px;">รถตัด</td></tr>
<tr style="background-color:#dbe8f5;"><td style="padding:3px;"><b>ประเภทรถ</b></td><td style="padding:3px;">10 ล้อเดี่ยว</td></tr>
<tr style="background-color:#f0f5fa;"><td style="padding:3px;"><b>ประเภทชาวไร่</b></td><td style="padding:3px;">รถตัด</td></tr>
<tr style="background-color:#dbe8f5;"><td style="padding:3px;"><b>สถานีขนถ่าย</b></td><td style="padding:3px;"></td></tr>
<tr style="background-color:#f0f5fa;"><td style="padding:3px;"><b>สถานะยืนยัน</b></td><td style="padding:3px;">N</td></tr>
<tr style="background-color:#dbe8f5;"><td style="padding:3px;"><b>โควตา</b></td><td style="padding:3px;">718245</td></tr>
<tr style="background-color:#f0f5fa;"><td style="padding:3px;"><b>ชาวไร่</b></td><td style="padding:3px;">นาย สมุห์ ช่อมะลิ</td></tr>
<tr style="background-color:#dbe8f5;"><td style="padding:3px;"><b>ประเภทอ้อย</b></td><td style="padding:3px;">ตอ2</td></tr>
<tr style="background-color:#f0f5fa;"><td style="padding:3px;"><b>พื้นที่</b></td><td style="padding:3px;">4.0</td></tr>
<tr style="background-color:#dbe8f5;"><td style="padding:3px;"><b>ปีผลิต</b></td><td style="padding:3px;">256970</td></tr>
<tr style="background-color:#f0f5fa;"><td style="padding:3px;"><b>ตันรวม</b></td><td style="padding:3px;">32.0</td></tr>
<tr style="background-color:#dbe8f5;"><td style="padding:3px;"><b>สถานที่ส่งอ้อย_1</b></td><td style="padding:3px;">รถตัด</td></tr>
</table>]]></description>
      <MultiGeometry><Polygon><outerBoundaryIs><LinearRing><coordinates>103.489422606023,14.9623997727138 103.489481398095,14.9621511137928 103.48810249075,14.9619200652998 103.488141541646,14.9625308040584 103.488708861718,14.9623915570799 103.488812931015,14.9624615337799 103.488829506909,14.9623864980472 103.489310301454,14.9624487484885 103.48931894138,14.9624150374551 103.489422606023,14.9623997727138</coordinates></LinearRing></outerBoundaryIs></Polygon></MultiGeometry>
    </Placemark>
    <Placemark>
      <name>320114140001</name>
      <styleUrl>#style_82_001</styleUrl>
      <description><![CDATA[<h3 style="margin-bottom:6px; font-family:sans-serif;">320114140001</h3>
<table style="width:100%; border-collapse:collapse; font-family:sans-serif; font-size:12px;">
<tr style="background-color:#99bfe6; color:#000; font-weight:bold;"><td colspan="2" style="padding:4px; text-align:center;">320114140001</td></tr>
<tr style="background-color:#f0f5fa;"><td style="padding:3px; width:45%;"><b>FID</b></td><td style="padding:3px;">1781</td></tr>
<tr style="background-color:#dbe8f5;"><td style="padding:3px;"><b>รหัสแปลง</b></td><td style="padding:3px;">320114140001</td></tr>
<tr style="background-color:#f0f5fa;"><td style="padding:3px;"><b>รหัสกลุ่มคิว</b></td><td style="padding:3px;">82_001</td></tr>
<tr style="background-color:#dbe8f5;"><td style="padding:3px;"><b>นักเกษตร</b></td><td style="padding:3px;">8201</td></tr>
<tr style="background-color:#f0f5fa;"><td style="padding:3px;"><b>ศูนย์</b></td><td style="padding:3px;">K2-82</td></tr>
<tr style="background-color:#dbe8f5;"><td style="padding:3px;"><b>สถานที่ส่งอ้อย</b></td><td style="padding:3px;">รถตัด</td></tr>
<tr style="background-color:#f0f5fa;"><td style="padding:3px;"><b>ประเภทคิว</b></td><td style="padding:3px;">รถตัด</td></tr>
<tr style="background-color:#dbe8f5;"><td style="padding:3px;"><b>ประเภทรถ</b></td><td style="padding:3px;">10 ล้อเดี่ยว</td></tr>
<tr style="background-color:#f0f5fa;"><td style="padding:3px;"><b>ประเภทชาวไร่</b></td><td style="padding:3px;">รถตัด</td></tr>
<tr style="background-color:#dbe8f5;"><td style="padding:3px;"><b>สถานีขนถ่าย</b></td><td style="padding:3px;"></td></tr>
<tr style="background-color:#f0f5fa;"><td style="padding:3px;"><b>สถานะยืนยัน</b></td><td style="padding:3px;">N</td></tr>
<tr style="background-color:#dbe8f5;"><td style="padding:3px;"><b>โควตา</b></td><td style="padding:3px;">718020</td></tr>
<tr style="background-color:#f0f5fa;"><td style="padding:3px;"><b>ชาวไร่</b></td><td style="padding:3px;">นาย เสริม ยงคง</td></tr>
<tr style="background-color:#dbe8f5;"><td style="padding:3px;"><b>ประเภทอ้อย</b></td><td style="padding:3px;">ปลายฝน</td></tr>
<tr style="background-color:#f0f5fa;"><td style="padding:3px;"><b>พื้นที่</b></td><td style="padding:3px;">14.67</td></tr>
<tr style="background-color:#dbe8f5;"><td style="padding:3px;"><b>ปีผลิต</b></td><td style="padding:3px;">256970</td></tr>
<tr style="background-color:#f0f5fa;"><td style="padding:3px;"><b>ตันรวม</b></td><td style="padding:3px;">190.71</td></tr>
<tr style="background-color:#dbe8f5;"><td style="padding:3px;"><b>สถานที่ส่งอ้อย_1</b></td><td style="padding:3px;">รถตัด</td></tr>
</table>]]></description>
      <MultiGeometry><Polygon><outerBoundaryIs><LinearRing><coordinates>103.49399833366,14.7756966664094 103.493753333268,14.7745466668787 103.493124999498,14.7746616669118 103.492879999537,14.7738150003061 103.493476666624,14.773644999954 103.493205354255,14.7726366494494 103.493121666126,14.7726016664229 103.492868333577,14.7727599996258 103.492945000265,14.7731066668917 103.492446742501,14.7732498933067 103.492478333045,14.7735066664654 103.493264999635,14.775821666919 103.493436666906,14.7758766667015 103.49399833366,14.7756966664094</coordinates></LinearRing></outerBoundaryIs></Polygon></MultiGeometry>
    </Placemark>
    <Placemark>
      <name>320116010003</name>
      <styleUrl>#style_82_001</styleUrl>
      <description><![CDATA[<h3 style="margin-bottom:6px; font-family:sans-serif;">320116010003</h3>
<table style="width:100%; border-collapse:collapse; font-family:sans-serif; font-size:12px;">
<tr style="background-color:#99bfe6; color:#000; font-weight:bold;"><td colspan="2" style="padding:4px; text-align:center;">320116010003</td></tr>
<tr style="background-color:#f0f5fa;"><td style="padding:3px; width:45%;"><b>FID</b></td><td style="padding:3px;">1782</td></tr>
<tr style="background-color:#dbe8f5;"><td style="padding:3px;"><b>รหัสแปลง</b></td><td style="padding:3px;">320116010003</td></tr>
<tr style="background-color:#f0f5fa;"><td style="padding:3px;"><b>รหัสกลุ่มคิว</b></td><td style="padding:3px;">82_001</td></tr>
<tr style="background-color:#dbe8f5;"><td style="padding:3px;"><b>นักเกษตร</b></td><td style="padding:3px;">8201</td></tr>
<tr style="background-color:#f0f5fa;"><td style="padding:3px;"><b>ศูนย์</b></td><td style="padding:3px;">K2-82</td></tr>
<tr style="background-color:#dbe8f5;"><td style="padding:3px;"><b>สถานที่ส่งอ้อย</b></td><td style="padding:3px;">รถตัด</td></tr>
<tr style="background-color:#f0f5fa;"><td style="padding:3px;"><b>ประเภทคิว</b></td><td style="padding:3px;">รถตัด</td></tr>
<tr style="background-color:#dbe8f5;"><td style="padding:3px;"><b>ประเภทรถ</b></td><td style="padding:3px;">10 ล้อเดี่ยว</td></tr>
<tr style="background-color:#f0f5fa;"><td style="padding:3px;"><b>ประเภทชาวไร่</b></td><td style="padding:3px;">รถตัด</td></tr>
<tr style="background-color:#dbe8f5;"><td style="padding:3px;"><b>สถานีขนถ่าย</b></td><td style="padding:3px;"></td></tr>
<tr style="background-color:#f0f5fa;"><td style="padding:3px;"><b>สถานะยืนยัน</b></td><td style="padding:3px;">N</td></tr>
<tr style="background-color:#dbe8f5;"><td style="padding:3px;"><b>โควตา</b></td><td style="padding:3px;">713686</td></tr>
<tr style="background-color:#f0f5fa;"><td style="padding:3px;"><b>ชาวไร่</b></td><td style="padding:3px;">นาย สุธี ใจหนึ่ง</td></tr>
<tr style="background-color:#dbe8f5;"><td style="padding:3px;"><b>ประเภทอ้อย</b></td><td style="padding:3px;">ปลายฝน</td></tr>
<tr style="background-color:#f0f5fa;"><td style="padding:3px;"><b>พื้นที่</b></td><td style="padding:3px;">6.97</td></tr>
<tr style="background-color:#dbe8f5;"><td style="padding:3px;"><b>ปีผลิต</b></td><td style="padding:3px;">256970</td></tr>
<tr style="background-color:#f0f5fa;"><td style="padding:3px;"><b>ตันรวม</b></td><td style="padding:3px;">90.61</td></tr>
<tr style="background-color:#dbe8f5;"><td style="padding:3px;"><b>สถานที่ส่งอ้อย_1</b></td><td style="padding:3px;">รถตัด</td></tr>
</table>]]></description>
      <MultiGeometry><Polygon><outerBoundaryIs><LinearRing><coordinates>103.545616666428,14.8018400004271 103.545355000337,14.802100000015 103.545196666539,14.8018683336595 103.544790000015,14.8021266662186 103.544881666271,14.8023433330441 103.544498333509,14.80255833356 103.544231666713,14.802618333212 103.544256666084,14.8030649996456 103.544263130361,14.8030653588217 103.544275814677,14.8029940364721 103.544453589445,14.8029117991482 103.544533875255,14.8029989578433 103.545443333168,14.8026299997453 103.545928333197,14.8022633337175 103.545616666428,14.8018400004271</coordinates></LinearRing></outerBoundaryIs></Polygon></MultiGeometry>
    </Placemark>
    <Placemark>
      <name>320116011501</name>
      <styleUrl>#style_82_001</styleUrl>
      <description><![CDATA[<h3 style="margin-bottom:6px; font-family:sans-serif;">320116011501</h3>
<table style="width:100%; border-collapse:collapse; font-family:sans-serif; font-size:12px;">
<tr style="background-color:#99bfe6; color:#000; font-weight:bold;"><td colspan="2" style="padding:4px; text-align:center;">320116011501</td></tr>
<tr style="background-color:#f0f5fa;"><td style="padding:3px; width:45%;"><b>FID</b></td><td style="padding:3px;">1783</td></tr>
<tr style="background-color:#dbe8f5;"><td style="padding:3px;"><b>รหัสแปลง</b></td><td style="padding:3px;">320116011501</td></tr>
<tr style="background-color:#f0f5fa;"><td style="padding:3px;"><b>รหัสกลุ่มคิว</b></td><td style="padding:3px;">82_001</td></tr>
<tr style="background-color:#dbe8f5;"><td style="padding:3px;"><b>นักเกษตร</b></td><td style="padding:3px;">8201</td></tr>
<tr style="background-color:#f0f5fa;"><td style="padding:3px;"><b>ศูนย์</b></td><td style="padding:3px;">K2-82</td></tr>
<tr style="background-color:#dbe8f5;"><td style="padding:3px;"><b>สถานที่ส่งอ้อย</b></td><td style="padding:3px;">รถตัด</td></tr>
<tr style="background-color:#f0f5fa;"><td style="padding:3px;"><b>ประเภทคิว</b></td><td style="padding:3px;">รถตัด</td></tr>
<tr style="background-color:#dbe8f5;"><td style="padding:3px;"><b>ประเภทรถ</b></td><td style="padding:3px;">10 ล้อเดี่ยว</td></tr>
<tr style="background-color:#f0f5fa;"><td style="padding:3px;"><b>ประเภทชาวไร่</b></td><td style="padding:3px;">รถตัด</td></tr>
<tr style="background-color:#dbe8f5;"><td style="padding:3px;"><b>สถานีขนถ่าย</b></td><td style="padding:3px;"></td></tr>
<tr style="background-color:#f0f5fa;"><td style="padding:3px;"><b>สถานะยืนยัน</b></td><td style="padding:3px;">N</td></tr>
<tr style="background-color:#dbe8f5;"><td style="padding:3px;"><b>โควตา</b></td><td style="padding:3px;">713686</td></tr>
<tr style="background-color:#f0f5fa;"><td style="padding:3px;"><b>ชาวไร่</b></td><td style="padding:3px;">นาย สุธี ใจหนึ่ง</td></tr>
<tr style="background-color:#dbe8f5;"><td style="padding:3px;"><b>ประเภทอ้อย</b></td><td style="padding:3px;">ตอ2</td></tr>
<tr style="background-color:#f0f5fa;"><td style="padding:3px;"><b>พื้นที่</b></td><td style="padding:3px;">4.03</td></tr>
<tr style="background-color:#dbe8f5;"><td style="padding:3px;"><b>ปีผลิต</b></td><td style="padding:3px;">256970</td></tr>
<tr style="background-color:#f0f5fa;"><td style="padding:3px;"><b>ตันรวม</b></td><td style="padding:3px;">32.24</td></tr>
<tr style="background-color:#dbe8f5;"><td style="padding:3px;"><b>สถานที่ส่งอ้อย_1</b></td><td style="padding:3px;">รถตัด</td></tr>
</table>]]></description>
      <MultiGeometry><Polygon><outerBoundaryIs><LinearRing><coordinates>103.545329484419,14.8033032781726 103.544668226987,14.8036531395031 103.545032629603,14.8042804633731 103.545639623245,14.8040859264319 103.545329484419,14.8033032781726</coordinates></LinearRing></outerBoundaryIs></Polygon></MultiGeometry>
    </Placemark>
    <Placemark>
      <name>320116111518</name>
      <styleUrl>#style_82_001</styleUrl>
      <description><![CDATA[<h3 style="margin-bottom:6px; font-family:sans-serif;">320116111518</h3>
<table style="width:100%; border-collapse:collapse; font-family:sans-serif; font-size:12px;">
<tr style="background-color:#99bfe6; color:#000; font-weight:bold;"><td colspan="2" style="padding:4px; text-align:center;">320116111518</td></tr>
<tr style="background-color:#f0f5fa;"><td style="padding:3px; width:45%;"><b>FID</b></td><td style="padding:3px;">1784</td></tr>
<tr style="background-color:#dbe8f5;"><td style="padding:3px;"><b>รหัสแปลง</b></td><td style="padding:3px;">320116111518</td></tr>
<tr style="background-color:#f0f5fa;"><td style="padding:3px;"><b>รหัสกลุ่มคิว</b></td><td style="padding:3px;">82_001</td></tr>
<tr style="background-color:#dbe8f5;"><td style="padding:3px;"><b>นักเกษตร</b></td><td style="padding:3px;">8201</td></tr>
<tr style="background-color:#f0f5fa;"><td style="padding:3px;"><b>ศูนย์</b></td><td style="padding:3px;">K2-82</td></tr>
<tr style="background-color:#dbe8f5;"><td style="padding:3px;"><b>สถานที่ส่งอ้อย</b></td><td style="padding:3px;">รถตัด</td></tr>
<tr style="background-color:#f0f5fa;"><td style="padding:3px;"><b>ประเภทคิว</b></td><td style="padding:3px;">รถตัด</td></tr>
<tr style="background-color:#dbe8f5;"><td style="padding:3px;"><b>ประเภทรถ</b></td><td style="padding:3px;">10 ล้อเดี่ยว</td></tr>
<tr style="background-color:#f0f5fa;"><td style="padding:3px;"><b>ประเภทชาวไร่</b></td><td style="padding:3px;">รถตัด</td></tr>
<tr style="background-color:#dbe8f5;"><td style="padding:3px;"><b>สถานีขนถ่าย</b></td><td style="padding:3px;"></td></tr>
<tr style="background-color:#f0f5fa;"><td style="padding:3px;"><b>สถานะยืนยัน</b></td><td style="padding:3px;">N</td></tr>
<tr style="background-color:#dbe8f5;"><td style="padding:3px;"><b>โควตา</b></td><td style="padding:3px;">713686</td></tr>
<tr style="background-color:#f0f5fa;"><td style="padding:3px;"><b>ชาวไร่</b></td><td style="padding:3px;">นาย สุธี ใจหนึ่ง</td></tr>
<tr style="background-color:#dbe8f5;"><td style="padding:3px;"><b>ประเภทอ้อย</b></td><td style="padding:3px;">ตอ1</td></tr>
<tr style="background-color:#f0f5fa;"><td style="padding:3px;"><b>พื้นที่</b></td><td style="padding:3px;">18.55</td></tr>
<tr style="background-color:#dbe8f5;"><td style="padding:3px;"><b>ปีผลิต</b></td><td style="padding:3px;">256970</td></tr>
<tr style="background-color:#f0f5fa;"><td style="padding:3px;"><b>ตันรวม</b></td><td style="padding:3px;">166.95</td></tr>
<tr style="background-color:#dbe8f5;"><td style="padding:3px;"><b>สถานที่ส่งอ้อย_1</b></td><td style="padding:3px;">รถตัด</td></tr>
</table>]]></description>
      <MultiGeometry><Polygon><outerBoundaryIs><LinearRing><coordinates>103.563283332862,14.8091666667812 103.565945000295,14.808741666227 103.565893332798,14.8082283328837 103.56496333358,14.808398333664 103.564463333452,14.8084966666366 103.56446500024,14.8085649995496 103.564443333507,14.8085700000338 103.564413333489,14.8085083336118 103.564363333308,14.808491666894 103.56439999958,14.8084699995818 103.565120000044,14.8083349998074 103.565751666777,14.8082216663155 103.565748332869,14.8081499999453 103.565686666422,14.8081533333631 103.565574999897,14.8077666669912 103.563794999535,14.8080916665639 103.563743333343,14.8081433329835 103.563754999934,14.8082449999873 103.563533333531,14.8083000000039 103.563504999997,14.808233333229 103.563135000163,14.8083883328615 103.563283332862,14.8091666667812</coordinates></LinearRing></outerBoundaryIs></Polygon></MultiGeometry>
    </Placemark>
    <Placemark>
      <name>320105190006</name>
      <styleUrl>#style_82_001</styleUrl>
      <description><![CDATA[<h3 style="margin-bottom:6px; font-family:sans-serif;">320105190006</h3>
<table style="width:100%; border-collapse:collapse; font-family:sans-serif; font-size:12px;">
<tr style="background-color:#99bfe6; color:#000; font-weight:bold;"><td colspan="2" style="padding:4px; text-align:center;">320105190006</td></tr>
<tr style="background-color:#f0f5fa;"><td style="padding:3px; width:45%;"><b>FID</b></td><td style="padding:3px;">3860</td></tr>
<tr style="background-color:#dbe8f5;"><td style="padding:3px;"><b>รหัสแปลง</b></td><td style="padding:3px;">320105190006</td></tr>
<tr style="background-color:#f0f5fa;"><td style="padding:3px;"><b>รหัสกลุ่มคิว</b></td><td style="padding:3px;">82_001</td></tr>
<tr style="background-color:#dbe8f5;"><td style="padding:3px;"><b>นักเกษตร</b></td><td style="padding:3px;">8201</td></tr>
<tr style="background-color:#f0f5fa;"><td style="padding:3px;"><b>ศูนย์</b></td><td style="padding:3px;">K2-82</td></tr>
<tr style="background-color:#dbe8f5;"><td style="padding:3px;"><b>สถานที่ส่งอ้อย</b></td><td style="padding:3px;">รถตัด</td></tr>
<tr style="background-color:#f0f5fa;"><td style="padding:3px;"><b>ประเภทคิว</b></td><td style="padding:3px;">รถตัด</td></tr>
<tr style="background-color:#dbe8f5;"><td style="padding:3px;"><b>ประเภทรถ</b></td><td style="padding:3px;">10 ล้อเดี่ยว</td></tr>
<tr style="background-color:#f0f5fa;"><td style="padding:3px;"><b>ประเภทชาวไร่</b></td><td style="padding:3px;">รถตัด</td></tr>
<tr style="background-color:#dbe8f5;"><td style="padding:3px;"><b>สถานีขนถ่าย</b></td><td style="padding:3px;"></td></tr>
<tr style="background-color:#f0f5fa;"><td style="padding:3px;"><b>สถานะยืนยัน</b></td><td style="padding:3px;">N</td></tr>
<tr style="background-color:#dbe8f5;"><td style="padding:3px;"><b>โควตา</b></td><td style="padding:3px;">716356</td></tr>
<tr style="background-color:#f0f5fa;"><td style="padding:3px;"><b>ชาวไร่</b></td><td style="padding:3px;">นาย สำเรือง ออกหาญ</td></tr>
<tr style="background-color:#dbe8f5;"><td style="padding:3px;"><b>ประเภทอ้อย</b></td><td style="padding:3px;">ตอ1</td></tr>
<tr style="background-color:#f0f5fa;"><td style="padding:3px;"><b>พื้นที่</b></td><td style="padding:3px;">6.35</td></tr>
<tr style="background-color:#dbe8f5;"><td style="padding:3px;"><b>ปีผลิต</b></td><td style="padding:3px;">256970</td></tr>
<tr style="background-color:#f0f5fa;"><td style="padding:3px;"><b>ตันรวม</b></td><td style="padding:3px;">57.15</td></tr>
<tr style="background-color:#dbe8f5;"><td style="padding:3px;"><b>สถานที่ส่งอ้อย_1</b></td><td style="padding:3px;">รถตัด</td></tr>
</table>]]></description>
      <MultiGeometry><Polygon><outerBoundaryIs><LinearRing><coordinates>103.464199389998,14.9451086098266 103.464549761629,14.9450097710063 103.464757962478,14.9449439017093 103.464882305291,14.9448930342209 103.465119720547,14.944772155955 103.465359410272,14.9446845303382 103.465250629963,14.9444622398914 103.465121869508,14.9443194702758 103.465061009503,14.9442322100287 103.46467532953,14.9439827599047 103.464660999958,14.9439802396555 103.464431470065,14.9440520195386 103.464318750314,14.9441640103906 103.464296669507,14.9441544397127 103.464205099434,14.9442213698806 103.464199389998,14.9451086098266</coordinates></LinearRing></outerBoundaryIs></Polygon></MultiGeometry>
    </Placemark>
    <Placemark>
      <name>320104111504</name>
      <styleUrl>#style_82_001</styleUrl>
      <description><![CDATA[<h3 style="margin-bottom:6px; font-family:sans-serif;">320104111504</h3>
<table style="width:100%; border-collapse:collapse; font-family:sans-serif; font-size:12px;">
<tr style="background-color:#99bfe6; color:#000; font-weight:bold;"><td colspan="2" style="padding:4px; text-align:center;">320104111504</td></tr>
<tr style="background-color:#f0f5fa;"><td style="padding:3px; width:45%;"><b>FID</b></td><td style="padding:3px;">4045</td></tr>
<tr style="background-color:#dbe8f5;"><td style="padding:3px;"><b>รหัสแปลง</b></td><td style="padding:3px;">320104111504</td></tr>
<tr style="background-color:#f0f5fa;"><td style="padding:3px;"><b>รหัสกลุ่มคิว</b></td><td style="padding:3px;">82_001</td></tr>
<tr style="background-color:#dbe8f5;"><td style="padding:3px;"><b>นักเกษตร</b></td><td style="padding:3px;">8201</td></tr>
<tr style="background-color:#f0f5fa;"><td style="padding:3px;"><b>ศูนย์</b></td><td style="padding:3px;">K2-82</td></tr>
<tr style="background-color:#dbe8f5;"><td style="padding:3px;"><b>สถานที่ส่งอ้อย</b></td><td style="padding:3px;">รถตัด</td></tr>
<tr style="background-color:#f0f5fa;"><td style="padding:3px;"><b>ประเภทคิว</b></td><td style="padding:3px;">รถตัด</td></tr>
<tr style="background-color:#dbe8f5;"><td style="padding:3px;"><b>ประเภทรถ</b></td><td style="padding:3px;">10 ล้อเดี่ยว</td></tr>
<tr style="background-color:#f0f5fa;"><td style="padding:3px;"><b>ประเภทชาวไร่</b></td><td style="padding:3px;">รถตัด</td></tr>
<tr style="background-color:#dbe8f5;"><td style="padding:3px;"><b>สถานีขนถ่าย</b></td><td style="padding:3px;"></td></tr>
<tr style="background-color:#f0f5fa;"><td style="padding:3px;"><b>สถานะยืนยัน</b></td><td style="padding:3px;">N</td></tr>
<tr style="background-color:#dbe8f5;"><td style="padding:3px;"><b>โควตา</b></td><td style="padding:3px;">718020</td></tr>
<tr style="background-color:#f0f5fa;"><td style="padding:3px;"><b>ชาวไร่</b></td><td style="padding:3px;">นาย เสริม ยงคง</td></tr>
<tr style="background-color:#dbe8f5;"><td style="padding:3px;"><b>ประเภทอ้อย</b></td><td style="padding:3px;">ปลายฝน</td></tr>
<tr style="background-color:#f0f5fa;"><td style="padding:3px;"><b>พื้นที่</b></td><td style="padding:3px;">4.45</td></tr>
<tr style="background-color:#dbe8f5;"><td style="padding:3px;"><b>ปีผลิต</b></td><td style="padding:3px;">256970</td></tr>
<tr style="background-color:#f0f5fa;"><td style="padding:3px;"><b>ตันรวม</b></td><td style="padding:3px;">57.85</td></tr>
<tr style="background-color:#dbe8f5;"><td style="padding:3px;"><b>สถานที่ส่งอ้อย_1</b></td><td style="padding:3px;">รถตัด</td></tr>
</table>]]></description>
      <MultiGeometry><Polygon><outerBoundaryIs><LinearRing><coordinates>103.422077620279,15.0206959700491 103.422189029912,15.0222550300151 103.422544470205,15.0221827902603 103.42246788948,15.0205917898305 103.422077620279,15.0206959700491</coordinates></LinearRing></outerBoundaryIs></Polygon></MultiGeometry>
    </Placemark>
    <Placemark>
      <name>320104050026</name>
      <styleUrl>#style_82_001</styleUrl>
      <description><![CDATA[<h3 style="margin-bottom:6px; font-family:sans-serif;">320104050026</h3>
<table style="width:100%; border-collapse:collapse; font-family:sans-serif; font-size:12px;">
<tr style="background-color:#99bfe6; color:#000; font-weight:bold;"><td colspan="2" style="padding:4px; text-align:center;">320104050026</td></tr>
<tr style="background-color:#f0f5fa;"><td style="padding:3px; width:45%;"><b>FID</b></td><td style="padding:3px;">4194</td></tr>
<tr style="background-color:#dbe8f5;"><td style="padding:3px;"><b>รหัสแปลง</b></td><td style="padding:3px;">320104050026</td></tr>
<tr style="background-color:#f0f5fa;"><td style="padding:3px;"><b>รหัสกลุ่มคิว</b></td><td style="padding:3px;">82_001</td></tr>
<tr style="background-color:#dbe8f5;"><td style="padding:3px;"><b>นักเกษตร</b></td><td style="padding:3px;">8201</td></tr>
<tr style="background-color:#f0f5fa;"><td style="padding:3px;"><b>ศูนย์</b></td><td style="padding:3px;">K2-82</td></tr>
<tr style="background-color:#dbe8f5;"><td style="padding:3px;"><b>สถานที่ส่งอ้อย</b></td><td style="padding:3px;">รถตัด</td></tr>
<tr style="background-color:#f0f5fa;"><td style="padding:3px;"><b>ประเภทคิว</b></td><td style="padding:3px;">รถตัด</td></tr>
<tr style="background-color:#dbe8f5;"><td style="padding:3px;"><b>ประเภทรถ</b></td><td style="padding:3px;">10 ล้อเดี่ยว</td></tr>
<tr style="background-color:#f0f5fa;"><td style="padding:3px;"><b>ประเภทชาวไร่</b></td><td style="padding:3px;">รถตัด</td></tr>
<tr style="background-color:#dbe8f5;"><td style="padding:3px;"><b>สถานีขนถ่าย</b></td><td style="padding:3px;"></td></tr>
<tr style="background-color:#f0f5fa;"><td style="padding:3px;"><b>สถานะยืนยัน</b></td><td style="padding:3px;">N</td></tr>
<tr style="background-color:#dbe8f5;"><td style="padding:3px;"><b>โควตา</b></td><td style="padding:3px;">787063</td></tr>
<tr style="background-color:#f0f5fa;"><td style="padding:3px;"><b>ชาวไร่</b></td><td style="padding:3px;">นาย สันติ สายบุตร</td></tr>
<tr style="background-color:#dbe8f5;"><td style="padding:3px;"><b>ประเภทอ้อย</b></td><td style="padding:3px;">ตอ2</td></tr>
<tr style="background-color:#f0f5fa;"><td style="padding:3px;"><b>พื้นที่</b></td><td style="padding:3px;">8.92</td></tr>
<tr style="background-color:#dbe8f5;"><td style="padding:3px;"><b>ปีผลิต</b></td><td style="padding:3px;">256970</td></tr>
<tr style="background-color:#f0f5fa;"><td style="padding:3px;"><b>ตันรวม</b></td><td style="padding:3px;">71.36</td></tr>
<tr style="background-color:#dbe8f5;"><td style="padding:3px;"><b>สถานที่ส่งอ้อย_1</b></td><td style="padding:3px;">รถตัด</td></tr>
</table>]]></description>
      <MultiGeometry><Polygon><outerBoundaryIs><LinearRing><coordinates>103.452723690289,15.017834390186 103.452490280087,15.0167378699709 103.451585639649,15.0168601301013 103.451627999827,15.0180536100146 103.452386140223,15.0179471804278 103.452723690289,15.017834390186</coordinates></LinearRing></outerBoundaryIs></Polygon></MultiGeometry>
    </Placemark>
    <Placemark>
      <name>320118120003</name>
      <styleUrl>#style_82_001</styleUrl>
      <description><![CDATA[<h3 style="margin-bottom:6px; font-family:sans-serif;">320118120003</h3>
<table style="width:100%; border-collapse:collapse; font-family:sans-serif; font-size:12px;">
<tr style="background-color:#99bfe6; color:#000; font-weight:bold;"><td colspan="2" style="padding:4px; text-align:center;">320118120003</td></tr>
<tr style="background-color:#f0f5fa;"><td style="padding:3px; width:45%;"><b>FID</b></td><td style="padding:3px;">4489</td></tr>
<tr style="background-color:#dbe8f5;"><td style="padding:3px;"><b>รหัสแปลง</b></td><td style="padding:3px;">320118120003</td></tr>
<tr style="background-color:#f0f5fa;"><td style="padding:3px;"><b>รหัสกลุ่มคิว</b></td><td style="padding:3px;">82_001</td></tr>
<tr style="background-color:#dbe8f5;"><td style="padding:3px;"><b>นักเกษตร</b></td><td style="padding:3px;">8201</td></tr>
<tr style="background-color:#f0f5fa;"><td style="padding:3px;"><b>ศูนย์</b></td><td style="padding:3px;">K2-82</td></tr>
<tr style="background-color:#dbe8f5;"><td style="padding:3px;"><b>สถานที่ส่งอ้อย</b></td><td style="padding:3px;">รถตัด</td></tr>
<tr style="background-color:#f0f5fa;"><td style="padding:3px;"><b>ประเภทคิว</b></td><td style="padding:3px;">รถตัด</td></tr>
<tr style="background-color:#dbe8f5;"><td style="padding:3px;"><b>ประเภทรถ</b></td><td style="padding:3px;">10 ล้อเดี่ยว</td></tr>
<tr style="background-color:#f0f5fa;"><td style="padding:3px;"><b>ประเภทชาวไร่</b></td><td style="padding:3px;">รถตัด</td></tr>
<tr style="background-color:#dbe8f5;"><td style="padding:3px;"><b>สถานีขนถ่าย</b></td><td style="padding:3px;"></td></tr>
<tr style="background-color:#f0f5fa;"><td style="padding:3px;"><b>สถานะยืนยัน</b></td><td style="padding:3px;">N</td></tr>
<tr style="background-color:#dbe8f5;"><td style="padding:3px;"><b>โควตา</b></td><td style="padding:3px;">718292</td></tr>
<tr style="background-color:#f0f5fa;"><td style="padding:3px;"><b>ชาวไร่</b></td><td style="padding:3px;">นาง เกศณีย์ กำลังมา</td></tr>
<tr style="background-color:#dbe8f5;"><td style="padding:3px;"><b>ประเภทอ้อย</b></td><td style="padding:3px;">ปลายฝน</td></tr>
<tr style="background-color:#f0f5fa;"><td style="padding:3px;"><b>พื้นที่</b></td><td style="padding:3px;">13.77</td></tr>
<tr style="background-color:#dbe8f5;"><td style="padding:3px;"><b>ปีผลิต</b></td><td style="padding:3px;">256970</td></tr>
<tr style="background-color:#f0f5fa;"><td style="padding:3px;"><b>ตันรวม</b></td><td style="padding:3px;">179.01</td></tr>
<tr style="background-color:#dbe8f5;"><td style="padding:3px;"><b>สถานที่ส่งอ้อย_1</b></td><td style="padding:3px;">รถตัด</td></tr>
</table>]]></description>
      <MultiGeometry><Polygon><outerBoundaryIs><LinearRing><coordinates>103.406282249636,14.7913582095841 103.405995009968,14.7915125496202 103.404965519788,14.7921165297864 103.40496203007,14.7920856701864 103.405992399896,14.7914682201755 103.405738290084,14.7911417503758 103.405056810345,14.7915263402813 103.405000489521,14.7915492903147 103.403788340213,14.7919056795639 103.403728710022,14.7920520899354 103.404227469598,14.7928682703754 103.404383359603,14.7927804297792 103.404219470151,14.7923548299227 103.404939589843,14.7921131500418 103.40517251979,14.7924916803392 103.406617350214,14.7915972199731 103.406611530081,14.7915404602876 103.406445939739,14.7915839802044 103.406282249636,14.7913582095841</coordinates></LinearRing></outerBoundaryIs></Polygon></MultiGeometry>
    </Placemark>
    <Placemark>
      <name>320104091504</name>
      <styleUrl>#style_82_001</styleUrl>
      <description><![CDATA[<h3 style="margin-bottom:6px; font-family:sans-serif;">320104091504</h3>
<table style="width:100%; border-collapse:collapse; font-family:sans-serif; font-size:12px;">
<tr style="background-color:#99bfe6; color:#000; font-weight:bold;"><td colspan="2" style="padding:4px; text-align:center;">320104091504</td></tr>
<tr style="background-color:#f0f5fa;"><td style="padding:3px; width:45%;"><b>FID</b></td><td style="padding:3px;">4981</td></tr>
<tr style="background-color:#dbe8f5;"><td style="padding:3px;"><b>รหัสแปลง</b></td><td style="padding:3px;">320104091504</td></tr>
<tr style="background-color:#f0f5fa;"><td style="padding:3px;"><b>รหัสกลุ่มคิว</b></td><td style="padding:3px;">82_001</td></tr>
<tr style="background-color:#dbe8f5;"><td style="padding:3px;"><b>นักเกษตร</b></td><td style="padding:3px;">8201</td></tr>
<tr style="background-color:#f0f5fa;"><td style="padding:3px;"><b>ศูนย์</b></td><td style="padding:3px;">K2-82</td></tr>
<tr style="background-color:#dbe8f5;"><td style="padding:3px;"><b>สถานที่ส่งอ้อย</b></td><td style="padding:3px;">รถตัด</td></tr>
<tr style="background-color:#f0f5fa;"><td style="padding:3px;"><b>ประเภทคิว</b></td><td style="padding:3px;">รถตัด</td></tr>
<tr style="background-color:#dbe8f5;"><td style="padding:3px;"><b>ประเภทรถ</b></td><td style="padding:3px;">10 ล้อเดี่ยว</td></tr>
<tr style="background-color:#f0f5fa;"><td style="padding:3px;"><b>ประเภทชาวไร่</b></td><td style="padding:3px;">รถตัด</td></tr>
<tr style="background-color:#dbe8f5;"><td style="padding:3px;"><b>สถานีขนถ่าย</b></td><td style="padding:3px;"></td></tr>
<tr style="background-color:#f0f5fa;"><td style="padding:3px;"><b>สถานะยืนยัน</b></td><td style="padding:3px;">N</td></tr>
<tr style="background-color:#dbe8f5;"><td style="padding:3px;"><b>โควตา</b></td><td style="padding:3px;">718020</td></tr>
<tr style="background-color:#f0f5fa;"><td style="padding:3px;"><b>ชาวไร่</b></td><td style="padding:3px;">นาย เสริม ยงคง</td></tr>
<tr style="background-color:#dbe8f5;"><td style="padding:3px;"><b>ประเภทอ้อย</b></td><td style="padding:3px;">ตอ2</td></tr>
<tr style="background-color:#f0f5fa;"><td style="padding:3px;"><b>พื้นที่</b></td><td style="padding:3px;">19.78</td></tr>
<tr style="background-color:#dbe8f5;"><td style="padding:3px;"><b>ปีผลิต</b></td><td style="padding:3px;">256970</td></tr>
<tr style="background-color:#f0f5fa;"><td style="padding:3px;"><b>ตันรวม</b></td><td style="padding:3px;">158.24</td></tr>
<tr style="background-color:#dbe8f5;"><td style="padding:3px;"><b>สถานที่ส่งอ้อย_1</b></td><td style="padding:3px;">รถตัด</td></tr>
</table>]]></description>
      <MultiGeometry><Polygon><outerBoundaryIs><LinearRing><coordinates>103.534525000327,14.9901783337094 103.534528333282,14.9901749996459 103.534961666641,14.9901316661995 103.533730000324,14.98638000022 103.533268332969,14.9865300003013 103.533216666767,14.9864049999139 103.532785000058,14.9865566670501 103.532865000232,14.9867216667227 103.532886666102,14.9867933333304 103.533015000021,14.9870666668154 103.533069999718,14.9871983334769 103.533099999931,14.9872716669943 103.533113333001,14.9873033334697 103.533135000263,14.9873366669049 103.533151666495,14.9873783330504 103.533196666247,14.9874583328874 103.533244999929,14.9875183333077 103.533278333601,14.9875816667686 103.533296667014,14.9876016670894 103.533353333147,14.9876966669359 103.533409999965,14.9877800001941 103.533469999487,14.9878833333827 103.533579999604,14.9880866662903 103.533616666273,14.9881683333326 103.534525000327,14.9901783337094</coordinates></LinearRing></outerBoundaryIs></Polygon></MultiGeometry>
    </Placemark>
    <Placemark>
      <name>320105181504</name>
      <styleUrl>#style_82_001</styleUrl>
      <description><![CDATA[<h3 style="margin-bottom:6px; font-family:sans-serif;">320105181504</h3>
<table style="width:100%; border-collapse:collapse; font-family:sans-serif; font-size:12px;">
<tr style="background-color:#99bfe6; color:#000; font-weight:bold;"><td colspan="2" style="padding:4px; text-align:center;">320105181504</td></tr>
<tr style="background-color:#f0f5fa;"><td style="padding:3px; width:45%;"><b>FID</b></td><td style="padding:3px;">4982</td></tr>
<tr style="background-color:#dbe8f5;"><td style="padding:3px;"><b>รหัสแปลง</b></td><td style="padding:3px;">320105181504</td></tr>
<tr style="background-color:#f0f5fa;"><td style="padding:3px;"><b>รหัสกลุ่มคิว</b></td><td style="padding:3px;">82_001</td></tr>
<tr style="background-color:#dbe8f5;"><td style="padding:3px;"><b>นักเกษตร</b></td><td style="padding:3px;">8201</td></tr>
<tr style="background-color:#f0f5fa;"><td style="padding:3px;"><b>ศูนย์</b></td><td style="padding:3px;">K2-82</td></tr>
<tr style="background-color:#dbe8f5;"><td style="padding:3px;"><b>สถานที่ส่งอ้อย</b></td><td style="padding:3px;">รถตัด</td></tr>
<tr style="background-color:#f0f5fa;"><td style="padding:3px;"><b>ประเภทคิว</b></td><td style="padding:3px;">รถตัด</td></tr>
<tr style="background-color:#dbe8f5;"><td style="padding:3px;"><b>ประเภทรถ</b></td><td style="padding:3px;">10 ล้อเดี่ยว</td></tr>
<tr style="background-color:#f0f5fa;"><td style="padding:3px;"><b>ประเภทชาวไร่</b></td><td style="padding:3px;">รถตัด</td></tr>
<tr style="background-color:#dbe8f5;"><td style="padding:3px;"><b>สถานีขนถ่าย</b></td><td style="padding:3px;"></td></tr>
<tr style="background-color:#f0f5fa;"><td style="padding:3px;"><b>สถานะยืนยัน</b></td><td style="padding:3px;">N</td></tr>
<tr style="background-color:#dbe8f5;"><td style="padding:3px;"><b>โควตา</b></td><td style="padding:3px;">716774</td></tr>
<tr style="background-color:#f0f5fa;"><td style="padding:3px;"><b>ชาวไร่</b></td><td style="padding:3px;">นาย จำลอง สืบสาม</td></tr>
<tr style="background-color:#dbe8f5;"><td style="padding:3px;"><b>ประเภทอ้อย</b></td><td style="padding:3px;">ปลายฝน</td></tr>
<tr style="background-color:#f0f5fa;"><td style="padding:3px;"><b>พื้นที่</b></td><td style="padding:3px;">4.04</td></tr>
<tr style="background-color:#dbe8f5;"><td style="padding:3px;"><b>ปีผลิต</b></td><td style="padding:3px;">256970</td></tr>
<tr style="background-color:#f0f5fa;"><td style="padding:3px;"><b>ตันรวม</b></td><td style="padding:3px;">52.52</td></tr>
<tr style="background-color:#dbe8f5;"><td style="padding:3px;"><b>สถานที่ส่งอ้อย_1</b></td><td style="padding:3px;">รถตัด</td></tr>
</table>]]></description>
      <MultiGeometry><Polygon><outerBoundaryIs><LinearRing><coordinates>103.438498333482,14.9725866666893 103.438350000231,14.9724350004077 103.436499999441,14.9743366667425 103.436636666291,14.9744766664622 103.438498333482,14.9725866666893</coordinates></LinearRing></outerBoundaryIs></Polygon></MultiGeometry>
    </Placemark>
    <Placemark>
      <name>320118111508</name>
      <styleUrl>#style_82_001</styleUrl>
      <description><![CDATA[<h3 style="margin-bottom:6px; font-family:sans-serif;">320118111508</h3>
<table style="width:100%; border-collapse:collapse; font-family:sans-serif; font-size:12px;">
<tr style="background-color:#99bfe6; color:#000; font-weight:bold;"><td colspan="2" style="padding:4px; text-align:center;">320118111508</td></tr>
<tr style="background-color:#f0f5fa;"><td style="padding:3px; width:45%;"><b>FID</b></td><td style="padding:3px;">5984</td></tr>
<tr style="background-color:#dbe8f5;"><td style="padding:3px;"><b>รหัสแปลง</b></td><td style="padding:3px;">320118111508</td></tr>
<tr style="background-color:#f0f5fa;"><td style="padding:3px;"><b>รหัสกลุ่มคิว</b></td><td style="padding:3px;">82_001</td></tr>
<tr style="background-color:#dbe8f5;"><td style="padding:3px;"><b>นักเกษตร</b></td><td style="padding:3px;">8201</td></tr>
<tr style="background-color:#f0f5fa;"><td style="padding:3px;"><b>ศูนย์</b></td><td style="padding:3px;">K2-82</td></tr>
<tr style="background-color:#dbe8f5;"><td style="padding:3px;"><b>สถานที่ส่งอ้อย</b></td><td style="padding:3px;">รถตัด</td></tr>
<tr style="background-color:#f0f5fa;"><td style="padding:3px;"><b>ประเภทคิว</b></td><td style="padding:3px;">รถตัด</td></tr>
<tr style="background-color:#dbe8f5;"><td style="padding:3px;"><b>ประเภทรถ</b></td><td style="padding:3px;">10 ล้อเดี่ยว</td></tr>
<tr style="background-color:#f0f5fa;"><td style="padding:3px;"><b>ประเภทชาวไร่</b></td><td style="padding:3px;">รถตัด</td></tr>
<tr style="background-color:#dbe8f5;"><td style="padding:3px;"><b>สถานีขนถ่าย</b></td><td style="padding:3px;"></td></tr>
<tr style="background-color:#f0f5fa;"><td style="padding:3px;"><b>สถานะยืนยัน</b></td><td style="padding:3px;">N</td></tr>
<tr style="background-color:#dbe8f5;"><td style="padding:3px;"><b>โควตา</b></td><td style="padding:3px;">787098</td></tr>
<tr style="background-color:#f0f5fa;"><td style="padding:3px;"><b>ชาวไร่</b></td><td style="padding:3px;">นาย ธนสาร กำลังมา</td></tr>
<tr style="background-color:#dbe8f5;"><td style="padding:3px;"><b>ประเภทอ้อย</b></td><td style="padding:3px;">ตอ2</td></tr>
<tr style="background-color:#f0f5fa;"><td style="padding:3px;"><b>พื้นที่</b></td><td style="padding:3px;">1.27</td></tr>
<tr style="background-color:#dbe8f5;"><td style="padding:3px;"><b>ปีผลิต</b></td><td style="padding:3px;">256970</td></tr>
<tr style="background-color:#f0f5fa;"><td style="padding:3px;"><b>ตันรวม</b></td><td style="padding:3px;">10.16</td></tr>
<tr style="background-color:#dbe8f5;"><td style="padding:3px;"><b>สถานที่ส่งอ้อย_1</b></td><td style="padding:3px;">รถตัด</td></tr>
</table>]]></description>
      <MultiGeometry><Polygon><outerBoundaryIs><LinearRing><coordinates>103.3828366668,14.8075866662385 103.382826666353,14.8074433332751 103.382473333223,14.8075050004141 103.382146666712,14.8076349997531 103.381873333232,14.8077100001687 103.381963333208,14.807880000072 103.3828366668,14.8075866662385</coordinates></LinearRing></outerBoundaryIs></Polygon></MultiGeometry>
    </Placemark>
    <Placemark>
      <name>320104020003</name>
      <styleUrl>#style_82_001</styleUrl>
      <description><![CDATA[<h3 style="margin-bottom:6px; font-family:sans-serif;">320104020003</h3>
<table style="width:100%; border-collapse:collapse; font-family:sans-serif; font-size:12px;">
<tr style="background-color:#99bfe6; color:#000; font-weight:bold;"><td colspan="2" style="padding:4px; text-align:center;">320104020003</td></tr>
<tr style="background-color:#f0f5fa;"><td style="padding:3px; width:45%;"><b>FID</b></td><td style="padding:3px;">6514</td></tr>
<tr style="background-color:#dbe8f5;"><td style="padding:3px;"><b>รหัสแปลง</b></td><td style="padding:3px;">320104020003</td></tr>
<tr style="background-color:#f0f5fa;"><td style="padding:3px;"><b>รหัสกลุ่มคิว</b></td><td style="padding:3px;">82_001</td></tr>
<tr style="background-color:#dbe8f5;"><td style="padding:3px;"><b>นักเกษตร</b></td><td style="padding:3px;">8201</td></tr>
<tr style="background-color:#f0f5fa;"><td style="padding:3px;"><b>ศูนย์</b></td><td style="padding:3px;">K2-82</td></tr>
<tr style="background-color:#dbe8f5;"><td style="padding:3px;"><b>สถานที่ส่งอ้อย</b></td><td style="padding:3px;">รถตัด</td></tr>
<tr style="background-color:#f0f5fa;"><td style="padding:3px;"><b>ประเภทคิว</b></td><td style="padding:3px;">รถตัด</td></tr>
<tr style="background-color:#dbe8f5;"><td style="padding:3px;"><b>ประเภทรถ</b></td><td style="padding:3px;">10 ล้อเดี่ยว</td></tr>
<tr style="background-color:#f0f5fa;"><td style="padding:3px;"><b>ประเภทชาวไร่</b></td><td style="padding:3px;">รถตัด</td></tr>
<tr style="background-color:#dbe8f5;"><td style="padding:3px;"><b>สถานีขนถ่าย</b></td><td style="padding:3px;"></td></tr>
<tr style="background-color:#f0f5fa;"><td style="padding:3px;"><b>สถานะยืนยัน</b></td><td style="padding:3px;">N</td></tr>
<tr style="background-color:#dbe8f5;"><td style="padding:3px;"><b>โควตา</b></td><td style="padding:3px;">718145</td></tr>
<tr style="background-color:#f0f5fa;"><td style="padding:3px;"><b>ชาวไร่</b></td><td style="padding:3px;">นาย คำสวน วรรณตรง</td></tr>
<tr style="background-color:#dbe8f5;"><td style="padding:3px;"><b>ประเภทอ้อย</b></td><td style="padding:3px;">ปลายฝน</td></tr>
<tr style="background-color:#f0f5fa;"><td style="padding:3px;"><b>พื้นที่</b></td><td style="padding:3px;">5.5</td></tr>
<tr style="background-color:#dbe8f5;"><td style="padding:3px;"><b>ปีผลิต</b></td><td style="padding:3px;">256970</td></tr>
<tr style="background-color:#f0f5fa;"><td style="padding:3px;"><b>ตันรวม</b></td><td style="padding:3px;">71.5</td></tr>
<tr style="background-color:#dbe8f5;"><td style="padding:3px;"><b>สถานที่ส่งอ้อย_1</b></td><td style="padding:3px;">รถตัด</td></tr>
</table>]]></description>
      <MultiGeometry><Polygon><outerBoundaryIs><LinearRing><coordinates>103.506612289807,15.0439399997549 103.50674786026,15.0445317003584 103.507911710267,15.0443555895469 103.507844690149,15.0437502201136 103.506612289807,15.0439399997549</coordinates></LinearRing></outerBoundaryIs></Polygon></MultiGeometry>
    </Placemark>
    <Placemark>
      <name>320104020005</name>
      <styleUrl>#style_82_001</styleUrl>
      <description><![CDATA[<h3 style="margin-bottom:6px; font-family:sans-serif;">320104020005</h3>
<table style="width:100%; border-collapse:collapse; font-family:sans-serif; font-size:12px;">
<tr style="background-color:#99bfe6; color:#000; font-weight:bold;"><td colspan="2" style="padding:4px; text-align:center;">320104020005</td></tr>
<tr style="background-color:#f0f5fa;"><td style="padding:3px; width:45%;"><b>FID</b></td><td style="padding:3px;">6523</td></tr>
<tr style="background-color:#dbe8f5;"><td style="padding:3px;"><b>รหัสแปลง</b></td><td style="padding:3px;">320104020005</td></tr>
<tr style="background-color:#f0f5fa;"><td style="padding:3px;"><b>รหัสกลุ่มคิว</b></td><td style="padding:3px;">82_001</td></tr>
<tr style="background-color:#dbe8f5;"><td style="padding:3px;"><b>นักเกษตร</b></td><td style="padding:3px;">8201</td></tr>
<tr style="background-color:#f0f5fa;"><td style="padding:3px;"><b>ศูนย์</b></td><td style="padding:3px;">K2-82</td></tr>
<tr style="background-color:#dbe8f5;"><td style="padding:3px;"><b>สถานที่ส่งอ้อย</b></td><td style="padding:3px;">รถตัด</td></tr>
<tr style="background-color:#f0f5fa;"><td style="padding:3px;"><b>ประเภทคิว</b></td><td style="padding:3px;">รถตัด</td></tr>
<tr style="background-color:#dbe8f5;"><td style="padding:3px;"><b>ประเภทรถ</b></td><td style="padding:3px;">10 ล้อเดี่ยว</td></tr>
<tr style="background-color:#f0f5fa;"><td style="padding:3px;"><b>ประเภทชาวไร่</b></td><td style="padding:3px;">รถตัด</td></tr>
<tr style="background-color:#dbe8f5;"><td style="padding:3px;"><b>สถานีขนถ่าย</b></td><td style="padding:3px;"></td></tr>
<tr style="background-color:#f0f5fa;"><td style="padding:3px;"><b>สถานะยืนยัน</b></td><td style="padding:3px;">N</td></tr>
<tr style="background-color:#dbe8f5;"><td style="padding:3px;"><b>โควตา</b></td><td style="padding:3px;">718136</td></tr>
<tr style="background-color:#f0f5fa;"><td style="padding:3px;"><b>ชาวไร่</b></td><td style="padding:3px;">นาย ปรีชา ยืนยง</td></tr>
<tr style="background-color:#dbe8f5;"><td style="padding:3px;"><b>ประเภทอ้อย</b></td><td style="padding:3px;">ปลายฝน</td></tr>
<tr style="background-color:#f0f5fa;"><td style="padding:3px;"><b>พื้นที่</b></td><td style="padding:3px;">8.22</td></tr>
<tr style="background-color:#dbe8f5;"><td style="padding:3px;"><b>ปีผลิต</b></td><td style="padding:3px;">256970</td></tr>
<tr style="background-color:#f0f5fa;"><td style="padding:3px;"><b>ตันรวม</b></td><td style="padding:3px;">106.86</td></tr>
<tr style="background-color:#dbe8f5;"><td style="padding:3px;"><b>สถานที่ส่งอ้อย_1</b></td><td style="padding:3px;">รถตัด</td></tr>
</table>]]></description>
      <MultiGeometry><Polygon><outerBoundaryIs><LinearRing><coordinates>103.509396666673,15.0388683331614 103.511413333113,15.0383383332477 103.511876666206,15.0381149995881 103.51183833339,15.0378333328812 103.511219999951,15.0379500003109 103.510594999764,15.0380983333106 103.510009999559,15.0382466662858 103.509309999531,15.0384066669785 103.509396666673,15.0388683331614</coordinates></LinearRing></outerBoundaryIs></Polygon></MultiGeometry>
    </Placemark>
    <Placemark>
      <name>320104020006</name>
      <styleUrl>#style_82_001</styleUrl>
      <description><![CDATA[<h3 style="margin-bottom:6px; font-family:sans-serif;">320104020006</h3>
<table style="width:100%; border-collapse:collapse; font-family:sans-serif; font-size:12px;">
<tr style="background-color:#99bfe6; color:#000; font-weight:bold;"><td colspan="2" style="padding:4px; text-align:center;">320104020006</td></tr>
<tr style="background-color:#f0f5fa;"><td style="padding:3px; width:45%;"><b>FID</b></td><td style="padding:3px;">6526</td></tr>
<tr style="background-color:#dbe8f5;"><td style="padding:3px;"><b>รหัสแปลง</b></td><td style="padding:3px;">320104020006</td></tr>
<tr style="background-color:#f0f5fa;"><td style="padding:3px;"><b>รหัสกลุ่มคิว</b></td><td style="padding:3px;">82_001</td></tr>
<tr style="background-color:#dbe8f5;"><td style="padding:3px;"><b>นักเกษตร</b></td><td style="padding:3px;">8201</td></tr>
<tr style="background-color:#f0f5fa;"><td style="padding:3px;"><b>ศูนย์</b></td><td style="padding:3px;">K2-82</td></tr>
<tr style="background-color:#dbe8f5;"><td style="padding:3px;"><b>สถานที่ส่งอ้อย</b></td><td style="padding:3px;">รถตัด</td></tr>
<tr style="background-color:#f0f5fa;"><td style="padding:3px;"><b>ประเภทคิว</b></td><td style="padding:3px;">รถตัด</td></tr>
<tr style="background-color:#dbe8f5;"><td style="padding:3px;"><b>ประเภทรถ</b></td><td style="padding:3px;">10 ล้อเดี่ยว</td></tr>
<tr style="background-color:#f0f5fa;"><td style="padding:3px;"><b>ประเภทชาวไร่</b></td><td style="padding:3px;">รถตัด</td></tr>
<tr style="background-color:#dbe8f5;"><td style="padding:3px;"><b>สถานีขนถ่าย</b></td><td style="padding:3px;"></td></tr>
<tr style="background-color:#f0f5fa;"><td style="padding:3px;"><b>สถานะยืนยัน</b></td><td style="padding:3px;">N</td></tr>
<tr style="background-color:#dbe8f5;"><td style="padding:3px;"><b>โควตา</b></td><td style="padding:3px;">718191</td></tr>
<tr style="background-color:#f0f5fa;"><td style="padding:3px;"><b>ชาวไร่</b></td><td style="padding:3px;">นาย พงษ์อนันต์ ทางดี</td></tr>
<tr style="background-color:#dbe8f5;"><td style="padding:3px;"><b>ประเภทอ้อย</b></td><td style="padding:3px;">ปลายฝน</td></tr>
<tr style="background-color:#f0f5fa;"><td style="padding:3px;"><b>พื้นที่</b></td><td style="padding:3px;">2.14</td></tr>
<tr style="background-color:#dbe8f5;"><td style="padding:3px;"><b>ปีผลิต</b></td><td style="padding:3px;">256970</td></tr>
<tr style="background-color:#f0f5fa;"><td style="padding:3px;"><b>ตันรวม</b></td><td style="padding:3px;">27.82</td></tr>
<tr style="background-color:#dbe8f5;"><td style="padding:3px;"><b>สถานที่ส่งอ้อย_1</b></td><td style="padding:3px;">รถตัด</td></tr>
</table>]]></description>
      <MultiGeometry><Polygon><outerBoundaryIs><LinearRing><coordinates>103.523952709819,15.0426953099774 103.524077850066,15.0429978299184 103.52443909945,15.0429564295785 103.524157469832,15.0422784498102 103.524056709777,15.0422576395297 103.523945090215,15.0421567299964 103.52390424952,15.0421387001982 103.523833199472,15.0422014503185 103.523807730206,15.042217939714 103.523796950049,15.0422119802289 103.523852589971,15.0424642796012 103.523952709819,15.0426953099774</coordinates></LinearRing></outerBoundaryIs></Polygon></MultiGeometry>
    </Placemark>
    <Placemark>
      <name>320104020008</name>
      <styleUrl>#style_82_001</styleUrl>
      <description><![CDATA[<h3 style="margin-bottom:6px; font-family:sans-serif;">320104020008</h3>
<table style="width:100%; border-collapse:collapse; font-family:sans-serif; font-size:12px;">
<tr style="background-color:#99bfe6; color:#000; font-weight:bold;"><td colspan="2" style="padding:4px; text-align:center;">320104020008</td></tr>
<tr style="background-color:#f0f5fa;"><td style="padding:3px; width:45%;"><b>FID</b></td><td style="padding:3px;">6604</td></tr>
<tr style="background-color:#dbe8f5;"><td style="padding:3px;"><b>รหัสแปลง</b></td><td style="padding:3px;">320104020008</td></tr>
<tr style="background-color:#f0f5fa;"><td style="padding:3px;"><b>รหัสกลุ่มคิว</b></td><td style="padding:3px;">82_001</td></tr>
<tr style="background-color:#dbe8f5;"><td style="padding:3px;"><b>นักเกษตร</b></td><td style="padding:3px;">8201</td></tr>
<tr style="background-color:#f0f5fa;"><td style="padding:3px;"><b>ศูนย์</b></td><td style="padding:3px;">K2-82</td></tr>
<tr style="background-color:#dbe8f5;"><td style="padding:3px;"><b>สถานที่ส่งอ้อย</b></td><td style="padding:3px;">รถตัด</td></tr>
<tr style="background-color:#f0f5fa;"><td style="padding:3px;"><b>ประเภทคิว</b></td><td style="padding:3px;">รถตัด</td></tr>
<tr style="background-color:#dbe8f5;"><td style="padding:3px;"><b>ประเภทรถ</b></td><td style="padding:3px;">10 ล้อเดี่ยว</td></tr>
<tr style="background-color:#f0f5fa;"><td style="padding:3px;"><b>ประเภทชาวไร่</b></td><td style="padding:3px;">รถตัด</td></tr>
<tr style="background-color:#dbe8f5;"><td style="padding:3px;"><b>สถานีขนถ่าย</b></td><td style="padding:3px;"></td></tr>
<tr style="background-color:#f0f5fa;"><td style="padding:3px;"><b>สถานะยืนยัน</b></td><td style="padding:3px;">N</td></tr>
<tr style="background-color:#dbe8f5;"><td style="padding:3px;"><b>โควตา</b></td><td style="padding:3px;">718151</td></tr>
<tr style="background-color:#f0f5fa;"><td style="padding:3px;"><b>ชาวไร่</b></td><td style="padding:3px;">นาย พิรัตน์ สุขดี</td></tr>
<tr style="background-color:#dbe8f5;"><td style="padding:3px;"><b>ประเภทอ้อย</b></td><td style="padding:3px;">ตอ2</td></tr>
<tr style="background-color:#f0f5fa;"><td style="padding:3px;"><b>พื้นที่</b></td><td style="padding:3px;">9.55</td></tr>
<tr style="background-color:#dbe8f5;"><td style="padding:3px;"><b>ปีผลิต</b></td><td style="padding:3px;">256970</td></tr>
<tr style="background-color:#f0f5fa;"><td style="padding:3px;"><b>ตันรวม</b></td><td style="padding:3px;">76.4</td></tr>
<tr style="background-color:#dbe8f5;"><td style="padding:3px;"><b>สถานที่ส่งอ้อย_1</b></td><td style="padding:3px;">รถตัด</td></tr>
</table>]]></description>
      <MultiGeometry><Polygon><outerBoundaryIs><LinearRing><coordinates>103.511569999525,15.0434466668245 103.511518333361,15.0434699999828 103.511471666428,15.0434933337205 103.511414999949,15.0435066666655 103.511331666105,15.0435216664525 103.511240000218,15.0435250001895 103.511143332968,15.0435200000097 103.511068333548,15.0435283336273 103.511031666545,15.0435666670018 103.511024999623,15.0435933334214 103.511008332806,15.0436033329192 103.510969999589,15.0436166670019 103.510828333639,15.0436216664592 103.510775000255,15.0436416666825 103.510771666916,15.0436699997955 103.510771666327,15.0436883336757 103.51077166646,15.0437199997886 103.510701666998,15.0437516666801 103.510683332901,15.0438049998417 103.510683333594,15.0438299998224 103.510691666642,15.0438849997143 103.510686666706,15.043893333358 103.510679999654,15.0439100001462 103.510678332857,15.043936666253 103.510613332901,15.0439200000487 103.510798129652,15.0449814903032 103.511746100042,15.0447533001518 103.511569999525,15.0434466668245</coordinates></LinearRing></outerBoundaryIs></Polygon></MultiGeometry>
    </Placemark>
    <Placemark>
      <name>320104111614</name>
      <styleUrl>#style_82_001</styleUrl>
      <description><![CDATA[<h3 style="margin-bottom:6px; font-family:sans-serif;">320104111614</h3>
<table style="width:100%; border-collapse:collapse; font-family:sans-serif; font-size:12px;">
<tr style="background-color:#99bfe6; color:#000; font-weight:bold;"><td colspan="2" style="padding:4px; text-align:center;">320104111614</td></tr>
<tr style="background-color:#f0f5fa;"><td style="padding:3px; width:45%;"><b>FID</b></td><td style="padding:3px;">6605</td></tr>
<tr style="background-color:#dbe8f5;"><td style="padding:3px;"><b>รหัสแปลง</b></td><td style="padding:3px;">320104111614</td></tr>
<tr style="background-color:#f0f5fa;"><td style="padding:3px;"><b>รหัสกลุ่มคิว</b></td><td style="padding:3px;">82_001</td></tr>
<tr style="background-color:#dbe8f5;"><td style="padding:3px;"><b>นักเกษตร</b></td><td style="padding:3px;">8201</td></tr>
<tr style="background-color:#f0f5fa;"><td style="padding:3px;"><b>ศูนย์</b></td><td style="padding:3px;">K2-82</td></tr>
<tr style="background-color:#dbe8f5;"><td style="padding:3px;"><b>สถานที่ส่งอ้อย</b></td><td style="padding:3px;">รถตัด</td></tr>
<tr style="background-color:#f0f5fa;"><td style="padding:3px;"><b>ประเภทคิว</b></td><td style="padding:3px;">รถตัด</td></tr>
<tr style="background-color:#dbe8f5;"><td style="padding:3px;"><b>ประเภทรถ</b></td><td style="padding:3px;">10 ล้อเดี่ยว</td></tr>
<tr style="background-color:#f0f5fa;"><td style="padding:3px;"><b>ประเภทชาวไร่</b></td><td style="padding:3px;">รถตัด</td></tr>
<tr style="background-color:#dbe8f5;"><td style="padding:3px;"><b>สถานีขนถ่าย</b></td><td style="padding:3px;"></td></tr>
<tr style="background-color:#f0f5fa;"><td style="padding:3px;"><b>สถานะยืนยัน</b></td><td style="padding:3px;">N</td></tr>
<tr style="background-color:#dbe8f5;"><td style="padding:3px;"><b>โควตา</b></td><td style="padding:3px;">718146</td></tr>
<tr style="background-color:#f0f5fa;"><td style="padding:3px;"><b>ชาวไร่</b></td><td style="padding:3px;">นาง สมัย นะกุลรัมย์</td></tr>
<tr style="background-color:#dbe8f5;"><td style="padding:3px;"><b>ประเภทอ้อย</b></td><td style="padding:3px;">ตอ1</td></tr>
<tr style="background-color:#f0f5fa;"><td style="padding:3px;"><b>พื้นที่</b></td><td style="padding:3px;">3.36</td></tr>
<tr style="background-color:#dbe8f5;"><td style="padding:3px;"><b>ปีผลิต</b></td><td style="padding:3px;">256970</td></tr>
<tr style="background-color:#f0f5fa;"><td style="padding:3px;"><b>ตันรวม</b></td><td style="padding:3px;">30.24</td></tr>
<tr style="background-color:#dbe8f5;"><td style="padding:3px;"><b>สถานที่ส่งอ้อย_1</b></td><td style="padding:3px;">รถตัด</td></tr>
</table>]]></description>
      <MultiGeometry><Polygon><outerBoundaryIs><LinearRing><coordinates>103.430649899853,15.0135163996068 103.430556699989,15.0132227997907 103.43082870024,15.0131099999395 103.430806600082,15.0130556000619 103.429718500165,15.0132878999682 103.429908199651,15.0138770004365 103.430649899853,15.0135163996068</coordinates></LinearRing></outerBoundaryIs></Polygon></MultiGeometry>
    </Placemark>
    <Placemark>
      <name>320116021616</name>
      <styleUrl>#style_82_001</styleUrl>
      <description><![CDATA[<h3 style="margin-bottom:6px; font-family:sans-serif;">320116021616</h3>
<table style="width:100%; border-collapse:collapse; font-family:sans-serif; font-size:12px;">
<tr style="background-color:#99bfe6; color:#000; font-weight:bold;"><td colspan="2" style="padding:4px; text-align:center;">320116021616</td></tr>
<tr style="background-color:#f0f5fa;"><td style="padding:3px; width:45%;"><b>FID</b></td><td style="padding:3px;">6610</td></tr>
<tr style="background-color:#dbe8f5;"><td style="padding:3px;"><b>รหัสแปลง</b></td><td style="padding:3px;">320116021616</td></tr>
<tr style="background-color:#f0f5fa;"><td style="padding:3px;"><b>รหัสกลุ่มคิว</b></td><td style="padding:3px;">82_001</td></tr>
<tr style="background-color:#dbe8f5;"><td style="padding:3px;"><b>นักเกษตร</b></td><td style="padding:3px;">8201</td></tr>
<tr style="background-color:#f0f5fa;"><td style="padding:3px;"><b>ศูนย์</b></td><td style="padding:3px;">K2-82</td></tr>
<tr style="background-color:#dbe8f5;"><td style="padding:3px;"><b>สถานที่ส่งอ้อย</b></td><td style="padding:3px;">รถตัด</td></tr>
<tr style="background-color:#f0f5fa;"><td style="padding:3px;"><b>ประเภทคิว</b></td><td style="padding:3px;">รถตัด</td></tr>
<tr style="background-color:#dbe8f5;"><td style="padding:3px;"><b>ประเภทรถ</b></td><td style="padding:3px;">10 ล้อเดี่ยว</td></tr>
<tr style="background-color:#f0f5fa;"><td style="padding:3px;"><b>ประเภทชาวไร่</b></td><td style="padding:3px;">รถตัด</td></tr>
<tr style="background-color:#dbe8f5;"><td style="padding:3px;"><b>สถานีขนถ่าย</b></td><td style="padding:3px;"></td></tr>
<tr style="background-color:#f0f5fa;"><td style="padding:3px;"><b>สถานะยืนยัน</b></td><td style="padding:3px;">N</td></tr>
<tr style="background-color:#dbe8f5;"><td style="padding:3px;"><b>โควตา</b></td><td style="padding:3px;">713686</td></tr>
<tr style="background-color:#f0f5fa;"><td style="padding:3px;"><b>ชาวไร่</b></td><td style="padding:3px;">นาย สุธี ใจหนึ่ง</td></tr>
<tr style="background-color:#dbe8f5;"><td style="padding:3px;"><b>ประเภทอ้อย</b></td><td style="padding:3px;">ตอ2</td></tr>
<tr style="background-color:#f0f5fa;"><td style="padding:3px;"><b>พื้นที่</b></td><td style="padding:3px;">2.69</td></tr>
<tr style="background-color:#dbe8f5;"><td style="padding:3px;"><b>ปีผลิต</b></td><td style="padding:3px;">256970</td></tr>
<tr style="background-color:#f0f5fa;"><td style="padding:3px;"><b>ตันรวม</b></td><td style="padding:3px;">21.52</td></tr>
<tr style="background-color:#dbe8f5;"><td style="padding:3px;"><b>สถานที่ส่งอ้อย_1</b></td><td style="padding:3px;">รถตัด</td></tr>
</table>]]></description>
      <MultiGeometry><Polygon><outerBoundaryIs><LinearRing><coordinates>103.544943500137,14.8029183000967 103.544416400075,14.8031205997905 103.544541499928,14.803636100266 103.545258199557,14.8033537997731 103.545070599648,14.8029928003313 103.544972271683,14.8030305325326 103.544943500137,14.8029183000967</coordinates></LinearRing></outerBoundaryIs></Polygon></MultiGeometry>
    </Placemark>
    <Placemark>
      <name>320113041618</name>
      <styleUrl>#style_82_001</styleUrl>
      <description><![CDATA[<h3 style="margin-bottom:6px; font-family:sans-serif;">320113041618</h3>
<table style="width:100%; border-collapse:collapse; font-family:sans-serif; font-size:12px;">
<tr style="background-color:#99bfe6; color:#000; font-weight:bold;"><td colspan="2" style="padding:4px; text-align:center;">320113041618</td></tr>
<tr style="background-color:#f0f5fa;"><td style="padding:3px; width:45%;"><b>FID</b></td><td style="padding:3px;">6759</td></tr>
<tr style="background-color:#dbe8f5;"><td style="padding:3px;"><b>รหัสแปลง</b></td><td style="padding:3px;">320113041618</td></tr>
<tr style="background-color:#f0f5fa;"><td style="padding:3px;"><b>รหัสกลุ่มคิว</b></td><td style="padding:3px;">82_001</td></tr>
<tr style="background-color:#dbe8f5;"><td style="padding:3px;"><b>นักเกษตร</b></td><td style="padding:3px;">8201</td></tr>
<tr style="background-color:#f0f5fa;"><td style="padding:3px;"><b>ศูนย์</b></td><td style="padding:3px;">K2-82</td></tr>
<tr style="background-color:#dbe8f5;"><td style="padding:3px;"><b>สถานที่ส่งอ้อย</b></td><td style="padding:3px;">รถตัด</td></tr>
<tr style="background-color:#f0f5fa;"><td style="padding:3px;"><b>ประเภทคิว</b></td><td style="padding:3px;">รถตัด</td></tr>
<tr style="background-color:#dbe8f5;"><td style="padding:3px;"><b>ประเภทรถ</b></td><td style="padding:3px;">10 ล้อเดี่ยว</td></tr>
<tr style="background-color:#f0f5fa;"><td style="padding:3px;"><b>ประเภทชาวไร่</b></td><td style="padding:3px;">รถตัด</td></tr>
<tr style="background-color:#dbe8f5;"><td style="padding:3px;"><b>สถานีขนถ่าย</b></td><td style="padding:3px;"></td></tr>
<tr style="background-color:#f0f5fa;"><td style="padding:3px;"><b>สถานะยืนยัน</b></td><td style="padding:3px;">N</td></tr>
<tr style="background-color:#dbe8f5;"><td style="padding:3px;"><b>โควตา</b></td><td style="padding:3px;">718300</td></tr>
<tr style="background-color:#f0f5fa;"><td style="padding:3px;"><b>ชาวไร่</b></td><td style="padding:3px;">นาย มานิด ตรงใจสอน</td></tr>
<tr style="background-color:#dbe8f5;"><td style="padding:3px;"><b>ประเภทอ้อย</b></td><td style="padding:3px;">ตอ1</td></tr>
<tr style="background-color:#f0f5fa;"><td style="padding:3px;"><b>พื้นที่</b></td><td style="padding:3px;">2.6</td></tr>
<tr style="background-color:#dbe8f5;"><td style="padding:3px;"><b>ปีผลิต</b></td><td style="padding:3px;">256970</td></tr>
<tr style="background-color:#f0f5fa;"><td style="padding:3px;"><b>ตันรวม</b></td><td style="padding:3px;">23.4</td></tr>
<tr style="background-color:#dbe8f5;"><td style="padding:3px;"><b>สถานที่ส่งอ้อย_1</b></td><td style="padding:3px;">รถตัด</td></tr>
</table>]]></description>
      <MultiGeometry><Polygon><outerBoundaryIs><LinearRing><coordinates>103.322597340077,14.8196404101857 103.321794719599,14.8176772200735 103.321620100071,14.8176834399104 103.322424939698,14.8196519104243 103.322597340077,14.8196404101857</coordinates></LinearRing></outerBoundaryIs></Polygon></MultiGeometry>
    </Placemark>
    <Placemark>
      <name>320105011616</name>
      <styleUrl>#style_82_001</styleUrl>
      <description><![CDATA[<h3 style="margin-bottom:6px; font-family:sans-serif;">320105011616</h3>
<table style="width:100%; border-collapse:collapse; font-family:sans-serif; font-size:12px;">
<tr style="background-color:#99bfe6; color:#000; font-weight:bold;"><td colspan="2" style="padding:4px; text-align:center;">320105011616</td></tr>
<tr style="background-color:#f0f5fa;"><td style="padding:3px; width:45%;"><b>FID</b></td><td style="padding:3px;">6860</td></tr>
<tr style="background-color:#dbe8f5;"><td style="padding:3px;"><b>รหัสแปลง</b></td><td style="padding:3px;">320105011616</td></tr>
<tr style="background-color:#f0f5fa;"><td style="padding:3px;"><b>รหัสกลุ่มคิว</b></td><td style="padding:3px;">82_001</td></tr>
<tr style="background-color:#dbe8f5;"><td style="padding:3px;"><b>นักเกษตร</b></td><td style="padding:3px;">8201</td></tr>
<tr style="background-color:#f0f5fa;"><td style="padding:3px;"><b>ศูนย์</b></td><td style="padding:3px;">K2-82</td></tr>
<tr style="background-color:#dbe8f5;"><td style="padding:3px;"><b>สถานที่ส่งอ้อย</b></td><td style="padding:3px;">รถตัด</td></tr>
<tr style="background-color:#f0f5fa;"><td style="padding:3px;"><b>ประเภทคิว</b></td><td style="padding:3px;">รถตัด</td></tr>
<tr style="background-color:#dbe8f5;"><td style="padding:3px;"><b>ประเภทรถ</b></td><td style="padding:3px;">10 ล้อเดี่ยว</td></tr>
<tr style="background-color:#f0f5fa;"><td style="padding:3px;"><b>ประเภทชาวไร่</b></td><td style="padding:3px;">รถตัด</td></tr>
<tr style="background-color:#dbe8f5;"><td style="padding:3px;"><b>สถานีขนถ่าย</b></td><td style="padding:3px;"></td></tr>
<tr style="background-color:#f0f5fa;"><td style="padding:3px;"><b>สถานะยืนยัน</b></td><td style="padding:3px;">N</td></tr>
<tr style="background-color:#dbe8f5;"><td style="padding:3px;"><b>โควตา</b></td><td style="padding:3px;">716774</td></tr>
<tr style="background-color:#f0f5fa;"><td style="padding:3px;"><b>ชาวไร่</b></td><td style="padding:3px;">นาย จำลอง สืบสาม</td></tr>
<tr style="background-color:#dbe8f5;"><td style="padding:3px;"><b>ประเภทอ้อย</b></td><td style="padding:3px;">ตอ1</td></tr>
<tr style="background-color:#f0f5fa;"><td style="padding:3px;"><b>พื้นที่</b></td><td style="padding:3px;">5.01</td></tr>
<tr style="background-color:#dbe8f5;"><td style="padding:3px;"><b>ปีผลิต</b></td><td style="padding:3px;">256970</td></tr>
<tr style="background-color:#f0f5fa;"><td style="padding:3px;"><b>ตันรวม</b></td><td style="padding:3px;">45.09</td></tr>
<tr style="background-color:#dbe8f5;"><td style="padding:3px;"><b>สถานที่ส่งอ้อย_1</b></td><td style="padding:3px;">รถตัด</td></tr>
</table>]]></description>
      <MultiGeometry><Polygon><outerBoundaryIs><LinearRing><coordinates>103.47808003502,14.9512116689672 103.477835034864,14.9511166696987 103.47756003421,14.9509516692202 103.477511471113,14.9509084082139 103.4773379926,14.950865786462 103.47733912754,14.9508023020698 103.477345215387,14.9507527962348 103.477402988672,14.9506397671577 103.477528198176,14.9506897960158 103.477381701616,14.9505233359747 103.476668368204,14.9508800026699 103.477125034392,14.951586669303 103.47808003502,14.9512116689672</coordinates></LinearRing></outerBoundaryIs></Polygon></MultiGeometry>
    </Placemark>
    <Placemark>
      <name>320104020013</name>
      <styleUrl>#style_82_001</styleUrl>
      <description><![CDATA[<h3 style="margin-bottom:6px; font-family:sans-serif;">320104020013</h3>
<table style="width:100%; border-collapse:collapse; font-family:sans-serif; font-size:12px;">
<tr style="background-color:#99bfe6; color:#000; font-weight:bold;"><td colspan="2" style="padding:4px; text-align:center;">320104020013</td></tr>
<tr style="background-color:#f0f5fa;"><td style="padding:3px; width:45%;"><b>FID</b></td><td style="padding:3px;">6884</td></tr>
<tr style="background-color:#dbe8f5;"><td style="padding:3px;"><b>รหัสแปลง</b></td><td style="padding:3px;">320104020013</td></tr>
<tr style="background-color:#f0f5fa;"><td style="padding:3px;"><b>รหัสกลุ่มคิว</b></td><td style="padding:3px;">82_001</td></tr>
<tr style="background-color:#dbe8f5;"><td style="padding:3px;"><b>นักเกษตร</b></td><td style="padding:3px;">8201</td></tr>
<tr style="background-color:#f0f5fa;"><td style="padding:3px;"><b>ศูนย์</b></td><td style="padding:3px;">K2-82</td></tr>
<tr style="background-color:#dbe8f5;"><td style="padding:3px;"><b>สถานที่ส่งอ้อย</b></td><td style="padding:3px;">รถตัด</td></tr>
<tr style="background-color:#f0f5fa;"><td style="padding:3px;"><b>ประเภทคิว</b></td><td style="padding:3px;">รถตัด</td></tr>
<tr style="background-color:#dbe8f5;"><td style="padding:3px;"><b>ประเภทรถ</b></td><td style="padding:3px;">10 ล้อเดี่ยว</td></tr>
<tr style="background-color:#f0f5fa;"><td style="padding:3px;"><b>ประเภทชาวไร่</b></td><td style="padding:3px;">รถตัด</td></tr>
<tr style="background-color:#dbe8f5;"><td style="padding:3px;"><b>สถานีขนถ่าย</b></td><td style="padding:3px;"></td></tr>
<tr style="background-color:#f0f5fa;"><td style="padding:3px;"><b>สถานะยืนยัน</b></td><td style="padding:3px;">N</td></tr>
<tr style="background-color:#dbe8f5;"><td style="padding:3px;"><b>โควตา</b></td><td style="padding:3px;">718136</td></tr>
<tr style="background-color:#f0f5fa;"><td style="padding:3px;"><b>ชาวไร่</b></td><td style="padding:3px;">นาย ปรีชา ยืนยง</td></tr>
<tr style="background-color:#dbe8f5;"><td style="padding:3px;"><b>ประเภทอ้อย</b></td><td style="padding:3px;">ตอ2</td></tr>
<tr style="background-color:#f0f5fa;"><td style="padding:3px;"><b>พื้นที่</b></td><td style="padding:3px;">8.57</td></tr>
<tr style="background-color:#dbe8f5;"><td style="padding:3px;"><b>ปีผลิต</b></td><td style="padding:3px;">256970</td></tr>
<tr style="background-color:#f0f5fa;"><td style="padding:3px;"><b>ตันรวม</b></td><td style="padding:3px;">68.56</td></tr>
<tr style="background-color:#dbe8f5;"><td style="padding:3px;"><b>สถานที่ส่งอ้อย_1</b></td><td style="padding:3px;">รถตัด</td></tr>
</table>]]></description>
      <MultiGeometry><Polygon><outerBoundaryIs><LinearRing><coordinates>103.509234080014,15.0379464099589 103.511801300107,15.037497470082 103.511742069595,15.0371008104158 103.511504879806,15.0371860503843 103.51148822962,15.0371672200449 103.509096800133,15.0374582396204 103.509234080014,15.0379464099589</coordinates></LinearRing></outerBoundaryIs></Polygon></MultiGeometry>
    </Placemark>
    <Placemark>
      <name>320114141701</name>
      <styleUrl>#style_82_001</styleUrl>
      <description><![CDATA[<h3 style="margin-bottom:6px; font-family:sans-serif;">320114141701</h3>
<table style="width:100%; border-collapse:collapse; font-family:sans-serif; font-size:12px;">
<tr style="background-color:#99bfe6; color:#000; font-weight:bold;"><td colspan="2" style="padding:4px; text-align:center;">320114141701</td></tr>
<tr style="background-color:#f0f5fa;"><td style="padding:3px; width:45%;"><b>FID</b></td><td style="padding:3px;">7338</td></tr>
<tr style="background-color:#dbe8f5;"><td style="padding:3px;"><b>รหัสแปลง</b></td><td style="padding:3px;">320114141701</td></tr>
<tr style="background-color:#f0f5fa;"><td style="padding:3px;"><b>รหัสกลุ่มคิว</b></td><td style="padding:3px;">82_001</td></tr>
<tr style="background-color:#dbe8f5;"><td style="padding:3px;"><b>นักเกษตร</b></td><td style="padding:3px;">8201</td></tr>
<tr style="background-color:#f0f5fa;"><td style="padding:3px;"><b>ศูนย์</b></td><td style="padding:3px;">K2-82</td></tr>
<tr style="background-color:#dbe8f5;"><td style="padding:3px;"><b>สถานที่ส่งอ้อย</b></td><td style="padding:3px;">รถตัด</td></tr>
<tr style="background-color:#f0f5fa;"><td style="padding:3px;"><b>ประเภทคิว</b></td><td style="padding:3px;">รถตัด</td></tr>
<tr style="background-color:#dbe8f5;"><td style="padding:3px;"><b>ประเภทรถ</b></td><td style="padding:3px;">10 ล้อเดี่ยว</td></tr>
<tr style="background-color:#f0f5fa;"><td style="padding:3px;"><b>ประเภทชาวไร่</b></td><td style="padding:3px;">รถตัด</td></tr>
<tr style="background-color:#dbe8f5;"><td style="padding:3px;"><b>สถานีขนถ่าย</b></td><td style="padding:3px;"></td></tr>
<tr style="background-color:#f0f5fa;"><td style="padding:3px;"><b>สถานะยืนยัน</b></td><td style="padding:3px;">N</td></tr>
<tr style="background-color:#dbe8f5;"><td style="padding:3px;"><b>โควตา</b></td><td style="padding:3px;">718020</td></tr>
<tr style="background-color:#f0f5fa;"><td style="padding:3px;"><b>ชาวไร่</b></td><td style="padding:3px;">นาย เสริม ยงคง</td></tr>
<tr style="background-color:#dbe8f5;"><td style="padding:3px;"><b>ประเภทอ้อย</b></td><td style="padding:3px;">ปลายฝน</td></tr>
<tr style="background-color:#f0f5fa;"><td style="padding:3px;"><b>พื้นที่</b></td><td style="padding:3px;">4.03</td></tr>
<tr style="background-color:#dbe8f5;"><td style="padding:3px;"><b>ปีผลิต</b></td><td style="padding:3px;">256970</td></tr>
<tr style="background-color:#f0f5fa;"><td style="padding:3px;"><b>ตันรวม</b></td><td style="padding:3px;">52.39</td></tr>
<tr style="background-color:#dbe8f5;"><td style="padding:3px;"><b>สถานที่ส่งอ้อย_1</b></td><td style="padding:3px;">รถตัด</td></tr>
</table>]]></description>
      <MultiGeometry><Polygon><outerBoundaryIs><LinearRing><coordinates>103.493676666243,14.7745399998058 103.493470000086,14.7736500000727 103.492879999537,14.7738150003061 103.493126666311,14.774688333068 103.493676666243,14.7745399998058</coordinates></LinearRing></outerBoundaryIs></Polygon></MultiGeometry>
    </Placemark>
    <Placemark>
      <name>320113041624</name>
      <styleUrl>#style_82_001</styleUrl>
      <description><![CDATA[<h3 style="margin-bottom:6px; font-family:sans-serif;">320113041624</h3>
<table style="width:100%; border-collapse:collapse; font-family:sans-serif; font-size:12px;">
<tr style="background-color:#99bfe6; color:#000; font-weight:bold;"><td colspan="2" style="padding:4px; text-align:center;">320113041624</td></tr>
<tr style="background-color:#f0f5fa;"><td style="padding:3px; width:45%;"><b>FID</b></td><td style="padding:3px;">7408</td></tr>
<tr style="background-color:#dbe8f5;"><td style="padding:3px;"><b>รหัสแปลง</b></td><td style="padding:3px;">320113041624</td></tr>
<tr style="background-color:#f0f5fa;"><td style="padding:3px;"><b>รหัสกลุ่มคิว</b></td><td style="padding:3px;">82_001</td></tr>
<tr style="background-color:#dbe8f5;"><td style="padding:3px;"><b>นักเกษตร</b></td><td style="padding:3px;">8201</td></tr>
<tr style="background-color:#f0f5fa;"><td style="padding:3px;"><b>ศูนย์</b></td><td style="padding:3px;">K2-82</td></tr>
<tr style="background-color:#dbe8f5;"><td style="padding:3px;"><b>สถานที่ส่งอ้อย</b></td><td style="padding:3px;">รถตัด</td></tr>
<tr style="background-color:#f0f5fa;"><td style="padding:3px;"><b>ประเภทคิว</b></td><td style="padding:3px;">รถตัด</td></tr>
<tr style="background-color:#dbe8f5;"><td style="padding:3px;"><b>ประเภทรถ</b></td><td style="padding:3px;">10 ล้อเดี่ยว</td></tr>
<tr style="background-color:#f0f5fa;"><td style="padding:3px;"><b>ประเภทชาวไร่</b></td><td style="padding:3px;">รถตัด</td></tr>
<tr style="background-color:#dbe8f5;"><td style="padding:3px;"><b>สถานีขนถ่าย</b></td><td style="padding:3px;"></td></tr>
<tr style="background-color:#f0f5fa;"><td style="padding:3px;"><b>สถานะยืนยัน</b></td><td style="padding:3px;">N</td></tr>
<tr style="background-color:#dbe8f5;"><td style="padding:3px;"><b>โควตา</b></td><td style="padding:3px;">718292</td></tr>
<tr style="background-color:#f0f5fa;"><td style="padding:3px;"><b>ชาวไร่</b></td><td style="padding:3px;">นาง เกศณีย์ กำลังมา</td></tr>
<tr style="background-color:#dbe8f5;"><td style="padding:3px;"><b>ประเภทอ้อย</b></td><td style="padding:3px;">ปลายฝน</td></tr>
<tr style="background-color:#f0f5fa;"><td style="padding:3px;"><b>พื้นที่</b></td><td style="padding:3px;">10.08</td></tr>
<tr style="background-color:#dbe8f5;"><td style="padding:3px;"><b>ปีผลิต</b></td><td style="padding:3px;">256970</td></tr>
<tr style="background-color:#f0f5fa;"><td style="padding:3px;"><b>ตันรวม</b></td><td style="padding:3px;">131.04</td></tr>
<tr style="background-color:#dbe8f5;"><td style="padding:3px;"><b>สถานที่ส่งอ้อย_1</b></td><td style="padding:3px;">รถตัด</td></tr>
</table>]]></description>
      <MultiGeometry><Polygon><outerBoundaryIs><LinearRing><coordinates>103.321546666963,14.8199566662027 103.321141667035,14.8189100000059 103.321429999541,14.818728333532 103.321314999481,14.8183866670501 103.321158333433,14.8185050002063 103.320711666988,14.8186749998782 103.320094999817,14.8186766666844 103.320574999662,14.8198650000402 103.320850000065,14.8198149996477 103.3209999995,14.8200666662732 103.321546666963,14.8199566662027</coordinates></LinearRing></outerBoundaryIs></Polygon></MultiGeometry>
    </Placemark>
    <Placemark>
      <name>320110010001</name>
      <styleUrl>#style_82_001</styleUrl>
      <description><![CDATA[<h3 style="margin-bottom:6px; font-family:sans-serif;">320110010001</h3>
<table style="width:100%; border-collapse:collapse; font-family:sans-serif; font-size:12px;">
<tr style="background-color:#99bfe6; color:#000; font-weight:bold;"><td colspan="2" style="padding:4px; text-align:center;">320110010001</td></tr>
<tr style="background-color:#f0f5fa;"><td style="padding:3px; width:45%;"><b>FID</b></td><td style="padding:3px;">7426</td></tr>
<tr style="background-color:#dbe8f5;"><td style="padding:3px;"><b>รหัสแปลง</b></td><td style="padding:3px;">320110010001</td></tr>
<tr style="background-color:#f0f5fa;"><td style="padding:3px;"><b>รหัสกลุ่มคิว</b></td><td style="padding:3px;">82_001</td></tr>
<tr style="background-color:#dbe8f5;"><td style="padding:3px;"><b>นักเกษตร</b></td><td style="padding:3px;">8201</td></tr>
<tr style="background-color:#f0f5fa;"><td style="padding:3px;"><b>ศูนย์</b></td><td style="padding:3px;">K2-82</td></tr>
<tr style="background-color:#dbe8f5;"><td style="padding:3px;"><b>สถานที่ส่งอ้อย</b></td><td style="padding:3px;">รถตัด</td></tr>
<tr style="background-color:#f0f5fa;"><td style="padding:3px;"><b>ประเภทคิว</b></td><td style="padding:3px;">รถตัด</td></tr>
<tr style="background-color:#dbe8f5;"><td style="padding:3px;"><b>ประเภทรถ</b></td><td style="padding:3px;">10 ล้อเดี่ยว</td></tr>
<tr style="background-color:#f0f5fa;"><td style="padding:3px;"><b>ประเภทชาวไร่</b></td><td style="padding:3px;">รถตัด</td></tr>
<tr style="background-color:#dbe8f5;"><td style="padding:3px;"><b>สถานีขนถ่าย</b></td><td style="padding:3px;"></td></tr>
<tr style="background-color:#f0f5fa;"><td style="padding:3px;"><b>สถานะยืนยัน</b></td><td style="padding:3px;">N</td></tr>
<tr style="background-color:#dbe8f5;"><td style="padding:3px;"><b>โควตา</b></td><td style="padding:3px;">718221</td></tr>
<tr style="background-color:#f0f5fa;"><td style="padding:3px;"><b>ชาวไร่</b></td><td style="padding:3px;">นาย วันดี ไร่บูรณ์</td></tr>
<tr style="background-color:#dbe8f5;"><td style="padding:3px;"><b>ประเภทอ้อย</b></td><td style="padding:3px;">ตอ1</td></tr>
<tr style="background-color:#f0f5fa;"><td style="padding:3px;"><b>พื้นที่</b></td><td style="padding:3px;">6.19</td></tr>
<tr style="background-color:#dbe8f5;"><td style="padding:3px;"><b>ปีผลิต</b></td><td style="padding:3px;">256970</td></tr>
<tr style="background-color:#f0f5fa;"><td style="padding:3px;"><b>ตันรวม</b></td><td style="padding:3px;">55.71</td></tr>
<tr style="background-color:#dbe8f5;"><td style="padding:3px;"><b>สถานที่ส่งอ้อย_1</b></td><td style="padding:3px;">รถตัด</td></tr>
</table>]]></description>
      <MultiGeometry><Polygon><outerBoundaryIs><LinearRing><coordinates>103.509783789912,14.9191240698801 103.509830401863,14.9192952378894 103.509874999497,14.9193666669742 103.509948332963,14.9193983332457 103.510054999873,14.9192766670409 103.510096666355,14.919505000227 103.50995000013,14.9195466662839 103.510001666245,14.9197733331871 103.50998646951,14.9198683453777 103.510124079547,14.9203736704225 103.51038408981,14.9203110195592 103.510383919618,14.9202170601783 103.510655429548,14.9201726304127 103.510567379623,14.9199298498232 103.51051245995,14.9199465498781 103.510524839886,14.9199927799876 103.510424989495,14.9200288898249 103.510405319448,14.9200106900809 103.510391519933,14.9199798698314 103.510345519442,14.9199930800094 103.510218789893,14.9196962595697 103.510465009857,14.9196239996093 103.510509939687,14.9196270598295 103.51055125962,14.9197358696463 103.510625609861,14.9200042897365 103.510954889475,14.9198938398258 103.510817109598,14.9195598696926 103.510620980029,14.9188077703645 103.510290049461,14.918889109562 103.510395379773,14.9191954299369 103.510425199835,14.9192974400978 103.510266530227,14.9194151299619 103.510144720036,14.9194386998511 103.510086240349,14.9192699403018 103.510067269701,14.9192344296696 103.510068909524,14.9190948101513 103.510018629925,14.9190079996551 103.509783789912,14.9191240698801</coordinates></LinearRing></outerBoundaryIs></Polygon></MultiGeometry>
    </Placemark>
    <Placemark>
      <name>320105121611</name>
      <styleUrl>#style_82_001</styleUrl>
      <description><![CDATA[<h3 style="margin-bottom:6px; font-family:sans-serif;">320105121611</h3>
<table style="width:100%; border-collapse:collapse; font-family:sans-serif; font-size:12px;">
<tr style="background-color:#99bfe6; color:#000; font-weight:bold;"><td colspan="2" style="padding:4px; text-align:center;">320105121611</td></tr>
<tr style="background-color:#f0f5fa;"><td style="padding:3px; width:45%;"><b>FID</b></td><td style="padding:3px;">7437</td></tr>
<tr style="background-color:#dbe8f5;"><td style="padding:3px;"><b>รหัสแปลง</b></td><td style="padding:3px;">320105121611</td></tr>
<tr style="background-color:#f0f5fa;"><td style="padding:3px;"><b>รหัสกลุ่มคิว</b></td><td style="padding:3px;">82_001</td></tr>
<tr style="background-color:#dbe8f5;"><td style="padding:3px;"><b>นักเกษตร</b></td><td style="padding:3px;">8201</td></tr>
<tr style="background-color:#f0f5fa;"><td style="padding:3px;"><b>ศูนย์</b></td><td style="padding:3px;">K2-82</td></tr>
<tr style="background-color:#dbe8f5;"><td style="padding:3px;"><b>สถานที่ส่งอ้อย</b></td><td style="padding:3px;">รถตัด</td></tr>
<tr style="background-color:#f0f5fa;"><td style="padding:3px;"><b>ประเภทคิว</b></td><td style="padding:3px;">รถตัด</td></tr>
<tr style="background-color:#dbe8f5;"><td style="padding:3px;"><b>ประเภทรถ</b></td><td style="padding:3px;">10 ล้อเดี่ยว</td></tr>
<tr style="background-color:#f0f5fa;"><td style="padding:3px;"><b>ประเภทชาวไร่</b></td><td style="padding:3px;">รถตัด</td></tr>
<tr style="background-color:#dbe8f5;"><td style="padding:3px;"><b>สถานีขนถ่าย</b></td><td style="padding:3px;"></td></tr>
<tr style="background-color:#f0f5fa;"><td style="padding:3px;"><b>สถานะยืนยัน</b></td><td style="padding:3px;">N</td></tr>
<tr style="background-color:#dbe8f5;"><td style="padding:3px;"><b>โควตา</b></td><td style="padding:3px;">716933</td></tr>
<tr style="background-color:#f0f5fa;"><td style="padding:3px;"><b>ชาวไร่</b></td><td style="padding:3px;">นาย ประหยัด ช่อมะลิ</td></tr>
<tr style="background-color:#dbe8f5;"><td style="padding:3px;"><b>ประเภทอ้อย</b></td><td style="padding:3px;">ตอ2</td></tr>
<tr style="background-color:#f0f5fa;"><td style="padding:3px;"><b>พื้นที่</b></td><td style="padding:3px;">11.6</td></tr>
<tr style="background-color:#dbe8f5;"><td style="padding:3px;"><b>ปีผลิต</b></td><td style="padding:3px;">256970</td></tr>
<tr style="background-color:#f0f5fa;"><td style="padding:3px;"><b>ตันรวม</b></td><td style="padding:3px;">92.8</td></tr>
<tr style="background-color:#dbe8f5;"><td style="padding:3px;"><b>สถานที่ส่งอ้อย_1</b></td><td style="padding:3px;">รถตัด</td></tr>
</table>]]></description>
      <MultiGeometry><Polygon><outerBoundaryIs><LinearRing><coordinates>103.48983962998,14.961123440003 103.489733719653,14.9616732602795 103.492141270295,14.9614479404226 103.492002269824,14.9605451702707 103.491271310196,14.9608464002414 103.48983962998,14.961123440003</coordinates></LinearRing></outerBoundaryIs></Polygon></MultiGeometry>
    </Placemark>
    <Placemark>
      <name>320110061607</name>
      <styleUrl>#style_82_001</styleUrl>
      <description><![CDATA[<h3 style="margin-bottom:6px; font-family:sans-serif;">320110061607</h3>
<table style="width:100%; border-collapse:collapse; font-family:sans-serif; font-size:12px;">
<tr style="background-color:#99bfe6; color:#000; font-weight:bold;"><td colspan="2" style="padding:4px; text-align:center;">320110061607</td></tr>
<tr style="background-color:#f0f5fa;"><td style="padding:3px; width:45%;"><b>FID</b></td><td style="padding:3px;">7471</td></tr>
<tr style="background-color:#dbe8f5;"><td style="padding:3px;"><b>รหัสแปลง</b></td><td style="padding:3px;">320110061607</td></tr>
<tr style="background-color:#f0f5fa;"><td style="padding:3px;"><b>รหัสกลุ่มคิว</b></td><td style="padding:3px;">82_001</td></tr>
<tr style="background-color:#dbe8f5;"><td style="padding:3px;"><b>นักเกษตร</b></td><td style="padding:3px;">8201</td></tr>
<tr style="background-color:#f0f5fa;"><td style="padding:3px;"><b>ศูนย์</b></td><td style="padding:3px;">K2-82</td></tr>
<tr style="background-color:#dbe8f5;"><td style="padding:3px;"><b>สถานที่ส่งอ้อย</b></td><td style="padding:3px;">รถตัด</td></tr>
<tr style="background-color:#f0f5fa;"><td style="padding:3px;"><b>ประเภทคิว</b></td><td style="padding:3px;">รถตัด</td></tr>
<tr style="background-color:#dbe8f5;"><td style="padding:3px;"><b>ประเภทรถ</b></td><td style="padding:3px;">10 ล้อเดี่ยว</td></tr>
<tr style="background-color:#f0f5fa;"><td style="padding:3px;"><b>ประเภทชาวไร่</b></td><td style="padding:3px;">รถตัด</td></tr>
<tr style="background-color:#dbe8f5;"><td style="padding:3px;"><b>สถานีขนถ่าย</b></td><td style="padding:3px;"></td></tr>
<tr style="background-color:#f0f5fa;"><td style="padding:3px;"><b>สถานะยืนยัน</b></td><td style="padding:3px;">N</td></tr>
<tr style="background-color:#dbe8f5;"><td style="padding:3px;"><b>โควตา</b></td><td style="padding:3px;">718020</td></tr>
<tr style="background-color:#f0f5fa;"><td style="padding:3px;"><b>ชาวไร่</b></td><td style="padding:3px;">นาย เสริม ยงคง</td></tr>
<tr style="background-color:#dbe8f5;"><td style="padding:3px;"><b>ประเภทอ้อย</b></td><td style="padding:3px;">ปลายฝน</td></tr>
<tr style="background-color:#f0f5fa;"><td style="padding:3px;"><b>พื้นที่</b></td><td style="padding:3px;">6.98</td></tr>
<tr style="background-color:#dbe8f5;"><td style="padding:3px;"><b>ปีผลิต</b></td><td style="padding:3px;">256970</td></tr>
<tr style="background-color:#f0f5fa;"><td style="padding:3px;"><b>ตันรวม</b></td><td style="padding:3px;">90.74</td></tr>
<tr style="background-color:#dbe8f5;"><td style="padding:3px;"><b>สถานที่ส่งอ้อย_1</b></td><td style="padding:3px;">รถตัด</td></tr>
</table>]]></description>
      <MultiGeometry><Polygon><outerBoundaryIs><LinearRing><coordinates>103.534346770218,14.9821098503153 103.533941499895,14.9822228204039 103.53464786997,14.9843302803426 103.535096660218,14.9840747100729 103.534838469952,14.9836187502027 103.534802410194,14.9836044600487 103.534728549664,14.983433899958 103.534797869729,14.983397799895 103.534346770218,14.9821098503153</coordinates></LinearRing></outerBoundaryIs></Polygon></MultiGeometry>
    </Placemark>
    <Placemark>
      <name>320110061609</name>
      <styleUrl>#style_82_001</styleUrl>
      <description><![CDATA[<h3 style="margin-bottom:6px; font-family:sans-serif;">320110061609</h3>
<table style="width:100%; border-collapse:collapse; font-family:sans-serif; font-size:12px;">
<tr style="background-color:#99bfe6; color:#000; font-weight:bold;"><td colspan="2" style="padding:4px; text-align:center;">320110061609</td></tr>
<tr style="background-color:#f0f5fa;"><td style="padding:3px; width:45%;"><b>FID</b></td><td style="padding:3px;">7472</td></tr>
<tr style="background-color:#dbe8f5;"><td style="padding:3px;"><b>รหัสแปลง</b></td><td style="padding:3px;">320110061609</td></tr>
<tr style="background-color:#f0f5fa;"><td style="padding:3px;"><b>รหัสกลุ่มคิว</b></td><td style="padding:3px;">82_001</td></tr>
<tr style="background-color:#dbe8f5;"><td style="padding:3px;"><b>นักเกษตร</b></td><td style="padding:3px;">8201</td></tr>
<tr style="background-color:#f0f5fa;"><td style="padding:3px;"><b>ศูนย์</b></td><td style="padding:3px;">K2-82</td></tr>
<tr style="background-color:#dbe8f5;"><td style="padding:3px;"><b>สถานที่ส่งอ้อย</b></td><td style="padding:3px;">รถตัด</td></tr>
<tr style="background-color:#f0f5fa;"><td style="padding:3px;"><b>ประเภทคิว</b></td><td style="padding:3px;">รถตัด</td></tr>
<tr style="background-color:#dbe8f5;"><td style="padding:3px;"><b>ประเภทรถ</b></td><td style="padding:3px;">10 ล้อเดี่ยว</td></tr>
<tr style="background-color:#f0f5fa;"><td style="padding:3px;"><b>ประเภทชาวไร่</b></td><td style="padding:3px;">รถตัด</td></tr>
<tr style="background-color:#dbe8f5;"><td style="padding:3px;"><b>สถานีขนถ่าย</b></td><td style="padding:3px;"></td></tr>
<tr style="background-color:#f0f5fa;"><td style="padding:3px;"><b>สถานะยืนยัน</b></td><td style="padding:3px;">N</td></tr>
<tr style="background-color:#dbe8f5;"><td style="padding:3px;"><b>โควตา</b></td><td style="padding:3px;">718020</td></tr>
<tr style="background-color:#f0f5fa;"><td style="padding:3px;"><b>ชาวไร่</b></td><td style="padding:3px;">นาย เสริม ยงคง</td></tr>
<tr style="background-color:#dbe8f5;"><td style="padding:3px;"><b>ประเภทอ้อย</b></td><td style="padding:3px;">ปลายฝน</td></tr>
<tr style="background-color:#f0f5fa;"><td style="padding:3px;"><b>พื้นที่</b></td><td style="padding:3px;">6.65</td></tr>
<tr style="background-color:#dbe8f5;"><td style="padding:3px;"><b>ปีผลิต</b></td><td style="padding:3px;">256970</td></tr>
<tr style="background-color:#f0f5fa;"><td style="padding:3px;"><b>ตันรวม</b></td><td style="padding:3px;">86.45</td></tr>
<tr style="background-color:#dbe8f5;"><td style="padding:3px;"><b>สถานที่ส่งอ้อย_1</b></td><td style="padding:3px;">รถตัด</td></tr>
</table>]]></description>
      <MultiGeometry><Polygon><outerBoundaryIs><LinearRing><coordinates>103.535122300244,14.9840891501748 103.535438060323,14.9839101897821 103.53476376012,14.9819820004135 103.534367929852,14.9821081500521 103.534811519504,14.9834363098401 103.53475028028,14.9834584697202 103.535122300244,14.9840891501748</coordinates></LinearRing></outerBoundaryIs></Polygon></MultiGeometry>
    </Placemark>
    <Placemark>
      <name>320105011617</name>
      <styleUrl>#style_82_001</styleUrl>
      <description><![CDATA[<h3 style="margin-bottom:6px; font-family:sans-serif;">320105011617</h3>
<table style="width:100%; border-collapse:collapse; font-family:sans-serif; font-size:12px;">
<tr style="background-color:#99bfe6; color:#000; font-weight:bold;"><td colspan="2" style="padding:4px; text-align:center;">320105011617</td></tr>
<tr style="background-color:#f0f5fa;"><td style="padding:3px; width:45%;"><b>FID</b></td><td style="padding:3px;">7538</td></tr>
<tr style="background-color:#dbe8f5;"><td style="padding:3px;"><b>รหัสแปลง</b></td><td style="padding:3px;">320105011617</td></tr>
<tr style="background-color:#f0f5fa;"><td style="padding:3px;"><b>รหัสกลุ่มคิว</b></td><td style="padding:3px;">82_001</td></tr>
<tr style="background-color:#dbe8f5;"><td style="padding:3px;"><b>นักเกษตร</b></td><td style="padding:3px;">8201</td></tr>
<tr style="background-color:#f0f5fa;"><td style="padding:3px;"><b>ศูนย์</b></td><td style="padding:3px;">K2-82</td></tr>
<tr style="background-color:#dbe8f5;"><td style="padding:3px;"><b>สถานที่ส่งอ้อย</b></td><td style="padding:3px;">รถตัด</td></tr>
<tr style="background-color:#f0f5fa;"><td style="padding:3px;"><b>ประเภทคิว</b></td><td style="padding:3px;">รถตัด</td></tr>
<tr style="background-color:#dbe8f5;"><td style="padding:3px;"><b>ประเภทรถ</b></td><td style="padding:3px;">10 ล้อเดี่ยว</td></tr>
<tr style="background-color:#f0f5fa;"><td style="padding:3px;"><b>ประเภทชาวไร่</b></td><td style="padding:3px;">รถตัด</td></tr>
<tr style="background-color:#dbe8f5;"><td style="padding:3px;"><b>สถานีขนถ่าย</b></td><td style="padding:3px;"></td></tr>
<tr style="background-color:#f0f5fa;"><td style="padding:3px;"><b>สถานะยืนยัน</b></td><td style="padding:3px;">N</td></tr>
<tr style="background-color:#dbe8f5;"><td style="padding:3px;"><b>โควตา</b></td><td style="padding:3px;">718246</td></tr>
<tr style="background-color:#f0f5fa;"><td style="padding:3px;"><b>ชาวไร่</b></td><td style="padding:3px;">นาย สถิตย์ ผจงดี</td></tr>
<tr style="background-color:#dbe8f5;"><td style="padding:3px;"><b>ประเภทอ้อย</b></td><td style="padding:3px;">ตอ3</td></tr>
<tr style="background-color:#f0f5fa;"><td style="padding:3px;"><b>พื้นที่</b></td><td style="padding:3px;">3.23</td></tr>
<tr style="background-color:#dbe8f5;"><td style="padding:3px;"><b>ปีผลิต</b></td><td style="padding:3px;">256970</td></tr>
<tr style="background-color:#f0f5fa;"><td style="padding:3px;"><b>ตันรวม</b></td><td style="padding:3px;">22.61</td></tr>
<tr style="background-color:#dbe8f5;"><td style="padding:3px;"><b>สถานที่ส่งอ้อย_1</b></td><td style="padding:3px;">รถตัด</td></tr>
</table>]]></description>
      <MultiGeometry><Polygon><outerBoundaryIs><LinearRing><coordinates>103.471733120286,14.9493825900582 103.472569769614,14.951348110358 103.472767510304,14.9512539498147 103.471915320349,14.9493290696132 103.471733120286,14.9493825900582</coordinates></LinearRing></outerBoundaryIs></Polygon></MultiGeometry>
    </Placemark>
    <Placemark>
      <name>320105121612</name>
      <styleUrl>#style_82_001</styleUrl>
      <description><![CDATA[<h3 style="margin-bottom:6px; font-family:sans-serif;">320105121612</h3>
<table style="width:100%; border-collapse:collapse; font-family:sans-serif; font-size:12px;">
<tr style="background-color:#99bfe6; color:#000; font-weight:bold;"><td colspan="2" style="padding:4px; text-align:center;">320105121612</td></tr>
<tr style="background-color:#f0f5fa;"><td style="padding:3px; width:45%;"><b>FID</b></td><td style="padding:3px;">7539</td></tr>
<tr style="background-color:#dbe8f5;"><td style="padding:3px;"><b>รหัสแปลง</b></td><td style="padding:3px;">320105121612</td></tr>
<tr style="background-color:#f0f5fa;"><td style="padding:3px;"><b>รหัสกลุ่มคิว</b></td><td style="padding:3px;">82_001</td></tr>
<tr style="background-color:#dbe8f5;"><td style="padding:3px;"><b>นักเกษตร</b></td><td style="padding:3px;">8201</td></tr>
<tr style="background-color:#f0f5fa;"><td style="padding:3px;"><b>ศูนย์</b></td><td style="padding:3px;">K2-82</td></tr>
<tr style="background-color:#dbe8f5;"><td style="padding:3px;"><b>สถานที่ส่งอ้อย</b></td><td style="padding:3px;">รถตัด</td></tr>
<tr style="background-color:#f0f5fa;"><td style="padding:3px;"><b>ประเภทคิว</b></td><td style="padding:3px;">รถตัด</td></tr>
<tr style="background-color:#dbe8f5;"><td style="padding:3px;"><b>ประเภทรถ</b></td><td style="padding:3px;">10 ล้อเดี่ยว</td></tr>
<tr style="background-color:#f0f5fa;"><td style="padding:3px;"><b>ประเภทชาวไร่</b></td><td style="padding:3px;">รถตัด</td></tr>
<tr style="background-color:#dbe8f5;"><td style="padding:3px;"><b>สถานีขนถ่าย</b></td><td style="padding:3px;"></td></tr>
<tr style="background-color:#f0f5fa;"><td style="padding:3px;"><b>สถานะยืนยัน</b></td><td style="padding:3px;">N</td></tr>
<tr style="background-color:#dbe8f5;"><td style="padding:3px;"><b>โควตา</b></td><td style="padding:3px;">718245</td></tr>
<tr style="background-color:#f0f5fa;"><td style="padding:3px;"><b>ชาวไร่</b></td><td style="padding:3px;">นาย สมุห์ ช่อมะลิ</td></tr>
<tr style="background-color:#dbe8f5;"><td style="padding:3px;"><b>ประเภทอ้อย</b></td><td style="padding:3px;">ตอ2</td></tr>
<tr style="background-color:#f0f5fa;"><td style="padding:3px;"><b>พื้นที่</b></td><td style="padding:3px;">1.45</td></tr>
<tr style="background-color:#dbe8f5;"><td style="padding:3px;"><b>ปีผลิต</b></td><td style="padding:3px;">256970</td></tr>
<tr style="background-color:#f0f5fa;"><td style="padding:3px;"><b>ตันรวม</b></td><td style="padding:3px;">11.6</td></tr>
<tr style="background-color:#dbe8f5;"><td style="padding:3px;"><b>สถานที่ส่งอ้อย_1</b></td><td style="padding:3px;">รถตัด</td></tr>
</table>]]></description>
      <MultiGeometry><Polygon><outerBoundaryIs><LinearRing><coordinates>103.488612679906,14.961065939726 103.488691930122,14.961475689964 103.489153649815,14.9614715097093 103.489073550196,14.9610452600416 103.488612679906,14.961065939726</coordinates></LinearRing></outerBoundaryIs></Polygon></MultiGeometry>
    </Placemark>
    <Placemark>
      <name>320118111627</name>
      <styleUrl>#style_82_001</styleUrl>
      <description><![CDATA[<h3 style="margin-bottom:6px; font-family:sans-serif;">320118111627</h3>
<table style="width:100%; border-collapse:collapse; font-family:sans-serif; font-size:12px;">
<tr style="background-color:#99bfe6; color:#000; font-weight:bold;"><td colspan="2" style="padding:4px; text-align:center;">320118111627</td></tr>
<tr style="background-color:#f0f5fa;"><td style="padding:3px; width:45%;"><b>FID</b></td><td style="padding:3px;">7750</td></tr>
<tr style="background-color:#dbe8f5;"><td style="padding:3px;"><b>รหัสแปลง</b></td><td style="padding:3px;">320118111627</td></tr>
<tr style="background-color:#f0f5fa;"><td style="padding:3px;"><b>รหัสกลุ่มคิว</b></td><td style="padding:3px;">82_001</td></tr>
<tr style="background-color:#dbe8f5;"><td style="padding:3px;"><b>นักเกษตร</b></td><td style="padding:3px;">8201</td></tr>
<tr style="background-color:#f0f5fa;"><td style="padding:3px;"><b>ศูนย์</b></td><td style="padding:3px;">K2-82</td></tr>
<tr style="background-color:#dbe8f5;"><td style="padding:3px;"><b>สถานที่ส่งอ้อย</b></td><td style="padding:3px;">รถตัด</td></tr>
<tr style="background-color:#f0f5fa;"><td style="padding:3px;"><b>ประเภทคิว</b></td><td style="padding:3px;">รถตัด</td></tr>
<tr style="background-color:#dbe8f5;"><td style="padding:3px;"><b>ประเภทรถ</b></td><td style="padding:3px;">10 ล้อเดี่ยว</td></tr>
<tr style="background-color:#f0f5fa;"><td style="padding:3px;"><b>ประเภทชาวไร่</b></td><td style="padding:3px;">รถตัด</td></tr>
<tr style="background-color:#dbe8f5;"><td style="padding:3px;"><b>สถานีขนถ่าย</b></td><td style="padding:3px;"></td></tr>
<tr style="background-color:#f0f5fa;"><td style="padding:3px;"><b>สถานะยืนยัน</b></td><td style="padding:3px;">N</td></tr>
<tr style="background-color:#dbe8f5;"><td style="padding:3px;"><b>โควตา</b></td><td style="padding:3px;">718292</td></tr>
<tr style="background-color:#f0f5fa;"><td style="padding:3px;"><b>ชาวไร่</b></td><td style="padding:3px;">นาง เกศณีย์ กำลังมา</td></tr>
<tr style="background-color:#dbe8f5;"><td style="padding:3px;"><b>ประเภทอ้อย</b></td><td style="padding:3px;">ตอ1</td></tr>
<tr style="background-color:#f0f5fa;"><td style="padding:3px;"><b>พื้นที่</b></td><td style="padding:3px;">2.1</td></tr>
<tr style="background-color:#dbe8f5;"><td style="padding:3px;"><b>ปีผลิต</b></td><td style="padding:3px;">256970</td></tr>
<tr style="background-color:#f0f5fa;"><td style="padding:3px;"><b>ตันรวม</b></td><td style="padding:3px;">18.9</td></tr>
<tr style="background-color:#dbe8f5;"><td style="padding:3px;"><b>สถานที่ส่งอ้อย_1</b></td><td style="padding:3px;">รถตัด</td></tr>
</table>]]></description>
      <MultiGeometry><Polygon><outerBoundaryIs><LinearRing><coordinates>103.38431530951,14.8108021400157 103.385060460097,14.8105443400897 103.384958740103,14.8102357600808 103.384111329721,14.8104927595606 103.384121650019,14.8105866896532 103.384211640327,14.8105786601415 103.384321169542,14.8107827996129 103.38431530951,14.8108021400157</coordinates></LinearRing></outerBoundaryIs></Polygon></MultiGeometry>
    </Placemark>
    <Placemark>
      <name>320104020018</name>
      <styleUrl>#style_82_001</styleUrl>
      <description><![CDATA[<h3 style="margin-bottom:6px; font-family:sans-serif;">320104020018</h3>
<table style="width:100%; border-collapse:collapse; font-family:sans-serif; font-size:12px;">
<tr style="background-color:#99bfe6; color:#000; font-weight:bold;"><td colspan="2" style="padding:4px; text-align:center;">320104020018</td></tr>
<tr style="background-color:#f0f5fa;"><td style="padding:3px; width:45%;"><b>FID</b></td><td style="padding:3px;">7768</td></tr>
<tr style="background-color:#dbe8f5;"><td style="padding:3px;"><b>รหัสแปลง</b></td><td style="padding:3px;">320104020018</td></tr>
<tr style="background-color:#f0f5fa;"><td style="padding:3px;"><b>รหัสกลุ่มคิว</b></td><td style="padding:3px;">82_001</td></tr>
<tr style="background-color:#dbe8f5;"><td style="padding:3px;"><b>นักเกษตร</b></td><td style="padding:3px;">8201</td></tr>
<tr style="background-color:#f0f5fa;"><td style="padding:3px;"><b>ศูนย์</b></td><td style="padding:3px;">K2-82</td></tr>
<tr style="background-color:#dbe8f5;"><td style="padding:3px;"><b>สถานที่ส่งอ้อย</b></td><td style="padding:3px;">รถตัด</td></tr>
<tr style="background-color:#f0f5fa;"><td style="padding:3px;"><b>ประเภทคิว</b></td><td style="padding:3px;">รถตัด</td></tr>
<tr style="background-color:#dbe8f5;"><td style="padding:3px;"><b>ประเภทรถ</b></td><td style="padding:3px;">10 ล้อเดี่ยว</td></tr>
<tr style="background-color:#f0f5fa;"><td style="padding:3px;"><b>ประเภทชาวไร่</b></td><td style="padding:3px;">รถตัด</td></tr>
<tr style="background-color:#dbe8f5;"><td style="padding:3px;"><b>สถานีขนถ่าย</b></td><td style="padding:3px;"></td></tr>
<tr style="background-color:#f0f5fa;"><td style="padding:3px;"><b>สถานะยืนยัน</b></td><td style="padding:3px;">N</td></tr>
<tr style="background-color:#dbe8f5;"><td style="padding:3px;"><b>โควตา</b></td><td style="padding:3px;">718266</td></tr>
<tr style="background-color:#f0f5fa;"><td style="padding:3px;"><b>ชาวไร่</b></td><td style="padding:3px;">นาง ละเอียด ศัตรูพินาศ</td></tr>
<tr style="background-color:#dbe8f5;"><td style="padding:3px;"><b>ประเภทอ้อย</b></td><td style="padding:3px;">ปลายฝน</td></tr>
<tr style="background-color:#f0f5fa;"><td style="padding:3px;"><b>พื้นที่</b></td><td style="padding:3px;">2.35</td></tr>
<tr style="background-color:#dbe8f5;"><td style="padding:3px;"><b>ปีผลิต</b></td><td style="padding:3px;">256970</td></tr>
<tr style="background-color:#f0f5fa;"><td style="padding:3px;"><b>ตันรวม</b></td><td style="padding:3px;">30.55</td></tr>
<tr style="background-color:#dbe8f5;"><td style="padding:3px;"><b>สถานที่ส่งอ้อย_1</b></td><td style="padding:3px;">รถตัด</td></tr>
</table>]]></description>
      <MultiGeometry><Polygon><outerBoundaryIs><LinearRing><coordinates>103.523586779542,15.0430871895945 103.523306020113,15.0420209897731 103.523046319452,15.0420456601558 103.523289230108,15.0431522802126 103.523586779542,15.0430871895945</coordinates></LinearRing></outerBoundaryIs></Polygon></MultiGeometry>
    </Placemark>
    <Placemark>
      <name>320104020020</name>
      <styleUrl>#style_82_001</styleUrl>
      <description><![CDATA[<h3 style="margin-bottom:6px; font-family:sans-serif;">320104020020</h3>
<table style="width:100%; border-collapse:collapse; font-family:sans-serif; font-size:12px;">
<tr style="background-color:#99bfe6; color:#000; font-weight:bold;"><td colspan="2" style="padding:4px; text-align:center;">320104020020</td></tr>
<tr style="background-color:#f0f5fa;"><td style="padding:3px; width:45%;"><b>FID</b></td><td style="padding:3px;">7772</td></tr>
<tr style="background-color:#dbe8f5;"><td style="padding:3px;"><b>รหัสแปลง</b></td><td style="padding:3px;">320104020020</td></tr>
<tr style="background-color:#f0f5fa;"><td style="padding:3px;"><b>รหัสกลุ่มคิว</b></td><td style="padding:3px;">82_001</td></tr>
<tr style="background-color:#dbe8f5;"><td style="padding:3px;"><b>นักเกษตร</b></td><td style="padding:3px;">8201</td></tr>
<tr style="background-color:#f0f5fa;"><td style="padding:3px;"><b>ศูนย์</b></td><td style="padding:3px;">K2-82</td></tr>
<tr style="background-color:#dbe8f5;"><td style="padding:3px;"><b>สถานที่ส่งอ้อย</b></td><td style="padding:3px;">รถตัด</td></tr>
<tr style="background-color:#f0f5fa;"><td style="padding:3px;"><b>ประเภทคิว</b></td><td style="padding:3px;">รถตัด</td></tr>
<tr style="background-color:#dbe8f5;"><td style="padding:3px;"><b>ประเภทรถ</b></td><td style="padding:3px;">10 ล้อเดี่ยว</td></tr>
<tr style="background-color:#f0f5fa;"><td style="padding:3px;"><b>ประเภทชาวไร่</b></td><td style="padding:3px;">รถตัด</td></tr>
<tr style="background-color:#dbe8f5;"><td style="padding:3px;"><b>สถานีขนถ่าย</b></td><td style="padding:3px;"></td></tr>
<tr style="background-color:#f0f5fa;"><td style="padding:3px;"><b>สถานะยืนยัน</b></td><td style="padding:3px;">N</td></tr>
<tr style="background-color:#dbe8f5;"><td style="padding:3px;"><b>โควตา</b></td><td style="padding:3px;">718262</td></tr>
<tr style="background-color:#f0f5fa;"><td style="padding:3px;"><b>ชาวไร่</b></td><td style="padding:3px;">นาย เสมียน จันหอม</td></tr>
<tr style="background-color:#dbe8f5;"><td style="padding:3px;"><b>ประเภทอ้อย</b></td><td style="padding:3px;">ตอ2</td></tr>
<tr style="background-color:#f0f5fa;"><td style="padding:3px;"><b>พื้นที่</b></td><td style="padding:3px;">3.45</td></tr>
<tr style="background-color:#dbe8f5;"><td style="padding:3px;"><b>ปีผลิต</b></td><td style="padding:3px;">256970</td></tr>
<tr style="background-color:#f0f5fa;"><td style="padding:3px;"><b>ตันรวม</b></td><td style="padding:3px;">27.6</td></tr>
<tr style="background-color:#dbe8f5;"><td style="padding:3px;"><b>สถานที่ส่งอ้อย_1</b></td><td style="padding:3px;">รถตัด</td></tr>
</table>]]></description>
      <MultiGeometry><Polygon><outerBoundaryIs><LinearRing><coordinates>103.523886000323,15.0434200003517 103.52378796988,15.0431187399063 103.5223214601,15.043495789763 103.522390710173,15.0437767095531 103.523886000323,15.0434200003517</coordinates></LinearRing></outerBoundaryIs></Polygon></MultiGeometry>
    </Placemark>
    <Placemark>
      <name>320104020021</name>
      <styleUrl>#style_82_001</styleUrl>
      <description><![CDATA[<h3 style="margin-bottom:6px; font-family:sans-serif;">320104020021</h3>
<table style="width:100%; border-collapse:collapse; font-family:sans-serif; font-size:12px;">
<tr style="background-color:#99bfe6; color:#000; font-weight:bold;"><td colspan="2" style="padding:4px; text-align:center;">320104020021</td></tr>
<tr style="background-color:#f0f5fa;"><td style="padding:3px; width:45%;"><b>FID</b></td><td style="padding:3px;">7773</td></tr>
<tr style="background-color:#dbe8f5;"><td style="padding:3px;"><b>รหัสแปลง</b></td><td style="padding:3px;">320104020021</td></tr>
<tr style="background-color:#f0f5fa;"><td style="padding:3px;"><b>รหัสกลุ่มคิว</b></td><td style="padding:3px;">82_001</td></tr>
<tr style="background-color:#dbe8f5;"><td style="padding:3px;"><b>นักเกษตร</b></td><td style="padding:3px;">8201</td></tr>
<tr style="background-color:#f0f5fa;"><td style="padding:3px;"><b>ศูนย์</b></td><td style="padding:3px;">K2-82</td></tr>
<tr style="background-color:#dbe8f5;"><td style="padding:3px;"><b>สถานที่ส่งอ้อย</b></td><td style="padding:3px;">รถตัด</td></tr>
<tr style="background-color:#f0f5fa;"><td style="padding:3px;"><b>ประเภทคิว</b></td><td style="padding:3px;">รถตัด</td></tr>
<tr style="background-color:#dbe8f5;"><td style="padding:3px;"><b>ประเภทรถ</b></td><td style="padding:3px;">10 ล้อเดี่ยว</td></tr>
<tr style="background-color:#f0f5fa;"><td style="padding:3px;"><b>ประเภทชาวไร่</b></td><td style="padding:3px;">รถตัด</td></tr>
<tr style="background-color:#dbe8f5;"><td style="padding:3px;"><b>สถานีขนถ่าย</b></td><td style="padding:3px;"></td></tr>
<tr style="background-color:#f0f5fa;"><td style="padding:3px;"><b>สถานะยืนยัน</b></td><td style="padding:3px;">N</td></tr>
<tr style="background-color:#dbe8f5;"><td style="padding:3px;"><b>โควตา</b></td><td style="padding:3px;">718262</td></tr>
<tr style="background-color:#f0f5fa;"><td style="padding:3px;"><b>ชาวไร่</b></td><td style="padding:3px;">นาย เสมียน จันหอม</td></tr>
<tr style="background-color:#dbe8f5;"><td style="padding:3px;"><b>ประเภทอ้อย</b></td><td style="padding:3px;">ตอ6</td></tr>
<tr style="background-color:#f0f5fa;"><td style="padding:3px;"><b>พื้นที่</b></td><td style="padding:3px;">2.79</td></tr>
<tr style="background-color:#dbe8f5;"><td style="padding:3px;"><b>ปีผลิต</b></td><td style="padding:3px;">256970</td></tr>
<tr style="background-color:#f0f5fa;"><td style="padding:3px;"><b>ตันรวม</b></td><td style="padding:3px;">19.53</td></tr>
<tr style="background-color:#dbe8f5;"><td style="padding:3px;"><b>สถานที่ส่งอ้อย_1</b></td><td style="padding:3px;">รถตัด</td></tr>
</table>]]></description>
      <MultiGeometry><Polygon><outerBoundaryIs><LinearRing><coordinates>103.506691909548,15.0428768298185 103.50696290944,15.0438482801445 103.50731799964,15.0438148903837 103.507068440016,15.0428160298934 103.506691909548,15.0428768298185</coordinates></LinearRing></outerBoundaryIs></Polygon></MultiGeometry>
    </Placemark>
    <Placemark>
      <name>320104020023</name>
      <styleUrl>#style_82_001</styleUrl>
      <description><![CDATA[<h3 style="margin-bottom:6px; font-family:sans-serif;">320104020023</h3>
<table style="width:100%; border-collapse:collapse; font-family:sans-serif; font-size:12px;">
<tr style="background-color:#99bfe6; color:#000; font-weight:bold;"><td colspan="2" style="padding:4px; text-align:center;">320104020023</td></tr>
<tr style="background-color:#f0f5fa;"><td style="padding:3px; width:45%;"><b>FID</b></td><td style="padding:3px;">7774</td></tr>
<tr style="background-color:#dbe8f5;"><td style="padding:3px;"><b>รหัสแปลง</b></td><td style="padding:3px;">320104020023</td></tr>
<tr style="background-color:#f0f5fa;"><td style="padding:3px;"><b>รหัสกลุ่มคิว</b></td><td style="padding:3px;">82_001</td></tr>
<tr style="background-color:#dbe8f5;"><td style="padding:3px;"><b>นักเกษตร</b></td><td style="padding:3px;">8201</td></tr>
<tr style="background-color:#f0f5fa;"><td style="padding:3px;"><b>ศูนย์</b></td><td style="padding:3px;">K2-82</td></tr>
<tr style="background-color:#dbe8f5;"><td style="padding:3px;"><b>สถานที่ส่งอ้อย</b></td><td style="padding:3px;">รถตัด</td></tr>
<tr style="background-color:#f0f5fa;"><td style="padding:3px;"><b>ประเภทคิว</b></td><td style="padding:3px;">รถตัด</td></tr>
<tr style="background-color:#dbe8f5;"><td style="padding:3px;"><b>ประเภทรถ</b></td><td style="padding:3px;">10 ล้อเดี่ยว</td></tr>
<tr style="background-color:#f0f5fa;"><td style="padding:3px;"><b>ประเภทชาวไร่</b></td><td style="padding:3px;">รถตัด</td></tr>
<tr style="background-color:#dbe8f5;"><td style="padding:3px;"><b>สถานีขนถ่าย</b></td><td style="padding:3px;"></td></tr>
<tr style="background-color:#f0f5fa;"><td style="padding:3px;"><b>สถานะยืนยัน</b></td><td style="padding:3px;">N</td></tr>
<tr style="background-color:#dbe8f5;"><td style="padding:3px;"><b>โควตา</b></td><td style="padding:3px;">718151</td></tr>
<tr style="background-color:#f0f5fa;"><td style="padding:3px;"><b>ชาวไร่</b></td><td style="padding:3px;">นาย พิรัตน์ สุขดี</td></tr>
<tr style="background-color:#dbe8f5;"><td style="padding:3px;"><b>ประเภทอ้อย</b></td><td style="padding:3px;">ตอ1</td></tr>
<tr style="background-color:#f0f5fa;"><td style="padding:3px;"><b>พื้นที่</b></td><td style="padding:3px;">10.22</td></tr>
<tr style="background-color:#dbe8f5;"><td style="padding:3px;"><b>ปีผลิต</b></td><td style="padding:3px;">256970</td></tr>
<tr style="background-color:#f0f5fa;"><td style="padding:3px;"><b>ตันรวม</b></td><td style="padding:3px;">91.98</td></tr>
<tr style="background-color:#dbe8f5;"><td style="padding:3px;"><b>สถานที่ส่งอ้อย_1</b></td><td style="padding:3px;">รถตัด</td></tr>
</table>]]></description>
      <MultiGeometry><Polygon><outerBoundaryIs><LinearRing><coordinates>103.509094999967,15.0442183331007 103.506779999618,15.0445399997301 103.506818332785,15.0446900001241 103.506826666572,15.0447566663855 103.506836666292,15.0448099996715 103.50685333328,15.0449500001548 103.506866666342,15.0451566662509 103.507466666306,15.0450633335718 103.507846666996,15.044998333596 103.508478333379,15.044901666299 103.509069999911,15.0448150001931 103.509094999967,15.0442183331007</coordinates></LinearRing></outerBoundaryIs></Polygon></MultiGeometry>
    </Placemark>
    <Placemark>
      <name>321605070001</name>
      <styleUrl>#style_82_001</styleUrl>
      <description><![CDATA[<h3 style="margin-bottom:6px; font-family:sans-serif;">321605070001</h3>
<table style="width:100%; border-collapse:collapse; font-family:sans-serif; font-size:12px;">
<tr style="background-color:#99bfe6; color:#000; font-weight:bold;"><td colspan="2" style="padding:4px; text-align:center;">321605070001</td></tr>
<tr style="background-color:#f0f5fa;"><td style="padding:3px; width:45%;"><b>FID</b></td><td style="padding:3px;">7809</td></tr>
<tr style="background-color:#dbe8f5;"><td style="padding:3px;"><b>รหัสแปลง</b></td><td style="padding:3px;">321605070001</td></tr>
<tr style="background-color:#f0f5fa;"><td style="padding:3px;"><b>รหัสกลุ่มคิว</b></td><td style="padding:3px;">82_001</td></tr>
<tr style="background-color:#dbe8f5;"><td style="padding:3px;"><b>นักเกษตร</b></td><td style="padding:3px;">8201</td></tr>
<tr style="background-color:#f0f5fa;"><td style="padding:3px;"><b>ศูนย์</b></td><td style="padding:3px;">K2-82</td></tr>
<tr style="background-color:#dbe8f5;"><td style="padding:3px;"><b>สถานที่ส่งอ้อย</b></td><td style="padding:3px;">รถตัด</td></tr>
<tr style="background-color:#f0f5fa;"><td style="padding:3px;"><b>ประเภทคิว</b></td><td style="padding:3px;">รถตัด</td></tr>
<tr style="background-color:#dbe8f5;"><td style="padding:3px;"><b>ประเภทรถ</b></td><td style="padding:3px;">10 ล้อเดี่ยว</td></tr>
<tr style="background-color:#f0f5fa;"><td style="padding:3px;"><b>ประเภทชาวไร่</b></td><td style="padding:3px;">รถตัด</td></tr>
<tr style="background-color:#dbe8f5;"><td style="padding:3px;"><b>สถานีขนถ่าย</b></td><td style="padding:3px;"></td></tr>
<tr style="background-color:#f0f5fa;"><td style="padding:3px;"><b>สถานะยืนยัน</b></td><td style="padding:3px;">N</td></tr>
<tr style="background-color:#dbe8f5;"><td style="padding:3px;"><b>โควตา</b></td><td style="padding:3px;">718249</td></tr>
<tr style="background-color:#f0f5fa;"><td style="padding:3px;"><b>ชาวไร่</b></td><td style="padding:3px;">นาง สำรวย จิตหาญ</td></tr>
<tr style="background-color:#dbe8f5;"><td style="padding:3px;"><b>ประเภทอ้อย</b></td><td style="padding:3px;">ปลายฝน</td></tr>
<tr style="background-color:#f0f5fa;"><td style="padding:3px;"><b>พื้นที่</b></td><td style="padding:3px;">18.39</td></tr>
<tr style="background-color:#dbe8f5;"><td style="padding:3px;"><b>ปีผลิต</b></td><td style="padding:3px;">256970</td></tr>
<tr style="background-color:#f0f5fa;"><td style="padding:3px;"><b>ตันรวม</b></td><td style="padding:3px;">239.07</td></tr>
<tr style="background-color:#dbe8f5;"><td style="padding:3px;"><b>สถานที่ส่งอ้อย_1</b></td><td style="padding:3px;">รถตัด</td></tr>
</table>]]></description>
      <MultiGeometry><Polygon><outerBoundaryIs><LinearRing><coordinates>103.619769999451,14.9499766664897 103.619671666849,14.9509333335778 103.619698333188,14.9509900000228 103.619746666355,14.9510033335976 103.62036333291,14.9508433334018 103.621558333264,14.9504183328929 103.62154499943,14.9502799998398 103.621988333417,14.9501349999702 103.621648333058,14.9490566662381 103.620883333026,14.9494516663502 103.620856666248,14.9495216669269 103.620794999608,14.9495449998967 103.620783333594,14.9494916664322 103.620506666346,14.9496366663013 103.619769999451,14.9499766664897</coordinates></LinearRing></outerBoundaryIs></Polygon></MultiGeometry>
    </Placemark>
    <Placemark>
      <name>320113041638</name>
      <styleUrl>#style_82_001</styleUrl>
      <description><![CDATA[<h3 style="margin-bottom:6px; font-family:sans-serif;">320113041638</h3>
<table style="width:100%; border-collapse:collapse; font-family:sans-serif; font-size:12px;">
<tr style="background-color:#99bfe6; color:#000; font-weight:bold;"><td colspan="2" style="padding:4px; text-align:center;">320113041638</td></tr>
<tr style="background-color:#f0f5fa;"><td style="padding:3px; width:45%;"><b>FID</b></td><td style="padding:3px;">7815</td></tr>
<tr style="background-color:#dbe8f5;"><td style="padding:3px;"><b>รหัสแปลง</b></td><td style="padding:3px;">320113041638</td></tr>
<tr style="background-color:#f0f5fa;"><td style="padding:3px;"><b>รหัสกลุ่มคิว</b></td><td style="padding:3px;">82_001</td></tr>
<tr style="background-color:#dbe8f5;"><td style="padding:3px;"><b>นักเกษตร</b></td><td style="padding:3px;">8201</td></tr>
<tr style="background-color:#f0f5fa;"><td style="padding:3px;"><b>ศูนย์</b></td><td style="padding:3px;">K2-82</td></tr>
<tr style="background-color:#dbe8f5;"><td style="padding:3px;"><b>สถานที่ส่งอ้อย</b></td><td style="padding:3px;">รถตัด</td></tr>
<tr style="background-color:#f0f5fa;"><td style="padding:3px;"><b>ประเภทคิว</b></td><td style="padding:3px;">รถตัด</td></tr>
<tr style="background-color:#dbe8f5;"><td style="padding:3px;"><b>ประเภทรถ</b></td><td style="padding:3px;">10 ล้อเดี่ยว</td></tr>
<tr style="background-color:#f0f5fa;"><td style="padding:3px;"><b>ประเภทชาวไร่</b></td><td style="padding:3px;">รถตัด</td></tr>
<tr style="background-color:#dbe8f5;"><td style="padding:3px;"><b>สถานีขนถ่าย</b></td><td style="padding:3px;"></td></tr>
<tr style="background-color:#f0f5fa;"><td style="padding:3px;"><b>สถานะยืนยัน</b></td><td style="padding:3px;">N</td></tr>
<tr style="background-color:#dbe8f5;"><td style="padding:3px;"><b>โควตา</b></td><td style="padding:3px;">788108</td></tr>
<tr style="background-color:#f0f5fa;"><td style="padding:3px;"><b>ชาวไร่</b></td><td style="padding:3px;">นาย สมเกียรติ สิทธิศรี</td></tr>
<tr style="background-color:#dbe8f5;"><td style="padding:3px;"><b>ประเภทอ้อย</b></td><td style="padding:3px;">ปลายฝน</td></tr>
<tr style="background-color:#f0f5fa;"><td style="padding:3px;"><b>พื้นที่</b></td><td style="padding:3px;">7.95</td></tr>
<tr style="background-color:#dbe8f5;"><td style="padding:3px;"><b>ปีผลิต</b></td><td style="padding:3px;">256970</td></tr>
<tr style="background-color:#f0f5fa;"><td style="padding:3px;"><b>ตันรวม</b></td><td style="padding:3px;">103.35</td></tr>
<tr style="background-color:#dbe8f5;"><td style="padding:3px;"><b>สถานที่ส่งอ้อย_1</b></td><td style="padding:3px;">รถตัด</td></tr>
</table>]]></description>
      <MultiGeometry><Polygon><outerBoundaryIs><LinearRing><coordinates>103.326256230277,14.8203431801685 103.32681568977,14.8202923602998 103.326560909611,14.819738419885 103.326649919624,14.8196542299894 103.326487939842,14.8192595697434 103.326147510318,14.8193354899192 103.326181649735,14.8194593703199 103.325369309734,14.8197025097994 103.325664749614,14.8204712300276 103.326228399862,14.8204142800629 103.326119960327,14.8198444597307 103.326138070094,14.8198427001637 103.326256230277,14.8203431801685</coordinates></LinearRing></outerBoundaryIs></Polygon></MultiGeometry>
    </Placemark>
    <Placemark>
      <name>320121050005</name>
      <styleUrl>#style_82_001</styleUrl>
      <description><![CDATA[<h3 style="margin-bottom:6px; font-family:sans-serif;">320121050005</h3>
<table style="width:100%; border-collapse:collapse; font-family:sans-serif; font-size:12px;">
<tr style="background-color:#99bfe6; color:#000; font-weight:bold;"><td colspan="2" style="padding:4px; text-align:center;">320121050005</td></tr>
<tr style="background-color:#f0f5fa;"><td style="padding:3px; width:45%;"><b>FID</b></td><td style="padding:3px;">7843</td></tr>
<tr style="background-color:#dbe8f5;"><td style="padding:3px;"><b>รหัสแปลง</b></td><td style="padding:3px;">320121050005</td></tr>
<tr style="background-color:#f0f5fa;"><td style="padding:3px;"><b>รหัสกลุ่มคิว</b></td><td style="padding:3px;">82_001</td></tr>
<tr style="background-color:#dbe8f5;"><td style="padding:3px;"><b>นักเกษตร</b></td><td style="padding:3px;">8201</td></tr>
<tr style="background-color:#f0f5fa;"><td style="padding:3px;"><b>ศูนย์</b></td><td style="padding:3px;">K2-82</td></tr>
<tr style="background-color:#dbe8f5;"><td style="padding:3px;"><b>สถานที่ส่งอ้อย</b></td><td style="padding:3px;">รถตัด</td></tr>
<tr style="background-color:#f0f5fa;"><td style="padding:3px;"><b>ประเภทคิว</b></td><td style="padding:3px;">รถตัด</td></tr>
<tr style="background-color:#dbe8f5;"><td style="padding:3px;"><b>ประเภทรถ</b></td><td style="padding:3px;">10 ล้อเดี่ยว</td></tr>
<tr style="background-color:#f0f5fa;"><td style="padding:3px;"><b>ประเภทชาวไร่</b></td><td style="padding:3px;">รถตัด</td></tr>
<tr style="background-color:#dbe8f5;"><td style="padding:3px;"><b>สถานีขนถ่าย</b></td><td style="padding:3px;"></td></tr>
<tr style="background-color:#f0f5fa;"><td style="padding:3px;"><b>สถานะยืนยัน</b></td><td style="padding:3px;">N</td></tr>
<tr style="background-color:#dbe8f5;"><td style="padding:3px;"><b>โควตา</b></td><td style="padding:3px;">718076</td></tr>
<tr style="background-color:#f0f5fa;"><td style="padding:3px;"><b>ชาวไร่</b></td><td style="padding:3px;">นาย สุเทพ ห่อทอง</td></tr>
<tr style="background-color:#dbe8f5;"><td style="padding:3px;"><b>ประเภทอ้อย</b></td><td style="padding:3px;">ตอ1</td></tr>
<tr style="background-color:#f0f5fa;"><td style="padding:3px;"><b>พื้นที่</b></td><td style="padding:3px;">15.97</td></tr>
<tr style="background-color:#dbe8f5;"><td style="padding:3px;"><b>ปีผลิต</b></td><td style="padding:3px;">256970</td></tr>
<tr style="background-color:#f0f5fa;"><td style="padding:3px;"><b>ตันรวม</b></td><td style="padding:3px;">143.73</td></tr>
<tr style="background-color:#dbe8f5;"><td style="padding:3px;"><b>สถานที่ส่งอ้อย_1</b></td><td style="padding:3px;">รถตัด</td></tr>
</table>]]></description>
      <MultiGeometry><Polygon><outerBoundaryIs><LinearRing><coordinates>103.592788333264,14.9077450003803 103.593283333471,14.9084200001064 103.593330000068,14.9084716665095 103.593419327845,14.9086326537773 103.593666666465,14.908561666279 103.593904999586,14.9085816662909 103.593997220839,14.9088009732121 103.594088333124,14.9087383335286 103.594106666853,14.9088066663563 103.594095000198,14.9088133328725 103.594128332889,14.9090883330081 103.594634999941,14.909086667004 103.594559999836,14.9084816663052 103.594553332939,14.9084466670788 103.594533332959,14.9081816663982 103.594521666475,14.9080833334128 103.594503332955,14.9078649999133 103.594498333552,14.9078333337005 103.594496666346,14.9078016663105 103.594503333206,14.9077683329187 103.594506666615,14.9077400000618 103.594511666413,14.9077216666287 103.594516666734,14.9076999999962 103.594516666211,14.9076500003688 103.59454333363,14.9072649997772 103.594544999758,14.9072116668141 103.594401666312,14.9072483328752 103.593678333181,14.9074199995467 103.592788333264,14.9077450003803</coordinates></LinearRing></outerBoundaryIs></Polygon></MultiGeometry>
    </Placemark>
    <Placemark>
      <name>320103030004</name>
      <styleUrl>#style_82_001</styleUrl>
      <description><![CDATA[<h3 style="margin-bottom:6px; font-family:sans-serif;">320103030004</h3>
<table style="width:100%; border-collapse:collapse; font-family:sans-serif; font-size:12px;">
<tr style="background-color:#99bfe6; color:#000; font-weight:bold;"><td colspan="2" style="padding:4px; text-align:center;">320103030004</td></tr>
<tr style="background-color:#f0f5fa;"><td style="padding:3px; width:45%;"><b>FID</b></td><td style="padding:3px;">7874</td></tr>
<tr style="background-color:#dbe8f5;"><td style="padding:3px;"><b>รหัสแปลง</b></td><td style="padding:3px;">320103030004</td></tr>
<tr style="background-color:#f0f5fa;"><td style="padding:3px;"><b>รหัสกลุ่มคิว</b></td><td style="padding:3px;">82_001</td></tr>
<tr style="background-color:#dbe8f5;"><td style="padding:3px;"><b>นักเกษตร</b></td><td style="padding:3px;">8201</td></tr>
<tr style="background-color:#f0f5fa;"><td style="padding:3px;"><b>ศูนย์</b></td><td style="padding:3px;">K2-82</td></tr>
<tr style="background-color:#dbe8f5;"><td style="padding:3px;"><b>สถานที่ส่งอ้อย</b></td><td style="padding:3px;">รถตัด</td></tr>
<tr style="background-color:#f0f5fa;"><td style="padding:3px;"><b>ประเภทคิว</b></td><td style="padding:3px;">รถตัด</td></tr>
<tr style="background-color:#dbe8f5;"><td style="padding:3px;"><b>ประเภทรถ</b></td><td style="padding:3px;">10 ล้อเดี่ยว</td></tr>
<tr style="background-color:#f0f5fa;"><td style="padding:3px;"><b>ประเภทชาวไร่</b></td><td style="padding:3px;">รถตัด</td></tr>
<tr style="background-color:#dbe8f5;"><td style="padding:3px;"><b>สถานีขนถ่าย</b></td><td style="padding:3px;"></td></tr>
<tr style="background-color:#f0f5fa;"><td style="padding:3px;"><b>สถานะยืนยัน</b></td><td style="padding:3px;">N</td></tr>
<tr style="background-color:#dbe8f5;"><td style="padding:3px;"><b>โควตา</b></td><td style="padding:3px;">718259</td></tr>
<tr style="background-color:#f0f5fa;"><td style="padding:3px;"><b>ชาวไร่</b></td><td style="padding:3px;">นาย สิงห์ทอน สุรินต๊ะ</td></tr>
<tr style="background-color:#dbe8f5;"><td style="padding:3px;"><b>ประเภทอ้อย</b></td><td style="padding:3px;">ตอ1</td></tr>
<tr style="background-color:#f0f5fa;"><td style="padding:3px;"><b>พื้นที่</b></td><td style="padding:3px;">2.54</td></tr>
<tr style="background-color:#dbe8f5;"><td style="padding:3px;"><b>ปีผลิต</b></td><td style="padding:3px;">256970</td></tr>
<tr style="background-color:#f0f5fa;"><td style="padding:3px;"><b>ตันรวม</b></td><td style="padding:3px;">22.86</td></tr>
<tr style="background-color:#dbe8f5;"><td style="padding:3px;"><b>สถานที่ส่งอ้อย_1</b></td><td style="padding:3px;">รถตัด</td></tr>
</table>]]></description>
      <MultiGeometry><Polygon><outerBoundaryIs><LinearRing><coordinates>103.484389580203,15.0634586598252 103.484228660245,15.0634880795272 103.484495049685,15.0656330101873 103.48449476014,15.0656596803329 103.484645779677,15.0656835802872 103.484389580203,15.0634586598252</coordinates></LinearRing></outerBoundaryIs></Polygon></MultiGeometry>
    </Placemark>
    <Placemark>
      <name>320119040001</name>
      <styleUrl>#style_82_001</styleUrl>
      <description><![CDATA[<h3 style="margin-bottom:6px; font-family:sans-serif;">320119040001</h3>
<table style="width:100%; border-collapse:collapse; font-family:sans-serif; font-size:12px;">
<tr style="background-color:#99bfe6; color:#000; font-weight:bold;"><td colspan="2" style="padding:4px; text-align:center;">320119040001</td></tr>
<tr style="background-color:#f0f5fa;"><td style="padding:3px; width:45%;"><b>FID</b></td><td style="padding:3px;">7922</td></tr>
<tr style="background-color:#dbe8f5;"><td style="padding:3px;"><b>รหัสแปลง</b></td><td style="padding:3px;">320119040001</td></tr>
<tr style="background-color:#f0f5fa;"><td style="padding:3px;"><b>รหัสกลุ่มคิว</b></td><td style="padding:3px;">82_001</td></tr>
<tr style="background-color:#dbe8f5;"><td style="padding:3px;"><b>นักเกษตร</b></td><td style="padding:3px;">8201</td></tr>
<tr style="background-color:#f0f5fa;"><td style="padding:3px;"><b>ศูนย์</b></td><td style="padding:3px;">K2-82</td></tr>
<tr style="background-color:#dbe8f5;"><td style="padding:3px;"><b>สถานที่ส่งอ้อย</b></td><td style="padding:3px;">รถตัด</td></tr>
<tr style="background-color:#f0f5fa;"><td style="padding:3px;"><b>ประเภทคิว</b></td><td style="padding:3px;">รถตัด</td></tr>
<tr style="background-color:#dbe8f5;"><td style="padding:3px;"><b>ประเภทรถ</b></td><td style="padding:3px;">10 ล้อเดี่ยว</td></tr>
<tr style="background-color:#f0f5fa;"><td style="padding:3px;"><b>ประเภทชาวไร่</b></td><td style="padding:3px;">รถตัด</td></tr>
<tr style="background-color:#dbe8f5;"><td style="padding:3px;"><b>สถานีขนถ่าย</b></td><td style="padding:3px;"></td></tr>
<tr style="background-color:#f0f5fa;"><td style="padding:3px;"><b>สถานะยืนยัน</b></td><td style="padding:3px;">N</td></tr>
<tr style="background-color:#dbe8f5;"><td style="padding:3px;"><b>โควตา</b></td><td style="padding:3px;">718272</td></tr>
<tr style="background-color:#f0f5fa;"><td style="padding:3px;"><b>ชาวไร่</b></td><td style="padding:3px;">นาย สำโรง สุขกล้า</td></tr>
<tr style="background-color:#dbe8f5;"><td style="padding:3px;"><b>ประเภทอ้อย</b></td><td style="padding:3px;">ตอ2</td></tr>
<tr style="background-color:#f0f5fa;"><td style="padding:3px;"><b>พื้นที่</b></td><td style="padding:3px;">3.45</td></tr>
<tr style="background-color:#dbe8f5;"><td style="padding:3px;"><b>ปีผลิต</b></td><td style="padding:3px;">256970</td></tr>
<tr style="background-color:#f0f5fa;"><td style="padding:3px;"><b>ตันรวม</b></td><td style="padding:3px;">27.6</td></tr>
<tr style="background-color:#dbe8f5;"><td style="padding:3px;"><b>สถานที่ส่งอ้อย_1</b></td><td style="padding:3px;">รถตัด</td></tr>
</table>]]></description>
      <MultiGeometry><Polygon><outerBoundaryIs><LinearRing><coordinates>103.64459209981,14.8784561503874 103.644373000314,14.8785783697802 103.64459168953,14.8790546997828 103.644668480238,14.8790879600343 103.644734650106,14.8790563798716 103.644772349784,14.8790799898222 103.644731280065,14.8791575196693 103.644791660024,14.8792970597679 103.644744769437,14.8793317503545 103.644780620139,14.8794904103176 103.644902230219,14.8795152701386 103.645440810188,14.8793644900633 103.64459209981,14.8784561503874</coordinates></LinearRing></outerBoundaryIs></Polygon></MultiGeometry>
    </Placemark>
    <Placemark>
      <name>320118140002</name>
      <styleUrl>#style_82_001</styleUrl>
      <description><![CDATA[<h3 style="margin-bottom:6px; font-family:sans-serif;">320118140002</h3>
<table style="width:100%; border-collapse:collapse; font-family:sans-serif; font-size:12px;">
<tr style="background-color:#99bfe6; color:#000; font-weight:bold;"><td colspan="2" style="padding:4px; text-align:center;">320118140002</td></tr>
<tr style="background-color:#f0f5fa;"><td style="padding:3px; width:45%;"><b>FID</b></td><td style="padding:3px;">8041</td></tr>
<tr style="background-color:#dbe8f5;"><td style="padding:3px;"><b>รหัสแปลง</b></td><td style="padding:3px;">320118140002</td></tr>
<tr style="background-color:#f0f5fa;"><td style="padding:3px;"><b>รหัสกลุ่มคิว</b></td><td style="padding:3px;">82_001</td></tr>
<tr style="background-color:#dbe8f5;"><td style="padding:3px;"><b>นักเกษตร</b></td><td style="padding:3px;">8201</td></tr>
<tr style="background-color:#f0f5fa;"><td style="padding:3px;"><b>ศูนย์</b></td><td style="padding:3px;">K2-82</td></tr>
<tr style="background-color:#dbe8f5;"><td style="padding:3px;"><b>สถานที่ส่งอ้อย</b></td><td style="padding:3px;">รถตัด</td></tr>
<tr style="background-color:#f0f5fa;"><td style="padding:3px;"><b>ประเภทคิว</b></td><td style="padding:3px;">รถตัด</td></tr>
<tr style="background-color:#dbe8f5;"><td style="padding:3px;"><b>ประเภทรถ</b></td><td style="padding:3px;">10 ล้อเดี่ยว</td></tr>
<tr style="background-color:#f0f5fa;"><td style="padding:3px;"><b>ประเภทชาวไร่</b></td><td style="padding:3px;">รถตัด</td></tr>
<tr style="background-color:#dbe8f5;"><td style="padding:3px;"><b>สถานีขนถ่าย</b></td><td style="padding:3px;"></td></tr>
<tr style="background-color:#f0f5fa;"><td style="padding:3px;"><b>สถานะยืนยัน</b></td><td style="padding:3px;">N</td></tr>
<tr style="background-color:#dbe8f5;"><td style="padding:3px;"><b>โควตา</b></td><td style="padding:3px;">718180</td></tr>
<tr style="background-color:#f0f5fa;"><td style="padding:3px;"><b>ชาวไร่</b></td><td style="padding:3px;">นาง นิสา ทรงงาม</td></tr>
<tr style="background-color:#dbe8f5;"><td style="padding:3px;"><b>ประเภทอ้อย</b></td><td style="padding:3px;">ปลายฝน</td></tr>
<tr style="background-color:#f0f5fa;"><td style="padding:3px;"><b>พื้นที่</b></td><td style="padding:3px;">4.04</td></tr>
<tr style="background-color:#dbe8f5;"><td style="padding:3px;"><b>ปีผลิต</b></td><td style="padding:3px;">256970</td></tr>
<tr style="background-color:#f0f5fa;"><td style="padding:3px;"><b>ตันรวม</b></td><td style="padding:3px;">52.52</td></tr>
<tr style="background-color:#dbe8f5;"><td style="padding:3px;"><b>สถานที่ส่งอ้อย_1</b></td><td style="padding:3px;">รถตัด</td></tr>
</table>]]></description>
      <MultiGeometry><Polygon><outerBoundaryIs><LinearRing><coordinates>103.422307930085,14.784292569923 103.422151489579,14.7838857196621 103.422158380323,14.7838826502413 103.421634289602,14.7840141697215 103.421619390081,14.7840052602898 103.421016580113,14.7840674600846 103.42105068958,14.7845650899933 103.422307930085,14.784292569923</coordinates></LinearRing></outerBoundaryIs></Polygon></MultiGeometry>
    </Placemark>
    <Placemark>
      <name>320118120010</name>
      <styleUrl>#style_82_001</styleUrl>
      <description><![CDATA[<h3 style="margin-bottom:6px; font-family:sans-serif;">320118120010</h3>
<table style="width:100%; border-collapse:collapse; font-family:sans-serif; font-size:12px;">
<tr style="background-color:#99bfe6; color:#000; font-weight:bold;"><td colspan="2" style="padding:4px; text-align:center;">320118120010</td></tr>
<tr style="background-color:#f0f5fa;"><td style="padding:3px; width:45%;"><b>FID</b></td><td style="padding:3px;">8084</td></tr>
<tr style="background-color:#dbe8f5;"><td style="padding:3px;"><b>รหัสแปลง</b></td><td style="padding:3px;">320118120010</td></tr>
<tr style="background-color:#f0f5fa;"><td style="padding:3px;"><b>รหัสกลุ่มคิว</b></td><td style="padding:3px;">82_001</td></tr>
<tr style="background-color:#dbe8f5;"><td style="padding:3px;"><b>นักเกษตร</b></td><td style="padding:3px;">8201</td></tr>
<tr style="background-color:#f0f5fa;"><td style="padding:3px;"><b>ศูนย์</b></td><td style="padding:3px;">K2-82</td></tr>
<tr style="background-color:#dbe8f5;"><td style="padding:3px;"><b>สถานที่ส่งอ้อย</b></td><td style="padding:3px;">รถตัด</td></tr>
<tr style="background-color:#f0f5fa;"><td style="padding:3px;"><b>ประเภทคิว</b></td><td style="padding:3px;">รถตัด</td></tr>
<tr style="background-color:#dbe8f5;"><td style="padding:3px;"><b>ประเภทรถ</b></td><td style="padding:3px;">10 ล้อเดี่ยว</td></tr>
<tr style="background-color:#f0f5fa;"><td style="padding:3px;"><b>ประเภทชาวไร่</b></td><td style="padding:3px;">รถตัด</td></tr>
<tr style="background-color:#dbe8f5;"><td style="padding:3px;"><b>สถานีขนถ่าย</b></td><td style="padding:3px;"></td></tr>
<tr style="background-color:#f0f5fa;"><td style="padding:3px;"><b>สถานะยืนยัน</b></td><td style="padding:3px;">N</td></tr>
<tr style="background-color:#dbe8f5;"><td style="padding:3px;"><b>โควตา</b></td><td style="padding:3px;">718292</td></tr>
<tr style="background-color:#f0f5fa;"><td style="padding:3px;"><b>ชาวไร่</b></td><td style="padding:3px;">นาง เกศณีย์ กำลังมา</td></tr>
<tr style="background-color:#dbe8f5;"><td style="padding:3px;"><b>ประเภทอ้อย</b></td><td style="padding:3px;">ปลายฝน</td></tr>
<tr style="background-color:#f0f5fa;"><td style="padding:3px;"><b>พื้นที่</b></td><td style="padding:3px;">6.92</td></tr>
<tr style="background-color:#dbe8f5;"><td style="padding:3px;"><b>ปีผลิต</b></td><td style="padding:3px;">256970</td></tr>
<tr style="background-color:#f0f5fa;"><td style="padding:3px;"><b>ตันรวม</b></td><td style="padding:3px;">89.96</td></tr>
<tr style="background-color:#dbe8f5;"><td style="padding:3px;"><b>สถานที่ส่งอ้อย_1</b></td><td style="padding:3px;">รถตัด</td></tr>
</table>]]></description>
      <MultiGeometry><Polygon><outerBoundaryIs><LinearRing><coordinates>103.404414999516,14.7929116669211 103.404221666336,14.7929433329029 103.403981666487,14.7926150001709 103.403439999759,14.7928866667024 103.40378833307,14.7933366665401 103.403928332937,14.7932699996546 103.404023332876,14.7934650003816 103.403948333346,14.7935516665417 103.404280000107,14.7940216667062 103.404898333129,14.7937000000781 103.404414999516,14.7929116669211</coordinates></LinearRing></outerBoundaryIs></Polygon></MultiGeometry>
    </Placemark>
    <Placemark>
      <name>320104020026</name>
      <styleUrl>#style_82_001</styleUrl>
      <description><![CDATA[<h3 style="margin-bottom:6px; font-family:sans-serif;">320104020026</h3>
<table style="width:100%; border-collapse:collapse; font-family:sans-serif; font-size:12px;">
<tr style="background-color:#99bfe6; color:#000; font-weight:bold;"><td colspan="2" style="padding:4px; text-align:center;">320104020026</td></tr>
<tr style="background-color:#f0f5fa;"><td style="padding:3px; width:45%;"><b>FID</b></td><td style="padding:3px;">8108</td></tr>
<tr style="background-color:#dbe8f5;"><td style="padding:3px;"><b>รหัสแปลง</b></td><td style="padding:3px;">320104020026</td></tr>
<tr style="background-color:#f0f5fa;"><td style="padding:3px;"><b>รหัสกลุ่มคิว</b></td><td style="padding:3px;">82_001</td></tr>
<tr style="background-color:#dbe8f5;"><td style="padding:3px;"><b>นักเกษตร</b></td><td style="padding:3px;">8201</td></tr>
<tr style="background-color:#f0f5fa;"><td style="padding:3px;"><b>ศูนย์</b></td><td style="padding:3px;">K2-82</td></tr>
<tr style="background-color:#dbe8f5;"><td style="padding:3px;"><b>สถานที่ส่งอ้อย</b></td><td style="padding:3px;">รถตัด</td></tr>
<tr style="background-color:#f0f5fa;"><td style="padding:3px;"><b>ประเภทคิว</b></td><td style="padding:3px;">รถตัด</td></tr>
<tr style="background-color:#dbe8f5;"><td style="padding:3px;"><b>ประเภทรถ</b></td><td style="padding:3px;">10 ล้อเดี่ยว</td></tr>
<tr style="background-color:#f0f5fa;"><td style="padding:3px;"><b>ประเภทชาวไร่</b></td><td style="padding:3px;">รถตัด</td></tr>
<tr style="background-color:#dbe8f5;"><td style="padding:3px;"><b>สถานีขนถ่าย</b></td><td style="padding:3px;"></td></tr>
<tr style="background-color:#f0f5fa;"><td style="padding:3px;"><b>สถานะยืนยัน</b></td><td style="padding:3px;">N</td></tr>
<tr style="background-color:#dbe8f5;"><td style="padding:3px;"><b>โควตา</b></td><td style="padding:3px;">718136</td></tr>
<tr style="background-color:#f0f5fa;"><td style="padding:3px;"><b>ชาวไร่</b></td><td style="padding:3px;">นาย ปรีชา ยืนยง</td></tr>
<tr style="background-color:#dbe8f5;"><td style="padding:3px;"><b>ประเภทอ้อย</b></td><td style="padding:3px;">ปลายฝน</td></tr>
<tr style="background-color:#f0f5fa;"><td style="padding:3px;"><b>พื้นที่</b></td><td style="padding:3px;">4.88</td></tr>
<tr style="background-color:#dbe8f5;"><td style="padding:3px;"><b>ปีผลิต</b></td><td style="padding:3px;">256970</td></tr>
<tr style="background-color:#f0f5fa;"><td style="padding:3px;"><b>ตันรวม</b></td><td style="padding:3px;">63.44</td></tr>
<tr style="background-color:#dbe8f5;"><td style="padding:3px;"><b>สถานที่ส่งอ้อย_1</b></td><td style="padding:3px;">รถตัด</td></tr>
</table>]]></description>
      <MultiGeometry><Polygon><outerBoundaryIs><LinearRing><coordinates>103.50543738,15.0439791399208 103.50559763963,15.0445328898432 103.506669789997,15.0442452995576 103.506494839927,15.0436661000014 103.50543738,15.0439791399208</coordinates></LinearRing></outerBoundaryIs></Polygon></MultiGeometry>
    </Placemark>
    <Placemark>
      <name>320118140003</name>
      <styleUrl>#style_82_001</styleUrl>
      <description><![CDATA[<h3 style="margin-bottom:6px; font-family:sans-serif;">320118140003</h3>
<table style="width:100%; border-collapse:collapse; font-family:sans-serif; font-size:12px;">
<tr style="background-color:#99bfe6; color:#000; font-weight:bold;"><td colspan="2" style="padding:4px; text-align:center;">320118140003</td></tr>
<tr style="background-color:#f0f5fa;"><td style="padding:3px; width:45%;"><b>FID</b></td><td style="padding:3px;">8130</td></tr>
<tr style="background-color:#dbe8f5;"><td style="padding:3px;"><b>รหัสแปลง</b></td><td style="padding:3px;">320118140003</td></tr>
<tr style="background-color:#f0f5fa;"><td style="padding:3px;"><b>รหัสกลุ่มคิว</b></td><td style="padding:3px;">82_001</td></tr>
<tr style="background-color:#dbe8f5;"><td style="padding:3px;"><b>นักเกษตร</b></td><td style="padding:3px;">8201</td></tr>
<tr style="background-color:#f0f5fa;"><td style="padding:3px;"><b>ศูนย์</b></td><td style="padding:3px;">K2-82</td></tr>
<tr style="background-color:#dbe8f5;"><td style="padding:3px;"><b>สถานที่ส่งอ้อย</b></td><td style="padding:3px;">รถตัด</td></tr>
<tr style="background-color:#f0f5fa;"><td style="padding:3px;"><b>ประเภทคิว</b></td><td style="padding:3px;">รถตัด</td></tr>
<tr style="background-color:#dbe8f5;"><td style="padding:3px;"><b>ประเภทรถ</b></td><td style="padding:3px;">10 ล้อเดี่ยว</td></tr>
<tr style="background-color:#f0f5fa;"><td style="padding:3px;"><b>ประเภทชาวไร่</b></td><td style="padding:3px;">รถตัด</td></tr>
<tr style="background-color:#dbe8f5;"><td style="padding:3px;"><b>สถานีขนถ่าย</b></td><td style="padding:3px;"></td></tr>
<tr style="background-color:#f0f5fa;"><td style="padding:3px;"><b>สถานะยืนยัน</b></td><td style="padding:3px;">N</td></tr>
<tr style="background-color:#dbe8f5;"><td style="padding:3px;"><b>โควตา</b></td><td style="padding:3px;">718180</td></tr>
<tr style="background-color:#f0f5fa;"><td style="padding:3px;"><b>ชาวไร่</b></td><td style="padding:3px;">นาง นิสา ทรงงาม</td></tr>
<tr style="background-color:#dbe8f5;"><td style="padding:3px;"><b>ประเภทอ้อย</b></td><td style="padding:3px;">ปลายฝน</td></tr>
<tr style="background-color:#f0f5fa;"><td style="padding:3px;"><b>พื้นที่</b></td><td style="padding:3px;">3.6</td></tr>
<tr style="background-color:#dbe8f5;"><td style="padding:3px;"><b>ปีผลิต</b></td><td style="padding:3px;">256970</td></tr>
<tr style="background-color:#f0f5fa;"><td style="padding:3px;"><b>ตันรวม</b></td><td style="padding:3px;">46.8</td></tr>
<tr style="background-color:#dbe8f5;"><td style="padding:3px;"><b>สถานที่ส่งอ้อย_1</b></td><td style="padding:3px;">รถตัด</td></tr>
</table>]]></description>
      <MultiGeometry><Polygon><outerBoundaryIs><LinearRing><coordinates>103.421729999607,14.7833216666538 103.421536666212,14.7833566666655 103.420950000139,14.7834633331163 103.421011666401,14.7839433335729 103.421947466162,14.7838435929368 103.42172999962,14.7834000001145 103.421805482989,14.7834328863167 103.421729999607,14.7833216666538</coordinates></LinearRing></outerBoundaryIs></Polygon></MultiGeometry>
    </Placemark>
    <Placemark>
      <name>320104111626</name>
      <styleUrl>#style_82_001</styleUrl>
      <description><![CDATA[<h3 style="margin-bottom:6px; font-family:sans-serif;">320104111626</h3>
<table style="width:100%; border-collapse:collapse; font-family:sans-serif; font-size:12px;">
<tr style="background-color:#99bfe6; color:#000; font-weight:bold;"><td colspan="2" style="padding:4px; text-align:center;">320104111626</td></tr>
<tr style="background-color:#f0f5fa;"><td style="padding:3px; width:45%;"><b>FID</b></td><td style="padding:3px;">8131</td></tr>
<tr style="background-color:#dbe8f5;"><td style="padding:3px;"><b>รหัสแปลง</b></td><td style="padding:3px;">320104111626</td></tr>
<tr style="background-color:#f0f5fa;"><td style="padding:3px;"><b>รหัสกลุ่มคิว</b></td><td style="padding:3px;">82_001</td></tr>
<tr style="background-color:#dbe8f5;"><td style="padding:3px;"><b>นักเกษตร</b></td><td style="padding:3px;">8201</td></tr>
<tr style="background-color:#f0f5fa;"><td style="padding:3px;"><b>ศูนย์</b></td><td style="padding:3px;">K2-82</td></tr>
<tr style="background-color:#dbe8f5;"><td style="padding:3px;"><b>สถานที่ส่งอ้อย</b></td><td style="padding:3px;">รถตัด</td></tr>
<tr style="background-color:#f0f5fa;"><td style="padding:3px;"><b>ประเภทคิว</b></td><td style="padding:3px;">รถตัด</td></tr>
<tr style="background-color:#dbe8f5;"><td style="padding:3px;"><b>ประเภทรถ</b></td><td style="padding:3px;">10 ล้อเดี่ยว</td></tr>
<tr style="background-color:#f0f5fa;"><td style="padding:3px;"><b>ประเภทชาวไร่</b></td><td style="padding:3px;">รถตัด</td></tr>
<tr style="background-color:#dbe8f5;"><td style="padding:3px;"><b>สถานีขนถ่าย</b></td><td style="padding:3px;"></td></tr>
<tr style="background-color:#f0f5fa;"><td style="padding:3px;"><b>สถานะยืนยัน</b></td><td style="padding:3px;">N</td></tr>
<tr style="background-color:#dbe8f5;"><td style="padding:3px;"><b>โควตา</b></td><td style="padding:3px;">718020</td></tr>
<tr style="background-color:#f0f5fa;"><td style="padding:3px;"><b>ชาวไร่</b></td><td style="padding:3px;">นาย เสริม ยงคง</td></tr>
<tr style="background-color:#dbe8f5;"><td style="padding:3px;"><b>ประเภทอ้อย</b></td><td style="padding:3px;">ปลายฝน</td></tr>
<tr style="background-color:#f0f5fa;"><td style="padding:3px;"><b>พื้นที่</b></td><td style="padding:3px;">10.47</td></tr>
<tr style="background-color:#dbe8f5;"><td style="padding:3px;"><b>ปีผลิต</b></td><td style="padding:3px;">256970</td></tr>
<tr style="background-color:#f0f5fa;"><td style="padding:3px;"><b>ตันรวม</b></td><td style="padding:3px;">136.11</td></tr>
<tr style="background-color:#dbe8f5;"><td style="padding:3px;"><b>สถานที่ส่งอ้อย_1</b></td><td style="padding:3px;">รถตัด</td></tr>
</table>]]></description>
      <MultiGeometry><Polygon><outerBoundaryIs><LinearRing><coordinates>103.425251666387,15.0182100001462 103.425096666629,15.0172383335741 103.42368499966,15.0175549999666 103.423903333371,15.0185283332764 103.425251666387,15.0182100001462</coordinates></LinearRing></outerBoundaryIs></Polygon></MultiGeometry>
    </Placemark>
    <Placemark>
      <name>320104091505</name>
      <styleUrl>#style_82_001</styleUrl>
      <description><![CDATA[<h3 style="margin-bottom:6px; font-family:sans-serif;">320104091505</h3>
<table style="width:100%; border-collapse:collapse; font-family:sans-serif; font-size:12px;">
<tr style="background-color:#99bfe6; color:#000; font-weight:bold;"><td colspan="2" style="padding:4px; text-align:center;">320104091505</td></tr>
<tr style="background-color:#f0f5fa;"><td style="padding:3px; width:45%;"><b>FID</b></td><td style="padding:3px;">8201</td></tr>
<tr style="background-color:#dbe8f5;"><td style="padding:3px;"><b>รหัสแปลง</b></td><td style="padding:3px;">320104091505</td></tr>
<tr style="background-color:#f0f5fa;"><td style="padding:3px;"><b>รหัสกลุ่มคิว</b></td><td style="padding:3px;">82_001</td></tr>
<tr style="background-color:#dbe8f5;"><td style="padding:3px;"><b>นักเกษตร</b></td><td style="padding:3px;">8201</td></tr>
<tr style="background-color:#f0f5fa;"><td style="padding:3px;"><b>ศูนย์</b></td><td style="padding:3px;">K2-82</td></tr>
<tr style="background-color:#dbe8f5;"><td style="padding:3px;"><b>สถานที่ส่งอ้อย</b></td><td style="padding:3px;">รถตัด</td></tr>
<tr style="background-color:#f0f5fa;"><td style="padding:3px;"><b>ประเภทคิว</b></td><td style="padding:3px;">รถตัด</td></tr>
<tr style="background-color:#dbe8f5;"><td style="padding:3px;"><b>ประเภทรถ</b></td><td style="padding:3px;">10 ล้อเดี่ยว</td></tr>
<tr style="background-color:#f0f5fa;"><td style="padding:3px;"><b>ประเภทชาวไร่</b></td><td style="padding:3px;">รถตัด</td></tr>
<tr style="background-color:#dbe8f5;"><td style="padding:3px;"><b>สถานีขนถ่าย</b></td><td style="padding:3px;"></td></tr>
<tr style="background-color:#f0f5fa;"><td style="padding:3px;"><b>สถานะยืนยัน</b></td><td style="padding:3px;">N</td></tr>
<tr style="background-color:#dbe8f5;"><td style="padding:3px;"><b>โควตา</b></td><td style="padding:3px;">718020</td></tr>
<tr style="background-color:#f0f5fa;"><td style="padding:3px;"><b>ชาวไร่</b></td><td style="padding:3px;">นาย เสริม ยงคง</td></tr>
<tr style="background-color:#dbe8f5;"><td style="padding:3px;"><b>ประเภทอ้อย</b></td><td style="padding:3px;">ตอ1</td></tr>
<tr style="background-color:#f0f5fa;"><td style="padding:3px;"><b>พื้นที่</b></td><td style="padding:3px;">8.75</td></tr>
<tr style="background-color:#dbe8f5;"><td style="padding:3px;"><b>ปีผลิต</b></td><td style="padding:3px;">256970</td></tr>
<tr style="background-color:#f0f5fa;"><td style="padding:3px;"><b>ตันรวม</b></td><td style="padding:3px;">78.75</td></tr>
<tr style="background-color:#dbe8f5;"><td style="padding:3px;"><b>สถานที่ส่งอ้อย_1</b></td><td style="padding:3px;">รถตัด</td></tr>
</table>]]></description>
      <MultiGeometry><Polygon><outerBoundaryIs><LinearRing><coordinates>103.540379520162,14.9768316895797 103.540002389654,14.9758160000709 103.539955109709,14.975767459683 103.539948999592,14.9757038501792 103.53977037954,14.9754123495704 103.539135209754,14.9757200697259 103.539395109671,14.9762512399068 103.539440930149,14.976362860201 103.5396474297,14.977223139823 103.540379520162,14.9768316895797</coordinates></LinearRing></outerBoundaryIs></Polygon></MultiGeometry>
    </Placemark>
    <Placemark>
      <name>320104020027</name>
      <styleUrl>#style_82_001</styleUrl>
      <description><![CDATA[<h3 style="margin-bottom:6px; font-family:sans-serif;">320104020027</h3>
<table style="width:100%; border-collapse:collapse; font-family:sans-serif; font-size:12px;">
<tr style="background-color:#99bfe6; color:#000; font-weight:bold;"><td colspan="2" style="padding:4px; text-align:center;">320104020027</td></tr>
<tr style="background-color:#f0f5fa;"><td style="padding:3px; width:45%;"><b>FID</b></td><td style="padding:3px;">8332</td></tr>
<tr style="background-color:#dbe8f5;"><td style="padding:3px;"><b>รหัสแปลง</b></td><td style="padding:3px;">320104020027</td></tr>
<tr style="background-color:#f0f5fa;"><td style="padding:3px;"><b>รหัสกลุ่มคิว</b></td><td style="padding:3px;">82_001</td></tr>
<tr style="background-color:#dbe8f5;"><td style="padding:3px;"><b>นักเกษตร</b></td><td style="padding:3px;">8201</td></tr>
<tr style="background-color:#f0f5fa;"><td style="padding:3px;"><b>ศูนย์</b></td><td style="padding:3px;">K2-82</td></tr>
<tr style="background-color:#dbe8f5;"><td style="padding:3px;"><b>สถานที่ส่งอ้อย</b></td><td style="padding:3px;">รถตัด</td></tr>
<tr style="background-color:#f0f5fa;"><td style="padding:3px;"><b>ประเภทคิว</b></td><td style="padding:3px;">รถตัด</td></tr>
<tr style="background-color:#dbe8f5;"><td style="padding:3px;"><b>ประเภทรถ</b></td><td style="padding:3px;">10 ล้อเดี่ยว</td></tr>
<tr style="background-color:#f0f5fa;"><td style="padding:3px;"><b>ประเภทชาวไร่</b></td><td style="padding:3px;">รถตัด</td></tr>
<tr style="background-color:#dbe8f5;"><td style="padding:3px;"><b>สถานีขนถ่าย</b></td><td style="padding:3px;"></td></tr>
<tr style="background-color:#f0f5fa;"><td style="padding:3px;"><b>สถานะยืนยัน</b></td><td style="padding:3px;">N</td></tr>
<tr style="background-color:#dbe8f5;"><td style="padding:3px;"><b>โควตา</b></td><td style="padding:3px;">718191</td></tr>
<tr style="background-color:#f0f5fa;"><td style="padding:3px;"><b>ชาวไร่</b></td><td style="padding:3px;">นาย พงษ์อนันต์ ทางดี</td></tr>
<tr style="background-color:#dbe8f5;"><td style="padding:3px;"><b>ประเภทอ้อย</b></td><td style="padding:3px;">ตอ1</td></tr>
<tr style="background-color:#f0f5fa;"><td style="padding:3px;"><b>พื้นที่</b></td><td style="padding:3px;">2.73</td></tr>
<tr style="background-color:#dbe8f5;"><td style="padding:3px;"><b>ปีผลิต</b></td><td style="padding:3px;">256970</td></tr>
<tr style="background-color:#f0f5fa;"><td style="padding:3px;"><b>ตันรวม</b></td><td style="padding:3px;">24.57</td></tr>
<tr style="background-color:#dbe8f5;"><td style="padding:3px;"><b>สถานที่ส่งอ้อย_1</b></td><td style="padding:3px;">รถตัด</td></tr>
</table>]]></description>
      <MultiGeometry><Polygon><outerBoundaryIs><LinearRing><coordinates>103.523819999651,15.0427366669742 103.523978219929,15.042725580147 103.523777229599,15.0422508199186 103.523813379692,15.0421624799867 103.523983939513,15.0421185003915 103.524118499696,15.0422889195587 103.524206060204,15.0422429796222 103.524042689852,15.0419286200334 103.52346790971,15.0419679297652 103.523648333299,15.0427916662878 103.523819999651,15.0427366669742</coordinates></LinearRing></outerBoundaryIs></Polygon></MultiGeometry>
    </Placemark>
    <Placemark>
      <name>320125080001</name>
      <styleUrl>#style_82_001</styleUrl>
      <description><![CDATA[<h3 style="margin-bottom:6px; font-family:sans-serif;">320125080001</h3>
<table style="width:100%; border-collapse:collapse; font-family:sans-serif; font-size:12px;">
<tr style="background-color:#99bfe6; color:#000; font-weight:bold;"><td colspan="2" style="padding:4px; text-align:center;">320125080001</td></tr>
<tr style="background-color:#f0f5fa;"><td style="padding:3px; width:45%;"><b>FID</b></td><td style="padding:3px;">8445</td></tr>
<tr style="background-color:#dbe8f5;"><td style="padding:3px;"><b>รหัสแปลง</b></td><td style="padding:3px;">320125080001</td></tr>
<tr style="background-color:#f0f5fa;"><td style="padding:3px;"><b>รหัสกลุ่มคิว</b></td><td style="padding:3px;">82_001</td></tr>
<tr style="background-color:#dbe8f5;"><td style="padding:3px;"><b>นักเกษตร</b></td><td style="padding:3px;">8201</td></tr>
<tr style="background-color:#f0f5fa;"><td style="padding:3px;"><b>ศูนย์</b></td><td style="padding:3px;">K2-82</td></tr>
<tr style="background-color:#dbe8f5;"><td style="padding:3px;"><b>สถานที่ส่งอ้อย</b></td><td style="padding:3px;">รถตัด</td></tr>
<tr style="background-color:#f0f5fa;"><td style="padding:3px;"><b>ประเภทคิว</b></td><td style="padding:3px;">รถตัด</td></tr>
<tr style="background-color:#dbe8f5;"><td style="padding:3px;"><b>ประเภทรถ</b></td><td style="padding:3px;">10 ล้อเดี่ยว</td></tr>
<tr style="background-color:#f0f5fa;"><td style="padding:3px;"><b>ประเภทชาวไร่</b></td><td style="padding:3px;">รถตัด</td></tr>
<tr style="background-color:#dbe8f5;"><td style="padding:3px;"><b>สถานีขนถ่าย</b></td><td style="padding:3px;"></td></tr>
<tr style="background-color:#f0f5fa;"><td style="padding:3px;"><b>สถานะยืนยัน</b></td><td style="padding:3px;">N</td></tr>
<tr style="background-color:#dbe8f5;"><td style="padding:3px;"><b>โควตา</b></td><td style="padding:3px;">718221</td></tr>
<tr style="background-color:#f0f5fa;"><td style="padding:3px;"><b>ชาวไร่</b></td><td style="padding:3px;">นาย วันดี ไร่บูรณ์</td></tr>
<tr style="background-color:#dbe8f5;"><td style="padding:3px;"><b>ประเภทอ้อย</b></td><td style="padding:3px;">ปลายฝน</td></tr>
<tr style="background-color:#f0f5fa;"><td style="padding:3px;"><b>พื้นที่</b></td><td style="padding:3px;">3.18</td></tr>
<tr style="background-color:#dbe8f5;"><td style="padding:3px;"><b>ปีผลิต</b></td><td style="padding:3px;">256970</td></tr>
<tr style="background-color:#f0f5fa;"><td style="padding:3px;"><b>ตันรวม</b></td><td style="padding:3px;">41.34</td></tr>
<tr style="background-color:#dbe8f5;"><td style="padding:3px;"><b>สถานที่ส่งอ้อย_1</b></td><td style="padding:3px;">รถตัด</td></tr>
</table>]]></description>
      <MultiGeometry><Polygon><outerBoundaryIs><LinearRing><coordinates>103.5102366666,14.9186366668191 103.510391666853,14.9185583332718 103.510371666174,14.9183366667717 103.510439455828,14.9183141213517 103.510403069648,14.9182596099193 103.509990809669,14.9183503595381 103.509659459438,14.9183824198581 103.509595659676,14.9184572697091 103.509565039512,14.9184770901048 103.509665906478,14.9186152132225 103.509777639915,14.9191155396486 103.510036374083,14.9190137356343 103.510244999781,14.9188733333612 103.5102366666,14.9186366668191</coordinates></LinearRing></outerBoundaryIs></Polygon></MultiGeometry>
    </Placemark>
    <Placemark>
      <name>320116111622</name>
      <styleUrl>#style_82_001</styleUrl>
      <description><![CDATA[<h3 style="margin-bottom:6px; font-family:sans-serif;">320116111622</h3>
<table style="width:100%; border-collapse:collapse; font-family:sans-serif; font-size:12px;">
<tr style="background-color:#99bfe6; color:#000; font-weight:bold;"><td colspan="2" style="padding:4px; text-align:center;">320116111622</td></tr>
<tr style="background-color:#f0f5fa;"><td style="padding:3px; width:45%;"><b>FID</b></td><td style="padding:3px;">8462</td></tr>
<tr style="background-color:#dbe8f5;"><td style="padding:3px;"><b>รหัสแปลง</b></td><td style="padding:3px;">320116111622</td></tr>
<tr style="background-color:#f0f5fa;"><td style="padding:3px;"><b>รหัสกลุ่มคิว</b></td><td style="padding:3px;">82_001</td></tr>
<tr style="background-color:#dbe8f5;"><td style="padding:3px;"><b>นักเกษตร</b></td><td style="padding:3px;">8201</td></tr>
<tr style="background-color:#f0f5fa;"><td style="padding:3px;"><b>ศูนย์</b></td><td style="padding:3px;">K2-82</td></tr>
<tr style="background-color:#dbe8f5;"><td style="padding:3px;"><b>สถานที่ส่งอ้อย</b></td><td style="padding:3px;">รถตัด</td></tr>
<tr style="background-color:#f0f5fa;"><td style="padding:3px;"><b>ประเภทคิว</b></td><td style="padding:3px;">รถตัด</td></tr>
<tr style="background-color:#dbe8f5;"><td style="padding:3px;"><b>ประเภทรถ</b></td><td style="padding:3px;">10 ล้อเดี่ยว</td></tr>
<tr style="background-color:#f0f5fa;"><td style="padding:3px;"><b>ประเภทชาวไร่</b></td><td style="padding:3px;">รถตัด</td></tr>
<tr style="background-color:#dbe8f5;"><td style="padding:3px;"><b>สถานีขนถ่าย</b></td><td style="padding:3px;"></td></tr>
<tr style="background-color:#f0f5fa;"><td style="padding:3px;"><b>สถานะยืนยัน</b></td><td style="padding:3px;">N</td></tr>
<tr style="background-color:#dbe8f5;"><td style="padding:3px;"><b>โควตา</b></td><td style="padding:3px;">787078</td></tr>
<tr style="background-color:#f0f5fa;"><td style="padding:3px;"><b>ชาวไร่</b></td><td style="padding:3px;">นาย ศตวรรษ ใจหนึ่ง</td></tr>
<tr style="background-color:#dbe8f5;"><td style="padding:3px;"><b>ประเภทอ้อย</b></td><td style="padding:3px;">ปลายฝน</td></tr>
<tr style="background-color:#f0f5fa;"><td style="padding:3px;"><b>พื้นที่</b></td><td style="padding:3px;">6.11</td></tr>
<tr style="background-color:#dbe8f5;"><td style="padding:3px;"><b>ปีผลิต</b></td><td style="padding:3px;">256970</td></tr>
<tr style="background-color:#f0f5fa;"><td style="padding:3px;"><b>ตันรวม</b></td><td style="padding:3px;">79.43</td></tr>
<tr style="background-color:#dbe8f5;"><td style="padding:3px;"><b>สถานที่ส่งอ้อย_1</b></td><td style="padding:3px;">รถตัด</td></tr>
</table>]]></description>
      <MultiGeometry><Polygon><outerBoundaryIs><LinearRing><coordinates>103.563094999753,14.8084066670224 103.562773333623,14.808563333433 103.561980000228,14.8087250000408 103.562124999581,14.8093916663194 103.563303333148,14.8091399999297 103.563094999753,14.8084066670224</coordinates></LinearRing></outerBoundaryIs></Polygon></MultiGeometry>
    </Placemark>
    <Placemark>
      <name>320105191659</name>
      <styleUrl>#style_82_001</styleUrl>
      <description><![CDATA[<h3 style="margin-bottom:6px; font-family:sans-serif;">320105191659</h3>
<table style="width:100%; border-collapse:collapse; font-family:sans-serif; font-size:12px;">
<tr style="background-color:#99bfe6; color:#000; font-weight:bold;"><td colspan="2" style="padding:4px; text-align:center;">320105191659</td></tr>
<tr style="background-color:#f0f5fa;"><td style="padding:3px; width:45%;"><b>FID</b></td><td style="padding:3px;">8695</td></tr>
<tr style="background-color:#dbe8f5;"><td style="padding:3px;"><b>รหัสแปลง</b></td><td style="padding:3px;">320105191659</td></tr>
<tr style="background-color:#f0f5fa;"><td style="padding:3px;"><b>รหัสกลุ่มคิว</b></td><td style="padding:3px;">82_001</td></tr>
<tr style="background-color:#dbe8f5;"><td style="padding:3px;"><b>นักเกษตร</b></td><td style="padding:3px;">8201</td></tr>
<tr style="background-color:#f0f5fa;"><td style="padding:3px;"><b>ศูนย์</b></td><td style="padding:3px;">K2-82</td></tr>
<tr style="background-color:#dbe8f5;"><td style="padding:3px;"><b>สถานที่ส่งอ้อย</b></td><td style="padding:3px;">รถตัด</td></tr>
<tr style="background-color:#f0f5fa;"><td style="padding:3px;"><b>ประเภทคิว</b></td><td style="padding:3px;">รถตัด</td></tr>
<tr style="background-color:#dbe8f5;"><td style="padding:3px;"><b>ประเภทรถ</b></td><td style="padding:3px;">10 ล้อเดี่ยว</td></tr>
<tr style="background-color:#f0f5fa;"><td style="padding:3px;"><b>ประเภทชาวไร่</b></td><td style="padding:3px;">รถตัด</td></tr>
<tr style="background-color:#dbe8f5;"><td style="padding:3px;"><b>สถานีขนถ่าย</b></td><td style="padding:3px;"></td></tr>
<tr style="background-color:#f0f5fa;"><td style="padding:3px;"><b>สถานะยืนยัน</b></td><td style="padding:3px;">N</td></tr>
<tr style="background-color:#dbe8f5;"><td style="padding:3px;"><b>โควตา</b></td><td style="padding:3px;">716356</td></tr>
<tr style="background-color:#f0f5fa;"><td style="padding:3px;"><b>ชาวไร่</b></td><td style="padding:3px;">นาย สำเรือง ออกหาญ</td></tr>
<tr style="background-color:#dbe8f5;"><td style="padding:3px;"><b>ประเภทอ้อย</b></td><td style="padding:3px;">ตอ2</td></tr>
<tr style="background-color:#f0f5fa;"><td style="padding:3px;"><b>พื้นที่</b></td><td style="padding:3px;">5.48</td></tr>
<tr style="background-color:#dbe8f5;"><td style="padding:3px;"><b>ปีผลิต</b></td><td style="padding:3px;">256970</td></tr>
<tr style="background-color:#f0f5fa;"><td style="padding:3px;"><b>ตันรวม</b></td><td style="padding:3px;">43.84</td></tr>
<tr style="background-color:#dbe8f5;"><td style="padding:3px;"><b>สถานที่ส่งอ้อย_1</b></td><td style="padding:3px;">รถตัด</td></tr>
</table>]]></description>
      <MultiGeometry><Polygon><outerBoundaryIs><LinearRing><coordinates>103.465261560345,14.9478928803999 103.464484410271,14.946077090285 103.464185829935,14.9461874396787 103.464909419486,14.948113150039 103.465261560345,14.9478928803999</coordinates></LinearRing></outerBoundaryIs></Polygon></MultiGeometry>
    </Placemark>
    <Placemark>
      <name>320113051629</name>
      <styleUrl>#style_82_001</styleUrl>
      <description><![CDATA[<h3 style="margin-bottom:6px; font-family:sans-serif;">320113051629</h3>
<table style="width:100%; border-collapse:collapse; font-family:sans-serif; font-size:12px;">
<tr style="background-color:#99bfe6; color:#000; font-weight:bold;"><td colspan="2" style="padding:4px; text-align:center;">320113051629</td></tr>
<tr style="background-color:#f0f5fa;"><td style="padding:3px; width:45%;"><b>FID</b></td><td style="padding:3px;">8853</td></tr>
<tr style="background-color:#dbe8f5;"><td style="padding:3px;"><b>รหัสแปลง</b></td><td style="padding:3px;">320113051629</td></tr>
<tr style="background-color:#f0f5fa;"><td style="padding:3px;"><b>รหัสกลุ่มคิว</b></td><td style="padding:3px;">82_001</td></tr>
<tr style="background-color:#dbe8f5;"><td style="padding:3px;"><b>นักเกษตร</b></td><td style="padding:3px;">8201</td></tr>
<tr style="background-color:#f0f5fa;"><td style="padding:3px;"><b>ศูนย์</b></td><td style="padding:3px;">K2-82</td></tr>
<tr style="background-color:#dbe8f5;"><td style="padding:3px;"><b>สถานที่ส่งอ้อย</b></td><td style="padding:3px;">รถตัด</td></tr>
<tr style="background-color:#f0f5fa;"><td style="padding:3px;"><b>ประเภทคิว</b></td><td style="padding:3px;">รถตัด</td></tr>
<tr style="background-color:#dbe8f5;"><td style="padding:3px;"><b>ประเภทรถ</b></td><td style="padding:3px;">10 ล้อเดี่ยว</td></tr>
<tr style="background-color:#f0f5fa;"><td style="padding:3px;"><b>ประเภทชาวไร่</b></td><td style="padding:3px;">รถตัด</td></tr>
<tr style="background-color:#dbe8f5;"><td style="padding:3px;"><b>สถานีขนถ่าย</b></td><td style="padding:3px;"></td></tr>
<tr style="background-color:#f0f5fa;"><td style="padding:3px;"><b>สถานะยืนยัน</b></td><td style="padding:3px;">N</td></tr>
<tr style="background-color:#dbe8f5;"><td style="padding:3px;"><b>โควตา</b></td><td style="padding:3px;">718300</td></tr>
<tr style="background-color:#f0f5fa;"><td style="padding:3px;"><b>ชาวไร่</b></td><td style="padding:3px;">นาย มานิด ตรงใจสอน</td></tr>
<tr style="background-color:#dbe8f5;"><td style="padding:3px;"><b>ประเภทอ้อย</b></td><td style="padding:3px;">ตอ1</td></tr>
<tr style="background-color:#f0f5fa;"><td style="padding:3px;"><b>พื้นที่</b></td><td style="padding:3px;">3.0</td></tr>
<tr style="background-color:#dbe8f5;"><td style="padding:3px;"><b>ปีผลิต</b></td><td style="padding:3px;">256970</td></tr>
<tr style="background-color:#f0f5fa;"><td style="padding:3px;"><b>ตันรวม</b></td><td style="padding:3px;">27.0</td></tr>
<tr style="background-color:#dbe8f5;"><td style="padding:3px;"><b>สถานที่ส่งอ้อย_1</b></td><td style="padding:3px;">รถตัด</td></tr>
</table>]]></description>
      <MultiGeometry><Polygon><outerBoundaryIs><LinearRing><coordinates>103.331792170312,14.8202812301099 103.332145860186,14.8200590503705 103.332014500233,14.8190457403814 103.331654750308,14.819180170134 103.331792170312,14.8202812301099</coordinates></LinearRing></outerBoundaryIs></Polygon></MultiGeometry>
    </Placemark>
    <Placemark>
      <name>310304110002</name>
      <styleUrl>#style_82_001</styleUrl>
      <description><![CDATA[<h3 style="margin-bottom:6px; font-family:sans-serif;">310304110002</h3>
<table style="width:100%; border-collapse:collapse; font-family:sans-serif; font-size:12px;">
<tr style="background-color:#99bfe6; color:#000; font-weight:bold;"><td colspan="2" style="padding:4px; text-align:center;">310304110002</td></tr>
<tr style="background-color:#f0f5fa;"><td style="padding:3px; width:45%;"><b>FID</b></td><td style="padding:3px;">8863</td></tr>
<tr style="background-color:#dbe8f5;"><td style="padding:3px;"><b>รหัสแปลง</b></td><td style="padding:3px;">310304110002</td></tr>
<tr style="background-color:#f0f5fa;"><td style="padding:3px;"><b>รหัสกลุ่มคิว</b></td><td style="padding:3px;">82_001</td></tr>
<tr style="background-color:#dbe8f5;"><td style="padding:3px;"><b>นักเกษตร</b></td><td style="padding:3px;">8201</td></tr>
<tr style="background-color:#f0f5fa;"><td style="padding:3px;"><b>ศูนย์</b></td><td style="padding:3px;">K2-82</td></tr>
<tr style="background-color:#dbe8f5;"><td style="padding:3px;"><b>สถานที่ส่งอ้อย</b></td><td style="padding:3px;">รถตัด</td></tr>
<tr style="background-color:#f0f5fa;"><td style="padding:3px;"><b>ประเภทคิว</b></td><td style="padding:3px;">รถตัด</td></tr>
<tr style="background-color:#dbe8f5;"><td style="padding:3px;"><b>ประเภทรถ</b></td><td style="padding:3px;">10 ล้อเดี่ยว</td></tr>
<tr style="background-color:#f0f5fa;"><td style="padding:3px;"><b>ประเภทชาวไร่</b></td><td style="padding:3px;">รถตัด</td></tr>
<tr style="background-color:#dbe8f5;"><td style="padding:3px;"><b>สถานีขนถ่าย</b></td><td style="padding:3px;"></td></tr>
<tr style="background-color:#f0f5fa;"><td style="padding:3px;"><b>สถานะยืนยัน</b></td><td style="padding:3px;">N</td></tr>
<tr style="background-color:#dbe8f5;"><td style="padding:3px;"><b>โควตา</b></td><td style="padding:3px;">718294</td></tr>
<tr style="background-color:#f0f5fa;"><td style="padding:3px;"><b>ชาวไร่</b></td><td style="padding:3px;">นาง คำนึง อินทร์ชื่น</td></tr>
<tr style="background-color:#dbe8f5;"><td style="padding:3px;"><b>ประเภทอ้อย</b></td><td style="padding:3px;">ปลายฝน</td></tr>
<tr style="background-color:#f0f5fa;"><td style="padding:3px;"><b>พื้นที่</b></td><td style="padding:3px;">5.82</td></tr>
<tr style="background-color:#dbe8f5;"><td style="padding:3px;"><b>ปีผลิต</b></td><td style="padding:3px;">256970</td></tr>
<tr style="background-color:#f0f5fa;"><td style="padding:3px;"><b>ตันรวม</b></td><td style="padding:3px;">75.66</td></tr>
<tr style="background-color:#dbe8f5;"><td style="padding:3px;"><b>สถานที่ส่งอ้อย_1</b></td><td style="padding:3px;">รถตัด</td></tr>
</table>]]></description>
      <MultiGeometry><Polygon><outerBoundaryIs><LinearRing><coordinates>103.279049649731,14.7953814699452 103.280000259563,14.7949145701167 103.279599609898,14.7942061702351 103.278725380208,14.7948095798352 103.279049649731,14.7953814699452</coordinates></LinearRing></outerBoundaryIs></Polygon></MultiGeometry>
    </Placemark>
    <Placemark>
      <name>310304110003</name>
      <styleUrl>#style_82_001</styleUrl>
      <description><![CDATA[<h3 style="margin-bottom:6px; font-family:sans-serif;">310304110003</h3>
<table style="width:100%; border-collapse:collapse; font-family:sans-serif; font-size:12px;">
<tr style="background-color:#99bfe6; color:#000; font-weight:bold;"><td colspan="2" style="padding:4px; text-align:center;">310304110003</td></tr>
<tr style="background-color:#f0f5fa;"><td style="padding:3px; width:45%;"><b>FID</b></td><td style="padding:3px;">8864</td></tr>
<tr style="background-color:#dbe8f5;"><td style="padding:3px;"><b>รหัสแปลง</b></td><td style="padding:3px;">310304110003</td></tr>
<tr style="background-color:#f0f5fa;"><td style="padding:3px;"><b>รหัสกลุ่มคิว</b></td><td style="padding:3px;">82_001</td></tr>
<tr style="background-color:#dbe8f5;"><td style="padding:3px;"><b>นักเกษตร</b></td><td style="padding:3px;">8201</td></tr>
<tr style="background-color:#f0f5fa;"><td style="padding:3px;"><b>ศูนย์</b></td><td style="padding:3px;">K2-82</td></tr>
<tr style="background-color:#dbe8f5;"><td style="padding:3px;"><b>สถานที่ส่งอ้อย</b></td><td style="padding:3px;">รถตัด</td></tr>
<tr style="background-color:#f0f5fa;"><td style="padding:3px;"><b>ประเภทคิว</b></td><td style="padding:3px;">รถตัด</td></tr>
<tr style="background-color:#dbe8f5;"><td style="padding:3px;"><b>ประเภทรถ</b></td><td style="padding:3px;">10 ล้อเดี่ยว</td></tr>
<tr style="background-color:#f0f5fa;"><td style="padding:3px;"><b>ประเภทชาวไร่</b></td><td style="padding:3px;">รถตัด</td></tr>
<tr style="background-color:#dbe8f5;"><td style="padding:3px;"><b>สถานีขนถ่าย</b></td><td style="padding:3px;"></td></tr>
<tr style="background-color:#f0f5fa;"><td style="padding:3px;"><b>สถานะยืนยัน</b></td><td style="padding:3px;">N</td></tr>
<tr style="background-color:#dbe8f5;"><td style="padding:3px;"><b>โควตา</b></td><td style="padding:3px;">718292</td></tr>
<tr style="background-color:#f0f5fa;"><td style="padding:3px;"><b>ชาวไร่</b></td><td style="padding:3px;">นาง เกศณีย์ กำลังมา</td></tr>
<tr style="background-color:#dbe8f5;"><td style="padding:3px;"><b>ประเภทอ้อย</b></td><td style="padding:3px;">ปลายฝน</td></tr>
<tr style="background-color:#f0f5fa;"><td style="padding:3px;"><b>พื้นที่</b></td><td style="padding:3px;">10.92</td></tr>
<tr style="background-color:#dbe8f5;"><td style="padding:3px;"><b>ปีผลิต</b></td><td style="padding:3px;">256970</td></tr>
<tr style="background-color:#f0f5fa;"><td style="padding:3px;"><b>ตันรวม</b></td><td style="padding:3px;">141.96</td></tr>
<tr style="background-color:#dbe8f5;"><td style="padding:3px;"><b>สถานที่ส่งอ้อย_1</b></td><td style="padding:3px;">รถตัด</td></tr>
</table>]]></description>
      <MultiGeometry><Polygon><outerBoundaryIs><LinearRing><coordinates>103.277496360027,14.7927772200223 103.278100550175,14.7936264703169 103.279469650221,14.7930270798883 103.278756319721,14.792242960063 103.278719669986,14.7922378399931 103.277496360027,14.7927772200223</coordinates></LinearRing></outerBoundaryIs></Polygon></MultiGeometry>
    </Placemark>
    <Placemark>
      <name>320119080001</name>
      <styleUrl>#style_82_001</styleUrl>
      <description><![CDATA[<h3 style="margin-bottom:6px; font-family:sans-serif;">320119080001</h3>
<table style="width:100%; border-collapse:collapse; font-family:sans-serif; font-size:12px;">
<tr style="background-color:#99bfe6; color:#000; font-weight:bold;"><td colspan="2" style="padding:4px; text-align:center;">320119080001</td></tr>
<tr style="background-color:#f0f5fa;"><td style="padding:3px; width:45%;"><b>FID</b></td><td style="padding:3px;">8882</td></tr>
<tr style="background-color:#dbe8f5;"><td style="padding:3px;"><b>รหัสแปลง</b></td><td style="padding:3px;">320119080001</td></tr>
<tr style="background-color:#f0f5fa;"><td style="padding:3px;"><b>รหัสกลุ่มคิว</b></td><td style="padding:3px;">82_001</td></tr>
<tr style="background-color:#dbe8f5;"><td style="padding:3px;"><b>นักเกษตร</b></td><td style="padding:3px;">8201</td></tr>
<tr style="background-color:#f0f5fa;"><td style="padding:3px;"><b>ศูนย์</b></td><td style="padding:3px;">K2-82</td></tr>
<tr style="background-color:#dbe8f5;"><td style="padding:3px;"><b>สถานที่ส่งอ้อย</b></td><td style="padding:3px;">รถตัด</td></tr>
<tr style="background-color:#f0f5fa;"><td style="padding:3px;"><b>ประเภทคิว</b></td><td style="padding:3px;">รถตัด</td></tr>
<tr style="background-color:#dbe8f5;"><td style="padding:3px;"><b>ประเภทรถ</b></td><td style="padding:3px;">10 ล้อเดี่ยว</td></tr>
<tr style="background-color:#f0f5fa;"><td style="padding:3px;"><b>ประเภทชาวไร่</b></td><td style="padding:3px;">รถตัด</td></tr>
<tr style="background-color:#dbe8f5;"><td style="padding:3px;"><b>สถานีขนถ่าย</b></td><td style="padding:3px;"></td></tr>
<tr style="background-color:#f0f5fa;"><td style="padding:3px;"><b>สถานะยืนยัน</b></td><td style="padding:3px;">N</td></tr>
<tr style="background-color:#dbe8f5;"><td style="padding:3px;"><b>โควตา</b></td><td style="padding:3px;">718221</td></tr>
<tr style="background-color:#f0f5fa;"><td style="padding:3px;"><b>ชาวไร่</b></td><td style="padding:3px;">นาย วันดี ไร่บูรณ์</td></tr>
<tr style="background-color:#dbe8f5;"><td style="padding:3px;"><b>ประเภทอ้อย</b></td><td style="padding:3px;">ตอ1</td></tr>
<tr style="background-color:#f0f5fa;"><td style="padding:3px;"><b>พื้นที่</b></td><td style="padding:3px;">3.93</td></tr>
<tr style="background-color:#dbe8f5;"><td style="padding:3px;"><b>ปีผลิต</b></td><td style="padding:3px;">256970</td></tr>
<tr style="background-color:#f0f5fa;"><td style="padding:3px;"><b>ตันรวม</b></td><td style="padding:3px;">35.37</td></tr>
<tr style="background-color:#dbe8f5;"><td style="padding:3px;"><b>สถานที่ส่งอ้อย_1</b></td><td style="padding:3px;">รถตัด</td></tr>
</table>]]></description>
      <MultiGeometry><Polygon><outerBoundaryIs><LinearRing><coordinates>103.639603500026,14.9507685015247 103.64164983444,14.9507291242135 103.641661666685,14.9504666668896 103.639591666612,14.9505199998201 103.639603500026,14.9507685015247</coordinates></LinearRing></outerBoundaryIs></Polygon></MultiGeometry>
    </Placemark>
    <Placemark>
      <name>320104020029</name>
      <styleUrl>#style_82_001</styleUrl>
      <description><![CDATA[<h3 style="margin-bottom:6px; font-family:sans-serif;">320104020029</h3>
<table style="width:100%; border-collapse:collapse; font-family:sans-serif; font-size:12px;">
<tr style="background-color:#99bfe6; color:#000; font-weight:bold;"><td colspan="2" style="padding:4px; text-align:center;">320104020029</td></tr>
<tr style="background-color:#f0f5fa;"><td style="padding:3px; width:45%;"><b>FID</b></td><td style="padding:3px;">8910</td></tr>
<tr style="background-color:#dbe8f5;"><td style="padding:3px;"><b>รหัสแปลง</b></td><td style="padding:3px;">320104020029</td></tr>
<tr style="background-color:#f0f5fa;"><td style="padding:3px;"><b>รหัสกลุ่มคิว</b></td><td style="padding:3px;">82_001</td></tr>
<tr style="background-color:#dbe8f5;"><td style="padding:3px;"><b>นักเกษตร</b></td><td style="padding:3px;">8201</td></tr>
<tr style="background-color:#f0f5fa;"><td style="padding:3px;"><b>ศูนย์</b></td><td style="padding:3px;">K2-82</td></tr>
<tr style="background-color:#dbe8f5;"><td style="padding:3px;"><b>สถานที่ส่งอ้อย</b></td><td style="padding:3px;">รถตัด</td></tr>
<tr style="background-color:#f0f5fa;"><td style="padding:3px;"><b>ประเภทคิว</b></td><td style="padding:3px;">รถตัด</td></tr>
<tr style="background-color:#dbe8f5;"><td style="padding:3px;"><b>ประเภทรถ</b></td><td style="padding:3px;">10 ล้อเดี่ยว</td></tr>
<tr style="background-color:#f0f5fa;"><td style="padding:3px;"><b>ประเภทชาวไร่</b></td><td style="padding:3px;">รถตัด</td></tr>
<tr style="background-color:#dbe8f5;"><td style="padding:3px;"><b>สถานีขนถ่าย</b></td><td style="padding:3px;"></td></tr>
<tr style="background-color:#f0f5fa;"><td style="padding:3px;"><b>สถานะยืนยัน</b></td><td style="padding:3px;">N</td></tr>
<tr style="background-color:#dbe8f5;"><td style="padding:3px;"><b>โควตา</b></td><td style="padding:3px;">718151</td></tr>
<tr style="background-color:#f0f5fa;"><td style="padding:3px;"><b>ชาวไร่</b></td><td style="padding:3px;">นาย พิรัตน์ สุขดี</td></tr>
<tr style="background-color:#dbe8f5;"><td style="padding:3px;"><b>ประเภทอ้อย</b></td><td style="padding:3px;">ตอ2</td></tr>
<tr style="background-color:#f0f5fa;"><td style="padding:3px;"><b>พื้นที่</b></td><td style="padding:3px;">5.14</td></tr>
<tr style="background-color:#dbe8f5;"><td style="padding:3px;"><b>ปีผลิต</b></td><td style="padding:3px;">256970</td></tr>
<tr style="background-color:#f0f5fa;"><td style="padding:3px;"><b>ตันรวม</b></td><td style="padding:3px;">41.12</td></tr>
<tr style="background-color:#dbe8f5;"><td style="padding:3px;"><b>สถานที่ส่งอ้อย_1</b></td><td style="padding:3px;">รถตัด</td></tr>
</table>]]></description>
      <MultiGeometry><Polygon><outerBoundaryIs><LinearRing><coordinates>103.511777089787,15.0447461902934 103.512301690234,15.0446329495437 103.512192260052,15.0435930901827 103.51198181944,15.0436115499903 103.511934219851,15.0433164599491 103.511600760223,15.0433767902719 103.511777089787,15.0447461902934</coordinates></LinearRing></outerBoundaryIs></Polygon></MultiGeometry>
    </Placemark>
    <Placemark>
      <name>320103060002</name>
      <styleUrl>#style_82_001</styleUrl>
      <description><![CDATA[<h3 style="margin-bottom:6px; font-family:sans-serif;">320103060002</h3>
<table style="width:100%; border-collapse:collapse; font-family:sans-serif; font-size:12px;">
<tr style="background-color:#99bfe6; color:#000; font-weight:bold;"><td colspan="2" style="padding:4px; text-align:center;">320103060002</td></tr>
<tr style="background-color:#f0f5fa;"><td style="padding:3px; width:45%;"><b>FID</b></td><td style="padding:3px;">8948</td></tr>
<tr style="background-color:#dbe8f5;"><td style="padding:3px;"><b>รหัสแปลง</b></td><td style="padding:3px;">320103060002</td></tr>
<tr style="background-color:#f0f5fa;"><td style="padding:3px;"><b>รหัสกลุ่มคิว</b></td><td style="padding:3px;">82_001</td></tr>
<tr style="background-color:#dbe8f5;"><td style="padding:3px;"><b>นักเกษตร</b></td><td style="padding:3px;">8201</td></tr>
<tr style="background-color:#f0f5fa;"><td style="padding:3px;"><b>ศูนย์</b></td><td style="padding:3px;">K2-82</td></tr>
<tr style="background-color:#dbe8f5;"><td style="padding:3px;"><b>สถานที่ส่งอ้อย</b></td><td style="padding:3px;">รถตัด</td></tr>
<tr style="background-color:#f0f5fa;"><td style="padding:3px;"><b>ประเภทคิว</b></td><td style="padding:3px;">รถตัด</td></tr>
<tr style="background-color:#dbe8f5;"><td style="padding:3px;"><b>ประเภทรถ</b></td><td style="padding:3px;">10 ล้อเดี่ยว</td></tr>
<tr style="background-color:#f0f5fa;"><td style="padding:3px;"><b>ประเภทชาวไร่</b></td><td style="padding:3px;">รถตัด</td></tr>
<tr style="background-color:#dbe8f5;"><td style="padding:3px;"><b>สถานีขนถ่าย</b></td><td style="padding:3px;"></td></tr>
<tr style="background-color:#f0f5fa;"><td style="padding:3px;"><b>สถานะยืนยัน</b></td><td style="padding:3px;">N</td></tr>
<tr style="background-color:#dbe8f5;"><td style="padding:3px;"><b>โควตา</b></td><td style="padding:3px;">782462</td></tr>
<tr style="background-color:#f0f5fa;"><td style="padding:3px;"><b>ชาวไร่</b></td><td style="padding:3px;">นาย สกุล จิตรไมตรี</td></tr>
<tr style="background-color:#dbe8f5;"><td style="padding:3px;"><b>ประเภทอ้อย</b></td><td style="padding:3px;">ตอ1</td></tr>
<tr style="background-color:#f0f5fa;"><td style="padding:3px;"><b>พื้นที่</b></td><td style="padding:3px;">6.54</td></tr>
<tr style="background-color:#dbe8f5;"><td style="padding:3px;"><b>ปีผลิต</b></td><td style="padding:3px;">256970</td></tr>
<tr style="background-color:#f0f5fa;"><td style="padding:3px;"><b>ตันรวม</b></td><td style="padding:3px;">58.86</td></tr>
<tr style="background-color:#dbe8f5;"><td style="padding:3px;"><b>สถานที่ส่งอ้อย_1</b></td><td style="padding:3px;">รถตัด</td></tr>
</table>]]></description>
      <MultiGeometry><Polygon><outerBoundaryIs><LinearRing><coordinates>103.463753700177,15.0647271398594 103.463719209962,15.0640231996438 103.462962160291,15.0640265304117 103.462977459553,15.0641119401831 103.462524149981,15.0641938499362 103.462511666885,15.0642166663263 103.462577718819,15.0648076424651 103.463143329816,15.0648394801301 103.463753700177,15.0647271398594</coordinates></LinearRing></outerBoundaryIs></Polygon></MultiGeometry>
    </Placemark>
    <Placemark>
      <name>320104051503</name>
      <styleUrl>#style_82_001</styleUrl>
      <description><![CDATA[<h3 style="margin-bottom:6px; font-family:sans-serif;">320104051503</h3>
<table style="width:100%; border-collapse:collapse; font-family:sans-serif; font-size:12px;">
<tr style="background-color:#99bfe6; color:#000; font-weight:bold;"><td colspan="2" style="padding:4px; text-align:center;">320104051503</td></tr>
<tr style="background-color:#f0f5fa;"><td style="padding:3px; width:45%;"><b>FID</b></td><td style="padding:3px;">8979</td></tr>
<tr style="background-color:#dbe8f5;"><td style="padding:3px;"><b>รหัสแปลง</b></td><td style="padding:3px;">320104051503</td></tr>
<tr style="background-color:#f0f5fa;"><td style="padding:3px;"><b>รหัสกลุ่มคิว</b></td><td style="padding:3px;">82_001</td></tr>
<tr style="background-color:#dbe8f5;"><td style="padding:3px;"><b>นักเกษตร</b></td><td style="padding:3px;">8201</td></tr>
<tr style="background-color:#f0f5fa;"><td style="padding:3px;"><b>ศูนย์</b></td><td style="padding:3px;">K2-82</td></tr>
<tr style="background-color:#dbe8f5;"><td style="padding:3px;"><b>สถานที่ส่งอ้อย</b></td><td style="padding:3px;">รถตัด</td></tr>
<tr style="background-color:#f0f5fa;"><td style="padding:3px;"><b>ประเภทคิว</b></td><td style="padding:3px;">รถตัด</td></tr>
<tr style="background-color:#dbe8f5;"><td style="padding:3px;"><b>ประเภทรถ</b></td><td style="padding:3px;">10 ล้อเดี่ยว</td></tr>
<tr style="background-color:#f0f5fa;"><td style="padding:3px;"><b>ประเภทชาวไร่</b></td><td style="padding:3px;">รถตัด</td></tr>
<tr style="background-color:#dbe8f5;"><td style="padding:3px;"><b>สถานีขนถ่าย</b></td><td style="padding:3px;"></td></tr>
<tr style="background-color:#f0f5fa;"><td style="padding:3px;"><b>สถานะยืนยัน</b></td><td style="padding:3px;">N</td></tr>
<tr style="background-color:#dbe8f5;"><td style="padding:3px;"><b>โควตา</b></td><td style="padding:3px;">781892</td></tr>
<tr style="background-color:#f0f5fa;"><td style="padding:3px;"><b>ชาวไร่</b></td><td style="padding:3px;">นาย อุทัยทิพย์ นวลอ่อน</td></tr>
<tr style="background-color:#dbe8f5;"><td style="padding:3px;"><b>ประเภทอ้อย</b></td><td style="padding:3px;">ปลายฝน</td></tr>
<tr style="background-color:#f0f5fa;"><td style="padding:3px;"><b>พื้นที่</b></td><td style="padding:3px;">12.77</td></tr>
<tr style="background-color:#dbe8f5;"><td style="padding:3px;"><b>ปีผลิต</b></td><td style="padding:3px;">256970</td></tr>
<tr style="background-color:#f0f5fa;"><td style="padding:3px;"><b>ตันรวม</b></td><td style="padding:3px;">166.01</td></tr>
<tr style="background-color:#dbe8f5;"><td style="padding:3px;"><b>สถานที่ส่งอ้อย_1</b></td><td style="padding:3px;">รถตัด</td></tr>
</table>]]></description>
      <MultiGeometry><Polygon><outerBoundaryIs><LinearRing><coordinates>103.453725349723,15.0173406702492 103.454080639667,15.0191586796724 103.454967580313,15.0192718801423 103.454610739488,15.0172321599474 103.453725349723,15.0173406702492</coordinates></LinearRing></outerBoundaryIs></Polygon></MultiGeometry>
    </Placemark>
    <Placemark>
      <name>321605051511</name>
      <styleUrl>#style_82_001</styleUrl>
      <description><![CDATA[<h3 style="margin-bottom:6px; font-family:sans-serif;">321605051511</h3>
<table style="width:100%; border-collapse:collapse; font-family:sans-serif; font-size:12px;">
<tr style="background-color:#99bfe6; color:#000; font-weight:bold;"><td colspan="2" style="padding:4px; text-align:center;">321605051511</td></tr>
<tr style="background-color:#f0f5fa;"><td style="padding:3px; width:45%;"><b>FID</b></td><td style="padding:3px;">8998</td></tr>
<tr style="background-color:#dbe8f5;"><td style="padding:3px;"><b>รหัสแปลง</b></td><td style="padding:3px;">321605051511</td></tr>
<tr style="background-color:#f0f5fa;"><td style="padding:3px;"><b>รหัสกลุ่มคิว</b></td><td style="padding:3px;">82_001</td></tr>
<tr style="background-color:#dbe8f5;"><td style="padding:3px;"><b>นักเกษตร</b></td><td style="padding:3px;">8201</td></tr>
<tr style="background-color:#f0f5fa;"><td style="padding:3px;"><b>ศูนย์</b></td><td style="padding:3px;">K2-82</td></tr>
<tr style="background-color:#dbe8f5;"><td style="padding:3px;"><b>สถานที่ส่งอ้อย</b></td><td style="padding:3px;">รถตัด</td></tr>
<tr style="background-color:#f0f5fa;"><td style="padding:3px;"><b>ประเภทคิว</b></td><td style="padding:3px;">รถตัด</td></tr>
<tr style="background-color:#dbe8f5;"><td style="padding:3px;"><b>ประเภทรถ</b></td><td style="padding:3px;">10 ล้อเดี่ยว</td></tr>
<tr style="background-color:#f0f5fa;"><td style="padding:3px;"><b>ประเภทชาวไร่</b></td><td style="padding:3px;">รถตัด</td></tr>
<tr style="background-color:#dbe8f5;"><td style="padding:3px;"><b>สถานีขนถ่าย</b></td><td style="padding:3px;"></td></tr>
<tr style="background-color:#f0f5fa;"><td style="padding:3px;"><b>สถานะยืนยัน</b></td><td style="padding:3px;">N</td></tr>
<tr style="background-color:#dbe8f5;"><td style="padding:3px;"><b>โควตา</b></td><td style="padding:3px;">782495</td></tr>
<tr style="background-color:#f0f5fa;"><td style="padding:3px;"><b>ชาวไร่</b></td><td style="padding:3px;">นาย ฐิติวัฒน์ ธนุนาจารย์</td></tr>
<tr style="background-color:#dbe8f5;"><td style="padding:3px;"><b>ประเภทอ้อย</b></td><td style="padding:3px;">ปลายฝน</td></tr>
<tr style="background-color:#f0f5fa;"><td style="padding:3px;"><b>พื้นที่</b></td><td style="padding:3px;">3.98</td></tr>
<tr style="background-color:#dbe8f5;"><td style="padding:3px;"><b>ปีผลิต</b></td><td style="padding:3px;">256970</td></tr>
<tr style="background-color:#f0f5fa;"><td style="padding:3px;"><b>ตันรวม</b></td><td style="padding:3px;">51.74</td></tr>
<tr style="background-color:#dbe8f5;"><td style="padding:3px;"><b>สถานที่ส่งอ้อย_1</b></td><td style="padding:3px;">รถตัด</td></tr>
</table>]]></description>
      <MultiGeometry><Polygon><outerBoundaryIs><LinearRing><coordinates>103.610349800308,14.9389729417078 103.61020470931,14.9386078263 103.610166320085,14.9385965526579 103.610110161698,14.938589888168 103.60910525563,14.9388211452128 103.609287309985,14.9393180248088 103.610349800308,14.9389729417078</coordinates></LinearRing></outerBoundaryIs></Polygon></MultiGeometry>
    </Placemark>
    <Placemark>
      <name>320104051504</name>
      <styleUrl>#style_82_001</styleUrl>
      <description><![CDATA[<h3 style="margin-bottom:6px; font-family:sans-serif;">320104051504</h3>
<table style="width:100%; border-collapse:collapse; font-family:sans-serif; font-size:12px;">
<tr style="background-color:#99bfe6; color:#000; font-weight:bold;"><td colspan="2" style="padding:4px; text-align:center;">320104051504</td></tr>
<tr style="background-color:#f0f5fa;"><td style="padding:3px; width:45%;"><b>FID</b></td><td style="padding:3px;">9039</td></tr>
<tr style="background-color:#dbe8f5;"><td style="padding:3px;"><b>รหัสแปลง</b></td><td style="padding:3px;">320104051504</td></tr>
<tr style="background-color:#f0f5fa;"><td style="padding:3px;"><b>รหัสกลุ่มคิว</b></td><td style="padding:3px;">82_001</td></tr>
<tr style="background-color:#dbe8f5;"><td style="padding:3px;"><b>นักเกษตร</b></td><td style="padding:3px;">8201</td></tr>
<tr style="background-color:#f0f5fa;"><td style="padding:3px;"><b>ศูนย์</b></td><td style="padding:3px;">K2-82</td></tr>
<tr style="background-color:#dbe8f5;"><td style="padding:3px;"><b>สถานที่ส่งอ้อย</b></td><td style="padding:3px;">รถตัด</td></tr>
<tr style="background-color:#f0f5fa;"><td style="padding:3px;"><b>ประเภทคิว</b></td><td style="padding:3px;">รถตัด</td></tr>
<tr style="background-color:#dbe8f5;"><td style="padding:3px;"><b>ประเภทรถ</b></td><td style="padding:3px;">10 ล้อเดี่ยว</td></tr>
<tr style="background-color:#f0f5fa;"><td style="padding:3px;"><b>ประเภทชาวไร่</b></td><td style="padding:3px;">รถตัด</td></tr>
<tr style="background-color:#dbe8f5;"><td style="padding:3px;"><b>สถานีขนถ่าย</b></td><td style="padding:3px;"></td></tr>
<tr style="background-color:#f0f5fa;"><td style="padding:3px;"><b>สถานะยืนยัน</b></td><td style="padding:3px;">N</td></tr>
<tr style="background-color:#dbe8f5;"><td style="padding:3px;"><b>โควตา</b></td><td style="padding:3px;">781899</td></tr>
<tr style="background-color:#f0f5fa;"><td style="padding:3px;"><b>ชาวไร่</b></td><td style="padding:3px;">นาง เสงี่ยม มีแก้ว</td></tr>
<tr style="background-color:#dbe8f5;"><td style="padding:3px;"><b>ประเภทอ้อย</b></td><td style="padding:3px;">ปลายฝน</td></tr>
<tr style="background-color:#f0f5fa;"><td style="padding:3px;"><b>พื้นที่</b></td><td style="padding:3px;">4.97</td></tr>
<tr style="background-color:#dbe8f5;"><td style="padding:3px;"><b>ปีผลิต</b></td><td style="padding:3px;">256970</td></tr>
<tr style="background-color:#f0f5fa;"><td style="padding:3px;"><b>ตันรวม</b></td><td style="padding:3px;">64.61</td></tr>
<tr style="background-color:#dbe8f5;"><td style="padding:3px;"><b>สถานที่ส่งอ้อย_1</b></td><td style="padding:3px;">รถตัด</td></tr>
</table>]]></description>
      <MultiGeometry><Polygon><outerBoundaryIs><LinearRing><coordinates>103.454660307564,15.0170948774757 103.454773630627,15.0177683216873 103.455082923164,15.0177073431043 103.455115193519,15.0176857597317 103.455148553365,15.0176789282 103.455169172607,15.0177054991762 103.455331530368,15.0176959018342 103.455452397379,15.0176711334397 103.455741991809,15.0176125442545 103.45569061077,15.0172645276706 103.455678122274,15.0171709015719 103.455637553439,15.0169587552979 103.454660307564,15.0170948774757</coordinates></LinearRing></outerBoundaryIs></Polygon></MultiGeometry>
    </Placemark>
    <Placemark>
      <name>320104051505</name>
      <styleUrl>#style_82_001</styleUrl>
      <description><![CDATA[<h3 style="margin-bottom:6px; font-family:sans-serif;">320104051505</h3>
<table style="width:100%; border-collapse:collapse; font-family:sans-serif; font-size:12px;">
<tr style="background-color:#99bfe6; color:#000; font-weight:bold;"><td colspan="2" style="padding:4px; text-align:center;">320104051505</td></tr>
<tr style="background-color:#f0f5fa;"><td style="padding:3px; width:45%;"><b>FID</b></td><td style="padding:3px;">9044</td></tr>
<tr style="background-color:#dbe8f5;"><td style="padding:3px;"><b>รหัสแปลง</b></td><td style="padding:3px;">320104051505</td></tr>
<tr style="background-color:#f0f5fa;"><td style="padding:3px;"><b>รหัสกลุ่มคิว</b></td><td style="padding:3px;">82_001</td></tr>
<tr style="background-color:#dbe8f5;"><td style="padding:3px;"><b>นักเกษตร</b></td><td style="padding:3px;">8201</td></tr>
<tr style="background-color:#f0f5fa;"><td style="padding:3px;"><b>ศูนย์</b></td><td style="padding:3px;">K2-82</td></tr>
<tr style="background-color:#dbe8f5;"><td style="padding:3px;"><b>สถานที่ส่งอ้อย</b></td><td style="padding:3px;">รถตัด</td></tr>
<tr style="background-color:#f0f5fa;"><td style="padding:3px;"><b>ประเภทคิว</b></td><td style="padding:3px;">รถตัด</td></tr>
<tr style="background-color:#dbe8f5;"><td style="padding:3px;"><b>ประเภทรถ</b></td><td style="padding:3px;">10 ล้อเดี่ยว</td></tr>
<tr style="background-color:#f0f5fa;"><td style="padding:3px;"><b>ประเภทชาวไร่</b></td><td style="padding:3px;">รถตัด</td></tr>
<tr style="background-color:#dbe8f5;"><td style="padding:3px;"><b>สถานีขนถ่าย</b></td><td style="padding:3px;"></td></tr>
<tr style="background-color:#f0f5fa;"><td style="padding:3px;"><b>สถานะยืนยัน</b></td><td style="padding:3px;">N</td></tr>
<tr style="background-color:#dbe8f5;"><td style="padding:3px;"><b>โควตา</b></td><td style="padding:3px;">781899</td></tr>
<tr style="background-color:#f0f5fa;"><td style="padding:3px;"><b>ชาวไร่</b></td><td style="padding:3px;">นาง เสงี่ยม มีแก้ว</td></tr>
<tr style="background-color:#dbe8f5;"><td style="padding:3px;"><b>ประเภทอ้อย</b></td><td style="padding:3px;">ปลายฝน</td></tr>
<tr style="background-color:#f0f5fa;"><td style="padding:3px;"><b>พื้นที่</b></td><td style="padding:3px;">1.73</td></tr>
<tr style="background-color:#dbe8f5;"><td style="padding:3px;"><b>ปีผลิต</b></td><td style="padding:3px;">256970</td></tr>
<tr style="background-color:#f0f5fa;"><td style="padding:3px;"><b>ตันรวม</b></td><td style="padding:3px;">22.49</td></tr>
<tr style="background-color:#dbe8f5;"><td style="padding:3px;"><b>สถานที่ส่งอ้อย_1</b></td><td style="padding:3px;">รถตัด</td></tr>
</table>]]></description>
      <MultiGeometry><Polygon><outerBoundaryIs><LinearRing><coordinates>103.453494999933,15.0145950002472 103.453068333512,15.014766666889 103.453158333414,15.0152233328852 103.453629999436,15.0150933329294 103.453494999933,15.0145950002472</coordinates></LinearRing></outerBoundaryIs></Polygon></MultiGeometry>
    </Placemark>
    <Placemark>
      <name>320103040001</name>
      <styleUrl>#style_82_001</styleUrl>
      <description><![CDATA[<h3 style="margin-bottom:6px; font-family:sans-serif;">320103040001</h3>
<table style="width:100%; border-collapse:collapse; font-family:sans-serif; font-size:12px;">
<tr style="background-color:#99bfe6; color:#000; font-weight:bold;"><td colspan="2" style="padding:4px; text-align:center;">320103040001</td></tr>
<tr style="background-color:#f0f5fa;"><td style="padding:3px; width:45%;"><b>FID</b></td><td style="padding:3px;">9059</td></tr>
<tr style="background-color:#dbe8f5;"><td style="padding:3px;"><b>รหัสแปลง</b></td><td style="padding:3px;">320103040001</td></tr>
<tr style="background-color:#f0f5fa;"><td style="padding:3px;"><b>รหัสกลุ่มคิว</b></td><td style="padding:3px;">82_001</td></tr>
<tr style="background-color:#dbe8f5;"><td style="padding:3px;"><b>นักเกษตร</b></td><td style="padding:3px;">8201</td></tr>
<tr style="background-color:#f0f5fa;"><td style="padding:3px;"><b>ศูนย์</b></td><td style="padding:3px;">K2-82</td></tr>
<tr style="background-color:#dbe8f5;"><td style="padding:3px;"><b>สถานที่ส่งอ้อย</b></td><td style="padding:3px;">รถตัด</td></tr>
<tr style="background-color:#f0f5fa;"><td style="padding:3px;"><b>ประเภทคิว</b></td><td style="padding:3px;">รถตัด</td></tr>
<tr style="background-color:#dbe8f5;"><td style="padding:3px;"><b>ประเภทรถ</b></td><td style="padding:3px;">10 ล้อเดี่ยว</td></tr>
<tr style="background-color:#f0f5fa;"><td style="padding:3px;"><b>ประเภทชาวไร่</b></td><td style="padding:3px;">รถตัด</td></tr>
<tr style="background-color:#dbe8f5;"><td style="padding:3px;"><b>สถานีขนถ่าย</b></td><td style="padding:3px;"></td></tr>
<tr style="background-color:#f0f5fa;"><td style="padding:3px;"><b>สถานะยืนยัน</b></td><td style="padding:3px;">N</td></tr>
<tr style="background-color:#dbe8f5;"><td style="padding:3px;"><b>โควตา</b></td><td style="padding:3px;">781646</td></tr>
<tr style="background-color:#f0f5fa;"><td style="padding:3px;"><b>ชาวไร่</b></td><td style="padding:3px;">นาย มนูญ จันทินมาธร</td></tr>
<tr style="background-color:#dbe8f5;"><td style="padding:3px;"><b>ประเภทอ้อย</b></td><td style="padding:3px;">ปลายฝน</td></tr>
<tr style="background-color:#f0f5fa;"><td style="padding:3px;"><b>พื้นที่</b></td><td style="padding:3px;">8.04</td></tr>
<tr style="background-color:#dbe8f5;"><td style="padding:3px;"><b>ปีผลิต</b></td><td style="padding:3px;">256970</td></tr>
<tr style="background-color:#f0f5fa;"><td style="padding:3px;"><b>ตันรวม</b></td><td style="padding:3px;">104.52</td></tr>
<tr style="background-color:#dbe8f5;"><td style="padding:3px;"><b>สถานที่ส่งอ้อย_1</b></td><td style="padding:3px;">รถตัด</td></tr>
</table>]]></description>
      <MultiGeometry><Polygon><outerBoundaryIs><LinearRing><coordinates>103.468086666096,15.0611816666185 103.466856666867,15.061231666464 103.466779999808,15.0621783331669 103.46787666687,15.0620133331042 103.467789999594,15.0617966667435 103.4682400001,15.0616466664259 103.468086666096,15.0611816666185</coordinates></LinearRing></outerBoundaryIs></Polygon></MultiGeometry>
    </Placemark>
    <Placemark>
      <name>320105181637</name>
      <styleUrl>#style_82_001</styleUrl>
      <description><![CDATA[<h3 style="margin-bottom:6px; font-family:sans-serif;">320105181637</h3>
<table style="width:100%; border-collapse:collapse; font-family:sans-serif; font-size:12px;">
<tr style="background-color:#99bfe6; color:#000; font-weight:bold;"><td colspan="2" style="padding:4px; text-align:center;">320105181637</td></tr>
<tr style="background-color:#f0f5fa;"><td style="padding:3px; width:45%;"><b>FID</b></td><td style="padding:3px;">9071</td></tr>
<tr style="background-color:#dbe8f5;"><td style="padding:3px;"><b>รหัสแปลง</b></td><td style="padding:3px;">320105181637</td></tr>
<tr style="background-color:#f0f5fa;"><td style="padding:3px;"><b>รหัสกลุ่มคิว</b></td><td style="padding:3px;">82_001</td></tr>
<tr style="background-color:#dbe8f5;"><td style="padding:3px;"><b>นักเกษตร</b></td><td style="padding:3px;">8201</td></tr>
<tr style="background-color:#f0f5fa;"><td style="padding:3px;"><b>ศูนย์</b></td><td style="padding:3px;">K2-82</td></tr>
<tr style="background-color:#dbe8f5;"><td style="padding:3px;"><b>สถานที่ส่งอ้อย</b></td><td style="padding:3px;">รถตัด</td></tr>
<tr style="background-color:#f0f5fa;"><td style="padding:3px;"><b>ประเภทคิว</b></td><td style="padding:3px;">รถตัด</td></tr>
<tr style="background-color:#dbe8f5;"><td style="padding:3px;"><b>ประเภทรถ</b></td><td style="padding:3px;">10 ล้อเดี่ยว</td></tr>
<tr style="background-color:#f0f5fa;"><td style="padding:3px;"><b>ประเภทชาวไร่</b></td><td style="padding:3px;">รถตัด</td></tr>
<tr style="background-color:#dbe8f5;"><td style="padding:3px;"><b>สถานีขนถ่าย</b></td><td style="padding:3px;"></td></tr>
<tr style="background-color:#f0f5fa;"><td style="padding:3px;"><b>สถานะยืนยัน</b></td><td style="padding:3px;">N</td></tr>
<tr style="background-color:#dbe8f5;"><td style="padding:3px;"><b>โควตา</b></td><td style="padding:3px;">788060</td></tr>
<tr style="background-color:#f0f5fa;"><td style="padding:3px;"><b>ชาวไร่</b></td><td style="padding:3px;">นาย สหภัทร ชลาชัย</td></tr>
<tr style="background-color:#dbe8f5;"><td style="padding:3px;"><b>ประเภทอ้อย</b></td><td style="padding:3px;">ปลายฝน</td></tr>
<tr style="background-color:#f0f5fa;"><td style="padding:3px;"><b>พื้นที่</b></td><td style="padding:3px;">6.67</td></tr>
<tr style="background-color:#dbe8f5;"><td style="padding:3px;"><b>ปีผลิต</b></td><td style="padding:3px;">256970</td></tr>
<tr style="background-color:#f0f5fa;"><td style="padding:3px;"><b>ตันรวม</b></td><td style="padding:3px;">86.71</td></tr>
<tr style="background-color:#dbe8f5;"><td style="padding:3px;"><b>สถานที่ส่งอ้อย_1</b></td><td style="padding:3px;">รถตัด</td></tr>
</table>]]></description>
      <MultiGeometry><Polygon><outerBoundaryIs><LinearRing><coordinates>103.422193333412,14.9988100002363 103.421813332999,14.998244999653 103.421705000306,14.9983283336339 103.421498333359,14.9984466665357 103.421280000094,14.9986249996477 103.420761666948,14.9992566666486 103.420849362071,14.9994127920549 103.421003545161,14.9995185070527 103.421080964672,14.9995796314788 103.422193333412,14.9988100002363</coordinates></LinearRing></outerBoundaryIs></Polygon></MultiGeometry>
    </Placemark>
    <Placemark>
      <name>320113051637</name>
      <styleUrl>#style_82_001</styleUrl>
      <description><![CDATA[<h3 style="margin-bottom:6px; font-family:sans-serif;">320113051637</h3>
<table style="width:100%; border-collapse:collapse; font-family:sans-serif; font-size:12px;">
<tr style="background-color:#99bfe6; color:#000; font-weight:bold;"><td colspan="2" style="padding:4px; text-align:center;">320113051637</td></tr>
<tr style="background-color:#f0f5fa;"><td style="padding:3px; width:45%;"><b>FID</b></td><td style="padding:3px;">9181</td></tr>
<tr style="background-color:#dbe8f5;"><td style="padding:3px;"><b>รหัสแปลง</b></td><td style="padding:3px;">320113051637</td></tr>
<tr style="background-color:#f0f5fa;"><td style="padding:3px;"><b>รหัสกลุ่มคิว</b></td><td style="padding:3px;">82_001</td></tr>
<tr style="background-color:#dbe8f5;"><td style="padding:3px;"><b>นักเกษตร</b></td><td style="padding:3px;">8201</td></tr>
<tr style="background-color:#f0f5fa;"><td style="padding:3px;"><b>ศูนย์</b></td><td style="padding:3px;">K2-82</td></tr>
<tr style="background-color:#dbe8f5;"><td style="padding:3px;"><b>สถานที่ส่งอ้อย</b></td><td style="padding:3px;">รถตัด</td></tr>
<tr style="background-color:#f0f5fa;"><td style="padding:3px;"><b>ประเภทคิว</b></td><td style="padding:3px;">รถตัด</td></tr>
<tr style="background-color:#dbe8f5;"><td style="padding:3px;"><b>ประเภทรถ</b></td><td style="padding:3px;">10 ล้อเดี่ยว</td></tr>
<tr style="background-color:#f0f5fa;"><td style="padding:3px;"><b>ประเภทชาวไร่</b></td><td style="padding:3px;">รถตัด</td></tr>
<tr style="background-color:#dbe8f5;"><td style="padding:3px;"><b>สถานีขนถ่าย</b></td><td style="padding:3px;"></td></tr>
<tr style="background-color:#f0f5fa;"><td style="padding:3px;"><b>สถานะยืนยัน</b></td><td style="padding:3px;">N</td></tr>
<tr style="background-color:#dbe8f5;"><td style="padding:3px;"><b>โควตา</b></td><td style="padding:3px;">787010</td></tr>
<tr style="background-color:#f0f5fa;"><td style="padding:3px;"><b>ชาวไร่</b></td><td style="padding:3px;">นาย ศักดิ์ชัย สวัสดี</td></tr>
<tr style="background-color:#dbe8f5;"><td style="padding:3px;"><b>ประเภทอ้อย</b></td><td style="padding:3px;">ตอ1</td></tr>
<tr style="background-color:#f0f5fa;"><td style="padding:3px;"><b>พื้นที่</b></td><td style="padding:3px;">2.83</td></tr>
<tr style="background-color:#dbe8f5;"><td style="padding:3px;"><b>ปีผลิต</b></td><td style="padding:3px;">256970</td></tr>
<tr style="background-color:#f0f5fa;"><td style="padding:3px;"><b>ตันรวม</b></td><td style="padding:3px;">25.47</td></tr>
<tr style="background-color:#dbe8f5;"><td style="padding:3px;"><b>สถานที่ส่งอ้อย_1</b></td><td style="padding:3px;">รถตัด</td></tr>
</table>]]></description>
      <MultiGeometry><Polygon><outerBoundaryIs><LinearRing><coordinates>103.323581666434,14.817338332991 103.323036666669,14.8163066666886 103.32269333331,14.8163666666523 103.323238333043,14.8173783330082 103.323581666434,14.817338332991</coordinates></LinearRing></outerBoundaryIs></Polygon></MultiGeometry>
    </Placemark>
    <Placemark>
      <name>320121010012</name>
      <styleUrl>#style_82_001</styleUrl>
      <description><![CDATA[<h3 style="margin-bottom:6px; font-family:sans-serif;">320121010012</h3>
<table style="width:100%; border-collapse:collapse; font-family:sans-serif; font-size:12px;">
<tr style="background-color:#99bfe6; color:#000; font-weight:bold;"><td colspan="2" style="padding:4px; text-align:center;">320121010012</td></tr>
<tr style="background-color:#f0f5fa;"><td style="padding:3px; width:45%;"><b>FID</b></td><td style="padding:3px;">9344</td></tr>
<tr style="background-color:#dbe8f5;"><td style="padding:3px;"><b>รหัสแปลง</b></td><td style="padding:3px;">320121010012</td></tr>
<tr style="background-color:#f0f5fa;"><td style="padding:3px;"><b>รหัสกลุ่มคิว</b></td><td style="padding:3px;">82_001</td></tr>
<tr style="background-color:#dbe8f5;"><td style="padding:3px;"><b>นักเกษตร</b></td><td style="padding:3px;">8201</td></tr>
<tr style="background-color:#f0f5fa;"><td style="padding:3px;"><b>ศูนย์</b></td><td style="padding:3px;">K2-82</td></tr>
<tr style="background-color:#dbe8f5;"><td style="padding:3px;"><b>สถานที่ส่งอ้อย</b></td><td style="padding:3px;">รถตัด</td></tr>
<tr style="background-color:#f0f5fa;"><td style="padding:3px;"><b>ประเภทคิว</b></td><td style="padding:3px;">รถตัด</td></tr>
<tr style="background-color:#dbe8f5;"><td style="padding:3px;"><b>ประเภทรถ</b></td><td style="padding:3px;">10 ล้อเดี่ยว</td></tr>
<tr style="background-color:#f0f5fa;"><td style="padding:3px;"><b>ประเภทชาวไร่</b></td><td style="padding:3px;">รถตัด</td></tr>
<tr style="background-color:#dbe8f5;"><td style="padding:3px;"><b>สถานีขนถ่าย</b></td><td style="padding:3px;"></td></tr>
<tr style="background-color:#f0f5fa;"><td style="padding:3px;"><b>สถานะยืนยัน</b></td><td style="padding:3px;">N</td></tr>
<tr style="background-color:#dbe8f5;"><td style="padding:3px;"><b>โควตา</b></td><td style="padding:3px;">728153</td></tr>
<tr style="background-color:#f0f5fa;"><td style="padding:3px;"><b>ชาวไร่</b></td><td style="padding:3px;">นาย ณัฐพล มุ่งเจริญพร</td></tr>
<tr style="background-color:#dbe8f5;"><td style="padding:3px;"><b>ประเภทอ้อย</b></td><td style="padding:3px;">น้ำราด</td></tr>
<tr style="background-color:#f0f5fa;"><td style="padding:3px;"><b>พื้นที่</b></td><td style="padding:3px;">31.16</td></tr>
<tr style="background-color:#dbe8f5;"><td style="padding:3px;"><b>ปีผลิต</b></td><td style="padding:3px;">256970</td></tr>
<tr style="background-color:#f0f5fa;"><td style="padding:3px;"><b>ตันรวม</b></td><td style="padding:3px;">0.0</td></tr>
<tr style="background-color:#dbe8f5;"><td style="padding:3px;"><b>สถานที่ส่งอ้อย_1</b></td><td style="padding:3px;">รถตัด</td></tr>
</table>]]></description>
      <MultiGeometry><Polygon><outerBoundaryIs><LinearRing><coordinates>103.607489999743,14.8661183330496 103.605571666591,14.8663766664292 103.605941666632,14.8685966670284 103.605991666131,14.8686666666222 103.606468333297,14.8684766663266 103.607139999858,14.8683150002704 103.607706666695,14.8681699995936 103.607799999673,14.8681233336021 103.607489999743,14.8661183330496</coordinates></LinearRing></outerBoundaryIs></Polygon></MultiGeometry>
    </Placemark>
    <Placemark>
      <name>320113090001</name>
      <styleUrl>#style_82_001</styleUrl>
      <description><![CDATA[<h3 style="margin-bottom:6px; font-family:sans-serif;">320113090001</h3>
<table style="width:100%; border-collapse:collapse; font-family:sans-serif; font-size:12px;">
<tr style="background-color:#99bfe6; color:#000; font-weight:bold;"><td colspan="2" style="padding:4px; text-align:center;">320113090001</td></tr>
<tr style="background-color:#f0f5fa;"><td style="padding:3px; width:45%;"><b>FID</b></td><td style="padding:3px;">9396</td></tr>
<tr style="background-color:#dbe8f5;"><td style="padding:3px;"><b>รหัสแปลง</b></td><td style="padding:3px;">320113090001</td></tr>
<tr style="background-color:#f0f5fa;"><td style="padding:3px;"><b>รหัสกลุ่มคิว</b></td><td style="padding:3px;">82_001</td></tr>
<tr style="background-color:#dbe8f5;"><td style="padding:3px;"><b>นักเกษตร</b></td><td style="padding:3px;">8201</td></tr>
<tr style="background-color:#f0f5fa;"><td style="padding:3px;"><b>ศูนย์</b></td><td style="padding:3px;">K2-82</td></tr>
<tr style="background-color:#dbe8f5;"><td style="padding:3px;"><b>สถานที่ส่งอ้อย</b></td><td style="padding:3px;">รถตัด</td></tr>
<tr style="background-color:#f0f5fa;"><td style="padding:3px;"><b>ประเภทคิว</b></td><td style="padding:3px;">รถตัด</td></tr>
<tr style="background-color:#dbe8f5;"><td style="padding:3px;"><b>ประเภทรถ</b></td><td style="padding:3px;">10 ล้อเดี่ยว</td></tr>
<tr style="background-color:#f0f5fa;"><td style="padding:3px;"><b>ประเภทชาวไร่</b></td><td style="padding:3px;">รถตัด</td></tr>
<tr style="background-color:#dbe8f5;"><td style="padding:3px;"><b>สถานีขนถ่าย</b></td><td style="padding:3px;"></td></tr>
<tr style="background-color:#f0f5fa;"><td style="padding:3px;"><b>สถานะยืนยัน</b></td><td style="padding:3px;">N</td></tr>
<tr style="background-color:#dbe8f5;"><td style="padding:3px;"><b>โควตา</b></td><td style="padding:3px;">787030</td></tr>
<tr style="background-color:#f0f5fa;"><td style="padding:3px;"><b>ชาวไร่</b></td><td style="padding:3px;">นาย พลชนก สงวนเดชาสกุล</td></tr>
<tr style="background-color:#dbe8f5;"><td style="padding:3px;"><b>ประเภทอ้อย</b></td><td style="padding:3px;">ปลายฝน</td></tr>
<tr style="background-color:#f0f5fa;"><td style="padding:3px;"><b>พื้นที่</b></td><td style="padding:3px;">11.68</td></tr>
<tr style="background-color:#dbe8f5;"><td style="padding:3px;"><b>ปีผลิต</b></td><td style="padding:3px;">256970</td></tr>
<tr style="background-color:#f0f5fa;"><td style="padding:3px;"><b>ตันรวม</b></td><td style="padding:3px;">151.84</td></tr>
<tr style="background-color:#dbe8f5;"><td style="padding:3px;"><b>สถานที่ส่งอ้อย_1</b></td><td style="padding:3px;">รถตัด</td></tr>
</table>]]></description>
      <MultiGeometry><Polygon><outerBoundaryIs><LinearRing><coordinates>103.328888333543,14.8224216664851 103.328526284209,14.8222170184717 103.328049999499,14.8217883331542 103.327754773629,14.8218177014088 103.32686018422,14.822205937952 103.327063333294,14.8227233328737 103.327154999688,14.8229266666826 103.328888333543,14.8224216664851</coordinates></LinearRing></outerBoundaryIs></Polygon></MultiGeometry>
    </Placemark>
    <Placemark>
      <name>320104051506</name>
      <styleUrl>#style_82_001</styleUrl>
      <description><![CDATA[<h3 style="margin-bottom:6px; font-family:sans-serif;">320104051506</h3>
<table style="width:100%; border-collapse:collapse; font-family:sans-serif; font-size:12px;">
<tr style="background-color:#99bfe6; color:#000; font-weight:bold;"><td colspan="2" style="padding:4px; text-align:center;">320104051506</td></tr>
<tr style="background-color:#f0f5fa;"><td style="padding:3px; width:45%;"><b>FID</b></td><td style="padding:3px;">9527</td></tr>
<tr style="background-color:#dbe8f5;"><td style="padding:3px;"><b>รหัสแปลง</b></td><td style="padding:3px;">320104051506</td></tr>
<tr style="background-color:#f0f5fa;"><td style="padding:3px;"><b>รหัสกลุ่มคิว</b></td><td style="padding:3px;">82_001</td></tr>
<tr style="background-color:#dbe8f5;"><td style="padding:3px;"><b>นักเกษตร</b></td><td style="padding:3px;">8201</td></tr>
<tr style="background-color:#f0f5fa;"><td style="padding:3px;"><b>ศูนย์</b></td><td style="padding:3px;">K2-82</td></tr>
<tr style="background-color:#dbe8f5;"><td style="padding:3px;"><b>สถานที่ส่งอ้อย</b></td><td style="padding:3px;">รถตัด</td></tr>
<tr style="background-color:#f0f5fa;"><td style="padding:3px;"><b>ประเภทคิว</b></td><td style="padding:3px;">รถตัด</td></tr>
<tr style="background-color:#dbe8f5;"><td style="padding:3px;"><b>ประเภทรถ</b></td><td style="padding:3px;">10 ล้อเดี่ยว</td></tr>
<tr style="background-color:#f0f5fa;"><td style="padding:3px;"><b>ประเภทชาวไร่</b></td><td style="padding:3px;">รถตัด</td></tr>
<tr style="background-color:#dbe8f5;"><td style="padding:3px;"><b>สถานีขนถ่าย</b></td><td style="padding:3px;"></td></tr>
<tr style="background-color:#f0f5fa;"><td style="padding:3px;"><b>สถานะยืนยัน</b></td><td style="padding:3px;">N</td></tr>
<tr style="background-color:#dbe8f5;"><td style="padding:3px;"><b>โควตา</b></td><td style="padding:3px;">718020</td></tr>
<tr style="background-color:#f0f5fa;"><td style="padding:3px;"><b>ชาวไร่</b></td><td style="padding:3px;">นาย เสริม ยงคง</td></tr>
<tr style="background-color:#dbe8f5;"><td style="padding:3px;"><b>ประเภทอ้อย</b></td><td style="padding:3px;">ตอ3</td></tr>
<tr style="background-color:#f0f5fa;"><td style="padding:3px;"><b>พื้นที่</b></td><td style="padding:3px;">12.33</td></tr>
<tr style="background-color:#dbe8f5;"><td style="padding:3px;"><b>ปีผลิต</b></td><td style="padding:3px;">256970</td></tr>
<tr style="background-color:#f0f5fa;"><td style="padding:3px;"><b>ตันรวม</b></td><td style="padding:3px;">86.31</td></tr>
<tr style="background-color:#dbe8f5;"><td style="padding:3px;"><b>สถานที่ส่งอ้อย_1</b></td><td style="padding:3px;">รถตัด</td></tr>
</table>]]></description>
      <MultiGeometry><Polygon><outerBoundaryIs><LinearRing><coordinates>103.442924699519,15.0225615199455 103.443538279662,15.022380209936 103.444716439687,15.0221432998701 103.444551349916,15.0218762801444 103.444457189892,15.0219146096445 103.444192689971,15.0215931196153 103.443961290242,15.0216301699384 103.443801659615,15.021270360272 103.443566590193,15.0213299599615 103.443489359971,15.0210885502648 103.443224789613,15.0211642300007 103.443270159675,15.021516170128 103.44300329988,15.0217087203843 103.442952449784,15.0217141099486 103.442860300213,15.0212575295278 103.442534349897,15.0213339698616 103.442924699519,15.0225615199455</coordinates></LinearRing></outerBoundaryIs></Polygon></MultiGeometry>
    </Placemark>
    <Placemark>
      <name>320104111633</name>
      <styleUrl>#style_82_001</styleUrl>
      <description><![CDATA[<h3 style="margin-bottom:6px; font-family:sans-serif;">320104111633</h3>
<table style="width:100%; border-collapse:collapse; font-family:sans-serif; font-size:12px;">
<tr style="background-color:#99bfe6; color:#000; font-weight:bold;"><td colspan="2" style="padding:4px; text-align:center;">320104111633</td></tr>
<tr style="background-color:#f0f5fa;"><td style="padding:3px; width:45%;"><b>FID</b></td><td style="padding:3px;">9547</td></tr>
<tr style="background-color:#dbe8f5;"><td style="padding:3px;"><b>รหัสแปลง</b></td><td style="padding:3px;">320104111633</td></tr>
<tr style="background-color:#f0f5fa;"><td style="padding:3px;"><b>รหัสกลุ่มคิว</b></td><td style="padding:3px;">82_001</td></tr>
<tr style="background-color:#dbe8f5;"><td style="padding:3px;"><b>นักเกษตร</b></td><td style="padding:3px;">8201</td></tr>
<tr style="background-color:#f0f5fa;"><td style="padding:3px;"><b>ศูนย์</b></td><td style="padding:3px;">K2-82</td></tr>
<tr style="background-color:#dbe8f5;"><td style="padding:3px;"><b>สถานที่ส่งอ้อย</b></td><td style="padding:3px;">รถตัด</td></tr>
<tr style="background-color:#f0f5fa;"><td style="padding:3px;"><b>ประเภทคิว</b></td><td style="padding:3px;">รถตัด</td></tr>
<tr style="background-color:#dbe8f5;"><td style="padding:3px;"><b>ประเภทรถ</b></td><td style="padding:3px;">10 ล้อเดี่ยว</td></tr>
<tr style="background-color:#f0f5fa;"><td style="padding:3px;"><b>ประเภทชาวไร่</b></td><td style="padding:3px;">รถตัด</td></tr>
<tr style="background-color:#dbe8f5;"><td style="padding:3px;"><b>สถานีขนถ่าย</b></td><td style="padding:3px;"></td></tr>
<tr style="background-color:#f0f5fa;"><td style="padding:3px;"><b>สถานะยืนยัน</b></td><td style="padding:3px;">N</td></tr>
<tr style="background-color:#dbe8f5;"><td style="padding:3px;"><b>โควตา</b></td><td style="padding:3px;">718020</td></tr>
<tr style="background-color:#f0f5fa;"><td style="padding:3px;"><b>ชาวไร่</b></td><td style="padding:3px;">นาย เสริม ยงคง</td></tr>
<tr style="background-color:#dbe8f5;"><td style="padding:3px;"><b>ประเภทอ้อย</b></td><td style="padding:3px;">ตอ3</td></tr>
<tr style="background-color:#f0f5fa;"><td style="padding:3px;"><b>พื้นที่</b></td><td style="padding:3px;">13.61</td></tr>
<tr style="background-color:#dbe8f5;"><td style="padding:3px;"><b>ปีผลิต</b></td><td style="padding:3px;">256970</td></tr>
<tr style="background-color:#f0f5fa;"><td style="padding:3px;"><b>ตันรวม</b></td><td style="padding:3px;">95.27</td></tr>
<tr style="background-color:#dbe8f5;"><td style="padding:3px;"><b>สถานที่ส่งอ้อย_1</b></td><td style="padding:3px;">รถตัด</td></tr>
</table>]]></description>
      <MultiGeometry><Polygon><outerBoundaryIs><LinearRing><coordinates>103.443272339871,15.0224805402141 103.443535649685,15.0238396795458 103.443861080359,15.0237246502429 103.443859040169,15.023676269669 103.44396058022,15.0236641295816 103.44404086955,15.0237168195483 103.444072330147,15.0237530103639 103.444632409671,15.0235359699771 103.444566240364,15.0233974103263 103.444507039651,15.0231369595964 103.444769679805,15.0227718199318 103.444812339771,15.0225594299359 103.44487855029,15.0222948795349 103.444616719814,15.0221431703942 103.443272339871,15.0224805402141</coordinates></LinearRing></outerBoundaryIs></Polygon></MultiGeometry>
    </Placemark>
    <Placemark>
      <name>321605010001</name>
      <styleUrl>#style_82_001</styleUrl>
      <description><![CDATA[<h3 style="margin-bottom:6px; font-family:sans-serif;">321605010001</h3>
<table style="width:100%; border-collapse:collapse; font-family:sans-serif; font-size:12px;">
<tr style="background-color:#99bfe6; color:#000; font-weight:bold;"><td colspan="2" style="padding:4px; text-align:center;">321605010001</td></tr>
<tr style="background-color:#f0f5fa;"><td style="padding:3px; width:45%;"><b>FID</b></td><td style="padding:3px;">9674</td></tr>
<tr style="background-color:#dbe8f5;"><td style="padding:3px;"><b>รหัสแปลง</b></td><td style="padding:3px;">321605010001</td></tr>
<tr style="background-color:#f0f5fa;"><td style="padding:3px;"><b>รหัสกลุ่มคิว</b></td><td style="padding:3px;">82_001</td></tr>
<tr style="background-color:#dbe8f5;"><td style="padding:3px;"><b>นักเกษตร</b></td><td style="padding:3px;">8201</td></tr>
<tr style="background-color:#f0f5fa;"><td style="padding:3px;"><b>ศูนย์</b></td><td style="padding:3px;">K2-82</td></tr>
<tr style="background-color:#dbe8f5;"><td style="padding:3px;"><b>สถานที่ส่งอ้อย</b></td><td style="padding:3px;">รถตัด</td></tr>
<tr style="background-color:#f0f5fa;"><td style="padding:3px;"><b>ประเภทคิว</b></td><td style="padding:3px;">รถตัด</td></tr>
<tr style="background-color:#dbe8f5;"><td style="padding:3px;"><b>ประเภทรถ</b></td><td style="padding:3px;">10 ล้อเดี่ยว</td></tr>
<tr style="background-color:#f0f5fa;"><td style="padding:3px;"><b>ประเภทชาวไร่</b></td><td style="padding:3px;">รถตัด</td></tr>
<tr style="background-color:#dbe8f5;"><td style="padding:3px;"><b>สถานีขนถ่าย</b></td><td style="padding:3px;"></td></tr>
<tr style="background-color:#f0f5fa;"><td style="padding:3px;"><b>สถานะยืนยัน</b></td><td style="padding:3px;">N</td></tr>
<tr style="background-color:#dbe8f5;"><td style="padding:3px;"><b>โควตา</b></td><td style="padding:3px;">787089</td></tr>
<tr style="background-color:#f0f5fa;"><td style="padding:3px;"><b>ชาวไร่</b></td><td style="padding:3px;">นาย เกรียงศักดิ์ มีสิทธิ์</td></tr>
<tr style="background-color:#dbe8f5;"><td style="padding:3px;"><b>ประเภทอ้อย</b></td><td style="padding:3px;">ปลายฝน</td></tr>
<tr style="background-color:#f0f5fa;"><td style="padding:3px;"><b>พื้นที่</b></td><td style="padding:3px;">9.06</td></tr>
<tr style="background-color:#dbe8f5;"><td style="padding:3px;"><b>ปีผลิต</b></td><td style="padding:3px;">256970</td></tr>
<tr style="background-color:#f0f5fa;"><td style="padding:3px;"><b>ตันรวม</b></td><td style="padding:3px;">117.78</td></tr>
<tr style="background-color:#dbe8f5;"><td style="padding:3px;"><b>สถานที่ส่งอ้อย_1</b></td><td style="padding:3px;">รถตัด</td></tr>
</table>]]></description>
      <MultiGeometry><Polygon><outerBoundaryIs><LinearRing><coordinates>103.543088280201,14.9872216800675 103.543542769687,14.988272789715 103.54452719971,14.9878901000458 103.544224919925,14.9873348095898 103.544050289866,14.9867769103872 103.543818700028,14.9869030898323 103.543140490306,14.9871668899966 103.543088280201,14.9872216800675</coordinates></LinearRing></outerBoundaryIs></Polygon></MultiGeometry>
    </Placemark>
    <Placemark>
      <name>321101030001</name>
      <styleUrl>#style_82_001</styleUrl>
      <description><![CDATA[<h3 style="margin-bottom:6px; font-family:sans-serif;">321101030001</h3>
<table style="width:100%; border-collapse:collapse; font-family:sans-serif; font-size:12px;">
<tr style="background-color:#99bfe6; color:#000; font-weight:bold;"><td colspan="2" style="padding:4px; text-align:center;">321101030001</td></tr>
<tr style="background-color:#f0f5fa;"><td style="padding:3px; width:45%;"><b>FID</b></td><td style="padding:3px;">9936</td></tr>
<tr style="background-color:#dbe8f5;"><td style="padding:3px;"><b>รหัสแปลง</b></td><td style="padding:3px;">321101030001</td></tr>
<tr style="background-color:#f0f5fa;"><td style="padding:3px;"><b>รหัสกลุ่มคิว</b></td><td style="padding:3px;">82_001</td></tr>
<tr style="background-color:#dbe8f5;"><td style="padding:3px;"><b>นักเกษตร</b></td><td style="padding:3px;">8201</td></tr>
<tr style="background-color:#f0f5fa;"><td style="padding:3px;"><b>ศูนย์</b></td><td style="padding:3px;">K2-82</td></tr>
<tr style="background-color:#dbe8f5;"><td style="padding:3px;"><b>สถานที่ส่งอ้อย</b></td><td style="padding:3px;">รถตัด</td></tr>
<tr style="background-color:#f0f5fa;"><td style="padding:3px;"><b>ประเภทคิว</b></td><td style="padding:3px;">รถตัด</td></tr>
<tr style="background-color:#dbe8f5;"><td style="padding:3px;"><b>ประเภทรถ</b></td><td style="padding:3px;">10 ล้อเดี่ยว</td></tr>
<tr style="background-color:#f0f5fa;"><td style="padding:3px;"><b>ประเภทชาวไร่</b></td><td style="padding:3px;">รถตัด</td></tr>
<tr style="background-color:#dbe8f5;"><td style="padding:3px;"><b>สถานีขนถ่าย</b></td><td style="padding:3px;"></td></tr>
<tr style="background-color:#f0f5fa;"><td style="padding:3px;"><b>สถานะยืนยัน</b></td><td style="padding:3px;">N</td></tr>
<tr style="background-color:#dbe8f5;"><td style="padding:3px;"><b>โควตา</b></td><td style="padding:3px;">718191</td></tr>
<tr style="background-color:#f0f5fa;"><td style="padding:3px;"><b>ชาวไร่</b></td><td style="padding:3px;">นาย พงษ์อนันต์ ทางดี</td></tr>
<tr style="background-color:#dbe8f5;"><td style="padding:3px;"><b>ประเภทอ้อย</b></td><td style="padding:3px;">ปลายฝน</td></tr>
<tr style="background-color:#f0f5fa;"><td style="padding:3px;"><b>พื้นที่</b></td><td style="padding:3px;">17.73</td></tr>
<tr style="background-color:#dbe8f5;"><td style="padding:3px;"><b>ปีผลิต</b></td><td style="padding:3px;">256970</td></tr>
<tr style="background-color:#f0f5fa;"><td style="padding:3px;"><b>ตันรวม</b></td><td style="padding:3px;">230.49</td></tr>
<tr style="background-color:#dbe8f5;"><td style="padding:3px;"><b>สถานที่ส่งอ้อย_1</b></td><td style="padding:3px;">รถตัด</td></tr>
</table>]]></description>
      <MultiGeometry><Polygon><outerBoundaryIs><LinearRing><coordinates>103.559856666216,14.7921783336602 103.560080201986,14.7933188268179 103.562345289006,14.7923558824244 103.56141499957,14.7915050000301 103.561414999851,14.7915083333603 103.561416666342,14.79151166703 103.559856666216,14.7921783336602</coordinates></LinearRing></outerBoundaryIs></Polygon></MultiGeometry>
    </Placemark>
    <Placemark>
      <name>320107041507</name>
      <styleUrl>#style_82_001</styleUrl>
      <description><![CDATA[<h3 style="margin-bottom:6px; font-family:sans-serif;">320107041507</h3>
<table style="width:100%; border-collapse:collapse; font-family:sans-serif; font-size:12px;">
<tr style="background-color:#99bfe6; color:#000; font-weight:bold;"><td colspan="2" style="padding:4px; text-align:center;">320107041507</td></tr>
<tr style="background-color:#f0f5fa;"><td style="padding:3px; width:45%;"><b>FID</b></td><td style="padding:3px;">10031</td></tr>
<tr style="background-color:#dbe8f5;"><td style="padding:3px;"><b>รหัสแปลง</b></td><td style="padding:3px;">320107041507</td></tr>
<tr style="background-color:#f0f5fa;"><td style="padding:3px;"><b>รหัสกลุ่มคิว</b></td><td style="padding:3px;">82_001</td></tr>
<tr style="background-color:#dbe8f5;"><td style="padding:3px;"><b>นักเกษตร</b></td><td style="padding:3px;">8201</td></tr>
<tr style="background-color:#f0f5fa;"><td style="padding:3px;"><b>ศูนย์</b></td><td style="padding:3px;">K2-82</td></tr>
<tr style="background-color:#dbe8f5;"><td style="padding:3px;"><b>สถานที่ส่งอ้อย</b></td><td style="padding:3px;">รถตัด</td></tr>
<tr style="background-color:#f0f5fa;"><td style="padding:3px;"><b>ประเภทคิว</b></td><td style="padding:3px;">รถตัด</td></tr>
<tr style="background-color:#dbe8f5;"><td style="padding:3px;"><b>ประเภทรถ</b></td><td style="padding:3px;">10 ล้อเดี่ยว</td></tr>
<tr style="background-color:#f0f5fa;"><td style="padding:3px;"><b>ประเภทชาวไร่</b></td><td style="padding:3px;">รถตัด</td></tr>
<tr style="background-color:#dbe8f5;"><td style="padding:3px;"><b>สถานีขนถ่าย</b></td><td style="padding:3px;"></td></tr>
<tr style="background-color:#f0f5fa;"><td style="padding:3px;"><b>สถานะยืนยัน</b></td><td style="padding:3px;">N</td></tr>
<tr style="background-color:#dbe8f5;"><td style="padding:3px;"><b>โควตา</b></td><td style="padding:3px;">787078</td></tr>
<tr style="background-color:#f0f5fa;"><td style="padding:3px;"><b>ชาวไร่</b></td><td style="padding:3px;">นาย ศตวรรษ ใจหนึ่ง</td></tr>
<tr style="background-color:#dbe8f5;"><td style="padding:3px;"><b>ประเภทอ้อย</b></td><td style="padding:3px;">ปลายฝน</td></tr>
<tr style="background-color:#f0f5fa;"><td style="padding:3px;"><b>พื้นที่</b></td><td style="padding:3px;">11.58</td></tr>
<tr style="background-color:#dbe8f5;"><td style="padding:3px;"><b>ปีผลิต</b></td><td style="padding:3px;">256970</td></tr>
<tr style="background-color:#f0f5fa;"><td style="padding:3px;"><b>ตันรวม</b></td><td style="padding:3px;">150.54</td></tr>
<tr style="background-color:#dbe8f5;"><td style="padding:3px;"><b>สถานที่ส่งอ้อย_1</b></td><td style="padding:3px;">รถตัด</td></tr>
</table>]]></description>
      <MultiGeometry><Polygon><outerBoundaryIs><LinearRing><coordinates>103.616575229579,14.7718319295589 103.61651983027,14.7715309703634 103.612821159668,14.7723261902526 103.613081119603,14.7728076198492 103.616575229579,14.7718319295589</coordinates></LinearRing></outerBoundaryIs></Polygon></MultiGeometry>
    </Placemark>
    <Placemark>
      <name>320114141703</name>
      <styleUrl>#style_82_001</styleUrl>
      <description><![CDATA[<h3 style="margin-bottom:6px; font-family:sans-serif;">320114141703</h3>
<table style="width:100%; border-collapse:collapse; font-family:sans-serif; font-size:12px;">
<tr style="background-color:#99bfe6; color:#000; font-weight:bold;"><td colspan="2" style="padding:4px; text-align:center;">320114141703</td></tr>
<tr style="background-color:#f0f5fa;"><td style="padding:3px; width:45%;"><b>FID</b></td><td style="padding:3px;">10243</td></tr>
<tr style="background-color:#dbe8f5;"><td style="padding:3px;"><b>รหัสแปลง</b></td><td style="padding:3px;">320114141703</td></tr>
<tr style="background-color:#f0f5fa;"><td style="padding:3px;"><b>รหัสกลุ่มคิว</b></td><td style="padding:3px;">82_001</td></tr>
<tr style="background-color:#dbe8f5;"><td style="padding:3px;"><b>นักเกษตร</b></td><td style="padding:3px;">8201</td></tr>
<tr style="background-color:#f0f5fa;"><td style="padding:3px;"><b>ศูนย์</b></td><td style="padding:3px;">K2-82</td></tr>
<tr style="background-color:#dbe8f5;"><td style="padding:3px;"><b>สถานที่ส่งอ้อย</b></td><td style="padding:3px;">รถตัด</td></tr>
<tr style="background-color:#f0f5fa;"><td style="padding:3px;"><b>ประเภทคิว</b></td><td style="padding:3px;">รถตัด</td></tr>
<tr style="background-color:#dbe8f5;"><td style="padding:3px;"><b>ประเภทรถ</b></td><td style="padding:3px;">10 ล้อเดี่ยว</td></tr>
<tr style="background-color:#f0f5fa;"><td style="padding:3px;"><b>ประเภทชาวไร่</b></td><td style="padding:3px;">รถตัด</td></tr>
<tr style="background-color:#dbe8f5;"><td style="padding:3px;"><b>สถานีขนถ่าย</b></td><td style="padding:3px;"></td></tr>
<tr style="background-color:#f0f5fa;"><td style="padding:3px;"><b>สถานะยืนยัน</b></td><td style="padding:3px;">N</td></tr>
<tr style="background-color:#dbe8f5;"><td style="padding:3px;"><b>โควตา</b></td><td style="padding:3px;">718020</td></tr>
<tr style="background-color:#f0f5fa;"><td style="padding:3px;"><b>ชาวไร่</b></td><td style="padding:3px;">นาย เสริม ยงคง</td></tr>
<tr style="background-color:#dbe8f5;"><td style="padding:3px;"><b>ประเภทอ้อย</b></td><td style="padding:3px;">ปลายฝน</td></tr>
<tr style="background-color:#f0f5fa;"><td style="padding:3px;"><b>พื้นที่</b></td><td style="padding:3px;">8.39</td></tr>
<tr style="background-color:#dbe8f5;"><td style="padding:3px;"><b>ปีผลิต</b></td><td style="padding:3px;">256970</td></tr>
<tr style="background-color:#f0f5fa;"><td style="padding:3px;"><b>ตันรวม</b></td><td style="padding:3px;">109.07</td></tr>
<tr style="background-color:#dbe8f5;"><td style="padding:3px;"><b>สถานที่ส่งอ้อย_1</b></td><td style="padding:3px;">รถตัด</td></tr>
</table>]]></description>
      <MultiGeometry><Polygon><outerBoundaryIs><LinearRing><coordinates>103.494685000043,14.7765749996016 103.494379999632,14.7743966665258 103.493811666703,14.7745633334301 103.494233333327,14.7766266669756 103.494685000043,14.7765749996016</coordinates></LinearRing></outerBoundaryIs></Polygon></MultiGeometry>
    </Placemark>
    <Placemark>
      <name>320104051508</name>
      <styleUrl>#style_82_001</styleUrl>
      <description><![CDATA[<h3 style="margin-bottom:6px; font-family:sans-serif;">320104051508</h3>
<table style="width:100%; border-collapse:collapse; font-family:sans-serif; font-size:12px;">
<tr style="background-color:#99bfe6; color:#000; font-weight:bold;"><td colspan="2" style="padding:4px; text-align:center;">320104051508</td></tr>
<tr style="background-color:#f0f5fa;"><td style="padding:3px; width:45%;"><b>FID</b></td><td style="padding:3px;">10253</td></tr>
<tr style="background-color:#dbe8f5;"><td style="padding:3px;"><b>รหัสแปลง</b></td><td style="padding:3px;">320104051508</td></tr>
<tr style="background-color:#f0f5fa;"><td style="padding:3px;"><b>รหัสกลุ่มคิว</b></td><td style="padding:3px;">82_001</td></tr>
<tr style="background-color:#dbe8f5;"><td style="padding:3px;"><b>นักเกษตร</b></td><td style="padding:3px;">8201</td></tr>
<tr style="background-color:#f0f5fa;"><td style="padding:3px;"><b>ศูนย์</b></td><td style="padding:3px;">K2-82</td></tr>
<tr style="background-color:#dbe8f5;"><td style="padding:3px;"><b>สถานที่ส่งอ้อย</b></td><td style="padding:3px;">รถตัด</td></tr>
<tr style="background-color:#f0f5fa;"><td style="padding:3px;"><b>ประเภทคิว</b></td><td style="padding:3px;">รถตัด</td></tr>
<tr style="background-color:#dbe8f5;"><td style="padding:3px;"><b>ประเภทรถ</b></td><td style="padding:3px;">10 ล้อเดี่ยว</td></tr>
<tr style="background-color:#f0f5fa;"><td style="padding:3px;"><b>ประเภทชาวไร่</b></td><td style="padding:3px;">รถตัด</td></tr>
<tr style="background-color:#dbe8f5;"><td style="padding:3px;"><b>สถานีขนถ่าย</b></td><td style="padding:3px;"></td></tr>
<tr style="background-color:#f0f5fa;"><td style="padding:3px;"><b>สถานะยืนยัน</b></td><td style="padding:3px;">N</td></tr>
<tr style="background-color:#dbe8f5;"><td style="padding:3px;"><b>โควตา</b></td><td style="padding:3px;">781899</td></tr>
<tr style="background-color:#f0f5fa;"><td style="padding:3px;"><b>ชาวไร่</b></td><td style="padding:3px;">นาง เสงี่ยม มีแก้ว</td></tr>
<tr style="background-color:#dbe8f5;"><td style="padding:3px;"><b>ประเภทอ้อย</b></td><td style="padding:3px;">ตอ1</td></tr>
<tr style="background-color:#f0f5fa;"><td style="padding:3px;"><b>พื้นที่</b></td><td style="padding:3px;">3.68</td></tr>
<tr style="background-color:#dbe8f5;"><td style="padding:3px;"><b>ปีผลิต</b></td><td style="padding:3px;">256970</td></tr>
<tr style="background-color:#f0f5fa;"><td style="padding:3px;"><b>ตันรวม</b></td><td style="padding:3px;">33.12</td></tr>
<tr style="background-color:#dbe8f5;"><td style="padding:3px;"><b>สถานที่ส่งอ้อย_1</b></td><td style="padding:3px;">รถตัด</td></tr>
</table>]]></description>
      <MultiGeometry><Polygon><outerBoundaryIs><LinearRing><coordinates>103.449106110074,15.0206742702535 103.449011289705,15.0199813403632 103.44820113966,15.0202620896536 103.448366669883,15.0207748001674 103.449106110074,15.0206742702535</coordinates></LinearRing></outerBoundaryIs></Polygon></MultiGeometry>
    </Placemark>
    <Placemark>
      <name>320105011629</name>
      <styleUrl>#style_82_001</styleUrl>
      <description><![CDATA[<h3 style="margin-bottom:6px; font-family:sans-serif;">320105011629</h3>
<table style="width:100%; border-collapse:collapse; font-family:sans-serif; font-size:12px;">
<tr style="background-color:#99bfe6; color:#000; font-weight:bold;"><td colspan="2" style="padding:4px; text-align:center;">320105011629</td></tr>
<tr style="background-color:#f0f5fa;"><td style="padding:3px; width:45%;"><b>FID</b></td><td style="padding:3px;">10379</td></tr>
<tr style="background-color:#dbe8f5;"><td style="padding:3px;"><b>รหัสแปลง</b></td><td style="padding:3px;">320105011629</td></tr>
<tr style="background-color:#f0f5fa;"><td style="padding:3px;"><b>รหัสกลุ่มคิว</b></td><td style="padding:3px;">82_001</td></tr>
<tr style="background-color:#dbe8f5;"><td style="padding:3px;"><b>นักเกษตร</b></td><td style="padding:3px;">8201</td></tr>
<tr style="background-color:#f0f5fa;"><td style="padding:3px;"><b>ศูนย์</b></td><td style="padding:3px;">K2-82</td></tr>
<tr style="background-color:#dbe8f5;"><td style="padding:3px;"><b>สถานที่ส่งอ้อย</b></td><td style="padding:3px;">รถตัด</td></tr>
<tr style="background-color:#f0f5fa;"><td style="padding:3px;"><b>ประเภทคิว</b></td><td style="padding:3px;">รถตัด</td></tr>
<tr style="background-color:#dbe8f5;"><td style="padding:3px;"><b>ประเภทรถ</b></td><td style="padding:3px;">10 ล้อเดี่ยว</td></tr>
<tr style="background-color:#f0f5fa;"><td style="padding:3px;"><b>ประเภทชาวไร่</b></td><td style="padding:3px;">รถตัด</td></tr>
<tr style="background-color:#dbe8f5;"><td style="padding:3px;"><b>สถานีขนถ่าย</b></td><td style="padding:3px;"></td></tr>
<tr style="background-color:#f0f5fa;"><td style="padding:3px;"><b>สถานะยืนยัน</b></td><td style="padding:3px;">N</td></tr>
<tr style="background-color:#dbe8f5;"><td style="padding:3px;"><b>โควตา</b></td><td style="padding:3px;">716774</td></tr>
<tr style="background-color:#f0f5fa;"><td style="padding:3px;"><b>ชาวไร่</b></td><td style="padding:3px;">นาย จำลอง สืบสาม</td></tr>
<tr style="background-color:#dbe8f5;"><td style="padding:3px;"><b>ประเภทอ้อย</b></td><td style="padding:3px;">ตอ1</td></tr>
<tr style="background-color:#f0f5fa;"><td style="padding:3px;"><b>พื้นที่</b></td><td style="padding:3px;">9.48</td></tr>
<tr style="background-color:#dbe8f5;"><td style="padding:3px;"><b>ปีผลิต</b></td><td style="padding:3px;">256970</td></tr>
<tr style="background-color:#f0f5fa;"><td style="padding:3px;"><b>ตันรวม</b></td><td style="padding:3px;">85.32</td></tr>
<tr style="background-color:#dbe8f5;"><td style="padding:3px;"><b>สถานที่ส่งอ้อย_1</b></td><td style="padding:3px;">รถตัด</td></tr>
</table>]]></description>
      <MultiGeometry><Polygon><outerBoundaryIs><LinearRing><coordinates>103.478622520332,14.9498778799849 103.477405799629,14.9504865702688 103.477443410072,14.950581610362 103.477552939909,14.9507075301754 103.477626759493,14.9507137195618 103.477787549781,14.9507240202625 103.477482119699,14.9508396100725 103.477620779874,14.9509604796961 103.477688460054,14.9509974399602 103.47777587973,14.9510617096429 103.477812959569,14.9510743898233 103.477852089494,14.951093290358 103.477876919618,14.9510815798083 103.477975270088,14.9511102097502 103.478145940106,14.9512013696971 103.479022729474,14.9508595196101 103.478722639509,14.9500271103859 103.478622520332,14.9498778799849</coordinates></LinearRing></outerBoundaryIs></Polygon></MultiGeometry>
    </Placemark>
    <Placemark>
      <name>320512011608</name>
      <styleUrl>#style_82_001</styleUrl>
      <description><![CDATA[<h3 style="margin-bottom:6px; font-family:sans-serif;">320512011608</h3>
<table style="width:100%; border-collapse:collapse; font-family:sans-serif; font-size:12px;">
<tr style="background-color:#99bfe6; color:#000; font-weight:bold;"><td colspan="2" style="padding:4px; text-align:center;">320512011608</td></tr>
<tr style="background-color:#f0f5fa;"><td style="padding:3px; width:45%;"><b>FID</b></td><td style="padding:3px;">10393</td></tr>
<tr style="background-color:#dbe8f5;"><td style="padding:3px;"><b>รหัสแปลง</b></td><td style="padding:3px;">320512011608</td></tr>
<tr style="background-color:#f0f5fa;"><td style="padding:3px;"><b>รหัสกลุ่มคิว</b></td><td style="padding:3px;">82_001</td></tr>
<tr style="background-color:#dbe8f5;"><td style="padding:3px;"><b>นักเกษตร</b></td><td style="padding:3px;">8201</td></tr>
<tr style="background-color:#f0f5fa;"><td style="padding:3px;"><b>ศูนย์</b></td><td style="padding:3px;">K2-82</td></tr>
<tr style="background-color:#dbe8f5;"><td style="padding:3px;"><b>สถานที่ส่งอ้อย</b></td><td style="padding:3px;">รถตัด</td></tr>
<tr style="background-color:#f0f5fa;"><td style="padding:3px;"><b>ประเภทคิว</b></td><td style="padding:3px;">รถตัด</td></tr>
<tr style="background-color:#dbe8f5;"><td style="padding:3px;"><b>ประเภทรถ</b></td><td style="padding:3px;">10 ล้อเดี่ยว</td></tr>
<tr style="background-color:#f0f5fa;"><td style="padding:3px;"><b>ประเภทชาวไร่</b></td><td style="padding:3px;">รถตัด</td></tr>
<tr style="background-color:#dbe8f5;"><td style="padding:3px;"><b>สถานีขนถ่าย</b></td><td style="padding:3px;"></td></tr>
<tr style="background-color:#f0f5fa;"><td style="padding:3px;"><b>สถานะยืนยัน</b></td><td style="padding:3px;">N</td></tr>
<tr style="background-color:#dbe8f5;"><td style="padding:3px;"><b>โควตา</b></td><td style="padding:3px;">718020</td></tr>
<tr style="background-color:#f0f5fa;"><td style="padding:3px;"><b>ชาวไร่</b></td><td style="padding:3px;">นาย เสริม ยงคง</td></tr>
<tr style="background-color:#dbe8f5;"><td style="padding:3px;"><b>ประเภทอ้อย</b></td><td style="padding:3px;">ตอ2</td></tr>
<tr style="background-color:#f0f5fa;"><td style="padding:3px;"><b>พื้นที่</b></td><td style="padding:3px;">11.39</td></tr>
<tr style="background-color:#dbe8f5;"><td style="padding:3px;"><b>ปีผลิต</b></td><td style="padding:3px;">256970</td></tr>
<tr style="background-color:#f0f5fa;"><td style="padding:3px;"><b>ตันรวม</b></td><td style="padding:3px;">91.12</td></tr>
<tr style="background-color:#dbe8f5;"><td style="padding:3px;"><b>สถานที่ส่งอ้อย_1</b></td><td style="padding:3px;">รถตัด</td></tr>
</table>]]></description>
      <MultiGeometry><Polygon><outerBoundaryIs><LinearRing><coordinates>103.421361629976,14.731917640408 103.421393160228,14.7328609795902 103.420903919995,14.7328807496018 103.420935070207,14.7331906295386 103.42139273979,14.7331716799192 103.422665859949,14.7330016900885 103.422413380257,14.7319043195559 103.421361629976,14.731917640408</coordinates></LinearRing></outerBoundaryIs></Polygon></MultiGeometry>
    </Placemark>
    <Placemark>
      <name>320119040002</name>
      <styleUrl>#style_82_001</styleUrl>
      <description><![CDATA[<h3 style="margin-bottom:6px; font-family:sans-serif;">320119040002</h3>
<table style="width:100%; border-collapse:collapse; font-family:sans-serif; font-size:12px;">
<tr style="background-color:#99bfe6; color:#000; font-weight:bold;"><td colspan="2" style="padding:4px; text-align:center;">320119040002</td></tr>
<tr style="background-color:#f0f5fa;"><td style="padding:3px; width:45%;"><b>FID</b></td><td style="padding:3px;">10545</td></tr>
<tr style="background-color:#dbe8f5;"><td style="padding:3px;"><b>รหัสแปลง</b></td><td style="padding:3px;">320119040002</td></tr>
<tr style="background-color:#f0f5fa;"><td style="padding:3px;"><b>รหัสกลุ่มคิว</b></td><td style="padding:3px;">82_001</td></tr>
<tr style="background-color:#dbe8f5;"><td style="padding:3px;"><b>นักเกษตร</b></td><td style="padding:3px;">8201</td></tr>
<tr style="background-color:#f0f5fa;"><td style="padding:3px;"><b>ศูนย์</b></td><td style="padding:3px;">K2-82</td></tr>
<tr style="background-color:#dbe8f5;"><td style="padding:3px;"><b>สถานที่ส่งอ้อย</b></td><td style="padding:3px;">รถตัด</td></tr>
<tr style="background-color:#f0f5fa;"><td style="padding:3px;"><b>ประเภทคิว</b></td><td style="padding:3px;">รถตัด</td></tr>
<tr style="background-color:#dbe8f5;"><td style="padding:3px;"><b>ประเภทรถ</b></td><td style="padding:3px;">10 ล้อเดี่ยว</td></tr>
<tr style="background-color:#f0f5fa;"><td style="padding:3px;"><b>ประเภทชาวไร่</b></td><td style="padding:3px;">รถตัด</td></tr>
<tr style="background-color:#dbe8f5;"><td style="padding:3px;"><b>สถานีขนถ่าย</b></td><td style="padding:3px;"></td></tr>
<tr style="background-color:#f0f5fa;"><td style="padding:3px;"><b>สถานะยืนยัน</b></td><td style="padding:3px;">N</td></tr>
<tr style="background-color:#dbe8f5;"><td style="padding:3px;"><b>โควตา</b></td><td style="padding:3px;">718272</td></tr>
<tr style="background-color:#f0f5fa;"><td style="padding:3px;"><b>ชาวไร่</b></td><td style="padding:3px;">นาย สำโรง สุขกล้า</td></tr>
<tr style="background-color:#dbe8f5;"><td style="padding:3px;"><b>ประเภทอ้อย</b></td><td style="padding:3px;">ตอ2</td></tr>
<tr style="background-color:#f0f5fa;"><td style="padding:3px;"><b>พื้นที่</b></td><td style="padding:3px;">2.83</td></tr>
<tr style="background-color:#dbe8f5;"><td style="padding:3px;"><b>ปีผลิต</b></td><td style="padding:3px;">256970</td></tr>
<tr style="background-color:#f0f5fa;"><td style="padding:3px;"><b>ตันรวม</b></td><td style="padding:3px;">22.64</td></tr>
<tr style="background-color:#dbe8f5;"><td style="padding:3px;"><b>สถานที่ส่งอ้อย_1</b></td><td style="padding:3px;">รถตัด</td></tr>
</table>]]></description>
      <MultiGeometry><Polygon><outerBoundaryIs><LinearRing><coordinates>103.645480750111,14.8793676895767 103.645624209637,14.8793453996757 103.645340489813,14.8786314403472 103.645316009565,14.878586560025 103.645189649973,14.8785026197541 103.645029060027,14.8784331999213 103.64486708966,14.878392420061 103.644745859548,14.8783741795464 103.644694119934,14.8783793898944 103.644598379972,14.8784336296661 103.645480750111,14.8793676895767</coordinates></LinearRing></outerBoundaryIs></Polygon></MultiGeometry>
    </Placemark>
    <Placemark>
      <name>320104051509</name>
      <styleUrl>#style_82_001</styleUrl>
      <description><![CDATA[<h3 style="margin-bottom:6px; font-family:sans-serif;">320104051509</h3>
<table style="width:100%; border-collapse:collapse; font-family:sans-serif; font-size:12px;">
<tr style="background-color:#99bfe6; color:#000; font-weight:bold;"><td colspan="2" style="padding:4px; text-align:center;">320104051509</td></tr>
<tr style="background-color:#f0f5fa;"><td style="padding:3px; width:45%;"><b>FID</b></td><td style="padding:3px;">10601</td></tr>
<tr style="background-color:#dbe8f5;"><td style="padding:3px;"><b>รหัสแปลง</b></td><td style="padding:3px;">320104051509</td></tr>
<tr style="background-color:#f0f5fa;"><td style="padding:3px;"><b>รหัสกลุ่มคิว</b></td><td style="padding:3px;">82_001</td></tr>
<tr style="background-color:#dbe8f5;"><td style="padding:3px;"><b>นักเกษตร</b></td><td style="padding:3px;">8201</td></tr>
<tr style="background-color:#f0f5fa;"><td style="padding:3px;"><b>ศูนย์</b></td><td style="padding:3px;">K2-82</td></tr>
<tr style="background-color:#dbe8f5;"><td style="padding:3px;"><b>สถานที่ส่งอ้อย</b></td><td style="padding:3px;">รถตัด</td></tr>
<tr style="background-color:#f0f5fa;"><td style="padding:3px;"><b>ประเภทคิว</b></td><td style="padding:3px;">รถตัด</td></tr>
<tr style="background-color:#dbe8f5;"><td style="padding:3px;"><b>ประเภทรถ</b></td><td style="padding:3px;">10 ล้อเดี่ยว</td></tr>
<tr style="background-color:#f0f5fa;"><td style="padding:3px;"><b>ประเภทชาวไร่</b></td><td style="padding:3px;">รถตัด</td></tr>
<tr style="background-color:#dbe8f5;"><td style="padding:3px;"><b>สถานีขนถ่าย</b></td><td style="padding:3px;"></td></tr>
<tr style="background-color:#f0f5fa;"><td style="padding:3px;"><b>สถานะยืนยัน</b></td><td style="padding:3px;">N</td></tr>
<tr style="background-color:#dbe8f5;"><td style="padding:3px;"><b>โควตา</b></td><td style="padding:3px;">787063</td></tr>
<tr style="background-color:#f0f5fa;"><td style="padding:3px;"><b>ชาวไร่</b></td><td style="padding:3px;">นาย สันติ สายบุตร</td></tr>
<tr style="background-color:#dbe8f5;"><td style="padding:3px;"><b>ประเภทอ้อย</b></td><td style="padding:3px;">ตอ2</td></tr>
<tr style="background-color:#f0f5fa;"><td style="padding:3px;"><b>พื้นที่</b></td><td style="padding:3px;">5.66</td></tr>
<tr style="background-color:#dbe8f5;"><td style="padding:3px;"><b>ปีผลิต</b></td><td style="padding:3px;">256970</td></tr>
<tr style="background-color:#f0f5fa;"><td style="padding:3px;"><b>ตันรวม</b></td><td style="padding:3px;">45.28</td></tr>
<tr style="background-color:#dbe8f5;"><td style="padding:3px;"><b>สถานที่ส่งอ้อย_1</b></td><td style="padding:3px;">รถตัด</td></tr>
</table>]]></description>
      <MultiGeometry><Polygon><outerBoundaryIs><LinearRing><coordinates>103.450357319785,15.0201605898543 103.450442439659,15.0205089500293 103.45232470008,15.0203877496909 103.452316350043,15.019955970003 103.450357319785,15.0201605898543</coordinates></LinearRing></outerBoundaryIs></Polygon></MultiGeometry>
    </Placemark>
    <Placemark>
      <name>320104051510</name>
      <styleUrl>#style_82_001</styleUrl>
      <description><![CDATA[<h3 style="margin-bottom:6px; font-family:sans-serif;">320104051510</h3>
<table style="width:100%; border-collapse:collapse; font-family:sans-serif; font-size:12px;">
<tr style="background-color:#99bfe6; color:#000; font-weight:bold;"><td colspan="2" style="padding:4px; text-align:center;">320104051510</td></tr>
<tr style="background-color:#f0f5fa;"><td style="padding:3px; width:45%;"><b>FID</b></td><td style="padding:3px;">10613</td></tr>
<tr style="background-color:#dbe8f5;"><td style="padding:3px;"><b>รหัสแปลง</b></td><td style="padding:3px;">320104051510</td></tr>
<tr style="background-color:#f0f5fa;"><td style="padding:3px;"><b>รหัสกลุ่มคิว</b></td><td style="padding:3px;">82_001</td></tr>
<tr style="background-color:#dbe8f5;"><td style="padding:3px;"><b>นักเกษตร</b></td><td style="padding:3px;">8201</td></tr>
<tr style="background-color:#f0f5fa;"><td style="padding:3px;"><b>ศูนย์</b></td><td style="padding:3px;">K2-82</td></tr>
<tr style="background-color:#dbe8f5;"><td style="padding:3px;"><b>สถานที่ส่งอ้อย</b></td><td style="padding:3px;">รถตัด</td></tr>
<tr style="background-color:#f0f5fa;"><td style="padding:3px;"><b>ประเภทคิว</b></td><td style="padding:3px;">รถตัด</td></tr>
<tr style="background-color:#dbe8f5;"><td style="padding:3px;"><b>ประเภทรถ</b></td><td style="padding:3px;">10 ล้อเดี่ยว</td></tr>
<tr style="background-color:#f0f5fa;"><td style="padding:3px;"><b>ประเภทชาวไร่</b></td><td style="padding:3px;">รถตัด</td></tr>
<tr style="background-color:#dbe8f5;"><td style="padding:3px;"><b>สถานีขนถ่าย</b></td><td style="padding:3px;"></td></tr>
<tr style="background-color:#f0f5fa;"><td style="padding:3px;"><b>สถานะยืนยัน</b></td><td style="padding:3px;">N</td></tr>
<tr style="background-color:#dbe8f5;"><td style="padding:3px;"><b>โควตา</b></td><td style="padding:3px;">787061</td></tr>
<tr style="background-color:#f0f5fa;"><td style="padding:3px;"><b>ชาวไร่</b></td><td style="padding:3px;">นาง ทวน สินสิทธิ์</td></tr>
<tr style="background-color:#dbe8f5;"><td style="padding:3px;"><b>ประเภทอ้อย</b></td><td style="padding:3px;">ตอ1</td></tr>
<tr style="background-color:#f0f5fa;"><td style="padding:3px;"><b>พื้นที่</b></td><td style="padding:3px;">4.8</td></tr>
<tr style="background-color:#dbe8f5;"><td style="padding:3px;"><b>ปีผลิต</b></td><td style="padding:3px;">256970</td></tr>
<tr style="background-color:#f0f5fa;"><td style="padding:3px;"><b>ตันรวม</b></td><td style="padding:3px;">43.2</td></tr>
<tr style="background-color:#dbe8f5;"><td style="padding:3px;"><b>สถานที่ส่งอ้อย_1</b></td><td style="padding:3px;">รถตัด</td></tr>
</table>]]></description>
      <MultiGeometry><Polygon><outerBoundaryIs><LinearRing><coordinates>103.452356666134,15.0207233334237 103.452350000171,15.020719999669 103.452356666416,15.0206583330144 103.452306666347,15.0203216665057 103.450488333349,15.0204683328742 103.45053833303,15.0207666663925 103.452356666134,15.0207233334237</coordinates></LinearRing></outerBoundaryIs></Polygon></MultiGeometry>
    </Placemark>
    <Placemark>
      <name>320103030008</name>
      <styleUrl>#style_82_001</styleUrl>
      <description><![CDATA[<h3 style="margin-bottom:6px; font-family:sans-serif;">320103030008</h3>
<table style="width:100%; border-collapse:collapse; font-family:sans-serif; font-size:12px;">
<tr style="background-color:#99bfe6; color:#000; font-weight:bold;"><td colspan="2" style="padding:4px; text-align:center;">320103030008</td></tr>
<tr style="background-color:#f0f5fa;"><td style="padding:3px; width:45%;"><b>FID</b></td><td style="padding:3px;">10669</td></tr>
<tr style="background-color:#dbe8f5;"><td style="padding:3px;"><b>รหัสแปลง</b></td><td style="padding:3px;">320103030008</td></tr>
<tr style="background-color:#f0f5fa;"><td style="padding:3px;"><b>รหัสกลุ่มคิว</b></td><td style="padding:3px;">82_001</td></tr>
<tr style="background-color:#dbe8f5;"><td style="padding:3px;"><b>นักเกษตร</b></td><td style="padding:3px;">8201</td></tr>
<tr style="background-color:#f0f5fa;"><td style="padding:3px;"><b>ศูนย์</b></td><td style="padding:3px;">K2-82</td></tr>
<tr style="background-color:#dbe8f5;"><td style="padding:3px;"><b>สถานที่ส่งอ้อย</b></td><td style="padding:3px;">รถตัด</td></tr>
<tr style="background-color:#f0f5fa;"><td style="padding:3px;"><b>ประเภทคิว</b></td><td style="padding:3px;">รถตัด</td></tr>
<tr style="background-color:#dbe8f5;"><td style="padding:3px;"><b>ประเภทรถ</b></td><td style="padding:3px;">10 ล้อเดี่ยว</td></tr>
<tr style="background-color:#f0f5fa;"><td style="padding:3px;"><b>ประเภทชาวไร่</b></td><td style="padding:3px;">รถตัด</td></tr>
<tr style="background-color:#dbe8f5;"><td style="padding:3px;"><b>สถานีขนถ่าย</b></td><td style="padding:3px;"></td></tr>
<tr style="background-color:#f0f5fa;"><td style="padding:3px;"><b>สถานะยืนยัน</b></td><td style="padding:3px;">N</td></tr>
<tr style="background-color:#dbe8f5;"><td style="padding:3px;"><b>โควตา</b></td><td style="padding:3px;">787066</td></tr>
<tr style="background-color:#f0f5fa;"><td style="padding:3px;"><b>ชาวไร่</b></td><td style="padding:3px;">นาง บุญเพ็ง ยืนยิ่ง</td></tr>
<tr style="background-color:#dbe8f5;"><td style="padding:3px;"><b>ประเภทอ้อย</b></td><td style="padding:3px;">ตอ2</td></tr>
<tr style="background-color:#f0f5fa;"><td style="padding:3px;"><b>พื้นที่</b></td><td style="padding:3px;">4.39</td></tr>
<tr style="background-color:#dbe8f5;"><td style="padding:3px;"><b>ปีผลิต</b></td><td style="padding:3px;">256970</td></tr>
<tr style="background-color:#f0f5fa;"><td style="padding:3px;"><b>ตันรวม</b></td><td style="padding:3px;">35.12</td></tr>
<tr style="background-color:#dbe8f5;"><td style="padding:3px;"><b>สถานที่ส่งอ้อย_1</b></td><td style="padding:3px;">รถตัด</td></tr>
</table>]]></description>
      <MultiGeometry><Polygon><outerBoundaryIs><LinearRing><coordinates>103.472618333276,15.067100000428 103.472655000061,15.0668516670317 103.47299833363,15.0667783333601 103.472896666381,15.0664783335346 103.472190000063,15.0666783332334 103.471350000076,15.0667483331742 103.471394999637,15.0670399999321 103.471583333104,15.0670633331454 103.471836666246,15.0670816670309 103.472098333665,15.0670483332491 103.472276666273,15.0670550003508 103.472618333276,15.067100000428</coordinates></LinearRing></outerBoundaryIs></Polygon></MultiGeometry>
    </Placemark>
    <Placemark>
      <name>320107051506</name>
      <styleUrl>#style_82_001</styleUrl>
      <description><![CDATA[<h3 style="margin-bottom:6px; font-family:sans-serif;">320107051506</h3>
<table style="width:100%; border-collapse:collapse; font-family:sans-serif; font-size:12px;">
<tr style="background-color:#99bfe6; color:#000; font-weight:bold;"><td colspan="2" style="padding:4px; text-align:center;">320107051506</td></tr>
<tr style="background-color:#f0f5fa;"><td style="padding:3px; width:45%;"><b>FID</b></td><td style="padding:3px;">10738</td></tr>
<tr style="background-color:#dbe8f5;"><td style="padding:3px;"><b>รหัสแปลง</b></td><td style="padding:3px;">320107051506</td></tr>
<tr style="background-color:#f0f5fa;"><td style="padding:3px;"><b>รหัสกลุ่มคิว</b></td><td style="padding:3px;">82_001</td></tr>
<tr style="background-color:#dbe8f5;"><td style="padding:3px;"><b>นักเกษตร</b></td><td style="padding:3px;">8201</td></tr>
<tr style="background-color:#f0f5fa;"><td style="padding:3px;"><b>ศูนย์</b></td><td style="padding:3px;">K2-82</td></tr>
<tr style="background-color:#dbe8f5;"><td style="padding:3px;"><b>สถานที่ส่งอ้อย</b></td><td style="padding:3px;">รถตัด</td></tr>
<tr style="background-color:#f0f5fa;"><td style="padding:3px;"><b>ประเภทคิว</b></td><td style="padding:3px;">รถตัด</td></tr>
<tr style="background-color:#dbe8f5;"><td style="padding:3px;"><b>ประเภทรถ</b></td><td style="padding:3px;">10 ล้อเดี่ยว</td></tr>
<tr style="background-color:#f0f5fa;"><td style="padding:3px;"><b>ประเภทชาวไร่</b></td><td style="padding:3px;">รถตัด</td></tr>
<tr style="background-color:#dbe8f5;"><td style="padding:3px;"><b>สถานีขนถ่าย</b></td><td style="padding:3px;"></td></tr>
<tr style="background-color:#f0f5fa;"><td style="padding:3px;"><b>สถานะยืนยัน</b></td><td style="padding:3px;">N</td></tr>
<tr style="background-color:#dbe8f5;"><td style="padding:3px;"><b>โควตา</b></td><td style="padding:3px;">723713</td></tr>
<tr style="background-color:#f0f5fa;"><td style="padding:3px;"><b>ชาวไร่</b></td><td style="padding:3px;">นางสาว เจนจิรา ยาเพ็ชร</td></tr>
<tr style="background-color:#dbe8f5;"><td style="padding:3px;"><b>ประเภทอ้อย</b></td><td style="padding:3px;">ปลายฝน</td></tr>
<tr style="background-color:#f0f5fa;"><td style="padding:3px;"><b>พื้นที่</b></td><td style="padding:3px;">37.45</td></tr>
<tr style="background-color:#dbe8f5;"><td style="padding:3px;"><b>ปีผลิต</b></td><td style="padding:3px;">256970</td></tr>
<tr style="background-color:#f0f5fa;"><td style="padding:3px;"><b>ตันรวม</b></td><td style="padding:3px;">486.85</td></tr>
<tr style="background-color:#dbe8f5;"><td style="padding:3px;"><b>สถานที่ส่งอ้อย_1</b></td><td style="padding:3px;">รถตัด</td></tr>
</table>]]></description>
      <MultiGeometry><Polygon><outerBoundaryIs><LinearRing><coordinates>103.603275987035,14.7802853223713 103.602850842124,14.7792153550773 103.60266399518,14.7791324968246 103.602587945908,14.7788978564516 103.602335000063,14.7792749996041 103.60225166691,14.7790383335553 103.60209166657,14.7790433336166 103.601593333099,14.779186666367 103.601675000322,14.7794750000899 103.602243333027,14.7806599995783 103.601420000329,14.7810133337482 103.601189999678,14.7810566666368 103.601188332793,14.7810533334055 103.600748333654,14.7811433333591 103.601090000072,14.7823316668336 103.601895000126,14.781993333312 103.602889999589,14.7814300003133 103.603919999961,14.7811299995321 103.604023333361,14.7810133332224 103.603735646216,14.780144666379 103.603275987035,14.7802853223713</coordinates></LinearRing></outerBoundaryIs></Polygon></MultiGeometry>
    </Placemark>
    <Placemark>
      <name>320107051507</name>
      <styleUrl>#style_82_001</styleUrl>
      <description><![CDATA[<h3 style="margin-bottom:6px; font-family:sans-serif;">320107051507</h3>
<table style="width:100%; border-collapse:collapse; font-family:sans-serif; font-size:12px;">
<tr style="background-color:#99bfe6; color:#000; font-weight:bold;"><td colspan="2" style="padding:4px; text-align:center;">320107051507</td></tr>
<tr style="background-color:#f0f5fa;"><td style="padding:3px; width:45%;"><b>FID</b></td><td style="padding:3px;">10741</td></tr>
<tr style="background-color:#dbe8f5;"><td style="padding:3px;"><b>รหัสแปลง</b></td><td style="padding:3px;">320107051507</td></tr>
<tr style="background-color:#f0f5fa;"><td style="padding:3px;"><b>รหัสกลุ่มคิว</b></td><td style="padding:3px;">82_001</td></tr>
<tr style="background-color:#dbe8f5;"><td style="padding:3px;"><b>นักเกษตร</b></td><td style="padding:3px;">8201</td></tr>
<tr style="background-color:#f0f5fa;"><td style="padding:3px;"><b>ศูนย์</b></td><td style="padding:3px;">K2-82</td></tr>
<tr style="background-color:#dbe8f5;"><td style="padding:3px;"><b>สถานที่ส่งอ้อย</b></td><td style="padding:3px;">รถตัด</td></tr>
<tr style="background-color:#f0f5fa;"><td style="padding:3px;"><b>ประเภทคิว</b></td><td style="padding:3px;">รถตัด</td></tr>
<tr style="background-color:#dbe8f5;"><td style="padding:3px;"><b>ประเภทรถ</b></td><td style="padding:3px;">10 ล้อเดี่ยว</td></tr>
<tr style="background-color:#f0f5fa;"><td style="padding:3px;"><b>ประเภทชาวไร่</b></td><td style="padding:3px;">รถตัด</td></tr>
<tr style="background-color:#dbe8f5;"><td style="padding:3px;"><b>สถานีขนถ่าย</b></td><td style="padding:3px;"></td></tr>
<tr style="background-color:#f0f5fa;"><td style="padding:3px;"><b>สถานะยืนยัน</b></td><td style="padding:3px;">N</td></tr>
<tr style="background-color:#dbe8f5;"><td style="padding:3px;"><b>โควตา</b></td><td style="padding:3px;">723713</td></tr>
<tr style="background-color:#f0f5fa;"><td style="padding:3px;"><b>ชาวไร่</b></td><td style="padding:3px;">นางสาว เจนจิรา ยาเพ็ชร</td></tr>
<tr style="background-color:#dbe8f5;"><td style="padding:3px;"><b>ประเภทอ้อย</b></td><td style="padding:3px;">ปลายฝน</td></tr>
<tr style="background-color:#f0f5fa;"><td style="padding:3px;"><b>พื้นที่</b></td><td style="padding:3px;">33.06</td></tr>
<tr style="background-color:#dbe8f5;"><td style="padding:3px;"><b>ปีผลิต</b></td><td style="padding:3px;">256970</td></tr>
<tr style="background-color:#f0f5fa;"><td style="padding:3px;"><b>ตันรวม</b></td><td style="padding:3px;">429.78</td></tr>
<tr style="background-color:#dbe8f5;"><td style="padding:3px;"><b>สถานที่ส่งอ้อย_1</b></td><td style="padding:3px;">รถตัด</td></tr>
</table>]]></description>
      <MultiGeometry><Polygon><outerBoundaryIs><LinearRing><coordinates>103.606866979885,14.7800224295596 103.608070339759,14.7823920795385 103.608262049897,14.7822308100765 103.608466710006,14.7820276797298 103.608695840229,14.7818353699265 103.609049340282,14.7815363302224 103.609567159922,14.7811577601696 103.609286030161,14.7806895597105 103.6089188703,14.7800824399269 103.608678609819,14.779684890244 103.608482729447,14.7792181095579 103.607996110223,14.7794669800147 103.607725010152,14.7795877303353 103.606866979885,14.7800224295596</coordinates></LinearRing></outerBoundaryIs></Polygon></MultiGeometry>
    </Placemark>
    <Placemark>
      <name>320107051508</name>
      <styleUrl>#style_82_001</styleUrl>
      <description><![CDATA[<h3 style="margin-bottom:6px; font-family:sans-serif;">320107051508</h3>
<table style="width:100%; border-collapse:collapse; font-family:sans-serif; font-size:12px;">
<tr style="background-color:#99bfe6; color:#000; font-weight:bold;"><td colspan="2" style="padding:4px; text-align:center;">320107051508</td></tr>
<tr style="background-color:#f0f5fa;"><td style="padding:3px; width:45%;"><b>FID</b></td><td style="padding:3px;">10788</td></tr>
<tr style="background-color:#dbe8f5;"><td style="padding:3px;"><b>รหัสแปลง</b></td><td style="padding:3px;">320107051508</td></tr>
<tr style="background-color:#f0f5fa;"><td style="padding:3px;"><b>รหัสกลุ่มคิว</b></td><td style="padding:3px;">82_001</td></tr>
<tr style="background-color:#dbe8f5;"><td style="padding:3px;"><b>นักเกษตร</b></td><td style="padding:3px;">8201</td></tr>
<tr style="background-color:#f0f5fa;"><td style="padding:3px;"><b>ศูนย์</b></td><td style="padding:3px;">K2-82</td></tr>
<tr style="background-color:#dbe8f5;"><td style="padding:3px;"><b>สถานที่ส่งอ้อย</b></td><td style="padding:3px;">รถตัด</td></tr>
<tr style="background-color:#f0f5fa;"><td style="padding:3px;"><b>ประเภทคิว</b></td><td style="padding:3px;">รถตัด</td></tr>
<tr style="background-color:#dbe8f5;"><td style="padding:3px;"><b>ประเภทรถ</b></td><td style="padding:3px;">10 ล้อเดี่ยว</td></tr>
<tr style="background-color:#f0f5fa;"><td style="padding:3px;"><b>ประเภทชาวไร่</b></td><td style="padding:3px;">รถตัด</td></tr>
<tr style="background-color:#dbe8f5;"><td style="padding:3px;"><b>สถานีขนถ่าย</b></td><td style="padding:3px;"></td></tr>
<tr style="background-color:#f0f5fa;"><td style="padding:3px;"><b>สถานะยืนยัน</b></td><td style="padding:3px;">N</td></tr>
<tr style="background-color:#dbe8f5;"><td style="padding:3px;"><b>โควตา</b></td><td style="padding:3px;">713686</td></tr>
<tr style="background-color:#f0f5fa;"><td style="padding:3px;"><b>ชาวไร่</b></td><td style="padding:3px;">นาย สุธี ใจหนึ่ง</td></tr>
<tr style="background-color:#dbe8f5;"><td style="padding:3px;"><b>ประเภทอ้อย</b></td><td style="padding:3px;">ตอ2</td></tr>
<tr style="background-color:#f0f5fa;"><td style="padding:3px;"><b>พื้นที่</b></td><td style="padding:3px;">5.72</td></tr>
<tr style="background-color:#dbe8f5;"><td style="padding:3px;"><b>ปีผลิต</b></td><td style="padding:3px;">256970</td></tr>
<tr style="background-color:#f0f5fa;"><td style="padding:3px;"><b>ตันรวม</b></td><td style="padding:3px;">45.76</td></tr>
<tr style="background-color:#dbe8f5;"><td style="padding:3px;"><b>สถานที่ส่งอ้อย_1</b></td><td style="padding:3px;">รถตัด</td></tr>
</table>]]></description>
      <MultiGeometry><Polygon><outerBoundaryIs><LinearRing><coordinates>103.612728333428,14.7693749995839 103.612736666843,14.7695183331231 103.613326666563,14.7705766662146 103.613843333558,14.7702783333429 103.613169999503,14.7691466670865 103.612728333428,14.7693749995839</coordinates></LinearRing></outerBoundaryIs></Polygon></MultiGeometry>
    </Placemark>
    <Placemark>
      <name>320118011613</name>
      <styleUrl>#style_82_001</styleUrl>
      <description><![CDATA[<h3 style="margin-bottom:6px; font-family:sans-serif;">320118011613</h3>
<table style="width:100%; border-collapse:collapse; font-family:sans-serif; font-size:12px;">
<tr style="background-color:#99bfe6; color:#000; font-weight:bold;"><td colspan="2" style="padding:4px; text-align:center;">320118011613</td></tr>
<tr style="background-color:#f0f5fa;"><td style="padding:3px; width:45%;"><b>FID</b></td><td style="padding:3px;">10886</td></tr>
<tr style="background-color:#dbe8f5;"><td style="padding:3px;"><b>รหัสแปลง</b></td><td style="padding:3px;">320118011613</td></tr>
<tr style="background-color:#f0f5fa;"><td style="padding:3px;"><b>รหัสกลุ่มคิว</b></td><td style="padding:3px;">82_001</td></tr>
<tr style="background-color:#dbe8f5;"><td style="padding:3px;"><b>นักเกษตร</b></td><td style="padding:3px;">8201</td></tr>
<tr style="background-color:#f0f5fa;"><td style="padding:3px;"><b>ศูนย์</b></td><td style="padding:3px;">K2-82</td></tr>
<tr style="background-color:#dbe8f5;"><td style="padding:3px;"><b>สถานที่ส่งอ้อย</b></td><td style="padding:3px;">รถตัด</td></tr>
<tr style="background-color:#f0f5fa;"><td style="padding:3px;"><b>ประเภทคิว</b></td><td style="padding:3px;">รถตัด</td></tr>
<tr style="background-color:#dbe8f5;"><td style="padding:3px;"><b>ประเภทรถ</b></td><td style="padding:3px;">10 ล้อเดี่ยว</td></tr>
<tr style="background-color:#f0f5fa;"><td style="padding:3px;"><b>ประเภทชาวไร่</b></td><td style="padding:3px;">รถตัด</td></tr>
<tr style="background-color:#dbe8f5;"><td style="padding:3px;"><b>สถานีขนถ่าย</b></td><td style="padding:3px;"></td></tr>
<tr style="background-color:#f0f5fa;"><td style="padding:3px;"><b>สถานะยืนยัน</b></td><td style="padding:3px;">N</td></tr>
<tr style="background-color:#dbe8f5;"><td style="padding:3px;"><b>โควตา</b></td><td style="padding:3px;">787088</td></tr>
<tr style="background-color:#f0f5fa;"><td style="padding:3px;"><b>ชาวไร่</b></td><td style="padding:3px;">นาย ไพโรจน์ มีธรรม</td></tr>
<tr style="background-color:#dbe8f5;"><td style="padding:3px;"><b>ประเภทอ้อย</b></td><td style="padding:3px;">ตอ1</td></tr>
<tr style="background-color:#f0f5fa;"><td style="padding:3px;"><b>พื้นที่</b></td><td style="padding:3px;">10.3</td></tr>
<tr style="background-color:#dbe8f5;"><td style="padding:3px;"><b>ปีผลิต</b></td><td style="padding:3px;">256970</td></tr>
<tr style="background-color:#f0f5fa;"><td style="padding:3px;"><b>ตันรวม</b></td><td style="padding:3px;">92.7</td></tr>
<tr style="background-color:#dbe8f5;"><td style="padding:3px;"><b>สถานที่ส่งอ้อย_1</b></td><td style="padding:3px;">รถตัด</td></tr>
</table>]]></description>
      <MultiGeometry><Polygon><outerBoundaryIs><LinearRing><coordinates>103.426025000017,14.8266483337357 103.425643333368,14.8267783331456 103.426330000218,14.8285149996312 103.425919999732,14.8288299996418 103.426098333366,14.829278332881 103.426378333385,14.8291633335441 103.426996666304,14.828800000151 103.426025000017,14.8266483337357</coordinates></LinearRing></outerBoundaryIs></Polygon></MultiGeometry>
    </Placemark>
    <Placemark>
      <name>320110093109</name>
      <styleUrl>#style_82_001</styleUrl>
      <description><![CDATA[<h3 style="margin-bottom:6px; font-family:sans-serif;">320110093109</h3>
<table style="width:100%; border-collapse:collapse; font-family:sans-serif; font-size:12px;">
<tr style="background-color:#99bfe6; color:#000; font-weight:bold;"><td colspan="2" style="padding:4px; text-align:center;">320110093109</td></tr>
<tr style="background-color:#f0f5fa;"><td style="padding:3px; width:45%;"><b>FID</b></td><td style="padding:3px;">10971</td></tr>
<tr style="background-color:#dbe8f5;"><td style="padding:3px;"><b>รหัสแปลง</b></td><td style="padding:3px;">320110093109</td></tr>
<tr style="background-color:#f0f5fa;"><td style="padding:3px;"><b>รหัสกลุ่มคิว</b></td><td style="padding:3px;">82_001</td></tr>
<tr style="background-color:#dbe8f5;"><td style="padding:3px;"><b>นักเกษตร</b></td><td style="padding:3px;">8201</td></tr>
<tr style="background-color:#f0f5fa;"><td style="padding:3px;"><b>ศูนย์</b></td><td style="padding:3px;">K2-82</td></tr>
<tr style="background-color:#dbe8f5;"><td style="padding:3px;"><b>สถานที่ส่งอ้อย</b></td><td style="padding:3px;">รถตัด</td></tr>
<tr style="background-color:#f0f5fa;"><td style="padding:3px;"><b>ประเภทคิว</b></td><td style="padding:3px;">รถตัด</td></tr>
<tr style="background-color:#dbe8f5;"><td style="padding:3px;"><b>ประเภทรถ</b></td><td style="padding:3px;">10 ล้อเดี่ยว</td></tr>
<tr style="background-color:#f0f5fa;"><td style="padding:3px;"><b>ประเภทชาวไร่</b></td><td style="padding:3px;">รถตัด</td></tr>
<tr style="background-color:#dbe8f5;"><td style="padding:3px;"><b>สถานีขนถ่าย</b></td><td style="padding:3px;"></td></tr>
<tr style="background-color:#f0f5fa;"><td style="padding:3px;"><b>สถานะยืนยัน</b></td><td style="padding:3px;">N</td></tr>
<tr style="background-color:#dbe8f5;"><td style="padding:3px;"><b>โควตา</b></td><td style="padding:3px;">787089</td></tr>
<tr style="background-color:#f0f5fa;"><td style="padding:3px;"><b>ชาวไร่</b></td><td style="padding:3px;">นาย เกรียงศักดิ์ มีสิทธิ์</td></tr>
<tr style="background-color:#dbe8f5;"><td style="padding:3px;"><b>ประเภทอ้อย</b></td><td style="padding:3px;">ตอ2</td></tr>
<tr style="background-color:#f0f5fa;"><td style="padding:3px;"><b>พื้นที่</b></td><td style="padding:3px;">6.94</td></tr>
<tr style="background-color:#dbe8f5;"><td style="padding:3px;"><b>ปีผลิต</b></td><td style="padding:3px;">256970</td></tr>
<tr style="background-color:#f0f5fa;"><td style="padding:3px;"><b>ตันรวม</b></td><td style="padding:3px;">55.52</td></tr>
<tr style="background-color:#dbe8f5;"><td style="padding:3px;"><b>สถานที่ส่งอ้อย_1</b></td><td style="padding:3px;">รถตัด</td></tr>
</table>]]></description>
      <MultiGeometry><Polygon><outerBoundaryIs><LinearRing><coordinates>103.498986666942,14.9799699998865 103.498949999971,14.9799766670131 103.498938333147,14.9799383330818 103.498834999569,14.9799383337461 103.498775000208,14.9799366670054 103.498473332974,14.9799600002697 103.498591666415,14.9804133336079 103.498683332789,14.9806850001258 103.498856666939,14.9811383330889 103.499641666402,14.980945000005 103.499311666275,14.9799883335862 103.498986666942,14.9799699998865</coordinates></LinearRing></outerBoundaryIs></Polygon></MultiGeometry>
    </Placemark>
    <Placemark>
      <name>320104051511</name>
      <styleUrl>#style_82_001</styleUrl>
      <description><![CDATA[<h3 style="margin-bottom:6px; font-family:sans-serif;">320104051511</h3>
<table style="width:100%; border-collapse:collapse; font-family:sans-serif; font-size:12px;">
<tr style="background-color:#99bfe6; color:#000; font-weight:bold;"><td colspan="2" style="padding:4px; text-align:center;">320104051511</td></tr>
<tr style="background-color:#f0f5fa;"><td style="padding:3px; width:45%;"><b>FID</b></td><td style="padding:3px;">11111</td></tr>
<tr style="background-color:#dbe8f5;"><td style="padding:3px;"><b>รหัสแปลง</b></td><td style="padding:3px;">320104051511</td></tr>
<tr style="background-color:#f0f5fa;"><td style="padding:3px;"><b>รหัสกลุ่มคิว</b></td><td style="padding:3px;">82_001</td></tr>
<tr style="background-color:#dbe8f5;"><td style="padding:3px;"><b>นักเกษตร</b></td><td style="padding:3px;">8201</td></tr>
<tr style="background-color:#f0f5fa;"><td style="padding:3px;"><b>ศูนย์</b></td><td style="padding:3px;">K2-82</td></tr>
<tr style="background-color:#dbe8f5;"><td style="padding:3px;"><b>สถานที่ส่งอ้อย</b></td><td style="padding:3px;">รถตัด</td></tr>
<tr style="background-color:#f0f5fa;"><td style="padding:3px;"><b>ประเภทคิว</b></td><td style="padding:3px;">รถตัด</td></tr>
<tr style="background-color:#dbe8f5;"><td style="padding:3px;"><b>ประเภทรถ</b></td><td style="padding:3px;">10 ล้อเดี่ยว</td></tr>
<tr style="background-color:#f0f5fa;"><td style="padding:3px;"><b>ประเภทชาวไร่</b></td><td style="padding:3px;">รถตัด</td></tr>
<tr style="background-color:#dbe8f5;"><td style="padding:3px;"><b>สถานีขนถ่าย</b></td><td style="padding:3px;"></td></tr>
<tr style="background-color:#f0f5fa;"><td style="padding:3px;"><b>สถานะยืนยัน</b></td><td style="padding:3px;">N</td></tr>
<tr style="background-color:#dbe8f5;"><td style="padding:3px;"><b>โควตา</b></td><td style="padding:3px;">787063</td></tr>
<tr style="background-color:#f0f5fa;"><td style="padding:3px;"><b>ชาวไร่</b></td><td style="padding:3px;">นาย สันติ สายบุตร</td></tr>
<tr style="background-color:#dbe8f5;"><td style="padding:3px;"><b>ประเภทอ้อย</b></td><td style="padding:3px;">ตอ2</td></tr>
<tr style="background-color:#f0f5fa;"><td style="padding:3px;"><b>พื้นที่</b></td><td style="padding:3px;">1.81</td></tr>
<tr style="background-color:#dbe8f5;"><td style="padding:3px;"><b>ปีผลิต</b></td><td style="padding:3px;">256970</td></tr>
<tr style="background-color:#f0f5fa;"><td style="padding:3px;"><b>ตันรวม</b></td><td style="padding:3px;">14.48</td></tr>
<tr style="background-color:#dbe8f5;"><td style="padding:3px;"><b>สถานที่ส่งอ้อย_1</b></td><td style="padding:3px;">รถตัด</td></tr>
</table>]]></description>
      <MultiGeometry><Polygon><outerBoundaryIs><LinearRing><coordinates>103.452318333032,15.0199549996096 103.452336666954,15.0203766670009 103.452526666924,15.0203616667782 103.452518333054,15.0202766668588 103.453038332897,15.0202216665441 103.45299333347,15.0199099996538 103.452318333032,15.0199549996096</coordinates></LinearRing></outerBoundaryIs></Polygon></MultiGeometry>
    </Placemark>
    <Placemark>
      <name>320122060025</name>
      <styleUrl>#style_82_001</styleUrl>
      <description><![CDATA[<h3 style="margin-bottom:6px; font-family:sans-serif;">320122060025</h3>
<table style="width:100%; border-collapse:collapse; font-family:sans-serif; font-size:12px;">
<tr style="background-color:#99bfe6; color:#000; font-weight:bold;"><td colspan="2" style="padding:4px; text-align:center;">320122060025</td></tr>
<tr style="background-color:#f0f5fa;"><td style="padding:3px; width:45%;"><b>FID</b></td><td style="padding:3px;">11178</td></tr>
<tr style="background-color:#dbe8f5;"><td style="padding:3px;"><b>รหัสแปลง</b></td><td style="padding:3px;">320122060025</td></tr>
<tr style="background-color:#f0f5fa;"><td style="padding:3px;"><b>รหัสกลุ่มคิว</b></td><td style="padding:3px;">82_001</td></tr>
<tr style="background-color:#dbe8f5;"><td style="padding:3px;"><b>นักเกษตร</b></td><td style="padding:3px;">8201</td></tr>
<tr style="background-color:#f0f5fa;"><td style="padding:3px;"><b>ศูนย์</b></td><td style="padding:3px;">K2-82</td></tr>
<tr style="background-color:#dbe8f5;"><td style="padding:3px;"><b>สถานที่ส่งอ้อย</b></td><td style="padding:3px;">รถตัด</td></tr>
<tr style="background-color:#f0f5fa;"><td style="padding:3px;"><b>ประเภทคิว</b></td><td style="padding:3px;">รถตัด</td></tr>
<tr style="background-color:#dbe8f5;"><td style="padding:3px;"><b>ประเภทรถ</b></td><td style="padding:3px;">10 ล้อเดี่ยว</td></tr>
<tr style="background-color:#f0f5fa;"><td style="padding:3px;"><b>ประเภทชาวไร่</b></td><td style="padding:3px;">รถตัด</td></tr>
<tr style="background-color:#dbe8f5;"><td style="padding:3px;"><b>สถานีขนถ่าย</b></td><td style="padding:3px;"></td></tr>
<tr style="background-color:#f0f5fa;"><td style="padding:3px;"><b>สถานะยืนยัน</b></td><td style="padding:3px;">N</td></tr>
<tr style="background-color:#dbe8f5;"><td style="padding:3px;"><b>โควตา</b></td><td style="padding:3px;">788010</td></tr>
<tr style="background-color:#f0f5fa;"><td style="padding:3px;"><b>ชาวไร่</b></td><td style="padding:3px;">นาง สาริกา นวลปักษี</td></tr>
<tr style="background-color:#dbe8f5;"><td style="padding:3px;"><b>ประเภทอ้อย</b></td><td style="padding:3px;">ตอ1</td></tr>
<tr style="background-color:#f0f5fa;"><td style="padding:3px;"><b>พื้นที่</b></td><td style="padding:3px;">3.63</td></tr>
<tr style="background-color:#dbe8f5;"><td style="padding:3px;"><b>ปีผลิต</b></td><td style="padding:3px;">256970</td></tr>
<tr style="background-color:#f0f5fa;"><td style="padding:3px;"><b>ตันรวม</b></td><td style="padding:3px;">32.67</td></tr>
<tr style="background-color:#dbe8f5;"><td style="padding:3px;"><b>สถานที่ส่งอ้อย_1</b></td><td style="padding:3px;">รถตัด</td></tr>
</table>]]></description>
      <MultiGeometry><Polygon><outerBoundaryIs><LinearRing><coordinates>103.401943333105,14.8344166667828 103.401953332821,14.83459833362 103.40200833337,14.8348866668541 103.402080000221,14.8351333337002 103.4021499999,14.8353699998883 103.402229999699,14.8356399996867 103.402336666218,14.836038333125 103.40241833288,14.8364050001727 103.4026633337,14.83635666703 103.402551666623,14.8359966662702 103.402491666656,14.8357650002918 103.402459999786,14.8356449995531 103.402413333672,14.8354233331114 103.402383333195,14.8353199999675 103.402329999629,14.8350933336679 103.402264999677,14.8348300000679 103.402188333329,14.8345449997297 103.402155000044,14.8343816667026 103.401943333105,14.8344166667828</coordinates></LinearRing></outerBoundaryIs></Polygon></MultiGeometry>
    </Placemark>
    <Placemark>
      <name>320104051513</name>
      <styleUrl>#style_82_001</styleUrl>
      <description><![CDATA[<h3 style="margin-bottom:6px; font-family:sans-serif;">320104051513</h3>
<table style="width:100%; border-collapse:collapse; font-family:sans-serif; font-size:12px;">
<tr style="background-color:#99bfe6; color:#000; font-weight:bold;"><td colspan="2" style="padding:4px; text-align:center;">320104051513</td></tr>
<tr style="background-color:#f0f5fa;"><td style="padding:3px; width:45%;"><b>FID</b></td><td style="padding:3px;">11191</td></tr>
<tr style="background-color:#dbe8f5;"><td style="padding:3px;"><b>รหัสแปลง</b></td><td style="padding:3px;">320104051513</td></tr>
<tr style="background-color:#f0f5fa;"><td style="padding:3px;"><b>รหัสกลุ่มคิว</b></td><td style="padding:3px;">82_001</td></tr>
<tr style="background-color:#dbe8f5;"><td style="padding:3px;"><b>นักเกษตร</b></td><td style="padding:3px;">8201</td></tr>
<tr style="background-color:#f0f5fa;"><td style="padding:3px;"><b>ศูนย์</b></td><td style="padding:3px;">K2-82</td></tr>
<tr style="background-color:#dbe8f5;"><td style="padding:3px;"><b>สถานที่ส่งอ้อย</b></td><td style="padding:3px;">รถตัด</td></tr>
<tr style="background-color:#f0f5fa;"><td style="padding:3px;"><b>ประเภทคิว</b></td><td style="padding:3px;">รถตัด</td></tr>
<tr style="background-color:#dbe8f5;"><td style="padding:3px;"><b>ประเภทรถ</b></td><td style="padding:3px;">10 ล้อเดี่ยว</td></tr>
<tr style="background-color:#f0f5fa;"><td style="padding:3px;"><b>ประเภทชาวไร่</b></td><td style="padding:3px;">รถตัด</td></tr>
<tr style="background-color:#dbe8f5;"><td style="padding:3px;"><b>สถานีขนถ่าย</b></td><td style="padding:3px;"></td></tr>
<tr style="background-color:#f0f5fa;"><td style="padding:3px;"><b>สถานะยืนยัน</b></td><td style="padding:3px;">N</td></tr>
<tr style="background-color:#dbe8f5;"><td style="padding:3px;"><b>โควตา</b></td><td style="padding:3px;">787063</td></tr>
<tr style="background-color:#f0f5fa;"><td style="padding:3px;"><b>ชาวไร่</b></td><td style="padding:3px;">นาย สันติ สายบุตร</td></tr>
<tr style="background-color:#dbe8f5;"><td style="padding:3px;"><b>ประเภทอ้อย</b></td><td style="padding:3px;">ตอ1</td></tr>
<tr style="background-color:#f0f5fa;"><td style="padding:3px;"><b>พื้นที่</b></td><td style="padding:3px;">2.44</td></tr>
<tr style="background-color:#dbe8f5;"><td style="padding:3px;"><b>ปีผลิต</b></td><td style="padding:3px;">256970</td></tr>
<tr style="background-color:#f0f5fa;"><td style="padding:3px;"><b>ตันรวม</b></td><td style="padding:3px;">21.96</td></tr>
<tr style="background-color:#dbe8f5;"><td style="padding:3px;"><b>สถานที่ส่งอ้อย_1</b></td><td style="padding:3px;">รถตัด</td></tr>
</table>]]></description>
      <MultiGeometry><Polygon><outerBoundaryIs><LinearRing><coordinates>103.451536666247,15.0057350001452 103.45226499948,15.0056983333599 103.452250000069,15.0053000003239 103.452234999601,15.0052250003992 103.451841667024,15.0052016666532 103.451791666639,15.0052433330503 103.451753333535,15.0052783332874 103.451605000204,15.0053049996101 103.451536666247,15.0057350001452</coordinates></LinearRing></outerBoundaryIs></Polygon></MultiGeometry>
    </Placemark>
    <Placemark>
      <name>321603091511</name>
      <styleUrl>#style_82_001</styleUrl>
      <description><![CDATA[<h3 style="margin-bottom:6px; font-family:sans-serif;">321603091511</h3>
<table style="width:100%; border-collapse:collapse; font-family:sans-serif; font-size:12px;">
<tr style="background-color:#99bfe6; color:#000; font-weight:bold;"><td colspan="2" style="padding:4px; text-align:center;">321603091511</td></tr>
<tr style="background-color:#f0f5fa;"><td style="padding:3px; width:45%;"><b>FID</b></td><td style="padding:3px;">11232</td></tr>
<tr style="background-color:#dbe8f5;"><td style="padding:3px;"><b>รหัสแปลง</b></td><td style="padding:3px;">321603091511</td></tr>
<tr style="background-color:#f0f5fa;"><td style="padding:3px;"><b>รหัสกลุ่มคิว</b></td><td style="padding:3px;">82_001</td></tr>
<tr style="background-color:#dbe8f5;"><td style="padding:3px;"><b>นักเกษตร</b></td><td style="padding:3px;">8201</td></tr>
<tr style="background-color:#f0f5fa;"><td style="padding:3px;"><b>ศูนย์</b></td><td style="padding:3px;">K2-82</td></tr>
<tr style="background-color:#dbe8f5;"><td style="padding:3px;"><b>สถานที่ส่งอ้อย</b></td><td style="padding:3px;">รถตัด</td></tr>
<tr style="background-color:#f0f5fa;"><td style="padding:3px;"><b>ประเภทคิว</b></td><td style="padding:3px;">รถตัด</td></tr>
<tr style="background-color:#dbe8f5;"><td style="padding:3px;"><b>ประเภทรถ</b></td><td style="padding:3px;">10 ล้อเดี่ยว</td></tr>
<tr style="background-color:#f0f5fa;"><td style="padding:3px;"><b>ประเภทชาวไร่</b></td><td style="padding:3px;">รถตัด</td></tr>
<tr style="background-color:#dbe8f5;"><td style="padding:3px;"><b>สถานีขนถ่าย</b></td><td style="padding:3px;"></td></tr>
<tr style="background-color:#f0f5fa;"><td style="padding:3px;"><b>สถานะยืนยัน</b></td><td style="padding:3px;">N</td></tr>
<tr style="background-color:#dbe8f5;"><td style="padding:3px;"><b>โควตา</b></td><td style="padding:3px;">787058</td></tr>
<tr style="background-color:#f0f5fa;"><td style="padding:3px;"><b>ชาวไร่</b></td><td style="padding:3px;">นาย สุเมธ บรรลือทรัพย์</td></tr>
<tr style="background-color:#dbe8f5;"><td style="padding:3px;"><b>ประเภทอ้อย</b></td><td style="padding:3px;">ตอ1</td></tr>
<tr style="background-color:#f0f5fa;"><td style="padding:3px;"><b>พื้นที่</b></td><td style="padding:3px;">3.03</td></tr>
<tr style="background-color:#dbe8f5;"><td style="padding:3px;"><b>ปีผลิต</b></td><td style="padding:3px;">256970</td></tr>
<tr style="background-color:#f0f5fa;"><td style="padding:3px;"><b>ตันรวม</b></td><td style="padding:3px;">27.27</td></tr>
<tr style="background-color:#dbe8f5;"><td style="padding:3px;"><b>สถานที่ส่งอ้อย_1</b></td><td style="padding:3px;">รถตัด</td></tr>
</table>]]></description>
      <MultiGeometry><Polygon><outerBoundaryIs><LinearRing><coordinates>103.689927584983,15.0128558289431 103.689828333353,15.012588333495 103.689680000151,15.0122249998014 103.689645000133,15.0121399996392 103.689621666461,15.0120499995848 103.689596666211,15.0120016662858 103.689544999561,15.0119083335126 103.689533333279,15.0118900002671 103.689489999626,15.0118099996066 103.689455000109,15.0116150002412 103.68943499943,15.0115149996443 103.689409999905,15.0111983331272 103.689385000029,15.0111333331115 103.689365000152,15.0110433335386 103.689130000076,15.0110866670776 103.689114999934,15.0110950000381 103.68917666696,15.0112749998846 103.689219999674,15.0115350001263 103.689241666609,15.0115733336587 103.689343333632,15.0119483332248 103.689757250294,15.0129461691187 103.689927584983,15.0128558289431</coordinates></LinearRing></outerBoundaryIs></Polygon></MultiGeometry>
    </Placemark>
    <Placemark>
      <name>321603091512</name>
      <styleUrl>#style_82_001</styleUrl>
      <description><![CDATA[<h3 style="margin-bottom:6px; font-family:sans-serif;">321603091512</h3>
<table style="width:100%; border-collapse:collapse; font-family:sans-serif; font-size:12px;">
<tr style="background-color:#99bfe6; color:#000; font-weight:bold;"><td colspan="2" style="padding:4px; text-align:center;">321603091512</td></tr>
<tr style="background-color:#f0f5fa;"><td style="padding:3px; width:45%;"><b>FID</b></td><td style="padding:3px;">11233</td></tr>
<tr style="background-color:#dbe8f5;"><td style="padding:3px;"><b>รหัสแปลง</b></td><td style="padding:3px;">321603091512</td></tr>
<tr style="background-color:#f0f5fa;"><td style="padding:3px;"><b>รหัสกลุ่มคิว</b></td><td style="padding:3px;">82_001</td></tr>
<tr style="background-color:#dbe8f5;"><td style="padding:3px;"><b>นักเกษตร</b></td><td style="padding:3px;">8201</td></tr>
<tr style="background-color:#f0f5fa;"><td style="padding:3px;"><b>ศูนย์</b></td><td style="padding:3px;">K2-82</td></tr>
<tr style="background-color:#dbe8f5;"><td style="padding:3px;"><b>สถานที่ส่งอ้อย</b></td><td style="padding:3px;">รถตัด</td></tr>
<tr style="background-color:#f0f5fa;"><td style="padding:3px;"><b>ประเภทคิว</b></td><td style="padding:3px;">รถตัด</td></tr>
<tr style="background-color:#dbe8f5;"><td style="padding:3px;"><b>ประเภทรถ</b></td><td style="padding:3px;">10 ล้อเดี่ยว</td></tr>
<tr style="background-color:#f0f5fa;"><td style="padding:3px;"><b>ประเภทชาวไร่</b></td><td style="padding:3px;">รถตัด</td></tr>
<tr style="background-color:#dbe8f5;"><td style="padding:3px;"><b>สถานีขนถ่าย</b></td><td style="padding:3px;"></td></tr>
<tr style="background-color:#f0f5fa;"><td style="padding:3px;"><b>สถานะยืนยัน</b></td><td style="padding:3px;">N</td></tr>
<tr style="background-color:#dbe8f5;"><td style="padding:3px;"><b>โควตา</b></td><td style="padding:3px;">787058</td></tr>
<tr style="background-color:#f0f5fa;"><td style="padding:3px;"><b>ชาวไร่</b></td><td style="padding:3px;">นาย สุเมธ บรรลือทรัพย์</td></tr>
<tr style="background-color:#dbe8f5;"><td style="padding:3px;"><b>ประเภทอ้อย</b></td><td style="padding:3px;">ตอ1</td></tr>
<tr style="background-color:#f0f5fa;"><td style="padding:3px;"><b>พื้นที่</b></td><td style="padding:3px;">9.09</td></tr>
<tr style="background-color:#dbe8f5;"><td style="padding:3px;"><b>ปีผลิต</b></td><td style="padding:3px;">256970</td></tr>
<tr style="background-color:#f0f5fa;"><td style="padding:3px;"><b>ตันรวม</b></td><td style="padding:3px;">81.81</td></tr>
<tr style="background-color:#dbe8f5;"><td style="padding:3px;"><b>สถานที่ส่งอ้อย_1</b></td><td style="padding:3px;">รถตัด</td></tr>
</table>]]></description>
      <MultiGeometry><Polygon><outerBoundaryIs><LinearRing><coordinates>103.674736666747,15.0125449998181 103.674733333638,15.0125599999982 103.674773333213,15.0125500001179 103.674763333282,15.0124433330699 103.674728333048,15.0122133334205 103.67471000026,15.0119066668415 103.674623332831,15.0114233334959 103.673854999444,15.011811666674 103.673863333273,15.0119000000856 103.673876666123,15.0119183335544 103.673923333434,15.0119716668379 103.673948333381,15.0120200001261 103.674024999779,15.0123133329945 103.674023333591,15.012341666331 103.674021666696,15.0124049995833 103.673713332962,15.0124816669943 103.673629999509,15.0120299996948 103.67386333303,15.0119849999973 103.673819999781,15.0118499995289 103.673623333365,15.011918333505 103.673461666962,15.0119649996888 103.673309999932,15.0119866668593 103.673301666468,15.0121266668136 103.673314999538,15.0122833331704 103.673321666245,15.0123466662432 103.673344999746,15.0124666664021 103.673358332845,15.0125549997584 103.673388333619,15.0128766666881 103.674736666747,15.0125449998181</coordinates></LinearRing></outerBoundaryIs></Polygon></MultiGeometry>
    </Placemark>
    <Placemark>
      <name>320104020033</name>
      <styleUrl>#style_82_001</styleUrl>
      <description><![CDATA[<h3 style="margin-bottom:6px; font-family:sans-serif;">320104020033</h3>
<table style="width:100%; border-collapse:collapse; font-family:sans-serif; font-size:12px;">
<tr style="background-color:#99bfe6; color:#000; font-weight:bold;"><td colspan="2" style="padding:4px; text-align:center;">320104020033</td></tr>
<tr style="background-color:#f0f5fa;"><td style="padding:3px; width:45%;"><b>FID</b></td><td style="padding:3px;">11264</td></tr>
<tr style="background-color:#dbe8f5;"><td style="padding:3px;"><b>รหัสแปลง</b></td><td style="padding:3px;">320104020033</td></tr>
<tr style="background-color:#f0f5fa;"><td style="padding:3px;"><b>รหัสกลุ่มคิว</b></td><td style="padding:3px;">82_001</td></tr>
<tr style="background-color:#dbe8f5;"><td style="padding:3px;"><b>นักเกษตร</b></td><td style="padding:3px;">8201</td></tr>
<tr style="background-color:#f0f5fa;"><td style="padding:3px;"><b>ศูนย์</b></td><td style="padding:3px;">K2-82</td></tr>
<tr style="background-color:#dbe8f5;"><td style="padding:3px;"><b>สถานที่ส่งอ้อย</b></td><td style="padding:3px;">รถตัด</td></tr>
<tr style="background-color:#f0f5fa;"><td style="padding:3px;"><b>ประเภทคิว</b></td><td style="padding:3px;">รถตัด</td></tr>
<tr style="background-color:#dbe8f5;"><td style="padding:3px;"><b>ประเภทรถ</b></td><td style="padding:3px;">10 ล้อเดี่ยว</td></tr>
<tr style="background-color:#f0f5fa;"><td style="padding:3px;"><b>ประเภทชาวไร่</b></td><td style="padding:3px;">รถตัด</td></tr>
<tr style="background-color:#dbe8f5;"><td style="padding:3px;"><b>สถานีขนถ่าย</b></td><td style="padding:3px;"></td></tr>
<tr style="background-color:#f0f5fa;"><td style="padding:3px;"><b>สถานะยืนยัน</b></td><td style="padding:3px;">N</td></tr>
<tr style="background-color:#dbe8f5;"><td style="padding:3px;"><b>โควตา</b></td><td style="padding:3px;">718262</td></tr>
<tr style="background-color:#f0f5fa;"><td style="padding:3px;"><b>ชาวไร่</b></td><td style="padding:3px;">นาย เสมียน จันหอม</td></tr>
<tr style="background-color:#dbe8f5;"><td style="padding:3px;"><b>ประเภทอ้อย</b></td><td style="padding:3px;">ตอ1</td></tr>
<tr style="background-color:#f0f5fa;"><td style="padding:3px;"><b>พื้นที่</b></td><td style="padding:3px;">3.54</td></tr>
<tr style="background-color:#dbe8f5;"><td style="padding:3px;"><b>ปีผลิต</b></td><td style="padding:3px;">256970</td></tr>
<tr style="background-color:#f0f5fa;"><td style="padding:3px;"><b>ตันรวม</b></td><td style="padding:3px;">31.86</td></tr>
<tr style="background-color:#dbe8f5;"><td style="padding:3px;"><b>สถานที่ส่งอ้อย_1</b></td><td style="padding:3px;">รถตัด</td></tr>
</table>]]></description>
      <MultiGeometry><Polygon><outerBoundaryIs><LinearRing><coordinates>103.522738333014,15.0450166662351 103.524066666144,15.044741666986 103.52405666664,15.0444183334715 103.523558333444,15.0444966663316 103.523179999741,15.0445700004065 103.522624999568,15.0447166670961 103.522738333014,15.0450166662351</coordinates></LinearRing></outerBoundaryIs></Polygon></MultiGeometry>
    </Placemark>
    <Placemark>
      <name>320122080002</name>
      <styleUrl>#style_82_001</styleUrl>
      <description><![CDATA[<h3 style="margin-bottom:6px; font-family:sans-serif;">320122080002</h3>
<table style="width:100%; border-collapse:collapse; font-family:sans-serif; font-size:12px;">
<tr style="background-color:#99bfe6; color:#000; font-weight:bold;"><td colspan="2" style="padding:4px; text-align:center;">320122080002</td></tr>
<tr style="background-color:#f0f5fa;"><td style="padding:3px; width:45%;"><b>FID</b></td><td style="padding:3px;">11300</td></tr>
<tr style="background-color:#dbe8f5;"><td style="padding:3px;"><b>รหัสแปลง</b></td><td style="padding:3px;">320122080002</td></tr>
<tr style="background-color:#f0f5fa;"><td style="padding:3px;"><b>รหัสกลุ่มคิว</b></td><td style="padding:3px;">82_001</td></tr>
<tr style="background-color:#dbe8f5;"><td style="padding:3px;"><b>นักเกษตร</b></td><td style="padding:3px;">8201</td></tr>
<tr style="background-color:#f0f5fa;"><td style="padding:3px;"><b>ศูนย์</b></td><td style="padding:3px;">K2-82</td></tr>
<tr style="background-color:#dbe8f5;"><td style="padding:3px;"><b>สถานที่ส่งอ้อย</b></td><td style="padding:3px;">รถตัด</td></tr>
<tr style="background-color:#f0f5fa;"><td style="padding:3px;"><b>ประเภทคิว</b></td><td style="padding:3px;">รถตัด</td></tr>
<tr style="background-color:#dbe8f5;"><td style="padding:3px;"><b>ประเภทรถ</b></td><td style="padding:3px;">10 ล้อเดี่ยว</td></tr>
<tr style="background-color:#f0f5fa;"><td style="padding:3px;"><b>ประเภทชาวไร่</b></td><td style="padding:3px;">รถตัด</td></tr>
<tr style="background-color:#dbe8f5;"><td style="padding:3px;"><b>สถานีขนถ่าย</b></td><td style="padding:3px;"></td></tr>
<tr style="background-color:#f0f5fa;"><td style="padding:3px;"><b>สถานะยืนยัน</b></td><td style="padding:3px;">N</td></tr>
<tr style="background-color:#dbe8f5;"><td style="padding:3px;"><b>โควตา</b></td><td style="padding:3px;">700783</td></tr>
<tr style="background-color:#f0f5fa;"><td style="padding:3px;"><b>ชาวไร่</b></td><td style="padding:3px;">นาย วันสุทธา ชมสุข</td></tr>
<tr style="background-color:#dbe8f5;"><td style="padding:3px;"><b>ประเภทอ้อย</b></td><td style="padding:3px;">ตอ1</td></tr>
<tr style="background-color:#f0f5fa;"><td style="padding:3px;"><b>พื้นที่</b></td><td style="padding:3px;">11.49</td></tr>
<tr style="background-color:#dbe8f5;"><td style="padding:3px;"><b>ปีผลิต</b></td><td style="padding:3px;">256970</td></tr>
<tr style="background-color:#f0f5fa;"><td style="padding:3px;"><b>ตันรวม</b></td><td style="padding:3px;">103.41</td></tr>
<tr style="background-color:#dbe8f5;"><td style="padding:3px;"><b>สถานที่ส่งอ้อย_1</b></td><td style="padding:3px;">รถตัด</td></tr>
</table>]]></description>
      <MultiGeometry><Polygon><outerBoundaryIs><LinearRing><coordinates>103.40134333367,14.8709616665828 103.401251666895,14.8705800000924 103.399631666807,14.8709833332388 103.399590000133,14.8709150002144 103.398543333466,14.8710166666555 103.398618333536,14.8718000004277 103.400479999645,14.8712666669689 103.400885000161,14.8711566664618 103.400858333257,14.8711166670513 103.40134333367,14.8709616665828</coordinates></LinearRing></outerBoundaryIs></Polygon></MultiGeometry>
    </Placemark>
    <Placemark>
      <name>320104111639</name>
      <styleUrl>#style_82_001</styleUrl>
      <description><![CDATA[<h3 style="margin-bottom:6px; font-family:sans-serif;">320104111639</h3>
<table style="width:100%; border-collapse:collapse; font-family:sans-serif; font-size:12px;">
<tr style="background-color:#99bfe6; color:#000; font-weight:bold;"><td colspan="2" style="padding:4px; text-align:center;">320104111639</td></tr>
<tr style="background-color:#f0f5fa;"><td style="padding:3px; width:45%;"><b>FID</b></td><td style="padding:3px;">11371</td></tr>
<tr style="background-color:#dbe8f5;"><td style="padding:3px;"><b>รหัสแปลง</b></td><td style="padding:3px;">320104111639</td></tr>
<tr style="background-color:#f0f5fa;"><td style="padding:3px;"><b>รหัสกลุ่มคิว</b></td><td style="padding:3px;">82_001</td></tr>
<tr style="background-color:#dbe8f5;"><td style="padding:3px;"><b>นักเกษตร</b></td><td style="padding:3px;">8201</td></tr>
<tr style="background-color:#f0f5fa;"><td style="padding:3px;"><b>ศูนย์</b></td><td style="padding:3px;">K2-82</td></tr>
<tr style="background-color:#dbe8f5;"><td style="padding:3px;"><b>สถานที่ส่งอ้อย</b></td><td style="padding:3px;">รถตัด</td></tr>
<tr style="background-color:#f0f5fa;"><td style="padding:3px;"><b>ประเภทคิว</b></td><td style="padding:3px;">รถตัด</td></tr>
<tr style="background-color:#dbe8f5;"><td style="padding:3px;"><b>ประเภทรถ</b></td><td style="padding:3px;">10 ล้อเดี่ยว</td></tr>
<tr style="background-color:#f0f5fa;"><td style="padding:3px;"><b>ประเภทชาวไร่</b></td><td style="padding:3px;">รถตัด</td></tr>
<tr style="background-color:#dbe8f5;"><td style="padding:3px;"><b>สถานีขนถ่าย</b></td><td style="padding:3px;"></td></tr>
<tr style="background-color:#f0f5fa;"><td style="padding:3px;"><b>สถานะยืนยัน</b></td><td style="padding:3px;">N</td></tr>
<tr style="background-color:#dbe8f5;"><td style="padding:3px;"><b>โควตา</b></td><td style="padding:3px;">718020</td></tr>
<tr style="background-color:#f0f5fa;"><td style="padding:3px;"><b>ชาวไร่</b></td><td style="padding:3px;">นาย เสริม ยงคง</td></tr>
<tr style="background-color:#dbe8f5;"><td style="padding:3px;"><b>ประเภทอ้อย</b></td><td style="padding:3px;">ตอ1</td></tr>
<tr style="background-color:#f0f5fa;"><td style="padding:3px;"><b>พื้นที่</b></td><td style="padding:3px;">9.34</td></tr>
<tr style="background-color:#dbe8f5;"><td style="padding:3px;"><b>ปีผลิต</b></td><td style="padding:3px;">256970</td></tr>
<tr style="background-color:#f0f5fa;"><td style="padding:3px;"><b>ตันรวม</b></td><td style="padding:3px;">84.06</td></tr>
<tr style="background-color:#dbe8f5;"><td style="padding:3px;"><b>สถานที่ส่งอ้อย_1</b></td><td style="padding:3px;">รถตัด</td></tr>
</table>]]></description>
      <MultiGeometry><Polygon><outerBoundaryIs><LinearRing><coordinates>103.445236666503,15.020411666995 103.445528333456,15.0209766664702 103.445575000253,15.0209783333553 103.446078333068,15.020788333623 103.446468333672,15.0206983333107 103.446345000277,15.0203733334977 103.446239999917,15.0201283330344 103.446059999465,15.019749999554 103.446013333622,15.0196299995506 103.445403332941,15.0197133333588 103.445065000289,15.0198100000249 103.445079999967,15.0199416668566 103.445014999909,15.019976666917 103.445093333592,15.0201949999762 103.445161666324,15.0203416664168 103.445206666642,15.0203433335833 103.445236666503,15.020411666995</coordinates></LinearRing></outerBoundaryIs></Polygon></MultiGeometry>
    </Placemark>
    <Placemark>
      <name>320105191660</name>
      <styleUrl>#style_82_001</styleUrl>
      <description><![CDATA[<h3 style="margin-bottom:6px; font-family:sans-serif;">320105191660</h3>
<table style="width:100%; border-collapse:collapse; font-family:sans-serif; font-size:12px;">
<tr style="background-color:#99bfe6; color:#000; font-weight:bold;"><td colspan="2" style="padding:4px; text-align:center;">320105191660</td></tr>
<tr style="background-color:#f0f5fa;"><td style="padding:3px; width:45%;"><b>FID</b></td><td style="padding:3px;">11377</td></tr>
<tr style="background-color:#dbe8f5;"><td style="padding:3px;"><b>รหัสแปลง</b></td><td style="padding:3px;">320105191660</td></tr>
<tr style="background-color:#f0f5fa;"><td style="padding:3px;"><b>รหัสกลุ่มคิว</b></td><td style="padding:3px;">82_001</td></tr>
<tr style="background-color:#dbe8f5;"><td style="padding:3px;"><b>นักเกษตร</b></td><td style="padding:3px;">8201</td></tr>
<tr style="background-color:#f0f5fa;"><td style="padding:3px;"><b>ศูนย์</b></td><td style="padding:3px;">K2-82</td></tr>
<tr style="background-color:#dbe8f5;"><td style="padding:3px;"><b>สถานที่ส่งอ้อย</b></td><td style="padding:3px;">รถตัด</td></tr>
<tr style="background-color:#f0f5fa;"><td style="padding:3px;"><b>ประเภทคิว</b></td><td style="padding:3px;">รถตัด</td></tr>
<tr style="background-color:#dbe8f5;"><td style="padding:3px;"><b>ประเภทรถ</b></td><td style="padding:3px;">10 ล้อเดี่ยว</td></tr>
<tr style="background-color:#f0f5fa;"><td style="padding:3px;"><b>ประเภทชาวไร่</b></td><td style="padding:3px;">รถตัด</td></tr>
<tr style="background-color:#dbe8f5;"><td style="padding:3px;"><b>สถานีขนถ่าย</b></td><td style="padding:3px;"></td></tr>
<tr style="background-color:#f0f5fa;"><td style="padding:3px;"><b>สถานะยืนยัน</b></td><td style="padding:3px;">N</td></tr>
<tr style="background-color:#dbe8f5;"><td style="padding:3px;"><b>โควตา</b></td><td style="padding:3px;">718191</td></tr>
<tr style="background-color:#f0f5fa;"><td style="padding:3px;"><b>ชาวไร่</b></td><td style="padding:3px;">นาย พงษ์อนันต์ ทางดี</td></tr>
<tr style="background-color:#dbe8f5;"><td style="padding:3px;"><b>ประเภทอ้อย</b></td><td style="padding:3px;">ตอ1</td></tr>
<tr style="background-color:#f0f5fa;"><td style="padding:3px;"><b>พื้นที่</b></td><td style="padding:3px;">5.49</td></tr>
<tr style="background-color:#dbe8f5;"><td style="padding:3px;"><b>ปีผลิต</b></td><td style="padding:3px;">256970</td></tr>
<tr style="background-color:#f0f5fa;"><td style="padding:3px;"><b>ตันรวม</b></td><td style="padding:3px;">49.41</td></tr>
<tr style="background-color:#dbe8f5;"><td style="padding:3px;"><b>สถานที่ส่งอ้อย_1</b></td><td style="padding:3px;">รถตัด</td></tr>
</table>]]></description>
      <MultiGeometry><Polygon><outerBoundaryIs><LinearRing><coordinates>103.459008332955,14.9521750001239 103.458468333394,14.9509833332504 103.457854999848,14.9510199997788 103.458580000175,14.9523683336484 103.459008332955,14.9521750001239</coordinates></LinearRing></outerBoundaryIs></Polygon></MultiGeometry>
    </Placemark>
    <Placemark>
      <name>320103040004</name>
      <styleUrl>#style_82_001</styleUrl>
      <description><![CDATA[<h3 style="margin-bottom:6px; font-family:sans-serif;">320103040004</h3>
<table style="width:100%; border-collapse:collapse; font-family:sans-serif; font-size:12px;">
<tr style="background-color:#99bfe6; color:#000; font-weight:bold;"><td colspan="2" style="padding:4px; text-align:center;">320103040004</td></tr>
<tr style="background-color:#f0f5fa;"><td style="padding:3px; width:45%;"><b>FID</b></td><td style="padding:3px;">11441</td></tr>
<tr style="background-color:#dbe8f5;"><td style="padding:3px;"><b>รหัสแปลง</b></td><td style="padding:3px;">320103040004</td></tr>
<tr style="background-color:#f0f5fa;"><td style="padding:3px;"><b>รหัสกลุ่มคิว</b></td><td style="padding:3px;">82_001</td></tr>
<tr style="background-color:#dbe8f5;"><td style="padding:3px;"><b>นักเกษตร</b></td><td style="padding:3px;">8201</td></tr>
<tr style="background-color:#f0f5fa;"><td style="padding:3px;"><b>ศูนย์</b></td><td style="padding:3px;">K2-82</td></tr>
<tr style="background-color:#dbe8f5;"><td style="padding:3px;"><b>สถานที่ส่งอ้อย</b></td><td style="padding:3px;">รถตัด</td></tr>
<tr style="background-color:#f0f5fa;"><td style="padding:3px;"><b>ประเภทคิว</b></td><td style="padding:3px;">รถตัด</td></tr>
<tr style="background-color:#dbe8f5;"><td style="padding:3px;"><b>ประเภทรถ</b></td><td style="padding:3px;">10 ล้อเดี่ยว</td></tr>
<tr style="background-color:#f0f5fa;"><td style="padding:3px;"><b>ประเภทชาวไร่</b></td><td style="padding:3px;">รถตัด</td></tr>
<tr style="background-color:#dbe8f5;"><td style="padding:3px;"><b>สถานีขนถ่าย</b></td><td style="padding:3px;"></td></tr>
<tr style="background-color:#f0f5fa;"><td style="padding:3px;"><b>สถานะยืนยัน</b></td><td style="padding:3px;">N</td></tr>
<tr style="background-color:#dbe8f5;"><td style="padding:3px;"><b>โควตา</b></td><td style="padding:3px;">788035</td></tr>
<tr style="background-color:#f0f5fa;"><td style="padding:3px;"><b>ชาวไร่</b></td><td style="padding:3px;">นาง เสาวนีย์ เสาเกลียว</td></tr>
<tr style="background-color:#dbe8f5;"><td style="padding:3px;"><b>ประเภทอ้อย</b></td><td style="padding:3px;">ตอ1</td></tr>
<tr style="background-color:#f0f5fa;"><td style="padding:3px;"><b>พื้นที่</b></td><td style="padding:3px;">10.64</td></tr>
<tr style="background-color:#dbe8f5;"><td style="padding:3px;"><b>ปีผลิต</b></td><td style="padding:3px;">256970</td></tr>
<tr style="background-color:#f0f5fa;"><td style="padding:3px;"><b>ตันรวม</b></td><td style="padding:3px;">95.76</td></tr>
<tr style="background-color:#dbe8f5;"><td style="padding:3px;"><b>สถานที่ส่งอ้อย_1</b></td><td style="padding:3px;">รถตัด</td></tr>
</table>]]></description>
      <MultiGeometry><Polygon><outerBoundaryIs><LinearRing><coordinates>103.466108333298,15.0574700000319 103.465688333537,15.0553916670904 103.465478333692,15.0555549999263 103.465461666282,15.0555733333131 103.465411666323,15.0556366663018 103.465374999654,15.0556850003952 103.465341666202,15.0557133333568 103.465310000278,15.055741666808 103.465269999924,15.055778333313 103.465230000066,15.0557999995421 103.465148333238,15.0558549998581 103.465216666893,15.0563883330794 103.46529166635,15.0569033333755 103.46539666642,15.0576016668055 103.46543166631,15.0579283331639 103.46576000017,15.0578800004137 103.465749999904,15.0575433334953 103.466121666298,15.0575033337103 103.466108333298,15.0574700000319</coordinates></LinearRing></outerBoundaryIs></Polygon></MultiGeometry>
    </Placemark>
    <Placemark>
      <name>320113041689</name>
      <styleUrl>#style_82_001</styleUrl>
      <description><![CDATA[<h3 style="margin-bottom:6px; font-family:sans-serif;">320113041689</h3>
<table style="width:100%; border-collapse:collapse; font-family:sans-serif; font-size:12px;">
<tr style="background-color:#99bfe6; color:#000; font-weight:bold;"><td colspan="2" style="padding:4px; text-align:center;">320113041689</td></tr>
<tr style="background-color:#f0f5fa;"><td style="padding:3px; width:45%;"><b>FID</b></td><td style="padding:3px;">11508</td></tr>
<tr style="background-color:#dbe8f5;"><td style="padding:3px;"><b>รหัสแปลง</b></td><td style="padding:3px;">320113041689</td></tr>
<tr style="background-color:#f0f5fa;"><td style="padding:3px;"><b>รหัสกลุ่มคิว</b></td><td style="padding:3px;">82_001</td></tr>
<tr style="background-color:#dbe8f5;"><td style="padding:3px;"><b>นักเกษตร</b></td><td style="padding:3px;">8201</td></tr>
<tr style="background-color:#f0f5fa;"><td style="padding:3px;"><b>ศูนย์</b></td><td style="padding:3px;">K2-82</td></tr>
<tr style="background-color:#dbe8f5;"><td style="padding:3px;"><b>สถานที่ส่งอ้อย</b></td><td style="padding:3px;">รถตัด</td></tr>
<tr style="background-color:#f0f5fa;"><td style="padding:3px;"><b>ประเภทคิว</b></td><td style="padding:3px;">รถตัด</td></tr>
<tr style="background-color:#dbe8f5;"><td style="padding:3px;"><b>ประเภทรถ</b></td><td style="padding:3px;">10 ล้อเดี่ยว</td></tr>
<tr style="background-color:#f0f5fa;"><td style="padding:3px;"><b>ประเภทชาวไร่</b></td><td style="padding:3px;">รถตัด</td></tr>
<tr style="background-color:#dbe8f5;"><td style="padding:3px;"><b>สถานีขนถ่าย</b></td><td style="padding:3px;"></td></tr>
<tr style="background-color:#f0f5fa;"><td style="padding:3px;"><b>สถานะยืนยัน</b></td><td style="padding:3px;">N</td></tr>
<tr style="background-color:#dbe8f5;"><td style="padding:3px;"><b>โควตา</b></td><td style="padding:3px;">718300</td></tr>
<tr style="background-color:#f0f5fa;"><td style="padding:3px;"><b>ชาวไร่</b></td><td style="padding:3px;">นาย มานิด ตรงใจสอน</td></tr>
<tr style="background-color:#dbe8f5;"><td style="padding:3px;"><b>ประเภทอ้อย</b></td><td style="padding:3px;">ตอ1</td></tr>
<tr style="background-color:#f0f5fa;"><td style="padding:3px;"><b>พื้นที่</b></td><td style="padding:3px;">2.58</td></tr>
<tr style="background-color:#dbe8f5;"><td style="padding:3px;"><b>ปีผลิต</b></td><td style="padding:3px;">256970</td></tr>
<tr style="background-color:#f0f5fa;"><td style="padding:3px;"><b>ตันรวม</b></td><td style="padding:3px;">23.22</td></tr>
<tr style="background-color:#dbe8f5;"><td style="padding:3px;"><b>สถานที่ส่งอ้อย_1</b></td><td style="padding:3px;">รถตัด</td></tr>
</table>]]></description>
      <MultiGeometry><Polygon><outerBoundaryIs><LinearRing><coordinates>103.323182549998,14.8174725002015 103.323825259508,14.8194446904203 103.32411438021,14.8194098195443 103.32323088021,14.8174691497595 103.323182549998,14.8174725002015</coordinates></LinearRing></outerBoundaryIs></Polygon></MultiGeometry>
    </Placemark>
    <Placemark>
      <name>320113051675</name>
      <styleUrl>#style_82_001</styleUrl>
      <description><![CDATA[<h3 style="margin-bottom:6px; font-family:sans-serif;">320113051675</h3>
<table style="width:100%; border-collapse:collapse; font-family:sans-serif; font-size:12px;">
<tr style="background-color:#99bfe6; color:#000; font-weight:bold;"><td colspan="2" style="padding:4px; text-align:center;">320113051675</td></tr>
<tr style="background-color:#f0f5fa;"><td style="padding:3px; width:45%;"><b>FID</b></td><td style="padding:3px;">11513</td></tr>
<tr style="background-color:#dbe8f5;"><td style="padding:3px;"><b>รหัสแปลง</b></td><td style="padding:3px;">320113051675</td></tr>
<tr style="background-color:#f0f5fa;"><td style="padding:3px;"><b>รหัสกลุ่มคิว</b></td><td style="padding:3px;">82_001</td></tr>
<tr style="background-color:#dbe8f5;"><td style="padding:3px;"><b>นักเกษตร</b></td><td style="padding:3px;">8201</td></tr>
<tr style="background-color:#f0f5fa;"><td style="padding:3px;"><b>ศูนย์</b></td><td style="padding:3px;">K2-82</td></tr>
<tr style="background-color:#dbe8f5;"><td style="padding:3px;"><b>สถานที่ส่งอ้อย</b></td><td style="padding:3px;">รถตัด</td></tr>
<tr style="background-color:#f0f5fa;"><td style="padding:3px;"><b>ประเภทคิว</b></td><td style="padding:3px;">รถตัด</td></tr>
<tr style="background-color:#dbe8f5;"><td style="padding:3px;"><b>ประเภทรถ</b></td><td style="padding:3px;">10 ล้อเดี่ยว</td></tr>
<tr style="background-color:#f0f5fa;"><td style="padding:3px;"><b>ประเภทชาวไร่</b></td><td style="padding:3px;">รถตัด</td></tr>
<tr style="background-color:#dbe8f5;"><td style="padding:3px;"><b>สถานีขนถ่าย</b></td><td style="padding:3px;"></td></tr>
<tr style="background-color:#f0f5fa;"><td style="padding:3px;"><b>สถานะยืนยัน</b></td><td style="padding:3px;">N</td></tr>
<tr style="background-color:#dbe8f5;"><td style="padding:3px;"><b>โควตา</b></td><td style="padding:3px;">788014</td></tr>
<tr style="background-color:#f0f5fa;"><td style="padding:3px;"><b>ชาวไร่</b></td><td style="padding:3px;">นาย ณรงค์ สบายดี</td></tr>
<tr style="background-color:#dbe8f5;"><td style="padding:3px;"><b>ประเภทอ้อย</b></td><td style="padding:3px;">ตอ1</td></tr>
<tr style="background-color:#f0f5fa;"><td style="padding:3px;"><b>พื้นที่</b></td><td style="padding:3px;">4.47</td></tr>
<tr style="background-color:#dbe8f5;"><td style="padding:3px;"><b>ปีผลิต</b></td><td style="padding:3px;">256970</td></tr>
<tr style="background-color:#f0f5fa;"><td style="padding:3px;"><b>ตันรวม</b></td><td style="padding:3px;">40.23</td></tr>
<tr style="background-color:#dbe8f5;"><td style="padding:3px;"><b>สถานที่ส่งอ้อย_1</b></td><td style="padding:3px;">รถตัด</td></tr>
</table>]]></description>
      <MultiGeometry><Polygon><outerBoundaryIs><LinearRing><coordinates>103.323268332822,14.8262866668302 103.322970000178,14.8264533336154 103.322599999625,14.8266583332672 103.322203333539,14.8268766662643 103.322476666819,14.8273466670756 103.322671666129,14.827231666978 103.323100000096,14.826921666478 103.323466666713,14.826735000076 103.323268332822,14.8262866668302</coordinates></LinearRing></outerBoundaryIs></Polygon></MultiGeometry>
    </Placemark>
    <Placemark>
      <name>320103060014</name>
      <styleUrl>#style_82_001</styleUrl>
      <description><![CDATA[<h3 style="margin-bottom:6px; font-family:sans-serif;">320103060014</h3>
<table style="width:100%; border-collapse:collapse; font-family:sans-serif; font-size:12px;">
<tr style="background-color:#99bfe6; color:#000; font-weight:bold;"><td colspan="2" style="padding:4px; text-align:center;">320103060014</td></tr>
<tr style="background-color:#f0f5fa;"><td style="padding:3px; width:45%;"><b>FID</b></td><td style="padding:3px;">11646</td></tr>
<tr style="background-color:#dbe8f5;"><td style="padding:3px;"><b>รหัสแปลง</b></td><td style="padding:3px;">320103060014</td></tr>
<tr style="background-color:#f0f5fa;"><td style="padding:3px;"><b>รหัสกลุ่มคิว</b></td><td style="padding:3px;">82_001</td></tr>
<tr style="background-color:#dbe8f5;"><td style="padding:3px;"><b>นักเกษตร</b></td><td style="padding:3px;">8201</td></tr>
<tr style="background-color:#f0f5fa;"><td style="padding:3px;"><b>ศูนย์</b></td><td style="padding:3px;">K2-82</td></tr>
<tr style="background-color:#dbe8f5;"><td style="padding:3px;"><b>สถานที่ส่งอ้อย</b></td><td style="padding:3px;">รถตัด</td></tr>
<tr style="background-color:#f0f5fa;"><td style="padding:3px;"><b>ประเภทคิว</b></td><td style="padding:3px;">รถตัด</td></tr>
<tr style="background-color:#dbe8f5;"><td style="padding:3px;"><b>ประเภทรถ</b></td><td style="padding:3px;">10 ล้อเดี่ยว</td></tr>
<tr style="background-color:#f0f5fa;"><td style="padding:3px;"><b>ประเภทชาวไร่</b></td><td style="padding:3px;">รถตัด</td></tr>
<tr style="background-color:#dbe8f5;"><td style="padding:3px;"><b>สถานีขนถ่าย</b></td><td style="padding:3px;"></td></tr>
<tr style="background-color:#f0f5fa;"><td style="padding:3px;"><b>สถานะยืนยัน</b></td><td style="padding:3px;">N</td></tr>
<tr style="background-color:#dbe8f5;"><td style="padding:3px;"><b>โควตา</b></td><td style="padding:3px;">788036</td></tr>
<tr style="background-color:#f0f5fa;"><td style="padding:3px;"><b>ชาวไร่</b></td><td style="padding:3px;">นาย เรียน นะรมรัมย์</td></tr>
<tr style="background-color:#dbe8f5;"><td style="padding:3px;"><b>ประเภทอ้อย</b></td><td style="padding:3px;">ตอ1</td></tr>
<tr style="background-color:#f0f5fa;"><td style="padding:3px;"><b>พื้นที่</b></td><td style="padding:3px;">3.74</td></tr>
<tr style="background-color:#dbe8f5;"><td style="padding:3px;"><b>ปีผลิต</b></td><td style="padding:3px;">256970</td></tr>
<tr style="background-color:#f0f5fa;"><td style="padding:3px;"><b>ตันรวม</b></td><td style="padding:3px;">33.66</td></tr>
<tr style="background-color:#dbe8f5;"><td style="padding:3px;"><b>สถานที่ส่งอ้อย_1</b></td><td style="padding:3px;">รถตัด</td></tr>
</table>]]></description>
      <MultiGeometry><Polygon><outerBoundaryIs><LinearRing><coordinates>103.461923332994,15.0653316665438 103.461821666465,15.0649083330234 103.461803333508,15.0647150004035 103.461773333446,15.0643450003358 103.461286666547,15.0643799996976 103.461309999549,15.0647516670721 103.461326666773,15.064801667053 103.461348333425,15.0649666666015 103.461446666813,15.0654316667924 103.461923332994,15.0653316665438</coordinates></LinearRing></outerBoundaryIs></Polygon></MultiGeometry>
    </Placemark>
    <Placemark>
      <name>320113111614</name>
      <styleUrl>#style_82_001</styleUrl>
      <description><![CDATA[<h3 style="margin-bottom:6px; font-family:sans-serif;">320113111614</h3>
<table style="width:100%; border-collapse:collapse; font-family:sans-serif; font-size:12px;">
<tr style="background-color:#99bfe6; color:#000; font-weight:bold;"><td colspan="2" style="padding:4px; text-align:center;">320113111614</td></tr>
<tr style="background-color:#f0f5fa;"><td style="padding:3px; width:45%;"><b>FID</b></td><td style="padding:3px;">11710</td></tr>
<tr style="background-color:#dbe8f5;"><td style="padding:3px;"><b>รหัสแปลง</b></td><td style="padding:3px;">320113111614</td></tr>
<tr style="background-color:#f0f5fa;"><td style="padding:3px;"><b>รหัสกลุ่มคิว</b></td><td style="padding:3px;">82_001</td></tr>
<tr style="background-color:#dbe8f5;"><td style="padding:3px;"><b>นักเกษตร</b></td><td style="padding:3px;">8201</td></tr>
<tr style="background-color:#f0f5fa;"><td style="padding:3px;"><b>ศูนย์</b></td><td style="padding:3px;">K2-82</td></tr>
<tr style="background-color:#dbe8f5;"><td style="padding:3px;"><b>สถานที่ส่งอ้อย</b></td><td style="padding:3px;">รถตัด</td></tr>
<tr style="background-color:#f0f5fa;"><td style="padding:3px;"><b>ประเภทคิว</b></td><td style="padding:3px;">รถตัด</td></tr>
<tr style="background-color:#dbe8f5;"><td style="padding:3px;"><b>ประเภทรถ</b></td><td style="padding:3px;">10 ล้อเดี่ยว</td></tr>
<tr style="background-color:#f0f5fa;"><td style="padding:3px;"><b>ประเภทชาวไร่</b></td><td style="padding:3px;">รถตัด</td></tr>
<tr style="background-color:#dbe8f5;"><td style="padding:3px;"><b>สถานีขนถ่าย</b></td><td style="padding:3px;"></td></tr>
<tr style="background-color:#f0f5fa;"><td style="padding:3px;"><b>สถานะยืนยัน</b></td><td style="padding:3px;">N</td></tr>
<tr style="background-color:#dbe8f5;"><td style="padding:3px;"><b>โควตา</b></td><td style="padding:3px;">788031</td></tr>
<tr style="background-color:#f0f5fa;"><td style="padding:3px;"><b>ชาวไร่</b></td><td style="padding:3px;">นางสาว โสภาพร จริตรัมย์</td></tr>
<tr style="background-color:#dbe8f5;"><td style="padding:3px;"><b>ประเภทอ้อย</b></td><td style="padding:3px;">ตอ1</td></tr>
<tr style="background-color:#f0f5fa;"><td style="padding:3px;"><b>พื้นที่</b></td><td style="padding:3px;">8.83</td></tr>
<tr style="background-color:#dbe8f5;"><td style="padding:3px;"><b>ปีผลิต</b></td><td style="padding:3px;">256970</td></tr>
<tr style="background-color:#f0f5fa;"><td style="padding:3px;"><b>ตันรวม</b></td><td style="padding:3px;">79.47</td></tr>
<tr style="background-color:#dbe8f5;"><td style="padding:3px;"><b>สถานที่ส่งอ้อย_1</b></td><td style="padding:3px;">รถตัด</td></tr>
</table>]]></description>
      <MultiGeometry><Polygon><outerBoundaryIs><LinearRing><coordinates>103.302650990211,14.8016265499505 103.302372849984,14.8011134495678 103.300736150142,14.8016228799779 103.300735779666,14.8016365102595 103.300742489544,14.801897839636 103.300903049799,14.8023221696182 103.302650990211,14.8016265499505</coordinates></LinearRing></outerBoundaryIs></Polygon></MultiGeometry>
    </Placemark>
    <Placemark>
      <name>320113041690</name>
      <styleUrl>#style_82_001</styleUrl>
      <description><![CDATA[<h3 style="margin-bottom:6px; font-family:sans-serif;">320113041690</h3>
<table style="width:100%; border-collapse:collapse; font-family:sans-serif; font-size:12px;">
<tr style="background-color:#99bfe6; color:#000; font-weight:bold;"><td colspan="2" style="padding:4px; text-align:center;">320113041690</td></tr>
<tr style="background-color:#f0f5fa;"><td style="padding:3px; width:45%;"><b>FID</b></td><td style="padding:3px;">11714</td></tr>
<tr style="background-color:#dbe8f5;"><td style="padding:3px;"><b>รหัสแปลง</b></td><td style="padding:3px;">320113041690</td></tr>
<tr style="background-color:#f0f5fa;"><td style="padding:3px;"><b>รหัสกลุ่มคิว</b></td><td style="padding:3px;">82_001</td></tr>
<tr style="background-color:#dbe8f5;"><td style="padding:3px;"><b>นักเกษตร</b></td><td style="padding:3px;">8201</td></tr>
<tr style="background-color:#f0f5fa;"><td style="padding:3px;"><b>ศูนย์</b></td><td style="padding:3px;">K2-82</td></tr>
<tr style="background-color:#dbe8f5;"><td style="padding:3px;"><b>สถานที่ส่งอ้อย</b></td><td style="padding:3px;">รถตัด</td></tr>
<tr style="background-color:#f0f5fa;"><td style="padding:3px;"><b>ประเภทคิว</b></td><td style="padding:3px;">รถตัด</td></tr>
<tr style="background-color:#dbe8f5;"><td style="padding:3px;"><b>ประเภทรถ</b></td><td style="padding:3px;">10 ล้อเดี่ยว</td></tr>
<tr style="background-color:#f0f5fa;"><td style="padding:3px;"><b>ประเภทชาวไร่</b></td><td style="padding:3px;">รถตัด</td></tr>
<tr style="background-color:#dbe8f5;"><td style="padding:3px;"><b>สถานีขนถ่าย</b></td><td style="padding:3px;"></td></tr>
<tr style="background-color:#f0f5fa;"><td style="padding:3px;"><b>สถานะยืนยัน</b></td><td style="padding:3px;">N</td></tr>
<tr style="background-color:#dbe8f5;"><td style="padding:3px;"><b>โควตา</b></td><td style="padding:3px;">787030</td></tr>
<tr style="background-color:#f0f5fa;"><td style="padding:3px;"><b>ชาวไร่</b></td><td style="padding:3px;">นาย พลชนก สงวนเดชาสกุล</td></tr>
<tr style="background-color:#dbe8f5;"><td style="padding:3px;"><b>ประเภทอ้อย</b></td><td style="padding:3px;">ตอ1</td></tr>
<tr style="background-color:#f0f5fa;"><td style="padding:3px;"><b>พื้นที่</b></td><td style="padding:3px;">9.75</td></tr>
<tr style="background-color:#dbe8f5;"><td style="padding:3px;"><b>ปีผลิต</b></td><td style="padding:3px;">256970</td></tr>
<tr style="background-color:#f0f5fa;"><td style="padding:3px;"><b>ตันรวม</b></td><td style="padding:3px;">87.75</td></tr>
<tr style="background-color:#dbe8f5;"><td style="padding:3px;"><b>สถานที่ส่งอ้อย_1</b></td><td style="padding:3px;">รถตัด</td></tr>
</table>]]></description>
      <MultiGeometry><Polygon><outerBoundaryIs><LinearRing><coordinates>103.329155000232,14.8232300004207 103.329126666564,14.823181666791 103.329119999559,14.8230883332672 103.329099999497,14.8228966664225 103.329100000235,14.822754999965 103.329056666396,14.8226749998105 103.32897999982,14.822708332912 103.328876666952,14.8226983333818 103.328851311909,14.8226208335714 103.32728500024,14.8232966668752 103.32749666676,14.8238966670625 103.329155000232,14.8232300004207</coordinates></LinearRing></outerBoundaryIs></Polygon></MultiGeometry>
    </Placemark>
    <Placemark>
      <name>320104020034</name>
      <styleUrl>#style_82_001</styleUrl>
      <description><![CDATA[<h3 style="margin-bottom:6px; font-family:sans-serif;">320104020034</h3>
<table style="width:100%; border-collapse:collapse; font-family:sans-serif; font-size:12px;">
<tr style="background-color:#99bfe6; color:#000; font-weight:bold;"><td colspan="2" style="padding:4px; text-align:center;">320104020034</td></tr>
<tr style="background-color:#f0f5fa;"><td style="padding:3px; width:45%;"><b>FID</b></td><td style="padding:3px;">11744</td></tr>
<tr style="background-color:#dbe8f5;"><td style="padding:3px;"><b>รหัสแปลง</b></td><td style="padding:3px;">320104020034</td></tr>
<tr style="background-color:#f0f5fa;"><td style="padding:3px;"><b>รหัสกลุ่มคิว</b></td><td style="padding:3px;">82_001</td></tr>
<tr style="background-color:#dbe8f5;"><td style="padding:3px;"><b>นักเกษตร</b></td><td style="padding:3px;">8201</td></tr>
<tr style="background-color:#f0f5fa;"><td style="padding:3px;"><b>ศูนย์</b></td><td style="padding:3px;">K2-82</td></tr>
<tr style="background-color:#dbe8f5;"><td style="padding:3px;"><b>สถานที่ส่งอ้อย</b></td><td style="padding:3px;">รถตัด</td></tr>
<tr style="background-color:#f0f5fa;"><td style="padding:3px;"><b>ประเภทคิว</b></td><td style="padding:3px;">รถตัด</td></tr>
<tr style="background-color:#dbe8f5;"><td style="padding:3px;"><b>ประเภทรถ</b></td><td style="padding:3px;">10 ล้อเดี่ยว</td></tr>
<tr style="background-color:#f0f5fa;"><td style="padding:3px;"><b>ประเภทชาวไร่</b></td><td style="padding:3px;">รถตัด</td></tr>
<tr style="background-color:#dbe8f5;"><td style="padding:3px;"><b>สถานีขนถ่าย</b></td><td style="padding:3px;"></td></tr>
<tr style="background-color:#f0f5fa;"><td style="padding:3px;"><b>สถานะยืนยัน</b></td><td style="padding:3px;">N</td></tr>
<tr style="background-color:#dbe8f5;"><td style="padding:3px;"><b>โควตา</b></td><td style="padding:3px;">718136</td></tr>
<tr style="background-color:#f0f5fa;"><td style="padding:3px;"><b>ชาวไร่</b></td><td style="padding:3px;">นาย ปรีชา ยืนยง</td></tr>
<tr style="background-color:#dbe8f5;"><td style="padding:3px;"><b>ประเภทอ้อย</b></td><td style="padding:3px;">ตอ1</td></tr>
<tr style="background-color:#f0f5fa;"><td style="padding:3px;"><b>พื้นที่</b></td><td style="padding:3px;">2.81</td></tr>
<tr style="background-color:#dbe8f5;"><td style="padding:3px;"><b>ปีผลิต</b></td><td style="padding:3px;">256970</td></tr>
<tr style="background-color:#f0f5fa;"><td style="padding:3px;"><b>ตันรวม</b></td><td style="padding:3px;">25.29</td></tr>
<tr style="background-color:#dbe8f5;"><td style="padding:3px;"><b>สถานที่ส่งอ้อย_1</b></td><td style="padding:3px;">รถตัด</td></tr>
</table>]]></description>
      <MultiGeometry><Polygon><outerBoundaryIs><LinearRing><coordinates>103.505809999838,15.0433500001249 103.505933193811,15.0438223474287 103.506520000126,15.04366000033 103.506304999515,15.0429933333318 103.505941749232,15.0431571886883 103.505809999838,15.0433500001249</coordinates></LinearRing></outerBoundaryIs></Polygon></MultiGeometry>
    </Placemark>
    <Placemark>
      <name>320113041691</name>
      <styleUrl>#style_82_001</styleUrl>
      <description><![CDATA[<h3 style="margin-bottom:6px; font-family:sans-serif;">320113041691</h3>
<table style="width:100%; border-collapse:collapse; font-family:sans-serif; font-size:12px;">
<tr style="background-color:#99bfe6; color:#000; font-weight:bold;"><td colspan="2" style="padding:4px; text-align:center;">320113041691</td></tr>
<tr style="background-color:#f0f5fa;"><td style="padding:3px; width:45%;"><b>FID</b></td><td style="padding:3px;">11817</td></tr>
<tr style="background-color:#dbe8f5;"><td style="padding:3px;"><b>รหัสแปลง</b></td><td style="padding:3px;">320113041691</td></tr>
<tr style="background-color:#f0f5fa;"><td style="padding:3px;"><b>รหัสกลุ่มคิว</b></td><td style="padding:3px;">82_001</td></tr>
<tr style="background-color:#dbe8f5;"><td style="padding:3px;"><b>นักเกษตร</b></td><td style="padding:3px;">8201</td></tr>
<tr style="background-color:#f0f5fa;"><td style="padding:3px;"><b>ศูนย์</b></td><td style="padding:3px;">K2-82</td></tr>
<tr style="background-color:#dbe8f5;"><td style="padding:3px;"><b>สถานที่ส่งอ้อย</b></td><td style="padding:3px;">รถตัด</td></tr>
<tr style="background-color:#f0f5fa;"><td style="padding:3px;"><b>ประเภทคิว</b></td><td style="padding:3px;">รถตัด</td></tr>
<tr style="background-color:#dbe8f5;"><td style="padding:3px;"><b>ประเภทรถ</b></td><td style="padding:3px;">10 ล้อเดี่ยว</td></tr>
<tr style="background-color:#f0f5fa;"><td style="padding:3px;"><b>ประเภทชาวไร่</b></td><td style="padding:3px;">รถตัด</td></tr>
<tr style="background-color:#dbe8f5;"><td style="padding:3px;"><b>สถานีขนถ่าย</b></td><td style="padding:3px;"></td></tr>
<tr style="background-color:#f0f5fa;"><td style="padding:3px;"><b>สถานะยืนยัน</b></td><td style="padding:3px;">N</td></tr>
<tr style="background-color:#dbe8f5;"><td style="padding:3px;"><b>โควตา</b></td><td style="padding:3px;">787010</td></tr>
<tr style="background-color:#f0f5fa;"><td style="padding:3px;"><b>ชาวไร่</b></td><td style="padding:3px;">นาย ศักดิ์ชัย สวัสดี</td></tr>
<tr style="background-color:#dbe8f5;"><td style="padding:3px;"><b>ประเภทอ้อย</b></td><td style="padding:3px;">ตอ1</td></tr>
<tr style="background-color:#f0f5fa;"><td style="padding:3px;"><b>พื้นที่</b></td><td style="padding:3px;">3.5</td></tr>
<tr style="background-color:#dbe8f5;"><td style="padding:3px;"><b>ปีผลิต</b></td><td style="padding:3px;">256970</td></tr>
<tr style="background-color:#f0f5fa;"><td style="padding:3px;"><b>ตันรวม</b></td><td style="padding:3px;">31.5</td></tr>
<tr style="background-color:#dbe8f5;"><td style="padding:3px;"><b>สถานที่ส่งอ้อย_1</b></td><td style="padding:3px;">รถตัด</td></tr>
</table>]]></description>
      <MultiGeometry><Polygon><outerBoundaryIs><LinearRing><coordinates>103.316288333078,14.8137766669681 103.315781666701,14.8142400002767 103.315963333102,14.8145316670635 103.316073332834,14.8145333330578 103.316225000009,14.8144383336516 103.316308332938,14.8144483331552 103.316388333636,14.8145350002406 103.316351666281,14.8145949999317 103.316405000279,14.8147299996094 103.316528332839,14.8147383334464 103.316683333643,14.8147433335248 103.316853333152,14.8147700003252 103.316288333078,14.8137766669681</coordinates></LinearRing></outerBoundaryIs></Polygon></MultiGeometry>
    </Placemark>
    <Placemark>
      <name>320110061612</name>
      <styleUrl>#style_82_001</styleUrl>
      <description><![CDATA[<h3 style="margin-bottom:6px; font-family:sans-serif;">320110061612</h3>
<table style="width:100%; border-collapse:collapse; font-family:sans-serif; font-size:12px;">
<tr style="background-color:#99bfe6; color:#000; font-weight:bold;"><td colspan="2" style="padding:4px; text-align:center;">320110061612</td></tr>
<tr style="background-color:#f0f5fa;"><td style="padding:3px; width:45%;"><b>FID</b></td><td style="padding:3px;">11834</td></tr>
<tr style="background-color:#dbe8f5;"><td style="padding:3px;"><b>รหัสแปลง</b></td><td style="padding:3px;">320110061612</td></tr>
<tr style="background-color:#f0f5fa;"><td style="padding:3px;"><b>รหัสกลุ่มคิว</b></td><td style="padding:3px;">82_001</td></tr>
<tr style="background-color:#dbe8f5;"><td style="padding:3px;"><b>นักเกษตร</b></td><td style="padding:3px;">8201</td></tr>
<tr style="background-color:#f0f5fa;"><td style="padding:3px;"><b>ศูนย์</b></td><td style="padding:3px;">K2-82</td></tr>
<tr style="background-color:#dbe8f5;"><td style="padding:3px;"><b>สถานที่ส่งอ้อย</b></td><td style="padding:3px;">รถตัด</td></tr>
<tr style="background-color:#f0f5fa;"><td style="padding:3px;"><b>ประเภทคิว</b></td><td style="padding:3px;">รถตัด</td></tr>
<tr style="background-color:#dbe8f5;"><td style="padding:3px;"><b>ประเภทรถ</b></td><td style="padding:3px;">10 ล้อเดี่ยว</td></tr>
<tr style="background-color:#f0f5fa;"><td style="padding:3px;"><b>ประเภทชาวไร่</b></td><td style="padding:3px;">รถตัด</td></tr>
<tr style="background-color:#dbe8f5;"><td style="padding:3px;"><b>สถานีขนถ่าย</b></td><td style="padding:3px;"></td></tr>
<tr style="background-color:#f0f5fa;"><td style="padding:3px;"><b>สถานะยืนยัน</b></td><td style="padding:3px;">N</td></tr>
<tr style="background-color:#dbe8f5;"><td style="padding:3px;"><b>โควตา</b></td><td style="padding:3px;">788040</td></tr>
<tr style="background-color:#f0f5fa;"><td style="padding:3px;"><b>ชาวไร่</b></td><td style="padding:3px;">นาย ธัชพล อินทรทัต</td></tr>
<tr style="background-color:#dbe8f5;"><td style="padding:3px;"><b>ประเภทอ้อย</b></td><td style="padding:3px;">ตอ1</td></tr>
<tr style="background-color:#f0f5fa;"><td style="padding:3px;"><b>พื้นที่</b></td><td style="padding:3px;">7.74</td></tr>
<tr style="background-color:#dbe8f5;"><td style="padding:3px;"><b>ปีผลิต</b></td><td style="padding:3px;">256970</td></tr>
<tr style="background-color:#f0f5fa;"><td style="padding:3px;"><b>ตันรวม</b></td><td style="padding:3px;">69.66</td></tr>
<tr style="background-color:#dbe8f5;"><td style="padding:3px;"><b>สถานที่ส่งอ้อย_1</b></td><td style="padding:3px;">รถตัด</td></tr>
</table>]]></description>
      <MultiGeometry><Polygon><outerBoundaryIs><LinearRing><coordinates>103.531653333647,14.9707766668426 103.531139999716,14.9708200001214 103.530929999524,14.9708583335222 103.530834999901,14.9708549999082 103.53077833278,14.9708566668274 103.530763333601,14.9709449998887 103.530813333642,14.9710916662369 103.530824999842,14.971164999673 103.530871666282,14.9711466670866 103.530983333535,14.9711266666669 103.531036666262,14.9712000003497 103.531061666091,14.9712449996859 103.531118333156,14.971244999841 103.531315000002,14.9711933336181 103.531399999749,14.9713216666216 103.531503333105,14.9712933336652 103.53159166696,14.9712733330224 103.531736667014,14.9712300001133 103.53178166645,14.9712133334435 103.531893333573,14.9715050002771 103.532071667021,14.9713983337345 103.532098333665,14.9714000002209 103.532200000078,14.9713949999229 103.532428333064,14.9713599997897 103.532348333565,14.9710533332105 103.532313332906,14.9709999998715 103.532310000299,14.9709783335232 103.532254999991,14.9707316668922 103.532160000103,14.9704766662614 103.532073332879,14.9704583331596 103.532019999991,14.9702433337188 103.532008333506,14.9700383328925 103.531566666504,14.9701516669141 103.531626666943,14.97048333311 103.531884999663,14.9704450000986 103.531918333462,14.9707066663524 103.531868333374,14.9707083333658 103.531653333647,14.9707766668426</coordinates></LinearRing></outerBoundaryIs></Polygon></MultiGeometry>
    </Placemark>
    <Placemark>
      <name>320118111636</name>
      <styleUrl>#style_82_001</styleUrl>
      <description><![CDATA[<h3 style="margin-bottom:6px; font-family:sans-serif;">320118111636</h3>
<table style="width:100%; border-collapse:collapse; font-family:sans-serif; font-size:12px;">
<tr style="background-color:#99bfe6; color:#000; font-weight:bold;"><td colspan="2" style="padding:4px; text-align:center;">320118111636</td></tr>
<tr style="background-color:#f0f5fa;"><td style="padding:3px; width:45%;"><b>FID</b></td><td style="padding:3px;">11851</td></tr>
<tr style="background-color:#dbe8f5;"><td style="padding:3px;"><b>รหัสแปลง</b></td><td style="padding:3px;">320118111636</td></tr>
<tr style="background-color:#f0f5fa;"><td style="padding:3px;"><b>รหัสกลุ่มคิว</b></td><td style="padding:3px;">82_001</td></tr>
<tr style="background-color:#dbe8f5;"><td style="padding:3px;"><b>นักเกษตร</b></td><td style="padding:3px;">8201</td></tr>
<tr style="background-color:#f0f5fa;"><td style="padding:3px;"><b>ศูนย์</b></td><td style="padding:3px;">K2-82</td></tr>
<tr style="background-color:#dbe8f5;"><td style="padding:3px;"><b>สถานที่ส่งอ้อย</b></td><td style="padding:3px;">รถตัด</td></tr>
<tr style="background-color:#f0f5fa;"><td style="padding:3px;"><b>ประเภทคิว</b></td><td style="padding:3px;">รถตัด</td></tr>
<tr style="background-color:#dbe8f5;"><td style="padding:3px;"><b>ประเภทรถ</b></td><td style="padding:3px;">10 ล้อเดี่ยว</td></tr>
<tr style="background-color:#f0f5fa;"><td style="padding:3px;"><b>ประเภทชาวไร่</b></td><td style="padding:3px;">รถตัด</td></tr>
<tr style="background-color:#dbe8f5;"><td style="padding:3px;"><b>สถานีขนถ่าย</b></td><td style="padding:3px;"></td></tr>
<tr style="background-color:#f0f5fa;"><td style="padding:3px;"><b>สถานะยืนยัน</b></td><td style="padding:3px;">N</td></tr>
<tr style="background-color:#dbe8f5;"><td style="padding:3px;"><b>โควตา</b></td><td style="padding:3px;">787033</td></tr>
<tr style="background-color:#f0f5fa;"><td style="padding:3px;"><b>ชาวไร่</b></td><td style="padding:3px;">นาย ธีระพงศ์ สุขใสย์</td></tr>
<tr style="background-color:#dbe8f5;"><td style="padding:3px;"><b>ประเภทอ้อย</b></td><td style="padding:3px;">ตอ1</td></tr>
<tr style="background-color:#f0f5fa;"><td style="padding:3px;"><b>พื้นที่</b></td><td style="padding:3px;">8.54</td></tr>
<tr style="background-color:#dbe8f5;"><td style="padding:3px;"><b>ปีผลิต</b></td><td style="padding:3px;">256970</td></tr>
<tr style="background-color:#f0f5fa;"><td style="padding:3px;"><b>ตันรวม</b></td><td style="padding:3px;">76.86</td></tr>
<tr style="background-color:#dbe8f5;"><td style="padding:3px;"><b>สถานที่ส่งอ้อย_1</b></td><td style="padding:3px;">รถตัด</td></tr>
</table>]]></description>
      <MultiGeometry><Polygon><outerBoundaryIs><LinearRing><coordinates>103.378175000013,14.818098332897 103.378268333102,14.8180666665019 103.378303333562,14.8179799995386 103.37850666631,14.8179166665779 103.378591247717,14.8166510793721 103.378558333569,14.8160966669397 103.378509999518,14.8158733335206 103.377739999575,14.816453333053 103.377892148678,14.8168910753058 103.377993576792,14.8171778603868 103.378038661627,14.8174681057457 103.378175000013,14.818098332897</coordinates></LinearRing></outerBoundaryIs></Polygon></MultiGeometry>
    </Placemark>
    <Placemark>
      <name>320110093110</name>
      <styleUrl>#style_82_001</styleUrl>
      <description><![CDATA[<h3 style="margin-bottom:6px; font-family:sans-serif;">320110093110</h3>
<table style="width:100%; border-collapse:collapse; font-family:sans-serif; font-size:12px;">
<tr style="background-color:#99bfe6; color:#000; font-weight:bold;"><td colspan="2" style="padding:4px; text-align:center;">320110093110</td></tr>
<tr style="background-color:#f0f5fa;"><td style="padding:3px; width:45%;"><b>FID</b></td><td style="padding:3px;">11875</td></tr>
<tr style="background-color:#dbe8f5;"><td style="padding:3px;"><b>รหัสแปลง</b></td><td style="padding:3px;">320110093110</td></tr>
<tr style="background-color:#f0f5fa;"><td style="padding:3px;"><b>รหัสกลุ่มคิว</b></td><td style="padding:3px;">82_001</td></tr>
<tr style="background-color:#dbe8f5;"><td style="padding:3px;"><b>นักเกษตร</b></td><td style="padding:3px;">8201</td></tr>
<tr style="background-color:#f0f5fa;"><td style="padding:3px;"><b>ศูนย์</b></td><td style="padding:3px;">K2-82</td></tr>
<tr style="background-color:#dbe8f5;"><td style="padding:3px;"><b>สถานที่ส่งอ้อย</b></td><td style="padding:3px;">รถตัด</td></tr>
<tr style="background-color:#f0f5fa;"><td style="padding:3px;"><b>ประเภทคิว</b></td><td style="padding:3px;">รถตัด</td></tr>
<tr style="background-color:#dbe8f5;"><td style="padding:3px;"><b>ประเภทรถ</b></td><td style="padding:3px;">10 ล้อเดี่ยว</td></tr>
<tr style="background-color:#f0f5fa;"><td style="padding:3px;"><b>ประเภทชาวไร่</b></td><td style="padding:3px;">รถตัด</td></tr>
<tr style="background-color:#dbe8f5;"><td style="padding:3px;"><b>สถานีขนถ่าย</b></td><td style="padding:3px;"></td></tr>
<tr style="background-color:#f0f5fa;"><td style="padding:3px;"><b>สถานะยืนยัน</b></td><td style="padding:3px;">N</td></tr>
<tr style="background-color:#dbe8f5;"><td style="padding:3px;"><b>โควตา</b></td><td style="padding:3px;">718245</td></tr>
<tr style="background-color:#f0f5fa;"><td style="padding:3px;"><b>ชาวไร่</b></td><td style="padding:3px;">นาย สมุห์ ช่อมะลิ</td></tr>
<tr style="background-color:#dbe8f5;"><td style="padding:3px;"><b>ประเภทอ้อย</b></td><td style="padding:3px;">ตอ1</td></tr>
<tr style="background-color:#f0f5fa;"><td style="padding:3px;"><b>พื้นที่</b></td><td style="padding:3px;">1.93</td></tr>
<tr style="background-color:#dbe8f5;"><td style="padding:3px;"><b>ปีผลิต</b></td><td style="padding:3px;">256970</td></tr>
<tr style="background-color:#f0f5fa;"><td style="padding:3px;"><b>ตันรวม</b></td><td style="padding:3px;">17.37</td></tr>
<tr style="background-color:#dbe8f5;"><td style="padding:3px;"><b>สถานที่ส่งอ้อย_1</b></td><td style="padding:3px;">รถตัด</td></tr>
</table>]]></description>
      <MultiGeometry><Polygon><outerBoundaryIs><LinearRing><coordinates>103.488731990308,14.9610644698783 103.488753079731,14.960957010034 103.488745819703,14.9606673995545 103.488125459901,14.9607288802566 103.488114380311,14.9607471903871 103.488105959521,14.9611460200499 103.488731990308,14.9610644698783</coordinates></LinearRing></outerBoundaryIs></Polygon></MultiGeometry>
    </Placemark>
    <Placemark>
      <name>320113041693</name>
      <styleUrl>#style_82_001</styleUrl>
      <description><![CDATA[<h3 style="margin-bottom:6px; font-family:sans-serif;">320113041693</h3>
<table style="width:100%; border-collapse:collapse; font-family:sans-serif; font-size:12px;">
<tr style="background-color:#99bfe6; color:#000; font-weight:bold;"><td colspan="2" style="padding:4px; text-align:center;">320113041693</td></tr>
<tr style="background-color:#f0f5fa;"><td style="padding:3px; width:45%;"><b>FID</b></td><td style="padding:3px;">11881</td></tr>
<tr style="background-color:#dbe8f5;"><td style="padding:3px;"><b>รหัสแปลง</b></td><td style="padding:3px;">320113041693</td></tr>
<tr style="background-color:#f0f5fa;"><td style="padding:3px;"><b>รหัสกลุ่มคิว</b></td><td style="padding:3px;">82_001</td></tr>
<tr style="background-color:#dbe8f5;"><td style="padding:3px;"><b>นักเกษตร</b></td><td style="padding:3px;">8201</td></tr>
<tr style="background-color:#f0f5fa;"><td style="padding:3px;"><b>ศูนย์</b></td><td style="padding:3px;">K2-82</td></tr>
<tr style="background-color:#dbe8f5;"><td style="padding:3px;"><b>สถานที่ส่งอ้อย</b></td><td style="padding:3px;">รถตัด</td></tr>
<tr style="background-color:#f0f5fa;"><td style="padding:3px;"><b>ประเภทคิว</b></td><td style="padding:3px;">รถตัด</td></tr>
<tr style="background-color:#dbe8f5;"><td style="padding:3px;"><b>ประเภทรถ</b></td><td style="padding:3px;">10 ล้อเดี่ยว</td></tr>
<tr style="background-color:#f0f5fa;"><td style="padding:3px;"><b>ประเภทชาวไร่</b></td><td style="padding:3px;">รถตัด</td></tr>
<tr style="background-color:#dbe8f5;"><td style="padding:3px;"><b>สถานีขนถ่าย</b></td><td style="padding:3px;"></td></tr>
<tr style="background-color:#f0f5fa;"><td style="padding:3px;"><b>สถานะยืนยัน</b></td><td style="padding:3px;">N</td></tr>
<tr style="background-color:#dbe8f5;"><td style="padding:3px;"><b>โควตา</b></td><td style="padding:3px;">718236</td></tr>
<tr style="background-color:#f0f5fa;"><td style="padding:3px;"><b>ชาวไร่</b></td><td style="padding:3px;">นาย ภูริวัจน์ เพ็ชรพราว</td></tr>
<tr style="background-color:#dbe8f5;"><td style="padding:3px;"><b>ประเภทอ้อย</b></td><td style="padding:3px;">ตอ1</td></tr>
<tr style="background-color:#f0f5fa;"><td style="padding:3px;"><b>พื้นที่</b></td><td style="padding:3px;">3.1</td></tr>
<tr style="background-color:#dbe8f5;"><td style="padding:3px;"><b>ปีผลิต</b></td><td style="padding:3px;">256970</td></tr>
<tr style="background-color:#f0f5fa;"><td style="padding:3px;"><b>ตันรวม</b></td><td style="padding:3px;">27.9</td></tr>
<tr style="background-color:#dbe8f5;"><td style="padding:3px;"><b>สถานที่ส่งอ้อย_1</b></td><td style="padding:3px;">รถตัด</td></tr>
</table>]]></description>
      <MultiGeometry><Polygon><outerBoundaryIs><LinearRing><coordinates>103.33736333324,14.8048783332297 103.337370000024,14.8049716667316 103.337659757114,14.8053699284745 103.337751646582,14.8053113650596 103.337723333185,14.8052783331352 103.337771666539,14.8051999995699 103.337780000122,14.8050433333917 103.337869999842,14.8051283330727 103.337811666213,14.8052983329864 103.337753333087,14.8053133336066 103.337660774091,14.805371327039 103.337761666805,14.8055100000394 103.338069999898,14.80539000007 103.338021666668,14.8051749999742 103.338164999834,14.8051166666331 103.338163333131,14.8049549997469 103.338148333276,14.8046816665855 103.33736333324,14.8048783332297</coordinates></LinearRing></outerBoundaryIs></Polygon></MultiGeometry>
    </Placemark>
    <Placemark>
      <name>320105191661</name>
      <styleUrl>#style_82_001</styleUrl>
      <description><![CDATA[<h3 style="margin-bottom:6px; font-family:sans-serif;">320105191661</h3>
<table style="width:100%; border-collapse:collapse; font-family:sans-serif; font-size:12px;">
<tr style="background-color:#99bfe6; color:#000; font-weight:bold;"><td colspan="2" style="padding:4px; text-align:center;">320105191661</td></tr>
<tr style="background-color:#f0f5fa;"><td style="padding:3px; width:45%;"><b>FID</b></td><td style="padding:3px;">11889</td></tr>
<tr style="background-color:#dbe8f5;"><td style="padding:3px;"><b>รหัสแปลง</b></td><td style="padding:3px;">320105191661</td></tr>
<tr style="background-color:#f0f5fa;"><td style="padding:3px;"><b>รหัสกลุ่มคิว</b></td><td style="padding:3px;">82_001</td></tr>
<tr style="background-color:#dbe8f5;"><td style="padding:3px;"><b>นักเกษตร</b></td><td style="padding:3px;">8201</td></tr>
<tr style="background-color:#f0f5fa;"><td style="padding:3px;"><b>ศูนย์</b></td><td style="padding:3px;">K2-82</td></tr>
<tr style="background-color:#dbe8f5;"><td style="padding:3px;"><b>สถานที่ส่งอ้อย</b></td><td style="padding:3px;">รถตัด</td></tr>
<tr style="background-color:#f0f5fa;"><td style="padding:3px;"><b>ประเภทคิว</b></td><td style="padding:3px;">รถตัด</td></tr>
<tr style="background-color:#dbe8f5;"><td style="padding:3px;"><b>ประเภทรถ</b></td><td style="padding:3px;">10 ล้อเดี่ยว</td></tr>
<tr style="background-color:#f0f5fa;"><td style="padding:3px;"><b>ประเภทชาวไร่</b></td><td style="padding:3px;">รถตัด</td></tr>
<tr style="background-color:#dbe8f5;"><td style="padding:3px;"><b>สถานีขนถ่าย</b></td><td style="padding:3px;"></td></tr>
<tr style="background-color:#f0f5fa;"><td style="padding:3px;"><b>สถานะยืนยัน</b></td><td style="padding:3px;">N</td></tr>
<tr style="background-color:#dbe8f5;"><td style="padding:3px;"><b>โควตา</b></td><td style="padding:3px;">716914</td></tr>
<tr style="background-color:#f0f5fa;"><td style="padding:3px;"><b>ชาวไร่</b></td><td style="padding:3px;">นาย พิชิต พวงอินทร์</td></tr>
<tr style="background-color:#dbe8f5;"><td style="padding:3px;"><b>ประเภทอ้อย</b></td><td style="padding:3px;">ตอ1</td></tr>
<tr style="background-color:#f0f5fa;"><td style="padding:3px;"><b>พื้นที่</b></td><td style="padding:3px;">4.45</td></tr>
<tr style="background-color:#dbe8f5;"><td style="padding:3px;"><b>ปีผลิต</b></td><td style="padding:3px;">256970</td></tr>
<tr style="background-color:#f0f5fa;"><td style="padding:3px;"><b>ตันรวม</b></td><td style="padding:3px;">40.05</td></tr>
<tr style="background-color:#dbe8f5;"><td style="padding:3px;"><b>สถานที่ส่งอ้อย_1</b></td><td style="padding:3px;">รถตัด</td></tr>
</table>]]></description>
      <MultiGeometry><Polygon><outerBoundaryIs><LinearRing><coordinates>103.467642809949,14.9451513100081 103.468073229845,14.9460854095555 103.468359379611,14.9460110797667 103.46853455982,14.9461095900348 103.468738849738,14.9459458200328 103.468454010171,14.9452847402516 103.468138790091,14.9454473101498 103.467919469822,14.9450264996944 103.467642809949,14.9451513100081</coordinates></LinearRing></outerBoundaryIs></Polygon></MultiGeometry>
    </Placemark>
    <Placemark>
      <name>320103060017</name>
      <styleUrl>#style_82_001</styleUrl>
      <description><![CDATA[<h3 style="margin-bottom:6px; font-family:sans-serif;">320103060017</h3>
<table style="width:100%; border-collapse:collapse; font-family:sans-serif; font-size:12px;">
<tr style="background-color:#99bfe6; color:#000; font-weight:bold;"><td colspan="2" style="padding:4px; text-align:center;">320103060017</td></tr>
<tr style="background-color:#f0f5fa;"><td style="padding:3px; width:45%;"><b>FID</b></td><td style="padding:3px;">12019</td></tr>
<tr style="background-color:#dbe8f5;"><td style="padding:3px;"><b>รหัสแปลง</b></td><td style="padding:3px;">320103060017</td></tr>
<tr style="background-color:#f0f5fa;"><td style="padding:3px;"><b>รหัสกลุ่มคิว</b></td><td style="padding:3px;">82_001</td></tr>
<tr style="background-color:#dbe8f5;"><td style="padding:3px;"><b>นักเกษตร</b></td><td style="padding:3px;">8201</td></tr>
<tr style="background-color:#f0f5fa;"><td style="padding:3px;"><b>ศูนย์</b></td><td style="padding:3px;">K2-82</td></tr>
<tr style="background-color:#dbe8f5;"><td style="padding:3px;"><b>สถานที่ส่งอ้อย</b></td><td style="padding:3px;">รถตัด</td></tr>
<tr style="background-color:#f0f5fa;"><td style="padding:3px;"><b>ประเภทคิว</b></td><td style="padding:3px;">รถตัด</td></tr>
<tr style="background-color:#dbe8f5;"><td style="padding:3px;"><b>ประเภทรถ</b></td><td style="padding:3px;">10 ล้อเดี่ยว</td></tr>
<tr style="background-color:#f0f5fa;"><td style="padding:3px;"><b>ประเภทชาวไร่</b></td><td style="padding:3px;">รถตัด</td></tr>
<tr style="background-color:#dbe8f5;"><td style="padding:3px;"><b>สถานีขนถ่าย</b></td><td style="padding:3px;"></td></tr>
<tr style="background-color:#f0f5fa;"><td style="padding:3px;"><b>สถานะยืนยัน</b></td><td style="padding:3px;">N</td></tr>
<tr style="background-color:#dbe8f5;"><td style="padding:3px;"><b>โควตา</b></td><td style="padding:3px;">788036</td></tr>
<tr style="background-color:#f0f5fa;"><td style="padding:3px;"><b>ชาวไร่</b></td><td style="padding:3px;">นาย เรียน นะรมรัมย์</td></tr>
<tr style="background-color:#dbe8f5;"><td style="padding:3px;"><b>ประเภทอ้อย</b></td><td style="padding:3px;">ตอ1</td></tr>
<tr style="background-color:#f0f5fa;"><td style="padding:3px;"><b>พื้นที่</b></td><td style="padding:3px;">2.97</td></tr>
<tr style="background-color:#dbe8f5;"><td style="padding:3px;"><b>ปีผลิต</b></td><td style="padding:3px;">256970</td></tr>
<tr style="background-color:#f0f5fa;"><td style="padding:3px;"><b>ตันรวม</b></td><td style="padding:3px;">26.73</td></tr>
<tr style="background-color:#dbe8f5;"><td style="padding:3px;"><b>สถานที่ส่งอ้อย_1</b></td><td style="padding:3px;">รถตัด</td></tr>
</table>]]></description>
      <MultiGeometry><Polygon><outerBoundaryIs><LinearRing><coordinates>103.461411666857,15.0654399996232 103.461406666724,15.0653949997967 103.461288332797,15.0647450000952 103.461238333143,15.0644083332307 103.461108332922,15.0644100003186 103.460878333679,15.0644349997323 103.46086666638,15.0645583333629 103.460881666157,15.0646233332329 103.460955000275,15.0650483332935 103.460999999693,15.065224999685 103.461049999439,15.0654783329642 103.461411666857,15.0654399996232</coordinates></LinearRing></outerBoundaryIs></Polygon></MultiGeometry>
    </Placemark>
    <Placemark>
      <name>320113041694</name>
      <styleUrl>#style_82_001</styleUrl>
      <description><![CDATA[<h3 style="margin-bottom:6px; font-family:sans-serif;">320113041694</h3>
<table style="width:100%; border-collapse:collapse; font-family:sans-serif; font-size:12px;">
<tr style="background-color:#99bfe6; color:#000; font-weight:bold;"><td colspan="2" style="padding:4px; text-align:center;">320113041694</td></tr>
<tr style="background-color:#f0f5fa;"><td style="padding:3px; width:45%;"><b>FID</b></td><td style="padding:3px;">12021</td></tr>
<tr style="background-color:#dbe8f5;"><td style="padding:3px;"><b>รหัสแปลง</b></td><td style="padding:3px;">320113041694</td></tr>
<tr style="background-color:#f0f5fa;"><td style="padding:3px;"><b>รหัสกลุ่มคิว</b></td><td style="padding:3px;">82_001</td></tr>
<tr style="background-color:#dbe8f5;"><td style="padding:3px;"><b>นักเกษตร</b></td><td style="padding:3px;">8201</td></tr>
<tr style="background-color:#f0f5fa;"><td style="padding:3px;"><b>ศูนย์</b></td><td style="padding:3px;">K2-82</td></tr>
<tr style="background-color:#dbe8f5;"><td style="padding:3px;"><b>สถานที่ส่งอ้อย</b></td><td style="padding:3px;">รถตัด</td></tr>
<tr style="background-color:#f0f5fa;"><td style="padding:3px;"><b>ประเภทคิว</b></td><td style="padding:3px;">รถตัด</td></tr>
<tr style="background-color:#dbe8f5;"><td style="padding:3px;"><b>ประเภทรถ</b></td><td style="padding:3px;">10 ล้อเดี่ยว</td></tr>
<tr style="background-color:#f0f5fa;"><td style="padding:3px;"><b>ประเภทชาวไร่</b></td><td style="padding:3px;">รถตัด</td></tr>
<tr style="background-color:#dbe8f5;"><td style="padding:3px;"><b>สถานีขนถ่าย</b></td><td style="padding:3px;"></td></tr>
<tr style="background-color:#f0f5fa;"><td style="padding:3px;"><b>สถานะยืนยัน</b></td><td style="padding:3px;">N</td></tr>
<tr style="background-color:#dbe8f5;"><td style="padding:3px;"><b>โควตา</b></td><td style="padding:3px;">788057</td></tr>
<tr style="background-color:#f0f5fa;"><td style="padding:3px;"><b>ชาวไร่</b></td><td style="padding:3px;">นาง สุขสันต์ แก้วก้อง</td></tr>
<tr style="background-color:#dbe8f5;"><td style="padding:3px;"><b>ประเภทอ้อย</b></td><td style="padding:3px;">ตอ1</td></tr>
<tr style="background-color:#f0f5fa;"><td style="padding:3px;"><b>พื้นที่</b></td><td style="padding:3px;">7.3</td></tr>
<tr style="background-color:#dbe8f5;"><td style="padding:3px;"><b>ปีผลิต</b></td><td style="padding:3px;">256970</td></tr>
<tr style="background-color:#f0f5fa;"><td style="padding:3px;"><b>ตันรวม</b></td><td style="padding:3px;">65.7</td></tr>
<tr style="background-color:#dbe8f5;"><td style="padding:3px;"><b>สถานที่ส่งอ้อย_1</b></td><td style="padding:3px;">รถตัด</td></tr>
</table>]]></description>
      <MultiGeometry><Polygon><outerBoundaryIs><LinearRing><coordinates>103.334730000183,14.8013283332757 103.334553333276,14.8014250003784 103.334363333275,14.8016066669012 103.334554999638,14.8020833333976 103.33499833337,14.8019583336138 103.335221666503,14.8019616668477 103.335661666789,14.8019749995693 103.335655000161,14.8019316665976 103.335815000271,14.8018849997027 103.335828333016,14.801870000091 103.335875000182,14.8018150000523 103.335751666316,14.801151666512 103.334730000183,14.8013283332757</coordinates></LinearRing></outerBoundaryIs></Polygon></MultiGeometry>
    </Placemark>
    <Placemark>
      <name>320104111642</name>
      <styleUrl>#style_82_001</styleUrl>
      <description><![CDATA[<h3 style="margin-bottom:6px; font-family:sans-serif;">320104111642</h3>
<table style="width:100%; border-collapse:collapse; font-family:sans-serif; font-size:12px;">
<tr style="background-color:#99bfe6; color:#000; font-weight:bold;"><td colspan="2" style="padding:4px; text-align:center;">320104111642</td></tr>
<tr style="background-color:#f0f5fa;"><td style="padding:3px; width:45%;"><b>FID</b></td><td style="padding:3px;">12027</td></tr>
<tr style="background-color:#dbe8f5;"><td style="padding:3px;"><b>รหัสแปลง</b></td><td style="padding:3px;">320104111642</td></tr>
<tr style="background-color:#f0f5fa;"><td style="padding:3px;"><b>รหัสกลุ่มคิว</b></td><td style="padding:3px;">82_001</td></tr>
<tr style="background-color:#dbe8f5;"><td style="padding:3px;"><b>นักเกษตร</b></td><td style="padding:3px;">8201</td></tr>
<tr style="background-color:#f0f5fa;"><td style="padding:3px;"><b>ศูนย์</b></td><td style="padding:3px;">K2-82</td></tr>
<tr style="background-color:#dbe8f5;"><td style="padding:3px;"><b>สถานที่ส่งอ้อย</b></td><td style="padding:3px;">รถตัด</td></tr>
<tr style="background-color:#f0f5fa;"><td style="padding:3px;"><b>ประเภทคิว</b></td><td style="padding:3px;">รถตัด</td></tr>
<tr style="background-color:#dbe8f5;"><td style="padding:3px;"><b>ประเภทรถ</b></td><td style="padding:3px;">10 ล้อเดี่ยว</td></tr>
<tr style="background-color:#f0f5fa;"><td style="padding:3px;"><b>ประเภทชาวไร่</b></td><td style="padding:3px;">รถตัด</td></tr>
<tr style="background-color:#dbe8f5;"><td style="padding:3px;"><b>สถานีขนถ่าย</b></td><td style="padding:3px;"></td></tr>
<tr style="background-color:#f0f5fa;"><td style="padding:3px;"><b>สถานะยืนยัน</b></td><td style="padding:3px;">N</td></tr>
<tr style="background-color:#dbe8f5;"><td style="padding:3px;"><b>โควตา</b></td><td style="padding:3px;">788037</td></tr>
<tr style="background-color:#f0f5fa;"><td style="padding:3px;"><b>ชาวไร่</b></td><td style="padding:3px;">นาย สัญชาติ กุลัดนาม</td></tr>
<tr style="background-color:#dbe8f5;"><td style="padding:3px;"><b>ประเภทอ้อย</b></td><td style="padding:3px;">ตอ1</td></tr>
<tr style="background-color:#f0f5fa;"><td style="padding:3px;"><b>พื้นที่</b></td><td style="padding:3px;">8.97</td></tr>
<tr style="background-color:#dbe8f5;"><td style="padding:3px;"><b>ปีผลิต</b></td><td style="padding:3px;">256970</td></tr>
<tr style="background-color:#f0f5fa;"><td style="padding:3px;"><b>ตันรวม</b></td><td style="padding:3px;">80.73</td></tr>
<tr style="background-color:#dbe8f5;"><td style="padding:3px;"><b>สถานที่ส่งอ้อย_1</b></td><td style="padding:3px;">รถตัด</td></tr>
</table>]]></description>
      <MultiGeometry><Polygon><outerBoundaryIs><LinearRing><coordinates>103.448004999518,15.0069316670446 103.445509999687,15.0072966662509 103.445569805245,15.0076173797968 103.446008332801,15.0075283330462 103.446613028928,15.0074187737093 103.446713918663,15.0078516265973 103.448128333613,15.0073866662196 103.448004999518,15.0069316670446</coordinates></LinearRing></outerBoundaryIs></Polygon></MultiGeometry>
    </Placemark>
    <Placemark>
      <name>320110021604</name>
      <styleUrl>#style_82_001</styleUrl>
      <description><![CDATA[<h3 style="margin-bottom:6px; font-family:sans-serif;">320110021604</h3>
<table style="width:100%; border-collapse:collapse; font-family:sans-serif; font-size:12px;">
<tr style="background-color:#99bfe6; color:#000; font-weight:bold;"><td colspan="2" style="padding:4px; text-align:center;">320110021604</td></tr>
<tr style="background-color:#f0f5fa;"><td style="padding:3px; width:45%;"><b>FID</b></td><td style="padding:3px;">12204</td></tr>
<tr style="background-color:#dbe8f5;"><td style="padding:3px;"><b>รหัสแปลง</b></td><td style="padding:3px;">320110021604</td></tr>
<tr style="background-color:#f0f5fa;"><td style="padding:3px;"><b>รหัสกลุ่มคิว</b></td><td style="padding:3px;">82_001</td></tr>
<tr style="background-color:#dbe8f5;"><td style="padding:3px;"><b>นักเกษตร</b></td><td style="padding:3px;">8201</td></tr>
<tr style="background-color:#f0f5fa;"><td style="padding:3px;"><b>ศูนย์</b></td><td style="padding:3px;">K2-82</td></tr>
<tr style="background-color:#dbe8f5;"><td style="padding:3px;"><b>สถานที่ส่งอ้อย</b></td><td style="padding:3px;">รถตัด</td></tr>
<tr style="background-color:#f0f5fa;"><td style="padding:3px;"><b>ประเภทคิว</b></td><td style="padding:3px;">รถตัด</td></tr>
<tr style="background-color:#dbe8f5;"><td style="padding:3px;"><b>ประเภทรถ</b></td><td style="padding:3px;">10 ล้อเดี่ยว</td></tr>
<tr style="background-color:#f0f5fa;"><td style="padding:3px;"><b>ประเภทชาวไร่</b></td><td style="padding:3px;">รถตัด</td></tr>
<tr style="background-color:#dbe8f5;"><td style="padding:3px;"><b>สถานีขนถ่าย</b></td><td style="padding:3px;"></td></tr>
<tr style="background-color:#f0f5fa;"><td style="padding:3px;"><b>สถานะยืนยัน</b></td><td style="padding:3px;">N</td></tr>
<tr style="background-color:#dbe8f5;"><td style="padding:3px;"><b>โควตา</b></td><td style="padding:3px;">716933</td></tr>
<tr style="background-color:#f0f5fa;"><td style="padding:3px;"><b>ชาวไร่</b></td><td style="padding:3px;">นาย ประหยัด ช่อมะลิ</td></tr>
<tr style="background-color:#dbe8f5;"><td style="padding:3px;"><b>ประเภทอ้อย</b></td><td style="padding:3px;">ตอ1</td></tr>
<tr style="background-color:#f0f5fa;"><td style="padding:3px;"><b>พื้นที่</b></td><td style="padding:3px;">11.44</td></tr>
<tr style="background-color:#dbe8f5;"><td style="padding:3px;"><b>ปีผลิต</b></td><td style="padding:3px;">256970</td></tr>
<tr style="background-color:#f0f5fa;"><td style="padding:3px;"><b>ตันรวม</b></td><td style="padding:3px;">102.96</td></tr>
<tr style="background-color:#dbe8f5;"><td style="padding:3px;"><b>สถานที่ส่งอ้อย_1</b></td><td style="padding:3px;">รถตัด</td></tr>
</table>]]></description>
      <MultiGeometry><Polygon><outerBoundaryIs><LinearRing><coordinates>103.516174999446,14.9577816666014 103.517114999871,14.9574700002277 103.517809999968,14.957241666639 103.518851666745,14.9569416668247 103.518741666531,14.9567149996913 103.518420000076,14.9566616667204 103.518359999945,14.9566283331413 103.518038333318,14.9566149996854 103.517536666882,14.9566733334277 103.516806666974,14.9569466670421 103.516396666272,14.9571216663303 103.51592000018,14.9573399999525 103.516174999446,14.9577816666014</coordinates></LinearRing></outerBoundaryIs></Polygon></MultiGeometry>
    </Placemark>
    <Placemark>
      <name>320105041615</name>
      <styleUrl>#style_82_001</styleUrl>
      <description><![CDATA[<h3 style="margin-bottom:6px; font-family:sans-serif;">320105041615</h3>
<table style="width:100%; border-collapse:collapse; font-family:sans-serif; font-size:12px;">
<tr style="background-color:#99bfe6; color:#000; font-weight:bold;"><td colspan="2" style="padding:4px; text-align:center;">320105041615</td></tr>
<tr style="background-color:#f0f5fa;"><td style="padding:3px; width:45%;"><b>FID</b></td><td style="padding:3px;">12206</td></tr>
<tr style="background-color:#dbe8f5;"><td style="padding:3px;"><b>รหัสแปลง</b></td><td style="padding:3px;">320105041615</td></tr>
<tr style="background-color:#f0f5fa;"><td style="padding:3px;"><b>รหัสกลุ่มคิว</b></td><td style="padding:3px;">82_001</td></tr>
<tr style="background-color:#dbe8f5;"><td style="padding:3px;"><b>นักเกษตร</b></td><td style="padding:3px;">8201</td></tr>
<tr style="background-color:#f0f5fa;"><td style="padding:3px;"><b>ศูนย์</b></td><td style="padding:3px;">K2-82</td></tr>
<tr style="background-color:#dbe8f5;"><td style="padding:3px;"><b>สถานที่ส่งอ้อย</b></td><td style="padding:3px;">รถตัด</td></tr>
<tr style="background-color:#f0f5fa;"><td style="padding:3px;"><b>ประเภทคิว</b></td><td style="padding:3px;">รถตัด</td></tr>
<tr style="background-color:#dbe8f5;"><td style="padding:3px;"><b>ประเภทรถ</b></td><td style="padding:3px;">10 ล้อเดี่ยว</td></tr>
<tr style="background-color:#f0f5fa;"><td style="padding:3px;"><b>ประเภทชาวไร่</b></td><td style="padding:3px;">รถตัด</td></tr>
<tr style="background-color:#dbe8f5;"><td style="padding:3px;"><b>สถานีขนถ่าย</b></td><td style="padding:3px;"></td></tr>
<tr style="background-color:#f0f5fa;"><td style="padding:3px;"><b>สถานะยืนยัน</b></td><td style="padding:3px;">N</td></tr>
<tr style="background-color:#dbe8f5;"><td style="padding:3px;"><b>โควตา</b></td><td style="padding:3px;">718292</td></tr>
<tr style="background-color:#f0f5fa;"><td style="padding:3px;"><b>ชาวไร่</b></td><td style="padding:3px;">นาง เกศณีย์ กำลังมา</td></tr>
<tr style="background-color:#dbe8f5;"><td style="padding:3px;"><b>ประเภทอ้อย</b></td><td style="padding:3px;">ตอ1</td></tr>
<tr style="background-color:#f0f5fa;"><td style="padding:3px;"><b>พื้นที่</b></td><td style="padding:3px;">3.18</td></tr>
<tr style="background-color:#dbe8f5;"><td style="padding:3px;"><b>ปีผลิต</b></td><td style="padding:3px;">256970</td></tr>
<tr style="background-color:#f0f5fa;"><td style="padding:3px;"><b>ตันรวม</b></td><td style="padding:3px;">28.62</td></tr>
<tr style="background-color:#dbe8f5;"><td style="padding:3px;"><b>สถานที่ส่งอ้อย_1</b></td><td style="padding:3px;">รถตัด</td></tr>
</table>]]></description>
      <MultiGeometry><Polygon><outerBoundaryIs><LinearRing><coordinates>103.440626979493,14.9563085103817 103.440409579761,14.9558668900047 103.440405729731,14.9558670795439 103.440220629631,14.9559214902382 103.440175720179,14.9559143504042 103.440056320007,14.9559367399446 103.43984545974,14.9560059000509 103.439755549858,14.9560569598729 103.439653349888,14.9560785398131 103.439332699551,14.9562467099005 103.439374509944,14.9563308402863 103.439395319475,14.9564339902844 103.439733340106,14.9564074798834 103.439788749793,14.9564143196268 103.439934169975,14.9563946397818 103.440078549524,14.9563206103715 103.440626979493,14.9563085103817</coordinates></LinearRing></outerBoundaryIs></Polygon></MultiGeometry>
    </Placemark>
    <Placemark>
      <name>320118111638</name>
      <styleUrl>#style_82_001</styleUrl>
      <description><![CDATA[<h3 style="margin-bottom:6px; font-family:sans-serif;">320118111638</h3>
<table style="width:100%; border-collapse:collapse; font-family:sans-serif; font-size:12px;">
<tr style="background-color:#99bfe6; color:#000; font-weight:bold;"><td colspan="2" style="padding:4px; text-align:center;">320118111638</td></tr>
<tr style="background-color:#f0f5fa;"><td style="padding:3px; width:45%;"><b>FID</b></td><td style="padding:3px;">12226</td></tr>
<tr style="background-color:#dbe8f5;"><td style="padding:3px;"><b>รหัสแปลง</b></td><td style="padding:3px;">320118111638</td></tr>
<tr style="background-color:#f0f5fa;"><td style="padding:3px;"><b>รหัสกลุ่มคิว</b></td><td style="padding:3px;">82_001</td></tr>
<tr style="background-color:#dbe8f5;"><td style="padding:3px;"><b>นักเกษตร</b></td><td style="padding:3px;">8201</td></tr>
<tr style="background-color:#f0f5fa;"><td style="padding:3px;"><b>ศูนย์</b></td><td style="padding:3px;">K2-82</td></tr>
<tr style="background-color:#dbe8f5;"><td style="padding:3px;"><b>สถานที่ส่งอ้อย</b></td><td style="padding:3px;">รถตัด</td></tr>
<tr style="background-color:#f0f5fa;"><td style="padding:3px;"><b>ประเภทคิว</b></td><td style="padding:3px;">รถตัด</td></tr>
<tr style="background-color:#dbe8f5;"><td style="padding:3px;"><b>ประเภทรถ</b></td><td style="padding:3px;">10 ล้อเดี่ยว</td></tr>
<tr style="background-color:#f0f5fa;"><td style="padding:3px;"><b>ประเภทชาวไร่</b></td><td style="padding:3px;">รถตัด</td></tr>
<tr style="background-color:#dbe8f5;"><td style="padding:3px;"><b>สถานีขนถ่าย</b></td><td style="padding:3px;"></td></tr>
<tr style="background-color:#f0f5fa;"><td style="padding:3px;"><b>สถานะยืนยัน</b></td><td style="padding:3px;">N</td></tr>
<tr style="background-color:#dbe8f5;"><td style="padding:3px;"><b>โควตา</b></td><td style="padding:3px;">787098</td></tr>
<tr style="background-color:#f0f5fa;"><td style="padding:3px;"><b>ชาวไร่</b></td><td style="padding:3px;">นาย ธนสาร กำลังมา</td></tr>
<tr style="background-color:#dbe8f5;"><td style="padding:3px;"><b>ประเภทอ้อย</b></td><td style="padding:3px;">ตอ1</td></tr>
<tr style="background-color:#f0f5fa;"><td style="padding:3px;"><b>พื้นที่</b></td><td style="padding:3px;">2.26</td></tr>
<tr style="background-color:#dbe8f5;"><td style="padding:3px;"><b>ปีผลิต</b></td><td style="padding:3px;">256970</td></tr>
<tr style="background-color:#f0f5fa;"><td style="padding:3px;"><b>ตันรวม</b></td><td style="padding:3px;">20.34</td></tr>
<tr style="background-color:#dbe8f5;"><td style="padding:3px;"><b>สถานที่ส่งอ้อย_1</b></td><td style="padding:3px;">รถตัด</td></tr>
</table>]]></description>
      <MultiGeometry><Polygon><outerBoundaryIs><LinearRing><coordinates>103.382833333283,14.8076016666851 103.381951666174,14.8079033334557 103.381821666926,14.8076583333207 103.381431666225,14.8078383336161 103.381655000207,14.8082250001357 103.382014999777,14.8080349998 103.382016666185,14.8079900003354 103.382885000287,14.8077483332114 103.382833333283,14.8076016666851</coordinates></LinearRing></outerBoundaryIs></Polygon></MultiGeometry>
    </Placemark>
    <Placemark>
      <name>320122080003</name>
      <styleUrl>#style_82_001</styleUrl>
      <description><![CDATA[<h3 style="margin-bottom:6px; font-family:sans-serif;">320122080003</h3>
<table style="width:100%; border-collapse:collapse; font-family:sans-serif; font-size:12px;">
<tr style="background-color:#99bfe6; color:#000; font-weight:bold;"><td colspan="2" style="padding:4px; text-align:center;">320122080003</td></tr>
<tr style="background-color:#f0f5fa;"><td style="padding:3px; width:45%;"><b>FID</b></td><td style="padding:3px;">12232</td></tr>
<tr style="background-color:#dbe8f5;"><td style="padding:3px;"><b>รหัสแปลง</b></td><td style="padding:3px;">320122080003</td></tr>
<tr style="background-color:#f0f5fa;"><td style="padding:3px;"><b>รหัสกลุ่มคิว</b></td><td style="padding:3px;">82_001</td></tr>
<tr style="background-color:#dbe8f5;"><td style="padding:3px;"><b>นักเกษตร</b></td><td style="padding:3px;">8201</td></tr>
<tr style="background-color:#f0f5fa;"><td style="padding:3px;"><b>ศูนย์</b></td><td style="padding:3px;">K2-82</td></tr>
<tr style="background-color:#dbe8f5;"><td style="padding:3px;"><b>สถานที่ส่งอ้อย</b></td><td style="padding:3px;">รถตัด</td></tr>
<tr style="background-color:#f0f5fa;"><td style="padding:3px;"><b>ประเภทคิว</b></td><td style="padding:3px;">รถตัด</td></tr>
<tr style="background-color:#dbe8f5;"><td style="padding:3px;"><b>ประเภทรถ</b></td><td style="padding:3px;">10 ล้อเดี่ยว</td></tr>
<tr style="background-color:#f0f5fa;"><td style="padding:3px;"><b>ประเภทชาวไร่</b></td><td style="padding:3px;">รถตัด</td></tr>
<tr style="background-color:#dbe8f5;"><td style="padding:3px;"><b>สถานีขนถ่าย</b></td><td style="padding:3px;"></td></tr>
<tr style="background-color:#f0f5fa;"><td style="padding:3px;"><b>สถานะยืนยัน</b></td><td style="padding:3px;">N</td></tr>
<tr style="background-color:#dbe8f5;"><td style="padding:3px;"><b>โควตา</b></td><td style="padding:3px;">788063</td></tr>
<tr style="background-color:#f0f5fa;"><td style="padding:3px;"><b>ชาวไร่</b></td><td style="padding:3px;">นาย ประสพ สำรวมจิตต์</td></tr>
<tr style="background-color:#dbe8f5;"><td style="padding:3px;"><b>ประเภทอ้อย</b></td><td style="padding:3px;">ตอ1</td></tr>
<tr style="background-color:#f0f5fa;"><td style="padding:3px;"><b>พื้นที่</b></td><td style="padding:3px;">11.78</td></tr>
<tr style="background-color:#dbe8f5;"><td style="padding:3px;"><b>ปีผลิต</b></td><td style="padding:3px;">256970</td></tr>
<tr style="background-color:#f0f5fa;"><td style="padding:3px;"><b>ตันรวม</b></td><td style="padding:3px;">106.02</td></tr>
<tr style="background-color:#dbe8f5;"><td style="padding:3px;"><b>สถานที่ส่งอ้อย_1</b></td><td style="padding:3px;">รถตัด</td></tr>
</table>]]></description>
      <MultiGeometry><Polygon><outerBoundaryIs><LinearRing><coordinates>103.399434739461,14.8759640601491 103.400281300135,14.8761223498575 103.400322490041,14.8761483699451 103.400670480034,14.8762395397102 103.400938340169,14.8763509395402 103.40092482966,14.8762577597537 103.400870880176,14.876198799547 103.400755299748,14.8760495997401 103.400609429575,14.8759267003986 103.400513629919,14.8757747900294 103.400269549829,14.8755907702187 103.399969930138,14.8753504001116 103.39977697969,14.8752093403517 103.399538219508,14.8750510295826 103.399217969468,14.8748707998582 103.399032729816,14.8747294197781 103.398893219552,14.8746361598797 103.398670770353,14.8744780197676 103.398453649578,14.8742905702434 103.398414489704,14.8742829895861 103.398228660075,14.8743932102594 103.398299139532,14.874493339737 103.398557059504,14.8748026198452 103.398716149803,14.8750598904144 103.398967149623,14.8753912399525 103.399136329788,14.8756314100441 103.399434729516,14.8759548502092 103.399434739461,14.8759640601491</coordinates></LinearRing></outerBoundaryIs></Polygon></MultiGeometry>
    </Placemark>
    <Placemark>
      <name>320113041698</name>
      <styleUrl>#style_82_001</styleUrl>
      <description><![CDATA[<h3 style="margin-bottom:6px; font-family:sans-serif;">320113041698</h3>
<table style="width:100%; border-collapse:collapse; font-family:sans-serif; font-size:12px;">
<tr style="background-color:#99bfe6; color:#000; font-weight:bold;"><td colspan="2" style="padding:4px; text-align:center;">320113041698</td></tr>
<tr style="background-color:#f0f5fa;"><td style="padding:3px; width:45%;"><b>FID</b></td><td style="padding:3px;">12265</td></tr>
<tr style="background-color:#dbe8f5;"><td style="padding:3px;"><b>รหัสแปลง</b></td><td style="padding:3px;">320113041698</td></tr>
<tr style="background-color:#f0f5fa;"><td style="padding:3px;"><b>รหัสกลุ่มคิว</b></td><td style="padding:3px;">82_001</td></tr>
<tr style="background-color:#dbe8f5;"><td style="padding:3px;"><b>นักเกษตร</b></td><td style="padding:3px;">8201</td></tr>
<tr style="background-color:#f0f5fa;"><td style="padding:3px;"><b>ศูนย์</b></td><td style="padding:3px;">K2-82</td></tr>
<tr style="background-color:#dbe8f5;"><td style="padding:3px;"><b>สถานที่ส่งอ้อย</b></td><td style="padding:3px;">รถตัด</td></tr>
<tr style="background-color:#f0f5fa;"><td style="padding:3px;"><b>ประเภทคิว</b></td><td style="padding:3px;">รถตัด</td></tr>
<tr style="background-color:#dbe8f5;"><td style="padding:3px;"><b>ประเภทรถ</b></td><td style="padding:3px;">10 ล้อเดี่ยว</td></tr>
<tr style="background-color:#f0f5fa;"><td style="padding:3px;"><b>ประเภทชาวไร่</b></td><td style="padding:3px;">รถตัด</td></tr>
<tr style="background-color:#dbe8f5;"><td style="padding:3px;"><b>สถานีขนถ่าย</b></td><td style="padding:3px;"></td></tr>
<tr style="background-color:#f0f5fa;"><td style="padding:3px;"><b>สถานะยืนยัน</b></td><td style="padding:3px;">N</td></tr>
<tr style="background-color:#dbe8f5;"><td style="padding:3px;"><b>โควตา</b></td><td style="padding:3px;">788055</td></tr>
<tr style="background-color:#f0f5fa;"><td style="padding:3px;"><b>ชาวไร่</b></td><td style="padding:3px;">นาย อรรถกร ลัดดา</td></tr>
<tr style="background-color:#dbe8f5;"><td style="padding:3px;"><b>ประเภทอ้อย</b></td><td style="padding:3px;">ตอ1</td></tr>
<tr style="background-color:#f0f5fa;"><td style="padding:3px;"><b>พื้นที่</b></td><td style="padding:3px;">11.59</td></tr>
<tr style="background-color:#dbe8f5;"><td style="padding:3px;"><b>ปีผลิต</b></td><td style="padding:3px;">256970</td></tr>
<tr style="background-color:#f0f5fa;"><td style="padding:3px;"><b>ตันรวม</b></td><td style="padding:3px;">104.31</td></tr>
<tr style="background-color:#dbe8f5;"><td style="padding:3px;"><b>สถานที่ส่งอ้อย_1</b></td><td style="padding:3px;">รถตัด</td></tr>
</table>]]></description>
      <MultiGeometry><Polygon><outerBoundaryIs><LinearRing><coordinates>103.327031150203,14.8055523797304 103.327321759659,14.8053650002269 103.327091329989,14.8048466597317 103.326996360101,14.8045885099988 103.326827889593,14.804243540314 103.326534689962,14.8035342600286 103.325861609465,14.8041725901286 103.325864599872,14.8041754298439 103.325957869989,14.8042870300777 103.32614765969,14.8047254498356 103.32650826019,14.805659979803 103.327031150203,14.8055523797304</coordinates></LinearRing></outerBoundaryIs></Polygon></MultiGeometry>
    </Placemark>
    <Placemark>
      <name>320113061627</name>
      <styleUrl>#style_82_001</styleUrl>
      <description><![CDATA[<h3 style="margin-bottom:6px; font-family:sans-serif;">320113061627</h3>
<table style="width:100%; border-collapse:collapse; font-family:sans-serif; font-size:12px;">
<tr style="background-color:#99bfe6; color:#000; font-weight:bold;"><td colspan="2" style="padding:4px; text-align:center;">320113061627</td></tr>
<tr style="background-color:#f0f5fa;"><td style="padding:3px; width:45%;"><b>FID</b></td><td style="padding:3px;">12305</td></tr>
<tr style="background-color:#dbe8f5;"><td style="padding:3px;"><b>รหัสแปลง</b></td><td style="padding:3px;">320113061627</td></tr>
<tr style="background-color:#f0f5fa;"><td style="padding:3px;"><b>รหัสกลุ่มคิว</b></td><td style="padding:3px;">82_001</td></tr>
<tr style="background-color:#dbe8f5;"><td style="padding:3px;"><b>นักเกษตร</b></td><td style="padding:3px;">8201</td></tr>
<tr style="background-color:#f0f5fa;"><td style="padding:3px;"><b>ศูนย์</b></td><td style="padding:3px;">K2-82</td></tr>
<tr style="background-color:#dbe8f5;"><td style="padding:3px;"><b>สถานที่ส่งอ้อย</b></td><td style="padding:3px;">รถตัด</td></tr>
<tr style="background-color:#f0f5fa;"><td style="padding:3px;"><b>ประเภทคิว</b></td><td style="padding:3px;">รถตัด</td></tr>
<tr style="background-color:#dbe8f5;"><td style="padding:3px;"><b>ประเภทรถ</b></td><td style="padding:3px;">10 ล้อเดี่ยว</td></tr>
<tr style="background-color:#f0f5fa;"><td style="padding:3px;"><b>ประเภทชาวไร่</b></td><td style="padding:3px;">รถตัด</td></tr>
<tr style="background-color:#dbe8f5;"><td style="padding:3px;"><b>สถานีขนถ่าย</b></td><td style="padding:3px;"></td></tr>
<tr style="background-color:#f0f5fa;"><td style="padding:3px;"><b>สถานะยืนยัน</b></td><td style="padding:3px;">N</td></tr>
<tr style="background-color:#dbe8f5;"><td style="padding:3px;"><b>โควตา</b></td><td style="padding:3px;">788051</td></tr>
<tr style="background-color:#f0f5fa;"><td style="padding:3px;"><b>ชาวไร่</b></td><td style="padding:3px;">นางสาว จันทร์จิรา บุญตน</td></tr>
<tr style="background-color:#dbe8f5;"><td style="padding:3px;"><b>ประเภทอ้อย</b></td><td style="padding:3px;">ตอ1</td></tr>
<tr style="background-color:#f0f5fa;"><td style="padding:3px;"><b>พื้นที่</b></td><td style="padding:3px;">3.28</td></tr>
<tr style="background-color:#dbe8f5;"><td style="padding:3px;"><b>ปีผลิต</b></td><td style="padding:3px;">256970</td></tr>
<tr style="background-color:#f0f5fa;"><td style="padding:3px;"><b>ตันรวม</b></td><td style="padding:3px;">29.52</td></tr>
<tr style="background-color:#dbe8f5;"><td style="padding:3px;"><b>สถานที่ส่งอ้อย_1</b></td><td style="padding:3px;">รถตัด</td></tr>
</table>]]></description>
      <MultiGeometry><Polygon><outerBoundaryIs><LinearRing><coordinates>103.362498333268,14.8066033333486 103.362650000329,14.8066483336894 103.362705000348,14.8065133329726 103.362739999484,14.8063600001569 103.362736666232,14.8062133331073 103.362553332997,14.8052516669261 103.362186666352,14.8053616668562 103.362498333268,14.8066033333486</coordinates></LinearRing></outerBoundaryIs></Polygon></MultiGeometry>
    </Placemark>
    <Placemark>
      <name>320104051514</name>
      <styleUrl>#style_82_001</styleUrl>
      <description><![CDATA[<h3 style="margin-bottom:6px; font-family:sans-serif;">320104051514</h3>
<table style="width:100%; border-collapse:collapse; font-family:sans-serif; font-size:12px;">
<tr style="background-color:#99bfe6; color:#000; font-weight:bold;"><td colspan="2" style="padding:4px; text-align:center;">320104051514</td></tr>
<tr style="background-color:#f0f5fa;"><td style="padding:3px; width:45%;"><b>FID</b></td><td style="padding:3px;">12326</td></tr>
<tr style="background-color:#dbe8f5;"><td style="padding:3px;"><b>รหัสแปลง</b></td><td style="padding:3px;">320104051514</td></tr>
<tr style="background-color:#f0f5fa;"><td style="padding:3px;"><b>รหัสกลุ่มคิว</b></td><td style="padding:3px;">82_001</td></tr>
<tr style="background-color:#dbe8f5;"><td style="padding:3px;"><b>นักเกษตร</b></td><td style="padding:3px;">8201</td></tr>
<tr style="background-color:#f0f5fa;"><td style="padding:3px;"><b>ศูนย์</b></td><td style="padding:3px;">K2-82</td></tr>
<tr style="background-color:#dbe8f5;"><td style="padding:3px;"><b>สถานที่ส่งอ้อย</b></td><td style="padding:3px;">รถตัด</td></tr>
<tr style="background-color:#f0f5fa;"><td style="padding:3px;"><b>ประเภทคิว</b></td><td style="padding:3px;">รถตัด</td></tr>
<tr style="background-color:#dbe8f5;"><td style="padding:3px;"><b>ประเภทรถ</b></td><td style="padding:3px;">10 ล้อเดี่ยว</td></tr>
<tr style="background-color:#f0f5fa;"><td style="padding:3px;"><b>ประเภทชาวไร่</b></td><td style="padding:3px;">รถตัด</td></tr>
<tr style="background-color:#dbe8f5;"><td style="padding:3px;"><b>สถานีขนถ่าย</b></td><td style="padding:3px;"></td></tr>
<tr style="background-color:#f0f5fa;"><td style="padding:3px;"><b>สถานะยืนยัน</b></td><td style="padding:3px;">N</td></tr>
<tr style="background-color:#dbe8f5;"><td style="padding:3px;"><b>โควตา</b></td><td style="padding:3px;">787061</td></tr>
<tr style="background-color:#f0f5fa;"><td style="padding:3px;"><b>ชาวไร่</b></td><td style="padding:3px;">นาง ทวน สินสิทธิ์</td></tr>
<tr style="background-color:#dbe8f5;"><td style="padding:3px;"><b>ประเภทอ้อย</b></td><td style="padding:3px;">ตอ1</td></tr>
<tr style="background-color:#f0f5fa;"><td style="padding:3px;"><b>พื้นที่</b></td><td style="padding:3px;">2.4</td></tr>
<tr style="background-color:#dbe8f5;"><td style="padding:3px;"><b>ปีผลิต</b></td><td style="padding:3px;">256970</td></tr>
<tr style="background-color:#f0f5fa;"><td style="padding:3px;"><b>ตันรวม</b></td><td style="padding:3px;">21.6</td></tr>
<tr style="background-color:#dbe8f5;"><td style="padding:3px;"><b>สถานที่ส่งอ้อย_1</b></td><td style="padding:3px;">รถตัด</td></tr>
</table>]]></description>
      <MultiGeometry><Polygon><outerBoundaryIs><LinearRing><coordinates>103.452335000156,15.020725000078 103.453173333469,15.0206616668017 103.453086116962,15.0202704125321 103.452475000078,15.0203233334896 103.452298332848,15.0203333334996 103.452335000156,15.020725000078</coordinates></LinearRing></outerBoundaryIs></Polygon></MultiGeometry>
    </Placemark>
    <Placemark>
      <name>320113041700</name>
      <styleUrl>#style_82_001</styleUrl>
      <description><![CDATA[<h3 style="margin-bottom:6px; font-family:sans-serif;">320113041700</h3>
<table style="width:100%; border-collapse:collapse; font-family:sans-serif; font-size:12px;">
<tr style="background-color:#99bfe6; color:#000; font-weight:bold;"><td colspan="2" style="padding:4px; text-align:center;">320113041700</td></tr>
<tr style="background-color:#f0f5fa;"><td style="padding:3px; width:45%;"><b>FID</b></td><td style="padding:3px;">12351</td></tr>
<tr style="background-color:#dbe8f5;"><td style="padding:3px;"><b>รหัสแปลง</b></td><td style="padding:3px;">320113041700</td></tr>
<tr style="background-color:#f0f5fa;"><td style="padding:3px;"><b>รหัสกลุ่มคิว</b></td><td style="padding:3px;">82_001</td></tr>
<tr style="background-color:#dbe8f5;"><td style="padding:3px;"><b>นักเกษตร</b></td><td style="padding:3px;">8201</td></tr>
<tr style="background-color:#f0f5fa;"><td style="padding:3px;"><b>ศูนย์</b></td><td style="padding:3px;">K2-82</td></tr>
<tr style="background-color:#dbe8f5;"><td style="padding:3px;"><b>สถานที่ส่งอ้อย</b></td><td style="padding:3px;">รถตัด</td></tr>
<tr style="background-color:#f0f5fa;"><td style="padding:3px;"><b>ประเภทคิว</b></td><td style="padding:3px;">รถตัด</td></tr>
<tr style="background-color:#dbe8f5;"><td style="padding:3px;"><b>ประเภทรถ</b></td><td style="padding:3px;">10 ล้อเดี่ยว</td></tr>
<tr style="background-color:#f0f5fa;"><td style="padding:3px;"><b>ประเภทชาวไร่</b></td><td style="padding:3px;">รถตัด</td></tr>
<tr style="background-color:#dbe8f5;"><td style="padding:3px;"><b>สถานีขนถ่าย</b></td><td style="padding:3px;"></td></tr>
<tr style="background-color:#f0f5fa;"><td style="padding:3px;"><b>สถานะยืนยัน</b></td><td style="padding:3px;">N</td></tr>
<tr style="background-color:#dbe8f5;"><td style="padding:3px;"><b>โควตา</b></td><td style="padding:3px;">788080</td></tr>
<tr style="background-color:#f0f5fa;"><td style="padding:3px;"><b>ชาวไร่</b></td><td style="padding:3px;">นาง สุทิศ จันทร์เพ็ง</td></tr>
<tr style="background-color:#dbe8f5;"><td style="padding:3px;"><b>ประเภทอ้อย</b></td><td style="padding:3px;">ตอ1</td></tr>
<tr style="background-color:#f0f5fa;"><td style="padding:3px;"><b>พื้นที่</b></td><td style="padding:3px;">4.0</td></tr>
<tr style="background-color:#dbe8f5;"><td style="padding:3px;"><b>ปีผลิต</b></td><td style="padding:3px;">256970</td></tr>
<tr style="background-color:#f0f5fa;"><td style="padding:3px;"><b>ตันรวม</b></td><td style="padding:3px;">36.0</td></tr>
<tr style="background-color:#dbe8f5;"><td style="padding:3px;"><b>สถานที่ส่งอ้อย_1</b></td><td style="padding:3px;">รถตัด</td></tr>
</table>]]></description>
      <MultiGeometry><Polygon><outerBoundaryIs><LinearRing><coordinates>103.324384329745,14.8190307798674 103.324708119911,14.8189309796272 103.324012280157,14.8173615199216 103.323725269744,14.8173972999806 103.324384329745,14.8190307798674</coordinates></LinearRing></outerBoundaryIs></Polygon></MultiGeometry>
    </Placemark>
    <Placemark>
      <name>320113041701</name>
      <styleUrl>#style_82_001</styleUrl>
      <description><![CDATA[<h3 style="margin-bottom:6px; font-family:sans-serif;">320113041701</h3>
<table style="width:100%; border-collapse:collapse; font-family:sans-serif; font-size:12px;">
<tr style="background-color:#99bfe6; color:#000; font-weight:bold;"><td colspan="2" style="padding:4px; text-align:center;">320113041701</td></tr>
<tr style="background-color:#f0f5fa;"><td style="padding:3px; width:45%;"><b>FID</b></td><td style="padding:3px;">12352</td></tr>
<tr style="background-color:#dbe8f5;"><td style="padding:3px;"><b>รหัสแปลง</b></td><td style="padding:3px;">320113041701</td></tr>
<tr style="background-color:#f0f5fa;"><td style="padding:3px;"><b>รหัสกลุ่มคิว</b></td><td style="padding:3px;">82_001</td></tr>
<tr style="background-color:#dbe8f5;"><td style="padding:3px;"><b>นักเกษตร</b></td><td style="padding:3px;">8201</td></tr>
<tr style="background-color:#f0f5fa;"><td style="padding:3px;"><b>ศูนย์</b></td><td style="padding:3px;">K2-82</td></tr>
<tr style="background-color:#dbe8f5;"><td style="padding:3px;"><b>สถานที่ส่งอ้อย</b></td><td style="padding:3px;">รถตัด</td></tr>
<tr style="background-color:#f0f5fa;"><td style="padding:3px;"><b>ประเภทคิว</b></td><td style="padding:3px;">รถตัด</td></tr>
<tr style="background-color:#dbe8f5;"><td style="padding:3px;"><b>ประเภทรถ</b></td><td style="padding:3px;">10 ล้อเดี่ยว</td></tr>
<tr style="background-color:#f0f5fa;"><td style="padding:3px;"><b>ประเภทชาวไร่</b></td><td style="padding:3px;">รถตัด</td></tr>
<tr style="background-color:#dbe8f5;"><td style="padding:3px;"><b>สถานีขนถ่าย</b></td><td style="padding:3px;"></td></tr>
<tr style="background-color:#f0f5fa;"><td style="padding:3px;"><b>สถานะยืนยัน</b></td><td style="padding:3px;">N</td></tr>
<tr style="background-color:#dbe8f5;"><td style="padding:3px;"><b>โควตา</b></td><td style="padding:3px;">718300</td></tr>
<tr style="background-color:#f0f5fa;"><td style="padding:3px;"><b>ชาวไร่</b></td><td style="padding:3px;">นาย มานิด ตรงใจสอน</td></tr>
<tr style="background-color:#dbe8f5;"><td style="padding:3px;"><b>ประเภทอ้อย</b></td><td style="padding:3px;">ตอ1</td></tr>
<tr style="background-color:#f0f5fa;"><td style="padding:3px;"><b>พื้นที่</b></td><td style="padding:3px;">3.36</td></tr>
<tr style="background-color:#dbe8f5;"><td style="padding:3px;"><b>ปีผลิต</b></td><td style="padding:3px;">256970</td></tr>
<tr style="background-color:#f0f5fa;"><td style="padding:3px;"><b>ตันรวม</b></td><td style="padding:3px;">30.24</td></tr>
<tr style="background-color:#dbe8f5;"><td style="padding:3px;"><b>สถานที่ส่งอ้อย_1</b></td><td style="padding:3px;">รถตัด</td></tr>
</table>]]></description>
      <MultiGeometry><Polygon><outerBoundaryIs><LinearRing><coordinates>103.325117849802,14.8172234704343 103.324825729828,14.8172370398127 103.325061819784,14.8178475799939 103.325249269893,14.8182455697266 103.325327490107,14.8183769696229 103.325417729845,14.8185338199078 103.325713790067,14.8185180404244 103.325492039881,14.8179493199392 103.325117849802,14.8172234704343</coordinates></LinearRing></outerBoundaryIs></Polygon></MultiGeometry>
    </Placemark>
    <Placemark>
      <name>320113041703</name>
      <styleUrl>#style_82_001</styleUrl>
      <description><![CDATA[<h3 style="margin-bottom:6px; font-family:sans-serif;">320113041703</h3>
<table style="width:100%; border-collapse:collapse; font-family:sans-serif; font-size:12px;">
<tr style="background-color:#99bfe6; color:#000; font-weight:bold;"><td colspan="2" style="padding:4px; text-align:center;">320113041703</td></tr>
<tr style="background-color:#f0f5fa;"><td style="padding:3px; width:45%;"><b>FID</b></td><td style="padding:3px;">12362</td></tr>
<tr style="background-color:#dbe8f5;"><td style="padding:3px;"><b>รหัสแปลง</b></td><td style="padding:3px;">320113041703</td></tr>
<tr style="background-color:#f0f5fa;"><td style="padding:3px;"><b>รหัสกลุ่มคิว</b></td><td style="padding:3px;">82_001</td></tr>
<tr style="background-color:#dbe8f5;"><td style="padding:3px;"><b>นักเกษตร</b></td><td style="padding:3px;">8201</td></tr>
<tr style="background-color:#f0f5fa;"><td style="padding:3px;"><b>ศูนย์</b></td><td style="padding:3px;">K2-82</td></tr>
<tr style="background-color:#dbe8f5;"><td style="padding:3px;"><b>สถานที่ส่งอ้อย</b></td><td style="padding:3px;">รถตัด</td></tr>
<tr style="background-color:#f0f5fa;"><td style="padding:3px;"><b>ประเภทคิว</b></td><td style="padding:3px;">รถตัด</td></tr>
<tr style="background-color:#dbe8f5;"><td style="padding:3px;"><b>ประเภทรถ</b></td><td style="padding:3px;">10 ล้อเดี่ยว</td></tr>
<tr style="background-color:#f0f5fa;"><td style="padding:3px;"><b>ประเภทชาวไร่</b></td><td style="padding:3px;">รถตัด</td></tr>
<tr style="background-color:#dbe8f5;"><td style="padding:3px;"><b>สถานีขนถ่าย</b></td><td style="padding:3px;"></td></tr>
<tr style="background-color:#f0f5fa;"><td style="padding:3px;"><b>สถานะยืนยัน</b></td><td style="padding:3px;">N</td></tr>
<tr style="background-color:#dbe8f5;"><td style="padding:3px;"><b>โควตา</b></td><td style="padding:3px;">718300</td></tr>
<tr style="background-color:#f0f5fa;"><td style="padding:3px;"><b>ชาวไร่</b></td><td style="padding:3px;">นาย มานิด ตรงใจสอน</td></tr>
<tr style="background-color:#dbe8f5;"><td style="padding:3px;"><b>ประเภทอ้อย</b></td><td style="padding:3px;">ตอ1</td></tr>
<tr style="background-color:#f0f5fa;"><td style="padding:3px;"><b>พื้นที่</b></td><td style="padding:3px;">2.58</td></tr>
<tr style="background-color:#dbe8f5;"><td style="padding:3px;"><b>ปีผลิต</b></td><td style="padding:3px;">256970</td></tr>
<tr style="background-color:#f0f5fa;"><td style="padding:3px;"><b>ตันรวม</b></td><td style="padding:3px;">23.22</td></tr>
<tr style="background-color:#dbe8f5;"><td style="padding:3px;"><b>สถานที่ส่งอ้อย_1</b></td><td style="padding:3px;">รถตัด</td></tr>
</table>]]></description>
      <MultiGeometry><Polygon><outerBoundaryIs><LinearRing><coordinates>103.324038279736,14.8184409802635 103.323694149544,14.818525570284 103.323832529585,14.81880298002 103.323929299549,14.81895776019 103.323975850268,14.819138859672 103.324155920339,14.8194493901218 103.324479420025,14.8194332796102 103.324038279736,14.8184409802635</coordinates></LinearRing></outerBoundaryIs></Polygon></MultiGeometry>
    </Placemark>
    <Placemark>
      <name>320104020035</name>
      <styleUrl>#style_82_001</styleUrl>
      <description><![CDATA[<h3 style="margin-bottom:6px; font-family:sans-serif;">320104020035</h3>
<table style="width:100%; border-collapse:collapse; font-family:sans-serif; font-size:12px;">
<tr style="background-color:#99bfe6; color:#000; font-weight:bold;"><td colspan="2" style="padding:4px; text-align:center;">320104020035</td></tr>
<tr style="background-color:#f0f5fa;"><td style="padding:3px; width:45%;"><b>FID</b></td><td style="padding:3px;">12404</td></tr>
<tr style="background-color:#dbe8f5;"><td style="padding:3px;"><b>รหัสแปลง</b></td><td style="padding:3px;">320104020035</td></tr>
<tr style="background-color:#f0f5fa;"><td style="padding:3px;"><b>รหัสกลุ่มคิว</b></td><td style="padding:3px;">82_001</td></tr>
<tr style="background-color:#dbe8f5;"><td style="padding:3px;"><b>นักเกษตร</b></td><td style="padding:3px;">8201</td></tr>
<tr style="background-color:#f0f5fa;"><td style="padding:3px;"><b>ศูนย์</b></td><td style="padding:3px;">K2-82</td></tr>
<tr style="background-color:#dbe8f5;"><td style="padding:3px;"><b>สถานที่ส่งอ้อย</b></td><td style="padding:3px;">รถตัด</td></tr>
<tr style="background-color:#f0f5fa;"><td style="padding:3px;"><b>ประเภทคิว</b></td><td style="padding:3px;">รถตัด</td></tr>
<tr style="background-color:#dbe8f5;"><td style="padding:3px;"><b>ประเภทรถ</b></td><td style="padding:3px;">10 ล้อเดี่ยว</td></tr>
<tr style="background-color:#f0f5fa;"><td style="padding:3px;"><b>ประเภทชาวไร่</b></td><td style="padding:3px;">รถตัด</td></tr>
<tr style="background-color:#dbe8f5;"><td style="padding:3px;"><b>สถานีขนถ่าย</b></td><td style="padding:3px;"></td></tr>
<tr style="background-color:#f0f5fa;"><td style="padding:3px;"><b>สถานะยืนยัน</b></td><td style="padding:3px;">N</td></tr>
<tr style="background-color:#dbe8f5;"><td style="padding:3px;"><b>โควตา</b></td><td style="padding:3px;">718262</td></tr>
<tr style="background-color:#f0f5fa;"><td style="padding:3px;"><b>ชาวไร่</b></td><td style="padding:3px;">นาย เสมียน จันหอม</td></tr>
<tr style="background-color:#dbe8f5;"><td style="padding:3px;"><b>ประเภทอ้อย</b></td><td style="padding:3px;">ตอ1</td></tr>
<tr style="background-color:#f0f5fa;"><td style="padding:3px;"><b>พื้นที่</b></td><td style="padding:3px;">6.61</td></tr>
<tr style="background-color:#dbe8f5;"><td style="padding:3px;"><b>ปีผลิต</b></td><td style="padding:3px;">256970</td></tr>
<tr style="background-color:#f0f5fa;"><td style="padding:3px;"><b>ตันรวม</b></td><td style="padding:3px;">59.49</td></tr>
<tr style="background-color:#dbe8f5;"><td style="padding:3px;"><b>สถานที่ส่งอ้อย_1</b></td><td style="padding:3px;">รถตัด</td></tr>
</table>]]></description>
      <MultiGeometry><Polygon><outerBoundaryIs><LinearRing><coordinates>103.522558689574,15.0447055498984 103.522683739992,15.0446700698995 103.524031410143,15.0444764197771 103.524022129634,15.0441885903216 103.523906499574,15.0438171899773 103.523763079612,15.0438644702198 103.523579669794,15.0438820198341 103.523350120012,15.0439351095684 103.523170899953,15.0439682399237 103.522969189646,15.0440170300532 103.522557149486,15.0441347898271 103.522508249729,15.0441228004169 103.522497689578,15.0443648897995 103.522595439838,15.044339630399 103.522712130179,15.0445310496572 103.522599659984,15.0446292195419 103.522558689574,15.0447055498984</coordinates></LinearRing></outerBoundaryIs></Polygon></MultiGeometry>
    </Placemark>
    <Placemark>
      <name>320110010004</name>
      <styleUrl>#style_82_001</styleUrl>
      <description><![CDATA[<h3 style="margin-bottom:6px; font-family:sans-serif;">320110010004</h3>
<table style="width:100%; border-collapse:collapse; font-family:sans-serif; font-size:12px;">
<tr style="background-color:#99bfe6; color:#000; font-weight:bold;"><td colspan="2" style="padding:4px; text-align:center;">320110010004</td></tr>
<tr style="background-color:#f0f5fa;"><td style="padding:3px; width:45%;"><b>FID</b></td><td style="padding:3px;">12526</td></tr>
<tr style="background-color:#dbe8f5;"><td style="padding:3px;"><b>รหัสแปลง</b></td><td style="padding:3px;">320110010004</td></tr>
<tr style="background-color:#f0f5fa;"><td style="padding:3px;"><b>รหัสกลุ่มคิว</b></td><td style="padding:3px;">82_001</td></tr>
<tr style="background-color:#dbe8f5;"><td style="padding:3px;"><b>นักเกษตร</b></td><td style="padding:3px;">8201</td></tr>
<tr style="background-color:#f0f5fa;"><td style="padding:3px;"><b>ศูนย์</b></td><td style="padding:3px;">K2-82</td></tr>
<tr style="background-color:#dbe8f5;"><td style="padding:3px;"><b>สถานที่ส่งอ้อย</b></td><td style="padding:3px;">รถตัด</td></tr>
<tr style="background-color:#f0f5fa;"><td style="padding:3px;"><b>ประเภทคิว</b></td><td style="padding:3px;">รถตัด</td></tr>
<tr style="background-color:#dbe8f5;"><td style="padding:3px;"><b>ประเภทรถ</b></td><td style="padding:3px;">10 ล้อเดี่ยว</td></tr>
<tr style="background-color:#f0f5fa;"><td style="padding:3px;"><b>ประเภทชาวไร่</b></td><td style="padding:3px;">รถตัด</td></tr>
<tr style="background-color:#dbe8f5;"><td style="padding:3px;"><b>สถานีขนถ่าย</b></td><td style="padding:3px;"></td></tr>
<tr style="background-color:#f0f5fa;"><td style="padding:3px;"><b>สถานะยืนยัน</b></td><td style="padding:3px;">N</td></tr>
<tr style="background-color:#dbe8f5;"><td style="padding:3px;"><b>โควตา</b></td><td style="padding:3px;">718221</td></tr>
<tr style="background-color:#f0f5fa;"><td style="padding:3px;"><b>ชาวไร่</b></td><td style="padding:3px;">นาย วันดี ไร่บูรณ์</td></tr>
<tr style="background-color:#dbe8f5;"><td style="padding:3px;"><b>ประเภทอ้อย</b></td><td style="padding:3px;">ตอ1</td></tr>
<tr style="background-color:#f0f5fa;"><td style="padding:3px;"><b>พื้นที่</b></td><td style="padding:3px;">4.55</td></tr>
<tr style="background-color:#dbe8f5;"><td style="padding:3px;"><b>ปีผลิต</b></td><td style="padding:3px;">256970</td></tr>
<tr style="background-color:#f0f5fa;"><td style="padding:3px;"><b>ตันรวม</b></td><td style="padding:3px;">40.95</td></tr>
<tr style="background-color:#dbe8f5;"><td style="padding:3px;"><b>สถานที่ส่งอ้อย_1</b></td><td style="padding:3px;">รถตัด</td></tr>
</table>]]></description>
      <MultiGeometry><Polygon><outerBoundaryIs><LinearRing><coordinates>103.510448333381,14.9182616663688 103.510096666168,14.9174950003182 103.509394999956,14.9176699996552 103.509640000271,14.9183950002684 103.510448333381,14.9182616663688</coordinates></LinearRing></outerBoundaryIs></Polygon></MultiGeometry>
    </Placemark>
    <Placemark>
      <name>320110061613</name>
      <styleUrl>#style_82_001</styleUrl>
      <description><![CDATA[<h3 style="margin-bottom:6px; font-family:sans-serif;">320110061613</h3>
<table style="width:100%; border-collapse:collapse; font-family:sans-serif; font-size:12px;">
<tr style="background-color:#99bfe6; color:#000; font-weight:bold;"><td colspan="2" style="padding:4px; text-align:center;">320110061613</td></tr>
<tr style="background-color:#f0f5fa;"><td style="padding:3px; width:45%;"><b>FID</b></td><td style="padding:3px;">12551</td></tr>
<tr style="background-color:#dbe8f5;"><td style="padding:3px;"><b>รหัสแปลง</b></td><td style="padding:3px;">320110061613</td></tr>
<tr style="background-color:#f0f5fa;"><td style="padding:3px;"><b>รหัสกลุ่มคิว</b></td><td style="padding:3px;">82_001</td></tr>
<tr style="background-color:#dbe8f5;"><td style="padding:3px;"><b>นักเกษตร</b></td><td style="padding:3px;">8201</td></tr>
<tr style="background-color:#f0f5fa;"><td style="padding:3px;"><b>ศูนย์</b></td><td style="padding:3px;">K2-82</td></tr>
<tr style="background-color:#dbe8f5;"><td style="padding:3px;"><b>สถานที่ส่งอ้อย</b></td><td style="padding:3px;">รถตัด</td></tr>
<tr style="background-color:#f0f5fa;"><td style="padding:3px;"><b>ประเภทคิว</b></td><td style="padding:3px;">รถตัด</td></tr>
<tr style="background-color:#dbe8f5;"><td style="padding:3px;"><b>ประเภทรถ</b></td><td style="padding:3px;">10 ล้อเดี่ยว</td></tr>
<tr style="background-color:#f0f5fa;"><td style="padding:3px;"><b>ประเภทชาวไร่</b></td><td style="padding:3px;">รถตัด</td></tr>
<tr style="background-color:#dbe8f5;"><td style="padding:3px;"><b>สถานีขนถ่าย</b></td><td style="padding:3px;"></td></tr>
<tr style="background-color:#f0f5fa;"><td style="padding:3px;"><b>สถานะยืนยัน</b></td><td style="padding:3px;">N</td></tr>
<tr style="background-color:#dbe8f5;"><td style="padding:3px;"><b>โควตา</b></td><td style="padding:3px;">788042</td></tr>
<tr style="background-color:#f0f5fa;"><td style="padding:3px;"><b>ชาวไร่</b></td><td style="padding:3px;">นาย สมเกียรติ กลั่นกำเนิด</td></tr>
<tr style="background-color:#dbe8f5;"><td style="padding:3px;"><b>ประเภทอ้อย</b></td><td style="padding:3px;">ตอ1</td></tr>
<tr style="background-color:#f0f5fa;"><td style="padding:3px;"><b>พื้นที่</b></td><td style="padding:3px;">9.22</td></tr>
<tr style="background-color:#dbe8f5;"><td style="padding:3px;"><b>ปีผลิต</b></td><td style="padding:3px;">256970</td></tr>
<tr style="background-color:#f0f5fa;"><td style="padding:3px;"><b>ตันรวม</b></td><td style="padding:3px;">82.98</td></tr>
<tr style="background-color:#dbe8f5;"><td style="padding:3px;"><b>สถานที่ส่งอ้อย_1</b></td><td style="padding:3px;">รถตัด</td></tr>
</table>]]></description>
      <MultiGeometry><Polygon><outerBoundaryIs><LinearRing><coordinates>103.532279999647,14.9793383336413 103.532946666213,14.9789349995788 103.532515540649,14.9783133601785 103.532384261547,14.9781394372707 103.532320421492,14.978021426464 103.532287215237,14.9778431643816 103.532236666504,14.9776866665749 103.531449999985,14.9781399995744 103.531532556501,14.978366335845 103.53165862818,14.9785260492422 103.531846237686,14.9788109758211 103.531920442754,14.9789550222376 103.531991994599,14.9790895791841 103.532145402818,14.9792654472942 103.532279999647,14.9793383336413</coordinates></LinearRing></outerBoundaryIs></Polygon></MultiGeometry>
    </Placemark>
    <Placemark>
      <name>320104051516</name>
      <styleUrl>#style_82_001</styleUrl>
      <description><![CDATA[<h3 style="margin-bottom:6px; font-family:sans-serif;">320104051516</h3>
<table style="width:100%; border-collapse:collapse; font-family:sans-serif; font-size:12px;">
<tr style="background-color:#99bfe6; color:#000; font-weight:bold;"><td colspan="2" style="padding:4px; text-align:center;">320104051516</td></tr>
<tr style="background-color:#f0f5fa;"><td style="padding:3px; width:45%;"><b>FID</b></td><td style="padding:3px;">12632</td></tr>
<tr style="background-color:#dbe8f5;"><td style="padding:3px;"><b>รหัสแปลง</b></td><td style="padding:3px;">320104051516</td></tr>
<tr style="background-color:#f0f5fa;"><td style="padding:3px;"><b>รหัสกลุ่มคิว</b></td><td style="padding:3px;">82_001</td></tr>
<tr style="background-color:#dbe8f5;"><td style="padding:3px;"><b>นักเกษตร</b></td><td style="padding:3px;">8201</td></tr>
<tr style="background-color:#f0f5fa;"><td style="padding:3px;"><b>ศูนย์</b></td><td style="padding:3px;">K2-82</td></tr>
<tr style="background-color:#dbe8f5;"><td style="padding:3px;"><b>สถานที่ส่งอ้อย</b></td><td style="padding:3px;">รถตัด</td></tr>
<tr style="background-color:#f0f5fa;"><td style="padding:3px;"><b>ประเภทคิว</b></td><td style="padding:3px;">รถตัด</td></tr>
<tr style="background-color:#dbe8f5;"><td style="padding:3px;"><b>ประเภทรถ</b></td><td style="padding:3px;">10 ล้อเดี่ยว</td></tr>
<tr style="background-color:#f0f5fa;"><td style="padding:3px;"><b>ประเภทชาวไร่</b></td><td style="padding:3px;">รถตัด</td></tr>
<tr style="background-color:#dbe8f5;"><td style="padding:3px;"><b>สถานีขนถ่าย</b></td><td style="padding:3px;"></td></tr>
<tr style="background-color:#f0f5fa;"><td style="padding:3px;"><b>สถานะยืนยัน</b></td><td style="padding:3px;">N</td></tr>
<tr style="background-color:#dbe8f5;"><td style="padding:3px;"><b>โควตา</b></td><td style="padding:3px;">788078</td></tr>
<tr style="background-color:#f0f5fa;"><td style="padding:3px;"><b>ชาวไร่</b></td><td style="padding:3px;">นาย สำราญ อรชุน</td></tr>
<tr style="background-color:#dbe8f5;"><td style="padding:3px;"><b>ประเภทอ้อย</b></td><td style="padding:3px;">ปลายฝน</td></tr>
<tr style="background-color:#f0f5fa;"><td style="padding:3px;"><b>พื้นที่</b></td><td style="padding:3px;">3.77</td></tr>
<tr style="background-color:#dbe8f5;"><td style="padding:3px;"><b>ปีผลิต</b></td><td style="padding:3px;">256970</td></tr>
<tr style="background-color:#f0f5fa;"><td style="padding:3px;"><b>ตันรวม</b></td><td style="padding:3px;">49.01</td></tr>
<tr style="background-color:#dbe8f5;"><td style="padding:3px;"><b>สถานที่ส่งอ้อย_1</b></td><td style="padding:3px;">รถตัด</td></tr>
</table>]]></description>
      <MultiGeometry><Polygon><outerBoundaryIs><LinearRing><coordinates>103.455583333573,15.0165000001494 103.455655000051,15.0169683329727 103.456691666569,15.0168983336538 103.456656666649,15.016418333127 103.455583333573,15.0165000001494</coordinates></LinearRing></outerBoundaryIs></Polygon></MultiGeometry>
    </Placemark>
    <Placemark>
      <name>320103060020</name>
      <styleUrl>#style_82_001</styleUrl>
      <description><![CDATA[<h3 style="margin-bottom:6px; font-family:sans-serif;">320103060020</h3>
<table style="width:100%; border-collapse:collapse; font-family:sans-serif; font-size:12px;">
<tr style="background-color:#99bfe6; color:#000; font-weight:bold;"><td colspan="2" style="padding:4px; text-align:center;">320103060020</td></tr>
<tr style="background-color:#f0f5fa;"><td style="padding:3px; width:45%;"><b>FID</b></td><td style="padding:3px;">12663</td></tr>
<tr style="background-color:#dbe8f5;"><td style="padding:3px;"><b>รหัสแปลง</b></td><td style="padding:3px;">320103060020</td></tr>
<tr style="background-color:#f0f5fa;"><td style="padding:3px;"><b>รหัสกลุ่มคิว</b></td><td style="padding:3px;">82_001</td></tr>
<tr style="background-color:#dbe8f5;"><td style="padding:3px;"><b>นักเกษตร</b></td><td style="padding:3px;">8201</td></tr>
<tr style="background-color:#f0f5fa;"><td style="padding:3px;"><b>ศูนย์</b></td><td style="padding:3px;">K2-82</td></tr>
<tr style="background-color:#dbe8f5;"><td style="padding:3px;"><b>สถานที่ส่งอ้อย</b></td><td style="padding:3px;">รถตัด</td></tr>
<tr style="background-color:#f0f5fa;"><td style="padding:3px;"><b>ประเภทคิว</b></td><td style="padding:3px;">รถตัด</td></tr>
<tr style="background-color:#dbe8f5;"><td style="padding:3px;"><b>ประเภทรถ</b></td><td style="padding:3px;">10 ล้อเดี่ยว</td></tr>
<tr style="background-color:#f0f5fa;"><td style="padding:3px;"><b>ประเภทชาวไร่</b></td><td style="padding:3px;">รถตัด</td></tr>
<tr style="background-color:#dbe8f5;"><td style="padding:3px;"><b>สถานีขนถ่าย</b></td><td style="padding:3px;"></td></tr>
<tr style="background-color:#f0f5fa;"><td style="padding:3px;"><b>สถานะยืนยัน</b></td><td style="padding:3px;">N</td></tr>
<tr style="background-color:#dbe8f5;"><td style="padding:3px;"><b>โควตา</b></td><td style="padding:3px;">782462</td></tr>
<tr style="background-color:#f0f5fa;"><td style="padding:3px;"><b>ชาวไร่</b></td><td style="padding:3px;">นาย สกุล จิตรไมตรี</td></tr>
<tr style="background-color:#dbe8f5;"><td style="padding:3px;"><b>ประเภทอ้อย</b></td><td style="padding:3px;">ตอ1</td></tr>
<tr style="background-color:#f0f5fa;"><td style="padding:3px;"><b>พื้นที่</b></td><td style="padding:3px;">5.32</td></tr>
<tr style="background-color:#dbe8f5;"><td style="padding:3px;"><b>ปีผลิต</b></td><td style="padding:3px;">256970</td></tr>
<tr style="background-color:#f0f5fa;"><td style="padding:3px;"><b>ตันรวม</b></td><td style="padding:3px;">47.88</td></tr>
<tr style="background-color:#dbe8f5;"><td style="padding:3px;"><b>สถานที่ส่งอ้อย_1</b></td><td style="padding:3px;">รถตัด</td></tr>
</table>]]></description>
      <MultiGeometry><Polygon><outerBoundaryIs><LinearRing><coordinates>103.460018333305,15.062368333345 103.460108333134,15.0633166666141 103.460813333225,15.0632549996386 103.460684999455,15.0621700002056 103.460018333305,15.062368333345</coordinates></LinearRing></outerBoundaryIs></Polygon></MultiGeometry>
    </Placemark>
    <Placemark>
      <name>320113051689</name>
      <styleUrl>#style_82_001</styleUrl>
      <description><![CDATA[<h3 style="margin-bottom:6px; font-family:sans-serif;">320113051689</h3>
<table style="width:100%; border-collapse:collapse; font-family:sans-serif; font-size:12px;">
<tr style="background-color:#99bfe6; color:#000; font-weight:bold;"><td colspan="2" style="padding:4px; text-align:center;">320113051689</td></tr>
<tr style="background-color:#f0f5fa;"><td style="padding:3px; width:45%;"><b>FID</b></td><td style="padding:3px;">12712</td></tr>
<tr style="background-color:#dbe8f5;"><td style="padding:3px;"><b>รหัสแปลง</b></td><td style="padding:3px;">320113051689</td></tr>
<tr style="background-color:#f0f5fa;"><td style="padding:3px;"><b>รหัสกลุ่มคิว</b></td><td style="padding:3px;">82_001</td></tr>
<tr style="background-color:#dbe8f5;"><td style="padding:3px;"><b>นักเกษตร</b></td><td style="padding:3px;">8201</td></tr>
<tr style="background-color:#f0f5fa;"><td style="padding:3px;"><b>ศูนย์</b></td><td style="padding:3px;">K2-82</td></tr>
<tr style="background-color:#dbe8f5;"><td style="padding:3px;"><b>สถานที่ส่งอ้อย</b></td><td style="padding:3px;">รถตัด</td></tr>
<tr style="background-color:#f0f5fa;"><td style="padding:3px;"><b>ประเภทคิว</b></td><td style="padding:3px;">รถตัด</td></tr>
<tr style="background-color:#dbe8f5;"><td style="padding:3px;"><b>ประเภทรถ</b></td><td style="padding:3px;">10 ล้อเดี่ยว</td></tr>
<tr style="background-color:#f0f5fa;"><td style="padding:3px;"><b>ประเภทชาวไร่</b></td><td style="padding:3px;">รถตัด</td></tr>
<tr style="background-color:#dbe8f5;"><td style="padding:3px;"><b>สถานีขนถ่าย</b></td><td style="padding:3px;"></td></tr>
<tr style="background-color:#f0f5fa;"><td style="padding:3px;"><b>สถานะยืนยัน</b></td><td style="padding:3px;">N</td></tr>
<tr style="background-color:#dbe8f5;"><td style="padding:3px;"><b>โควตา</b></td><td style="padding:3px;">718155</td></tr>
<tr style="background-color:#f0f5fa;"><td style="padding:3px;"><b>ชาวไร่</b></td><td style="padding:3px;">นาย ปัญญา เพราะแก้ว</td></tr>
<tr style="background-color:#dbe8f5;"><td style="padding:3px;"><b>ประเภทอ้อย</b></td><td style="padding:3px;">ตอ1</td></tr>
<tr style="background-color:#f0f5fa;"><td style="padding:3px;"><b>พื้นที่</b></td><td style="padding:3px;">6.78</td></tr>
<tr style="background-color:#dbe8f5;"><td style="padding:3px;"><b>ปีผลิต</b></td><td style="padding:3px;">256970</td></tr>
<tr style="background-color:#f0f5fa;"><td style="padding:3px;"><b>ตันรวม</b></td><td style="padding:3px;">61.02</td></tr>
<tr style="background-color:#dbe8f5;"><td style="padding:3px;"><b>สถานที่ส่งอ้อย_1</b></td><td style="padding:3px;">รถตัด</td></tr>
</table>]]></description>
      <MultiGeometry><Polygon><outerBoundaryIs><LinearRing><coordinates>103.33782459022,14.8110309101061 103.337988540169,14.8117742400796 103.338099099767,14.811984300407 103.338208759623,14.811905919548 103.338324070211,14.8118380299217 103.338347229822,14.8117624003488 103.338385999983,14.8116661399441 103.338381009948,14.8115029296256 103.338413420257,14.8112553795362 103.338400950151,14.811032089725 103.338203030128,14.8101629497712 103.337563040198,14.8102894803093 103.33782459022,14.8110309101061</coordinates></LinearRing></outerBoundaryIs></Polygon></MultiGeometry>
    </Placemark>
    <Placemark>
      <name>320103030014</name>
      <styleUrl>#style_82_001</styleUrl>
      <description><![CDATA[<h3 style="margin-bottom:6px; font-family:sans-serif;">320103030014</h3>
<table style="width:100%; border-collapse:collapse; font-family:sans-serif; font-size:12px;">
<tr style="background-color:#99bfe6; color:#000; font-weight:bold;"><td colspan="2" style="padding:4px; text-align:center;">320103030014</td></tr>
<tr style="background-color:#f0f5fa;"><td style="padding:3px; width:45%;"><b>FID</b></td><td style="padding:3px;">12862</td></tr>
<tr style="background-color:#dbe8f5;"><td style="padding:3px;"><b>รหัสแปลง</b></td><td style="padding:3px;">320103030014</td></tr>
<tr style="background-color:#f0f5fa;"><td style="padding:3px;"><b>รหัสกลุ่มคิว</b></td><td style="padding:3px;">82_001</td></tr>
<tr style="background-color:#dbe8f5;"><td style="padding:3px;"><b>นักเกษตร</b></td><td style="padding:3px;">8201</td></tr>
<tr style="background-color:#f0f5fa;"><td style="padding:3px;"><b>ศูนย์</b></td><td style="padding:3px;">K2-82</td></tr>
<tr style="background-color:#dbe8f5;"><td style="padding:3px;"><b>สถานที่ส่งอ้อย</b></td><td style="padding:3px;">รถตัด</td></tr>
<tr style="background-color:#f0f5fa;"><td style="padding:3px;"><b>ประเภทคิว</b></td><td style="padding:3px;">รถตัด</td></tr>
<tr style="background-color:#dbe8f5;"><td style="padding:3px;"><b>ประเภทรถ</b></td><td style="padding:3px;">10 ล้อเดี่ยว</td></tr>
<tr style="background-color:#f0f5fa;"><td style="padding:3px;"><b>ประเภทชาวไร่</b></td><td style="padding:3px;">รถตัด</td></tr>
<tr style="background-color:#dbe8f5;"><td style="padding:3px;"><b>สถานีขนถ่าย</b></td><td style="padding:3px;"></td></tr>
<tr style="background-color:#f0f5fa;"><td style="padding:3px;"><b>สถานะยืนยัน</b></td><td style="padding:3px;">N</td></tr>
<tr style="background-color:#dbe8f5;"><td style="padding:3px;"><b>โควตา</b></td><td style="padding:3px;">787066</td></tr>
<tr style="background-color:#f0f5fa;"><td style="padding:3px;"><b>ชาวไร่</b></td><td style="padding:3px;">นาง บุญเพ็ง ยืนยิ่ง</td></tr>
<tr style="background-color:#dbe8f5;"><td style="padding:3px;"><b>ประเภทอ้อย</b></td><td style="padding:3px;">ตอ1</td></tr>
<tr style="background-color:#f0f5fa;"><td style="padding:3px;"><b>พื้นที่</b></td><td style="padding:3px;">8.69</td></tr>
<tr style="background-color:#dbe8f5;"><td style="padding:3px;"><b>ปีผลิต</b></td><td style="padding:3px;">256970</td></tr>
<tr style="background-color:#f0f5fa;"><td style="padding:3px;"><b>ตันรวม</b></td><td style="padding:3px;">78.21</td></tr>
<tr style="background-color:#dbe8f5;"><td style="padding:3px;"><b>สถานที่ส่งอ้อย_1</b></td><td style="padding:3px;">รถตัด</td></tr>
</table>]]></description>
      <MultiGeometry><Polygon><outerBoundaryIs><LinearRing><coordinates>103.492066666657,15.0634400002413 103.492203332992,15.061968332984 103.491790678405,15.0619905192087 103.491910889445,15.0634154204124 103.491799920355,15.0634245804091 103.491758080125,15.063276820187 103.491866369817,15.0632567802723 103.491771714935,15.0619915392108 103.491273333601,15.0620183330803 103.491269999617,15.0623449997896 103.491288333646,15.0623416668201 103.491281666237,15.0626833336137 103.491416666386,15.0635549997218 103.49146000023,15.0635349996714 103.491551666652,15.0634833333704 103.492066666657,15.0634400002413</coordinates></LinearRing></outerBoundaryIs></Polygon></MultiGeometry>
    </Placemark>
    <Placemark>
      <name>320113051694</name>
      <styleUrl>#style_82_001</styleUrl>
      <description><![CDATA[<h3 style="margin-bottom:6px; font-family:sans-serif;">320113051694</h3>
<table style="width:100%; border-collapse:collapse; font-family:sans-serif; font-size:12px;">
<tr style="background-color:#99bfe6; color:#000; font-weight:bold;"><td colspan="2" style="padding:4px; text-align:center;">320113051694</td></tr>
<tr style="background-color:#f0f5fa;"><td style="padding:3px; width:45%;"><b>FID</b></td><td style="padding:3px;">13046</td></tr>
<tr style="background-color:#dbe8f5;"><td style="padding:3px;"><b>รหัสแปลง</b></td><td style="padding:3px;">320113051694</td></tr>
<tr style="background-color:#f0f5fa;"><td style="padding:3px;"><b>รหัสกลุ่มคิว</b></td><td style="padding:3px;">82_001</td></tr>
<tr style="background-color:#dbe8f5;"><td style="padding:3px;"><b>นักเกษตร</b></td><td style="padding:3px;">8201</td></tr>
<tr style="background-color:#f0f5fa;"><td style="padding:3px;"><b>ศูนย์</b></td><td style="padding:3px;">K2-82</td></tr>
<tr style="background-color:#dbe8f5;"><td style="padding:3px;"><b>สถานที่ส่งอ้อย</b></td><td style="padding:3px;">รถตัด</td></tr>
<tr style="background-color:#f0f5fa;"><td style="padding:3px;"><b>ประเภทคิว</b></td><td style="padding:3px;">รถตัด</td></tr>
<tr style="background-color:#dbe8f5;"><td style="padding:3px;"><b>ประเภทรถ</b></td><td style="padding:3px;">10 ล้อเดี่ยว</td></tr>
<tr style="background-color:#f0f5fa;"><td style="padding:3px;"><b>ประเภทชาวไร่</b></td><td style="padding:3px;">รถตัด</td></tr>
<tr style="background-color:#dbe8f5;"><td style="padding:3px;"><b>สถานีขนถ่าย</b></td><td style="padding:3px;"></td></tr>
<tr style="background-color:#f0f5fa;"><td style="padding:3px;"><b>สถานะยืนยัน</b></td><td style="padding:3px;">N</td></tr>
<tr style="background-color:#dbe8f5;"><td style="padding:3px;"><b>โควตา</b></td><td style="padding:3px;">787030</td></tr>
<tr style="background-color:#f0f5fa;"><td style="padding:3px;"><b>ชาวไร่</b></td><td style="padding:3px;">นาย พลชนก สงวนเดชาสกุล</td></tr>
<tr style="background-color:#dbe8f5;"><td style="padding:3px;"><b>ประเภทอ้อย</b></td><td style="padding:3px;">ตอ1</td></tr>
<tr style="background-color:#f0f5fa;"><td style="padding:3px;"><b>พื้นที่</b></td><td style="padding:3px;">3.32</td></tr>
<tr style="background-color:#dbe8f5;"><td style="padding:3px;"><b>ปีผลิต</b></td><td style="padding:3px;">256970</td></tr>
<tr style="background-color:#f0f5fa;"><td style="padding:3px;"><b>ตันรวม</b></td><td style="padding:3px;">29.88</td></tr>
<tr style="background-color:#dbe8f5;"><td style="padding:3px;"><b>สถานที่ส่งอ้อย_1</b></td><td style="padding:3px;">รถตัด</td></tr>
</table>]]></description>
      <MultiGeometry><Polygon><outerBoundaryIs><LinearRing><coordinates>103.329036666923,14.8225116663942 103.32890166665,14.8224316669724 103.327158333186,14.8229366671069 103.327271666917,14.8232733328671 103.329036666923,14.8225116663942</coordinates></LinearRing></outerBoundaryIs></Polygon></MultiGeometry>
    </Placemark>
    <Placemark>
      <name>320113061635</name>
      <styleUrl>#style_82_001</styleUrl>
      <description><![CDATA[<h3 style="margin-bottom:6px; font-family:sans-serif;">320113061635</h3>
<table style="width:100%; border-collapse:collapse; font-family:sans-serif; font-size:12px;">
<tr style="background-color:#99bfe6; color:#000; font-weight:bold;"><td colspan="2" style="padding:4px; text-align:center;">320113061635</td></tr>
<tr style="background-color:#f0f5fa;"><td style="padding:3px; width:45%;"><b>FID</b></td><td style="padding:3px;">13094</td></tr>
<tr style="background-color:#dbe8f5;"><td style="padding:3px;"><b>รหัสแปลง</b></td><td style="padding:3px;">320113061635</td></tr>
<tr style="background-color:#f0f5fa;"><td style="padding:3px;"><b>รหัสกลุ่มคิว</b></td><td style="padding:3px;">82_001</td></tr>
<tr style="background-color:#dbe8f5;"><td style="padding:3px;"><b>นักเกษตร</b></td><td style="padding:3px;">8201</td></tr>
<tr style="background-color:#f0f5fa;"><td style="padding:3px;"><b>ศูนย์</b></td><td style="padding:3px;">K2-82</td></tr>
<tr style="background-color:#dbe8f5;"><td style="padding:3px;"><b>สถานที่ส่งอ้อย</b></td><td style="padding:3px;">รถตัด</td></tr>
<tr style="background-color:#f0f5fa;"><td style="padding:3px;"><b>ประเภทคิว</b></td><td style="padding:3px;">รถตัด</td></tr>
<tr style="background-color:#dbe8f5;"><td style="padding:3px;"><b>ประเภทรถ</b></td><td style="padding:3px;">10 ล้อเดี่ยว</td></tr>
<tr style="background-color:#f0f5fa;"><td style="padding:3px;"><b>ประเภทชาวไร่</b></td><td style="padding:3px;">รถตัด</td></tr>
<tr style="background-color:#dbe8f5;"><td style="padding:3px;"><b>สถานีขนถ่าย</b></td><td style="padding:3px;"></td></tr>
<tr style="background-color:#f0f5fa;"><td style="padding:3px;"><b>สถานะยืนยัน</b></td><td style="padding:3px;">N</td></tr>
<tr style="background-color:#dbe8f5;"><td style="padding:3px;"><b>โควตา</b></td><td style="padding:3px;">787010</td></tr>
<tr style="background-color:#f0f5fa;"><td style="padding:3px;"><b>ชาวไร่</b></td><td style="padding:3px;">นาย ศักดิ์ชัย สวัสดี</td></tr>
<tr style="background-color:#dbe8f5;"><td style="padding:3px;"><b>ประเภทอ้อย</b></td><td style="padding:3px;">ตอ1</td></tr>
<tr style="background-color:#f0f5fa;"><td style="padding:3px;"><b>พื้นที่</b></td><td style="padding:3px;">2.29</td></tr>
<tr style="background-color:#dbe8f5;"><td style="padding:3px;"><b>ปีผลิต</b></td><td style="padding:3px;">256970</td></tr>
<tr style="background-color:#f0f5fa;"><td style="padding:3px;"><b>ตันรวม</b></td><td style="padding:3px;">20.61</td></tr>
<tr style="background-color:#dbe8f5;"><td style="padding:3px;"><b>สถานที่ส่งอ้อย_1</b></td><td style="padding:3px;">รถตัด</td></tr>
</table>]]></description>
      <MultiGeometry><Polygon><outerBoundaryIs><LinearRing><coordinates>103.364516666595,14.8023083331148 103.364358333188,14.8014933337093 103.36397166651,14.8015983336869 103.36404166668,14.8020116667058 103.364101666935,14.8020600001115 103.364153333364,14.8023283332514 103.364516666595,14.8023083331148</coordinates></LinearRing></outerBoundaryIs></Polygon></MultiGeometry>
    </Placemark>
    <Placemark>
      <name>320107120002</name>
      <styleUrl>#style_82_001</styleUrl>
      <description><![CDATA[<h3 style="margin-bottom:6px; font-family:sans-serif;">320107120002</h3>
<table style="width:100%; border-collapse:collapse; font-family:sans-serif; font-size:12px;">
<tr style="background-color:#99bfe6; color:#000; font-weight:bold;"><td colspan="2" style="padding:4px; text-align:center;">320107120002</td></tr>
<tr style="background-color:#f0f5fa;"><td style="padding:3px; width:45%;"><b>FID</b></td><td style="padding:3px;">13148</td></tr>
<tr style="background-color:#dbe8f5;"><td style="padding:3px;"><b>รหัสแปลง</b></td><td style="padding:3px;">320107120002</td></tr>
<tr style="background-color:#f0f5fa;"><td style="padding:3px;"><b>รหัสกลุ่มคิว</b></td><td style="padding:3px;">82_001</td></tr>
<tr style="background-color:#dbe8f5;"><td style="padding:3px;"><b>นักเกษตร</b></td><td style="padding:3px;">8201</td></tr>
<tr style="background-color:#f0f5fa;"><td style="padding:3px;"><b>ศูนย์</b></td><td style="padding:3px;">K2-82</td></tr>
<tr style="background-color:#dbe8f5;"><td style="padding:3px;"><b>สถานที่ส่งอ้อย</b></td><td style="padding:3px;">รถตัด</td></tr>
<tr style="background-color:#f0f5fa;"><td style="padding:3px;"><b>ประเภทคิว</b></td><td style="padding:3px;">รถตัด</td></tr>
<tr style="background-color:#dbe8f5;"><td style="padding:3px;"><b>ประเภทรถ</b></td><td style="padding:3px;">10 ล้อเดี่ยว</td></tr>
<tr style="background-color:#f0f5fa;"><td style="padding:3px;"><b>ประเภทชาวไร่</b></td><td style="padding:3px;">รถตัด</td></tr>
<tr style="background-color:#dbe8f5;"><td style="padding:3px;"><b>สถานีขนถ่าย</b></td><td style="padding:3px;"></td></tr>
<tr style="background-color:#f0f5fa;"><td style="padding:3px;"><b>สถานะยืนยัน</b></td><td style="padding:3px;">N</td></tr>
<tr style="background-color:#dbe8f5;"><td style="padding:3px;"><b>โควตา</b></td><td style="padding:3px;">787078</td></tr>
<tr style="background-color:#f0f5fa;"><td style="padding:3px;"><b>ชาวไร่</b></td><td style="padding:3px;">นาย ศตวรรษ ใจหนึ่ง</td></tr>
<tr style="background-color:#dbe8f5;"><td style="padding:3px;"><b>ประเภทอ้อย</b></td><td style="padding:3px;">ตอ1</td></tr>
<tr style="background-color:#f0f5fa;"><td style="padding:3px;"><b>พื้นที่</b></td><td style="padding:3px;">12.51</td></tr>
<tr style="background-color:#dbe8f5;"><td style="padding:3px;"><b>ปีผลิต</b></td><td style="padding:3px;">256970</td></tr>
<tr style="background-color:#f0f5fa;"><td style="padding:3px;"><b>ตันรวม</b></td><td style="padding:3px;">112.59</td></tr>
<tr style="background-color:#dbe8f5;"><td style="padding:3px;"><b>สถานที่ส่งอ้อย_1</b></td><td style="padding:3px;">รถตัด</td></tr>
</table>]]></description>
      <MultiGeometry><Polygon><outerBoundaryIs><LinearRing><coordinates>103.591680000048,14.7469266664952 103.591756666913,14.7471166663378 103.592423333256,14.7469416670727 103.592238333136,14.7463650001231 103.592043333435,14.7458266666792 103.591828333229,14.745228333386 103.591534999686,14.7444266663096 103.591489588488,14.7443008757674 103.591333333513,14.7445466668552 103.591179999555,14.7447983332648 103.591181666138,14.7450299998766 103.590952363672,14.745029835495 103.591109999467,14.7454766666883 103.591271666765,14.7459683333548 103.591490000177,14.7465366670155 103.591965000115,14.7464266667924 103.591988332981,14.7465016664943 103.592053333318,14.7467683332799 103.592013333058,14.7467916664516 103.591680000048,14.7469266664952</coordinates></LinearRing></outerBoundaryIs></Polygon></MultiGeometry>
    </Placemark>
    <Placemark>
      <name>320121100007</name>
      <styleUrl>#style_82_001</styleUrl>
      <description><![CDATA[<h3 style="margin-bottom:6px; font-family:sans-serif;">320121100007</h3>
<table style="width:100%; border-collapse:collapse; font-family:sans-serif; font-size:12px;">
<tr style="background-color:#99bfe6; color:#000; font-weight:bold;"><td colspan="2" style="padding:4px; text-align:center;">320121100007</td></tr>
<tr style="background-color:#f0f5fa;"><td style="padding:3px; width:45%;"><b>FID</b></td><td style="padding:3px;">13166</td></tr>
<tr style="background-color:#dbe8f5;"><td style="padding:3px;"><b>รหัสแปลง</b></td><td style="padding:3px;">320121100007</td></tr>
<tr style="background-color:#f0f5fa;"><td style="padding:3px;"><b>รหัสกลุ่มคิว</b></td><td style="padding:3px;">82_001</td></tr>
<tr style="background-color:#dbe8f5;"><td style="padding:3px;"><b>นักเกษตร</b></td><td style="padding:3px;">8201</td></tr>
<tr style="background-color:#f0f5fa;"><td style="padding:3px;"><b>ศูนย์</b></td><td style="padding:3px;">K2-82</td></tr>
<tr style="background-color:#dbe8f5;"><td style="padding:3px;"><b>สถานที่ส่งอ้อย</b></td><td style="padding:3px;">รถตัด</td></tr>
<tr style="background-color:#f0f5fa;"><td style="padding:3px;"><b>ประเภทคิว</b></td><td style="padding:3px;">รถตัด</td></tr>
<tr style="background-color:#dbe8f5;"><td style="padding:3px;"><b>ประเภทรถ</b></td><td style="padding:3px;">10 ล้อเดี่ยว</td></tr>
<tr style="background-color:#f0f5fa;"><td style="padding:3px;"><b>ประเภทชาวไร่</b></td><td style="padding:3px;">รถตัด</td></tr>
<tr style="background-color:#dbe8f5;"><td style="padding:3px;"><b>สถานีขนถ่าย</b></td><td style="padding:3px;"></td></tr>
<tr style="background-color:#f0f5fa;"><td style="padding:3px;"><b>สถานะยืนยัน</b></td><td style="padding:3px;">N</td></tr>
<tr style="background-color:#dbe8f5;"><td style="padding:3px;"><b>โควตา</b></td><td style="padding:3px;">788079</td></tr>
<tr style="background-color:#f0f5fa;"><td style="padding:3px;"><b>ชาวไร่</b></td><td style="padding:3px;">นาย สุเพียร จินดาศรี</td></tr>
<tr style="background-color:#dbe8f5;"><td style="padding:3px;"><b>ประเภทอ้อย</b></td><td style="padding:3px;">ตอ1</td></tr>
<tr style="background-color:#f0f5fa;"><td style="padding:3px;"><b>พื้นที่</b></td><td style="padding:3px;">3.86</td></tr>
<tr style="background-color:#dbe8f5;"><td style="padding:3px;"><b>ปีผลิต</b></td><td style="padding:3px;">256970</td></tr>
<tr style="background-color:#f0f5fa;"><td style="padding:3px;"><b>ตันรวม</b></td><td style="padding:3px;">34.74</td></tr>
<tr style="background-color:#dbe8f5;"><td style="padding:3px;"><b>สถานที่ส่งอ้อย_1</b></td><td style="padding:3px;">รถตัด</td></tr>
</table>]]></description>
      <MultiGeometry><Polygon><outerBoundaryIs><LinearRing><coordinates>103.603668333643,14.9224816663037 103.603878332892,14.9224266665928 103.603106666944,14.9206850000926 103.602736666171,14.9198283330208 103.602658332883,14.9198266670713 103.60270999992,14.9200016670924 103.602649999764,14.9200500004069 103.603668333643,14.9224816663037</coordinates></LinearRing></outerBoundaryIs></Polygon></MultiGeometry>
    </Placemark>
    <Placemark>
      <name>320105191662</name>
      <styleUrl>#style_82_001</styleUrl>
      <description><![CDATA[<h3 style="margin-bottom:6px; font-family:sans-serif;">320105191662</h3>
<table style="width:100%; border-collapse:collapse; font-family:sans-serif; font-size:12px;">
<tr style="background-color:#99bfe6; color:#000; font-weight:bold;"><td colspan="2" style="padding:4px; text-align:center;">320105191662</td></tr>
<tr style="background-color:#f0f5fa;"><td style="padding:3px; width:45%;"><b>FID</b></td><td style="padding:3px;">13170</td></tr>
<tr style="background-color:#dbe8f5;"><td style="padding:3px;"><b>รหัสแปลง</b></td><td style="padding:3px;">320105191662</td></tr>
<tr style="background-color:#f0f5fa;"><td style="padding:3px;"><b>รหัสกลุ่มคิว</b></td><td style="padding:3px;">82_001</td></tr>
<tr style="background-color:#dbe8f5;"><td style="padding:3px;"><b>นักเกษตร</b></td><td style="padding:3px;">8201</td></tr>
<tr style="background-color:#f0f5fa;"><td style="padding:3px;"><b>ศูนย์</b></td><td style="padding:3px;">K2-82</td></tr>
<tr style="background-color:#dbe8f5;"><td style="padding:3px;"><b>สถานที่ส่งอ้อย</b></td><td style="padding:3px;">รถตัด</td></tr>
<tr style="background-color:#f0f5fa;"><td style="padding:3px;"><b>ประเภทคิว</b></td><td style="padding:3px;">รถตัด</td></tr>
<tr style="background-color:#dbe8f5;"><td style="padding:3px;"><b>ประเภทรถ</b></td><td style="padding:3px;">10 ล้อเดี่ยว</td></tr>
<tr style="background-color:#f0f5fa;"><td style="padding:3px;"><b>ประเภทชาวไร่</b></td><td style="padding:3px;">รถตัด</td></tr>
<tr style="background-color:#dbe8f5;"><td style="padding:3px;"><b>สถานีขนถ่าย</b></td><td style="padding:3px;"></td></tr>
<tr style="background-color:#f0f5fa;"><td style="padding:3px;"><b>สถานะยืนยัน</b></td><td style="padding:3px;">N</td></tr>
<tr style="background-color:#dbe8f5;"><td style="padding:3px;"><b>โควตา</b></td><td style="padding:3px;">716774</td></tr>
<tr style="background-color:#f0f5fa;"><td style="padding:3px;"><b>ชาวไร่</b></td><td style="padding:3px;">นาย จำลอง สืบสาม</td></tr>
<tr style="background-color:#dbe8f5;"><td style="padding:3px;"><b>ประเภทอ้อย</b></td><td style="padding:3px;">ปลายฝน</td></tr>
<tr style="background-color:#f0f5fa;"><td style="padding:3px;"><b>พื้นที่</b></td><td style="padding:3px;">3.7</td></tr>
<tr style="background-color:#dbe8f5;"><td style="padding:3px;"><b>ปีผลิต</b></td><td style="padding:3px;">256970</td></tr>
<tr style="background-color:#f0f5fa;"><td style="padding:3px;"><b>ตันรวม</b></td><td style="padding:3px;">48.1</td></tr>
<tr style="background-color:#dbe8f5;"><td style="padding:3px;"><b>สถานที่ส่งอ้อย_1</b></td><td style="padding:3px;">รถตัด</td></tr>
</table>]]></description>
      <MultiGeometry><Polygon><outerBoundaryIs><LinearRing><coordinates>103.455365959975,14.9566674300265 103.453938799714,14.9571718199915 103.454185419786,14.9574379699403 103.454580909899,14.9573133901128 103.454738810197,14.9572475996994 103.454976349786,14.9571288799461 103.455370970117,14.957013300061 103.455594929982,14.9569669495395 103.455365959975,14.9566674300265</coordinates></LinearRing></outerBoundaryIs></Polygon></MultiGeometry>
    </Placemark>
    <Placemark>
      <name>320118060002</name>
      <styleUrl>#style_82_001</styleUrl>
      <description><![CDATA[<h3 style="margin-bottom:6px; font-family:sans-serif;">320118060002</h3>
<table style="width:100%; border-collapse:collapse; font-family:sans-serif; font-size:12px;">
<tr style="background-color:#99bfe6; color:#000; font-weight:bold;"><td colspan="2" style="padding:4px; text-align:center;">320118060002</td></tr>
<tr style="background-color:#f0f5fa;"><td style="padding:3px; width:45%;"><b>FID</b></td><td style="padding:3px;">13537</td></tr>
<tr style="background-color:#dbe8f5;"><td style="padding:3px;"><b>รหัสแปลง</b></td><td style="padding:3px;">320118060002</td></tr>
<tr style="background-color:#f0f5fa;"><td style="padding:3px;"><b>รหัสกลุ่มคิว</b></td><td style="padding:3px;">82_001</td></tr>
<tr style="background-color:#dbe8f5;"><td style="padding:3px;"><b>นักเกษตร</b></td><td style="padding:3px;">8201</td></tr>
<tr style="background-color:#f0f5fa;"><td style="padding:3px;"><b>ศูนย์</b></td><td style="padding:3px;">K2-82</td></tr>
<tr style="background-color:#dbe8f5;"><td style="padding:3px;"><b>สถานที่ส่งอ้อย</b></td><td style="padding:3px;">รถตัด</td></tr>
<tr style="background-color:#f0f5fa;"><td style="padding:3px;"><b>ประเภทคิว</b></td><td style="padding:3px;">รถตัด</td></tr>
<tr style="background-color:#dbe8f5;"><td style="padding:3px;"><b>ประเภทรถ</b></td><td style="padding:3px;">10 ล้อเดี่ยว</td></tr>
<tr style="background-color:#f0f5fa;"><td style="padding:3px;"><b>ประเภทชาวไร่</b></td><td style="padding:3px;">รถตัด</td></tr>
<tr style="background-color:#dbe8f5;"><td style="padding:3px;"><b>สถานีขนถ่าย</b></td><td style="padding:3px;"></td></tr>
<tr style="background-color:#f0f5fa;"><td style="padding:3px;"><b>สถานะยืนยัน</b></td><td style="padding:3px;">N</td></tr>
<tr style="background-color:#dbe8f5;"><td style="padding:3px;"><b>โควตา</b></td><td style="padding:3px;">718180</td></tr>
<tr style="background-color:#f0f5fa;"><td style="padding:3px;"><b>ชาวไร่</b></td><td style="padding:3px;">นาง นิสา ทรงงาม</td></tr>
<tr style="background-color:#dbe8f5;"><td style="padding:3px;"><b>ประเภทอ้อย</b></td><td style="padding:3px;">ตอ1</td></tr>
<tr style="background-color:#f0f5fa;"><td style="padding:3px;"><b>พื้นที่</b></td><td style="padding:3px;">4.1</td></tr>
<tr style="background-color:#dbe8f5;"><td style="padding:3px;"><b>ปีผลิต</b></td><td style="padding:3px;">256970</td></tr>
<tr style="background-color:#f0f5fa;"><td style="padding:3px;"><b>ตันรวม</b></td><td style="padding:3px;">36.9</td></tr>
<tr style="background-color:#dbe8f5;"><td style="padding:3px;"><b>สถานที่ส่งอ้อย_1</b></td><td style="padding:3px;">รถตัด</td></tr>
</table>]]></description>
      <MultiGeometry><Polygon><outerBoundaryIs><LinearRing><coordinates>103.421703332827,14.7828066666071 103.421722505469,14.7826361724741 103.421321666833,14.7826316663104 103.421316666371,14.7826016670503 103.421323333584,14.7825933337285 103.421328333241,14.7825049999555 103.421508333178,14.7824999998151 103.421531074111,14.7823939453933 103.42030833283,14.7824066666709 103.420331666438,14.7828833336963 103.421703332827,14.7828066666071</coordinates></LinearRing></outerBoundaryIs></Polygon></MultiGeometry>
    </Placemark>
    <Placemark>
      <name>320113051695</name>
      <styleUrl>#style_82_001</styleUrl>
      <description><![CDATA[<h3 style="margin-bottom:6px; font-family:sans-serif;">320113051695</h3>
<table style="width:100%; border-collapse:collapse; font-family:sans-serif; font-size:12px;">
<tr style="background-color:#99bfe6; color:#000; font-weight:bold;"><td colspan="2" style="padding:4px; text-align:center;">320113051695</td></tr>
<tr style="background-color:#f0f5fa;"><td style="padding:3px; width:45%;"><b>FID</b></td><td style="padding:3px;">13541</td></tr>
<tr style="background-color:#dbe8f5;"><td style="padding:3px;"><b>รหัสแปลง</b></td><td style="padding:3px;">320113051695</td></tr>
<tr style="background-color:#f0f5fa;"><td style="padding:3px;"><b>รหัสกลุ่มคิว</b></td><td style="padding:3px;">82_001</td></tr>
<tr style="background-color:#dbe8f5;"><td style="padding:3px;"><b>นักเกษตร</b></td><td style="padding:3px;">8201</td></tr>
<tr style="background-color:#f0f5fa;"><td style="padding:3px;"><b>ศูนย์</b></td><td style="padding:3px;">K2-82</td></tr>
<tr style="background-color:#dbe8f5;"><td style="padding:3px;"><b>สถานที่ส่งอ้อย</b></td><td style="padding:3px;">รถตัด</td></tr>
<tr style="background-color:#f0f5fa;"><td style="padding:3px;"><b>ประเภทคิว</b></td><td style="padding:3px;">รถตัด</td></tr>
<tr style="background-color:#dbe8f5;"><td style="padding:3px;"><b>ประเภทรถ</b></td><td style="padding:3px;">10 ล้อเดี่ยว</td></tr>
<tr style="background-color:#f0f5fa;"><td style="padding:3px;"><b>ประเภทชาวไร่</b></td><td style="padding:3px;">รถตัด</td></tr>
<tr style="background-color:#dbe8f5;"><td style="padding:3px;"><b>สถานีขนถ่าย</b></td><td style="padding:3px;"></td></tr>
<tr style="background-color:#f0f5fa;"><td style="padding:3px;"><b>สถานะยืนยัน</b></td><td style="padding:3px;">N</td></tr>
<tr style="background-color:#dbe8f5;"><td style="padding:3px;"><b>โควตา</b></td><td style="padding:3px;">718300</td></tr>
<tr style="background-color:#f0f5fa;"><td style="padding:3px;"><b>ชาวไร่</b></td><td style="padding:3px;">นาย มานิด ตรงใจสอน</td></tr>
<tr style="background-color:#dbe8f5;"><td style="padding:3px;"><b>ประเภทอ้อย</b></td><td style="padding:3px;">ปลายฝน</td></tr>
<tr style="background-color:#f0f5fa;"><td style="padding:3px;"><b>พื้นที่</b></td><td style="padding:3px;">3.31</td></tr>
<tr style="background-color:#dbe8f5;"><td style="padding:3px;"><b>ปีผลิต</b></td><td style="padding:3px;">256970</td></tr>
<tr style="background-color:#f0f5fa;"><td style="padding:3px;"><b>ตันรวม</b></td><td style="padding:3px;">43.03</td></tr>
<tr style="background-color:#dbe8f5;"><td style="padding:3px;"><b>สถานที่ส่งอ้อย_1</b></td><td style="padding:3px;">รถตัด</td></tr>
</table>]]></description>
      <MultiGeometry><Polygon><outerBoundaryIs><LinearRing><coordinates>103.3241600003,14.827060000072 103.323664999876,14.8272099999076 103.323456666866,14.8273099998838 103.323181666136,14.8274749997448 103.322963333423,14.8276233329906 103.322949999665,14.8276233332002 103.323224999971,14.8279099999383 103.323586666732,14.8276433332873 103.323833333503,14.8274866667052 103.324264999787,14.8274116662115 103.3241600003,14.827060000072</coordinates></LinearRing></outerBoundaryIs></Polygon></MultiGeometry>
    </Placemark>
    <Placemark>
      <name>320109010016</name>
      <styleUrl>#style_82_001</styleUrl>
      <description><![CDATA[<h3 style="margin-bottom:6px; font-family:sans-serif;">320109010016</h3>
<table style="width:100%; border-collapse:collapse; font-family:sans-serif; font-size:12px;">
<tr style="background-color:#99bfe6; color:#000; font-weight:bold;"><td colspan="2" style="padding:4px; text-align:center;">320109010016</td></tr>
<tr style="background-color:#f0f5fa;"><td style="padding:3px; width:45%;"><b>FID</b></td><td style="padding:3px;">13589</td></tr>
<tr style="background-color:#dbe8f5;"><td style="padding:3px;"><b>รหัสแปลง</b></td><td style="padding:3px;">320109010016</td></tr>
<tr style="background-color:#f0f5fa;"><td style="padding:3px;"><b>รหัสกลุ่มคิว</b></td><td style="padding:3px;">82_001</td></tr>
<tr style="background-color:#dbe8f5;"><td style="padding:3px;"><b>นักเกษตร</b></td><td style="padding:3px;">8201</td></tr>
<tr style="background-color:#f0f5fa;"><td style="padding:3px;"><b>ศูนย์</b></td><td style="padding:3px;">K2-82</td></tr>
<tr style="background-color:#dbe8f5;"><td style="padding:3px;"><b>สถานที่ส่งอ้อย</b></td><td style="padding:3px;">รถตัด</td></tr>
<tr style="background-color:#f0f5fa;"><td style="padding:3px;"><b>ประเภทคิว</b></td><td style="padding:3px;">รถตัด</td></tr>
<tr style="background-color:#dbe8f5;"><td style="padding:3px;"><b>ประเภทรถ</b></td><td style="padding:3px;">10 ล้อเดี่ยว</td></tr>
<tr style="background-color:#f0f5fa;"><td style="padding:3px;"><b>ประเภทชาวไร่</b></td><td style="padding:3px;">รถตัด</td></tr>
<tr style="background-color:#dbe8f5;"><td style="padding:3px;"><b>สถานีขนถ่าย</b></td><td style="padding:3px;"></td></tr>
<tr style="background-color:#f0f5fa;"><td style="padding:3px;"><b>สถานะยืนยัน</b></td><td style="padding:3px;">N</td></tr>
<tr style="background-color:#dbe8f5;"><td style="padding:3px;"><b>โควตา</b></td><td style="padding:3px;">788007</td></tr>
<tr style="background-color:#f0f5fa;"><td style="padding:3px;"><b>ชาวไร่</b></td><td style="padding:3px;">นาย สงวน ชุมจันทร์</td></tr>
<tr style="background-color:#dbe8f5;"><td style="padding:3px;"><b>ประเภทอ้อย</b></td><td style="padding:3px;">ปลายฝน</td></tr>
<tr style="background-color:#f0f5fa;"><td style="padding:3px;"><b>พื้นที่</b></td><td style="padding:3px;">46.61</td></tr>
<tr style="background-color:#dbe8f5;"><td style="padding:3px;"><b>ปีผลิต</b></td><td style="padding:3px;">256970</td></tr>
<tr style="background-color:#f0f5fa;"><td style="padding:3px;"><b>ตันรวม</b></td><td style="padding:3px;">605.93</td></tr>
<tr style="background-color:#dbe8f5;"><td style="padding:3px;"><b>สถานที่ส่งอ้อย_1</b></td><td style="padding:3px;">รถตัด</td></tr>
</table>]]></description>
      <MultiGeometry><Polygon><outerBoundaryIs><LinearRing><coordinates>103.616537569836,14.8053871302571 103.617977680106,14.8048244998169 103.617877639744,14.8044928999286 103.618273389635,14.804383009632 103.618309609813,14.8043918596292 103.618426769575,14.8043871203299 103.618471309797,14.8043927495961 103.618508170087,14.8044157395366 103.618581839837,14.8045567602204 103.618582959723,14.8045963499697 103.618535229933,14.804658509766 103.618526539458,14.8046985598018 103.618944499583,14.804769929831 103.61922454005,14.8048050702642 103.619678699643,14.8047156797981 103.619693050142,14.804533419966 103.619690030282,14.8044625200276 103.619671609706,14.8043734500229 103.61964001017,14.8035225998732 103.619602999667,14.8030725701243 103.619682559519,14.8027322899645 103.618907629693,14.8026885099898 103.6188241801,14.8026701998831 103.618610229414,14.80233353017 103.618126400274,14.8026128597827 103.61795724943,14.8027271798627 103.61780890969,14.8028281697342 103.617655180049,14.8030505596002 103.617521460267,14.8032050696736 103.617339649547,14.8033593398267 103.617069154533,14.8035520923573 103.617041666314,14.8036066663232 103.616945000054,14.8037450001924 103.616815000167,14.8038649999117 103.616691666149,14.8040816665782 103.616570000322,14.804198333526 103.616419999747,14.8043833331464 103.616288332907,14.8044900004056 103.6162133331,14.8045616662057 103.616081666317,14.8046600001711 103.615871666901,14.8047449997987 103.615765818384,14.8048365152391 103.615943709545,14.8050928696299 103.616213569814,14.8051587904248 103.616537569836,14.8053871302571</coordinates></LinearRing></outerBoundaryIs></Polygon></MultiGeometry>
    </Placemark>
    <Placemark>
      <name>320119080005</name>
      <styleUrl>#style_82_001</styleUrl>
      <description><![CDATA[<h3 style="margin-bottom:6px; font-family:sans-serif;">320119080005</h3>
<table style="width:100%; border-collapse:collapse; font-family:sans-serif; font-size:12px;">
<tr style="background-color:#99bfe6; color:#000; font-weight:bold;"><td colspan="2" style="padding:4px; text-align:center;">320119080005</td></tr>
<tr style="background-color:#f0f5fa;"><td style="padding:3px; width:45%;"><b>FID</b></td><td style="padding:3px;">13625</td></tr>
<tr style="background-color:#dbe8f5;"><td style="padding:3px;"><b>รหัสแปลง</b></td><td style="padding:3px;">320119080005</td></tr>
<tr style="background-color:#f0f5fa;"><td style="padding:3px;"><b>รหัสกลุ่มคิว</b></td><td style="padding:3px;">82_001</td></tr>
<tr style="background-color:#dbe8f5;"><td style="padding:3px;"><b>นักเกษตร</b></td><td style="padding:3px;">8201</td></tr>
<tr style="background-color:#f0f5fa;"><td style="padding:3px;"><b>ศูนย์</b></td><td style="padding:3px;">K2-82</td></tr>
<tr style="background-color:#dbe8f5;"><td style="padding:3px;"><b>สถานที่ส่งอ้อย</b></td><td style="padding:3px;">รถตัด</td></tr>
<tr style="background-color:#f0f5fa;"><td style="padding:3px;"><b>ประเภทคิว</b></td><td style="padding:3px;">รถตัด</td></tr>
<tr style="background-color:#dbe8f5;"><td style="padding:3px;"><b>ประเภทรถ</b></td><td style="padding:3px;">10 ล้อเดี่ยว</td></tr>
<tr style="background-color:#f0f5fa;"><td style="padding:3px;"><b>ประเภทชาวไร่</b></td><td style="padding:3px;">รถตัด</td></tr>
<tr style="background-color:#dbe8f5;"><td style="padding:3px;"><b>สถานีขนถ่าย</b></td><td style="padding:3px;"></td></tr>
<tr style="background-color:#f0f5fa;"><td style="padding:3px;"><b>สถานะยืนยัน</b></td><td style="padding:3px;">N</td></tr>
<tr style="background-color:#dbe8f5;"><td style="padding:3px;"><b>โควตา</b></td><td style="padding:3px;">718221</td></tr>
<tr style="background-color:#f0f5fa;"><td style="padding:3px;"><b>ชาวไร่</b></td><td style="padding:3px;">นาย วันดี ไร่บูรณ์</td></tr>
<tr style="background-color:#dbe8f5;"><td style="padding:3px;"><b>ประเภทอ้อย</b></td><td style="padding:3px;">ปลายฝน</td></tr>
<tr style="background-color:#f0f5fa;"><td style="padding:3px;"><b>พื้นที่</b></td><td style="padding:3px;">28.38</td></tr>
<tr style="background-color:#dbe8f5;"><td style="padding:3px;"><b>ปีผลิต</b></td><td style="padding:3px;">256970</td></tr>
<tr style="background-color:#f0f5fa;"><td style="padding:3px;"><b>ตันรวม</b></td><td style="padding:3px;">368.94</td></tr>
<tr style="background-color:#dbe8f5;"><td style="padding:3px;"><b>สถานที่ส่งอ้อย_1</b></td><td style="padding:3px;">รถตัด</td></tr>
</table>]]></description>
      <MultiGeometry><Polygon><outerBoundaryIs><LinearRing><coordinates>103.637499999756,14.9519016662004 103.64020833341,14.9514500002701 103.640088333113,14.9508849998396 103.639363332793,14.9509449996856 103.639358332882,14.9507750003143 103.639595193622,14.950765975902 103.639588333372,14.9504950003015 103.641123679736,14.950458094881 103.641050224391,14.950093072151 103.637088332853,14.9505249996362 103.637231666792,14.9511616670443 103.637413332972,14.9511533332286 103.637463332899,14.9514016667555 103.637593333119,14.9513966667156 103.637656666251,14.9517583332668 103.637508333312,14.9517833330511 103.637499999756,14.9519016662004</coordinates></LinearRing></outerBoundaryIs></Polygon></MultiGeometry>
    </Placemark>
    <Placemark>
      <name>320113111619</name>
      <styleUrl>#style_82_001</styleUrl>
      <description><![CDATA[<h3 style="margin-bottom:6px; font-family:sans-serif;">320113111619</h3>
<table style="width:100%; border-collapse:collapse; font-family:sans-serif; font-size:12px;">
<tr style="background-color:#99bfe6; color:#000; font-weight:bold;"><td colspan="2" style="padding:4px; text-align:center;">320113111619</td></tr>
<tr style="background-color:#f0f5fa;"><td style="padding:3px; width:45%;"><b>FID</b></td><td style="padding:3px;">13641</td></tr>
<tr style="background-color:#dbe8f5;"><td style="padding:3px;"><b>รหัสแปลง</b></td><td style="padding:3px;">320113111619</td></tr>
<tr style="background-color:#f0f5fa;"><td style="padding:3px;"><b>รหัสกลุ่มคิว</b></td><td style="padding:3px;">82_001</td></tr>
<tr style="background-color:#dbe8f5;"><td style="padding:3px;"><b>นักเกษตร</b></td><td style="padding:3px;">8201</td></tr>
<tr style="background-color:#f0f5fa;"><td style="padding:3px;"><b>ศูนย์</b></td><td style="padding:3px;">K2-82</td></tr>
<tr style="background-color:#dbe8f5;"><td style="padding:3px;"><b>สถานที่ส่งอ้อย</b></td><td style="padding:3px;">รถตัด</td></tr>
<tr style="background-color:#f0f5fa;"><td style="padding:3px;"><b>ประเภทคิว</b></td><td style="padding:3px;">รถตัด</td></tr>
<tr style="background-color:#dbe8f5;"><td style="padding:3px;"><b>ประเภทรถ</b></td><td style="padding:3px;">10 ล้อเดี่ยว</td></tr>
<tr style="background-color:#f0f5fa;"><td style="padding:3px;"><b>ประเภทชาวไร่</b></td><td style="padding:3px;">รถตัด</td></tr>
<tr style="background-color:#dbe8f5;"><td style="padding:3px;"><b>สถานีขนถ่าย</b></td><td style="padding:3px;"></td></tr>
<tr style="background-color:#f0f5fa;"><td style="padding:3px;"><b>สถานะยืนยัน</b></td><td style="padding:3px;">N</td></tr>
<tr style="background-color:#dbe8f5;"><td style="padding:3px;"><b>โควตา</b></td><td style="padding:3px;">788031</td></tr>
<tr style="background-color:#f0f5fa;"><td style="padding:3px;"><b>ชาวไร่</b></td><td style="padding:3px;">นางสาว โสภาพร จริตรัมย์</td></tr>
<tr style="background-color:#dbe8f5;"><td style="padding:3px;"><b>ประเภทอ้อย</b></td><td style="padding:3px;">ปลายฝน</td></tr>
<tr style="background-color:#f0f5fa;"><td style="padding:3px;"><b>พื้นที่</b></td><td style="padding:3px;">2.55</td></tr>
<tr style="background-color:#dbe8f5;"><td style="padding:3px;"><b>ปีผลิต</b></td><td style="padding:3px;">256970</td></tr>
<tr style="background-color:#f0f5fa;"><td style="padding:3px;"><b>ตันรวม</b></td><td style="padding:3px;">33.15</td></tr>
<tr style="background-color:#dbe8f5;"><td style="padding:3px;"><b>สถานที่ส่งอ้อย_1</b></td><td style="padding:3px;">รถตัด</td></tr>
</table>]]></description>
      <MultiGeometry><Polygon><outerBoundaryIs><LinearRing><coordinates>103.300735000154,14.8019133337565 103.300651666645,14.801621666857 103.299568333616,14.8018549997684 103.299595000299,14.8021533335904 103.300735000154,14.8019133337565</coordinates></LinearRing></outerBoundaryIs></Polygon></MultiGeometry>
    </Placemark>
    <Placemark>
      <name>320113071515</name>
      <styleUrl>#style_82_001</styleUrl>
      <description><![CDATA[<h3 style="margin-bottom:6px; font-family:sans-serif;">320113071515</h3>
<table style="width:100%; border-collapse:collapse; font-family:sans-serif; font-size:12px;">
<tr style="background-color:#99bfe6; color:#000; font-weight:bold;"><td colspan="2" style="padding:4px; text-align:center;">320113071515</td></tr>
<tr style="background-color:#f0f5fa;"><td style="padding:3px; width:45%;"><b>FID</b></td><td style="padding:3px;">13876</td></tr>
<tr style="background-color:#dbe8f5;"><td style="padding:3px;"><b>รหัสแปลง</b></td><td style="padding:3px;">320113071515</td></tr>
<tr style="background-color:#f0f5fa;"><td style="padding:3px;"><b>รหัสกลุ่มคิว</b></td><td style="padding:3px;">82_001</td></tr>
<tr style="background-color:#dbe8f5;"><td style="padding:3px;"><b>นักเกษตร</b></td><td style="padding:3px;">8201</td></tr>
<tr style="background-color:#f0f5fa;"><td style="padding:3px;"><b>ศูนย์</b></td><td style="padding:3px;">K2-82</td></tr>
<tr style="background-color:#dbe8f5;"><td style="padding:3px;"><b>สถานที่ส่งอ้อย</b></td><td style="padding:3px;">รถตัด</td></tr>
<tr style="background-color:#f0f5fa;"><td style="padding:3px;"><b>ประเภทคิว</b></td><td style="padding:3px;">รถตัด</td></tr>
<tr style="background-color:#dbe8f5;"><td style="padding:3px;"><b>ประเภทรถ</b></td><td style="padding:3px;">10 ล้อเดี่ยว</td></tr>
<tr style="background-color:#f0f5fa;"><td style="padding:3px;"><b>ประเภทชาวไร่</b></td><td style="padding:3px;">รถตัด</td></tr>
<tr style="background-color:#dbe8f5;"><td style="padding:3px;"><b>สถานีขนถ่าย</b></td><td style="padding:3px;"></td></tr>
<tr style="background-color:#f0f5fa;"><td style="padding:3px;"><b>สถานะยืนยัน</b></td><td style="padding:3px;">N</td></tr>
<tr style="background-color:#dbe8f5;"><td style="padding:3px;"><b>โควตา</b></td><td style="padding:3px;">787012</td></tr>
<tr style="background-color:#f0f5fa;"><td style="padding:3px;"><b>ชาวไร่</b></td><td style="padding:3px;">นาย โท แปลงดี</td></tr>
<tr style="background-color:#dbe8f5;"><td style="padding:3px;"><b>ประเภทอ้อย</b></td><td style="padding:3px;">ปลายฝน</td></tr>
<tr style="background-color:#f0f5fa;"><td style="padding:3px;"><b>พื้นที่</b></td><td style="padding:3px;">3.89</td></tr>
<tr style="background-color:#dbe8f5;"><td style="padding:3px;"><b>ปีผลิต</b></td><td style="padding:3px;">256970</td></tr>
<tr style="background-color:#f0f5fa;"><td style="padding:3px;"><b>ตันรวม</b></td><td style="padding:3px;">50.57</td></tr>
<tr style="background-color:#dbe8f5;"><td style="padding:3px;"><b>สถานที่ส่งอ้อย_1</b></td><td style="padding:3px;">รถตัด</td></tr>
</table>]]></description>
      <MultiGeometry><Polygon><outerBoundaryIs><LinearRing><coordinates>103.349331666681,14.8149866669346 103.348889999559,14.8149666666039 103.348946666783,14.8154366665712 103.348968332899,14.8155616665779 103.349009999712,14.8157183330517 103.349069999949,14.8160083334795 103.349103333306,14.8161249995624 103.34957833284,14.8159200000455 103.349331666681,14.8149866669346</coordinates></LinearRing></outerBoundaryIs></Polygon></MultiGeometry>
    </Placemark>
    <Placemark>
      <name>320113051699</name>
      <styleUrl>#style_82_001</styleUrl>
      <description><![CDATA[<h3 style="margin-bottom:6px; font-family:sans-serif;">320113051699</h3>
<table style="width:100%; border-collapse:collapse; font-family:sans-serif; font-size:12px;">
<tr style="background-color:#99bfe6; color:#000; font-weight:bold;"><td colspan="2" style="padding:4px; text-align:center;">320113051699</td></tr>
<tr style="background-color:#f0f5fa;"><td style="padding:3px; width:45%;"><b>FID</b></td><td style="padding:3px;">13887</td></tr>
<tr style="background-color:#dbe8f5;"><td style="padding:3px;"><b>รหัสแปลง</b></td><td style="padding:3px;">320113051699</td></tr>
<tr style="background-color:#f0f5fa;"><td style="padding:3px;"><b>รหัสกลุ่มคิว</b></td><td style="padding:3px;">82_001</td></tr>
<tr style="background-color:#dbe8f5;"><td style="padding:3px;"><b>นักเกษตร</b></td><td style="padding:3px;">8201</td></tr>
<tr style="background-color:#f0f5fa;"><td style="padding:3px;"><b>ศูนย์</b></td><td style="padding:3px;">K2-82</td></tr>
<tr style="background-color:#dbe8f5;"><td style="padding:3px;"><b>สถานที่ส่งอ้อย</b></td><td style="padding:3px;">รถตัด</td></tr>
<tr style="background-color:#f0f5fa;"><td style="padding:3px;"><b>ประเภทคิว</b></td><td style="padding:3px;">รถตัด</td></tr>
<tr style="background-color:#dbe8f5;"><td style="padding:3px;"><b>ประเภทรถ</b></td><td style="padding:3px;">10 ล้อเดี่ยว</td></tr>
<tr style="background-color:#f0f5fa;"><td style="padding:3px;"><b>ประเภทชาวไร่</b></td><td style="padding:3px;">รถตัด</td></tr>
<tr style="background-color:#dbe8f5;"><td style="padding:3px;"><b>สถานีขนถ่าย</b></td><td style="padding:3px;"></td></tr>
<tr style="background-color:#f0f5fa;"><td style="padding:3px;"><b>สถานะยืนยัน</b></td><td style="padding:3px;">N</td></tr>
<tr style="background-color:#dbe8f5;"><td style="padding:3px;"><b>โควตา</b></td><td style="padding:3px;">788014</td></tr>
<tr style="background-color:#f0f5fa;"><td style="padding:3px;"><b>ชาวไร่</b></td><td style="padding:3px;">นาย ณรงค์ สบายดี</td></tr>
<tr style="background-color:#dbe8f5;"><td style="padding:3px;"><b>ประเภทอ้อย</b></td><td style="padding:3px;">ปลายฝน</td></tr>
<tr style="background-color:#f0f5fa;"><td style="padding:3px;"><b>พื้นที่</b></td><td style="padding:3px;">5.45</td></tr>
<tr style="background-color:#dbe8f5;"><td style="padding:3px;"><b>ปีผลิต</b></td><td style="padding:3px;">256970</td></tr>
<tr style="background-color:#f0f5fa;"><td style="padding:3px;"><b>ตันรวม</b></td><td style="padding:3px;">70.85</td></tr>
<tr style="background-color:#dbe8f5;"><td style="padding:3px;"><b>สถานที่ส่งอ้อย_1</b></td><td style="padding:3px;">รถตัด</td></tr>
</table>]]></description>
      <MultiGeometry><Polygon><outerBoundaryIs><LinearRing><coordinates>103.324413333472,14.8264316670018 103.324368333696,14.8263399996284 103.324476666307,14.8261933331666 103.324770000129,14.8259966666081 103.324523333027,14.8255216669789 103.324048332935,14.8257200001545 103.324184999801,14.8260733333268 103.323494999909,14.8262650000215 103.32328999958,14.8262916667859 103.323473333091,14.8267316666019 103.324068333319,14.8265350002151 103.324396666184,14.826436666948 103.324413333472,14.8264316670018</coordinates></LinearRing></outerBoundaryIs></Polygon></MultiGeometry>
    </Placemark>
    <Placemark>
      <name>320113090005</name>
      <styleUrl>#style_82_001</styleUrl>
      <description><![CDATA[<h3 style="margin-bottom:6px; font-family:sans-serif;">320113090005</h3>
<table style="width:100%; border-collapse:collapse; font-family:sans-serif; font-size:12px;">
<tr style="background-color:#99bfe6; color:#000; font-weight:bold;"><td colspan="2" style="padding:4px; text-align:center;">320113090005</td></tr>
<tr style="background-color:#f0f5fa;"><td style="padding:3px; width:45%;"><b>FID</b></td><td style="padding:3px;">13917</td></tr>
<tr style="background-color:#dbe8f5;"><td style="padding:3px;"><b>รหัสแปลง</b></td><td style="padding:3px;">320113090005</td></tr>
<tr style="background-color:#f0f5fa;"><td style="padding:3px;"><b>รหัสกลุ่มคิว</b></td><td style="padding:3px;">82_001</td></tr>
<tr style="background-color:#dbe8f5;"><td style="padding:3px;"><b>นักเกษตร</b></td><td style="padding:3px;">8201</td></tr>
<tr style="background-color:#f0f5fa;"><td style="padding:3px;"><b>ศูนย์</b></td><td style="padding:3px;">K2-82</td></tr>
<tr style="background-color:#dbe8f5;"><td style="padding:3px;"><b>สถานที่ส่งอ้อย</b></td><td style="padding:3px;">รถตัด</td></tr>
<tr style="background-color:#f0f5fa;"><td style="padding:3px;"><b>ประเภทคิว</b></td><td style="padding:3px;">รถตัด</td></tr>
<tr style="background-color:#dbe8f5;"><td style="padding:3px;"><b>ประเภทรถ</b></td><td style="padding:3px;">10 ล้อเดี่ยว</td></tr>
<tr style="background-color:#f0f5fa;"><td style="padding:3px;"><b>ประเภทชาวไร่</b></td><td style="padding:3px;">รถตัด</td></tr>
<tr style="background-color:#dbe8f5;"><td style="padding:3px;"><b>สถานีขนถ่าย</b></td><td style="padding:3px;"></td></tr>
<tr style="background-color:#f0f5fa;"><td style="padding:3px;"><b>สถานะยืนยัน</b></td><td style="padding:3px;">N</td></tr>
<tr style="background-color:#dbe8f5;"><td style="padding:3px;"><b>โควตา</b></td><td style="padding:3px;">788010</td></tr>
<tr style="background-color:#f0f5fa;"><td style="padding:3px;"><b>ชาวไร่</b></td><td style="padding:3px;">นาง สาริกา นวลปักษี</td></tr>
<tr style="background-color:#dbe8f5;"><td style="padding:3px;"><b>ประเภทอ้อย</b></td><td style="padding:3px;">ปลายฝน</td></tr>
<tr style="background-color:#f0f5fa;"><td style="padding:3px;"><b>พื้นที่</b></td><td style="padding:3px;">3.82</td></tr>
<tr style="background-color:#dbe8f5;"><td style="padding:3px;"><b>ปีผลิต</b></td><td style="padding:3px;">256970</td></tr>
<tr style="background-color:#f0f5fa;"><td style="padding:3px;"><b>ตันรวม</b></td><td style="padding:3px;">49.66</td></tr>
<tr style="background-color:#dbe8f5;"><td style="padding:3px;"><b>สถานที่ส่งอ้อย_1</b></td><td style="padding:3px;">รถตัด</td></tr>
</table>]]></description>
      <MultiGeometry><Polygon><outerBoundaryIs><LinearRing><coordinates>103.36326833295,14.8212866665521 103.363228333596,14.820671666422 103.363238332802,14.82067500007 103.363253333631,14.8204233332816 103.363248333283,14.8203066664053 103.36289833285,14.8203516670741 103.36257666631,14.820400000067 103.362673333174,14.8207983334518 103.362754999875,14.8207933334301 103.362866666689,14.8213533333262 103.36326833295,14.8212866665521</coordinates></LinearRing></outerBoundaryIs></Polygon></MultiGeometry>
    </Placemark>
    <Placemark>
      <name>320104111645</name>
      <styleUrl>#style_82_001</styleUrl>
      <description><![CDATA[<h3 style="margin-bottom:6px; font-family:sans-serif;">320104111645</h3>
<table style="width:100%; border-collapse:collapse; font-family:sans-serif; font-size:12px;">
<tr style="background-color:#99bfe6; color:#000; font-weight:bold;"><td colspan="2" style="padding:4px; text-align:center;">320104111645</td></tr>
<tr style="background-color:#f0f5fa;"><td style="padding:3px; width:45%;"><b>FID</b></td><td style="padding:3px;">13932</td></tr>
<tr style="background-color:#dbe8f5;"><td style="padding:3px;"><b>รหัสแปลง</b></td><td style="padding:3px;">320104111645</td></tr>
<tr style="background-color:#f0f5fa;"><td style="padding:3px;"><b>รหัสกลุ่มคิว</b></td><td style="padding:3px;">82_001</td></tr>
<tr style="background-color:#dbe8f5;"><td style="padding:3px;"><b>นักเกษตร</b></td><td style="padding:3px;">8201</td></tr>
<tr style="background-color:#f0f5fa;"><td style="padding:3px;"><b>ศูนย์</b></td><td style="padding:3px;">K2-82</td></tr>
<tr style="background-color:#dbe8f5;"><td style="padding:3px;"><b>สถานที่ส่งอ้อย</b></td><td style="padding:3px;">รถตัด</td></tr>
<tr style="background-color:#f0f5fa;"><td style="padding:3px;"><b>ประเภทคิว</b></td><td style="padding:3px;">รถตัด</td></tr>
<tr style="background-color:#dbe8f5;"><td style="padding:3px;"><b>ประเภทรถ</b></td><td style="padding:3px;">10 ล้อเดี่ยว</td></tr>
<tr style="background-color:#f0f5fa;"><td style="padding:3px;"><b>ประเภทชาวไร่</b></td><td style="padding:3px;">รถตัด</td></tr>
<tr style="background-color:#dbe8f5;"><td style="padding:3px;"><b>สถานีขนถ่าย</b></td><td style="padding:3px;"></td></tr>
<tr style="background-color:#f0f5fa;"><td style="padding:3px;"><b>สถานะยืนยัน</b></td><td style="padding:3px;">N</td></tr>
<tr style="background-color:#dbe8f5;"><td style="padding:3px;"><b>โควตา</b></td><td style="padding:3px;">718011</td></tr>
<tr style="background-color:#f0f5fa;"><td style="padding:3px;"><b>ชาวไร่</b></td><td style="padding:3px;">นาย ศักดิ์ แก้วพา</td></tr>
<tr style="background-color:#dbe8f5;"><td style="padding:3px;"><b>ประเภทอ้อย</b></td><td style="padding:3px;">ปลายฝน</td></tr>
<tr style="background-color:#f0f5fa;"><td style="padding:3px;"><b>พื้นที่</b></td><td style="padding:3px;">4.63</td></tr>
<tr style="background-color:#dbe8f5;"><td style="padding:3px;"><b>ปีผลิต</b></td><td style="padding:3px;">256970</td></tr>
<tr style="background-color:#f0f5fa;"><td style="padding:3px;"><b>ตันรวม</b></td><td style="padding:3px;">60.19</td></tr>
<tr style="background-color:#dbe8f5;"><td style="padding:3px;"><b>สถานที่ส่งอ้อย_1</b></td><td style="padding:3px;">รถตัด</td></tr>
</table>]]></description>
      <MultiGeometry><Polygon><outerBoundaryIs><LinearRing><coordinates>103.424488333171,15.0202883333337 103.425051666705,15.0222649995579 103.425066666312,15.0222650002174 103.425358332829,15.0221833333444 103.424774999576,15.0202383336617 103.424488333171,15.0202883333337</coordinates></LinearRing></outerBoundaryIs></Polygon></MultiGeometry>
    </Placemark>
    <Placemark>
      <name>320119070001</name>
      <styleUrl>#style_82_001</styleUrl>
      <description><![CDATA[<h3 style="margin-bottom:6px; font-family:sans-serif;">320119070001</h3>
<table style="width:100%; border-collapse:collapse; font-family:sans-serif; font-size:12px;">
<tr style="background-color:#99bfe6; color:#000; font-weight:bold;"><td colspan="2" style="padding:4px; text-align:center;">320119070001</td></tr>
<tr style="background-color:#f0f5fa;"><td style="padding:3px; width:45%;"><b>FID</b></td><td style="padding:3px;">13934</td></tr>
<tr style="background-color:#dbe8f5;"><td style="padding:3px;"><b>รหัสแปลง</b></td><td style="padding:3px;">320119070001</td></tr>
<tr style="background-color:#f0f5fa;"><td style="padding:3px;"><b>รหัสกลุ่มคิว</b></td><td style="padding:3px;">82_001</td></tr>
<tr style="background-color:#dbe8f5;"><td style="padding:3px;"><b>นักเกษตร</b></td><td style="padding:3px;">8201</td></tr>
<tr style="background-color:#f0f5fa;"><td style="padding:3px;"><b>ศูนย์</b></td><td style="padding:3px;">K2-82</td></tr>
<tr style="background-color:#dbe8f5;"><td style="padding:3px;"><b>สถานที่ส่งอ้อย</b></td><td style="padding:3px;">รถตัด</td></tr>
<tr style="background-color:#f0f5fa;"><td style="padding:3px;"><b>ประเภทคิว</b></td><td style="padding:3px;">รถตัด</td></tr>
<tr style="background-color:#dbe8f5;"><td style="padding:3px;"><b>ประเภทรถ</b></td><td style="padding:3px;">10 ล้อเดี่ยว</td></tr>
<tr style="background-color:#f0f5fa;"><td style="padding:3px;"><b>ประเภทชาวไร่</b></td><td style="padding:3px;">รถตัด</td></tr>
<tr style="background-color:#dbe8f5;"><td style="padding:3px;"><b>สถานีขนถ่าย</b></td><td style="padding:3px;"></td></tr>
<tr style="background-color:#f0f5fa;"><td style="padding:3px;"><b>สถานะยืนยัน</b></td><td style="padding:3px;">N</td></tr>
<tr style="background-color:#dbe8f5;"><td style="padding:3px;"><b>โควตา</b></td><td style="padding:3px;">788103</td></tr>
<tr style="background-color:#f0f5fa;"><td style="padding:3px;"><b>ชาวไร่</b></td><td style="padding:3px;">นาย นพรัตน์ คงวัน</td></tr>
<tr style="background-color:#dbe8f5;"><td style="padding:3px;"><b>ประเภทอ้อย</b></td><td style="padding:3px;">ปลายฝน</td></tr>
<tr style="background-color:#f0f5fa;"><td style="padding:3px;"><b>พื้นที่</b></td><td style="padding:3px;">4.62</td></tr>
<tr style="background-color:#dbe8f5;"><td style="padding:3px;"><b>ปีผลิต</b></td><td style="padding:3px;">256970</td></tr>
<tr style="background-color:#f0f5fa;"><td style="padding:3px;"><b>ตันรวม</b></td><td style="padding:3px;">60.06</td></tr>
<tr style="background-color:#dbe8f5;"><td style="padding:3px;"><b>สถานที่ส่งอ้อย_1</b></td><td style="padding:3px;">รถตัด</td></tr>
</table>]]></description>
      <MultiGeometry><Polygon><outerBoundaryIs><LinearRing><coordinates>103.662625000083,14.8992783332133 103.6622449996,14.8993516670067 103.661816666804,14.8994899998552 103.661646666711,14.899558333112 103.662291666897,14.9003700001954 103.662688333367,14.9001600002992 103.662696666152,14.8998266665166 103.66243333357,14.8998816663797 103.662311666585,14.8996516668752 103.662650000106,14.899551666486 103.662625000083,14.8992783332133</coordinates></LinearRing></outerBoundaryIs></Polygon></MultiGeometry>
    </Placemark>
    <Placemark>
      <name>320119070002</name>
      <styleUrl>#style_82_001</styleUrl>
      <description><![CDATA[<h3 style="margin-bottom:6px; font-family:sans-serif;">320119070002</h3>
<table style="width:100%; border-collapse:collapse; font-family:sans-serif; font-size:12px;">
<tr style="background-color:#99bfe6; color:#000; font-weight:bold;"><td colspan="2" style="padding:4px; text-align:center;">320119070002</td></tr>
<tr style="background-color:#f0f5fa;"><td style="padding:3px; width:45%;"><b>FID</b></td><td style="padding:3px;">13935</td></tr>
<tr style="background-color:#dbe8f5;"><td style="padding:3px;"><b>รหัสแปลง</b></td><td style="padding:3px;">320119070002</td></tr>
<tr style="background-color:#f0f5fa;"><td style="padding:3px;"><b>รหัสกลุ่มคิว</b></td><td style="padding:3px;">82_001</td></tr>
<tr style="background-color:#dbe8f5;"><td style="padding:3px;"><b>นักเกษตร</b></td><td style="padding:3px;">8201</td></tr>
<tr style="background-color:#f0f5fa;"><td style="padding:3px;"><b>ศูนย์</b></td><td style="padding:3px;">K2-82</td></tr>
<tr style="background-color:#dbe8f5;"><td style="padding:3px;"><b>สถานที่ส่งอ้อย</b></td><td style="padding:3px;">รถตัด</td></tr>
<tr style="background-color:#f0f5fa;"><td style="padding:3px;"><b>ประเภทคิว</b></td><td style="padding:3px;">รถตัด</td></tr>
<tr style="background-color:#dbe8f5;"><td style="padding:3px;"><b>ประเภทรถ</b></td><td style="padding:3px;">10 ล้อเดี่ยว</td></tr>
<tr style="background-color:#f0f5fa;"><td style="padding:3px;"><b>ประเภทชาวไร่</b></td><td style="padding:3px;">รถตัด</td></tr>
<tr style="background-color:#dbe8f5;"><td style="padding:3px;"><b>สถานีขนถ่าย</b></td><td style="padding:3px;"></td></tr>
<tr style="background-color:#f0f5fa;"><td style="padding:3px;"><b>สถานะยืนยัน</b></td><td style="padding:3px;">N</td></tr>
<tr style="background-color:#dbe8f5;"><td style="padding:3px;"><b>โควตา</b></td><td style="padding:3px;">788103</td></tr>
<tr style="background-color:#f0f5fa;"><td style="padding:3px;"><b>ชาวไร่</b></td><td style="padding:3px;">นาย นพรัตน์ คงวัน</td></tr>
<tr style="background-color:#dbe8f5;"><td style="padding:3px;"><b>ประเภทอ้อย</b></td><td style="padding:3px;">ปลายฝน</td></tr>
<tr style="background-color:#f0f5fa;"><td style="padding:3px;"><b>พื้นที่</b></td><td style="padding:3px;">3.27</td></tr>
<tr style="background-color:#dbe8f5;"><td style="padding:3px;"><b>ปีผลิต</b></td><td style="padding:3px;">256970</td></tr>
<tr style="background-color:#f0f5fa;"><td style="padding:3px;"><b>ตันรวม</b></td><td style="padding:3px;">42.51</td></tr>
<tr style="background-color:#dbe8f5;"><td style="padding:3px;"><b>สถานที่ส่งอ้อย_1</b></td><td style="padding:3px;">รถตัด</td></tr>
</table>]]></description>
      <MultiGeometry><Polygon><outerBoundaryIs><LinearRing><coordinates>103.662746666397,14.9001066668319 103.663455000129,14.8997749998331 103.663288333185,14.8992716668293 103.66302999983,14.8993149996372 103.662699999666,14.8992883331925 103.662746666397,14.9001066668319</coordinates></LinearRing></outerBoundaryIs></Polygon></MultiGeometry>
    </Placemark>
    <Placemark>
      <name>320114130003</name>
      <styleUrl>#style_82_001</styleUrl>
      <description><![CDATA[<h3 style="margin-bottom:6px; font-family:sans-serif;">320114130003</h3>
<table style="width:100%; border-collapse:collapse; font-family:sans-serif; font-size:12px;">
<tr style="background-color:#99bfe6; color:#000; font-weight:bold;"><td colspan="2" style="padding:4px; text-align:center;">320114130003</td></tr>
<tr style="background-color:#f0f5fa;"><td style="padding:3px; width:45%;"><b>FID</b></td><td style="padding:3px;">13948</td></tr>
<tr style="background-color:#dbe8f5;"><td style="padding:3px;"><b>รหัสแปลง</b></td><td style="padding:3px;">320114130003</td></tr>
<tr style="background-color:#f0f5fa;"><td style="padding:3px;"><b>รหัสกลุ่มคิว</b></td><td style="padding:3px;">82_001</td></tr>
<tr style="background-color:#dbe8f5;"><td style="padding:3px;"><b>นักเกษตร</b></td><td style="padding:3px;">8201</td></tr>
<tr style="background-color:#f0f5fa;"><td style="padding:3px;"><b>ศูนย์</b></td><td style="padding:3px;">K2-82</td></tr>
<tr style="background-color:#dbe8f5;"><td style="padding:3px;"><b>สถานที่ส่งอ้อย</b></td><td style="padding:3px;">รถตัด</td></tr>
<tr style="background-color:#f0f5fa;"><td style="padding:3px;"><b>ประเภทคิว</b></td><td style="padding:3px;">รถตัด</td></tr>
<tr style="background-color:#dbe8f5;"><td style="padding:3px;"><b>ประเภทรถ</b></td><td style="padding:3px;">10 ล้อเดี่ยว</td></tr>
<tr style="background-color:#f0f5fa;"><td style="padding:3px;"><b>ประเภทชาวไร่</b></td><td style="padding:3px;">รถตัด</td></tr>
<tr style="background-color:#dbe8f5;"><td style="padding:3px;"><b>สถานีขนถ่าย</b></td><td style="padding:3px;"></td></tr>
<tr style="background-color:#f0f5fa;"><td style="padding:3px;"><b>สถานะยืนยัน</b></td><td style="padding:3px;">N</td></tr>
<tr style="background-color:#dbe8f5;"><td style="padding:3px;"><b>โควตา</b></td><td style="padding:3px;">788101</td></tr>
<tr style="background-color:#f0f5fa;"><td style="padding:3px;"><b>ชาวไร่</b></td><td style="padding:3px;">นาย ชยวีร์ มณีศรี</td></tr>
<tr style="background-color:#dbe8f5;"><td style="padding:3px;"><b>ประเภทอ้อย</b></td><td style="padding:3px;">ปลายฝน</td></tr>
<tr style="background-color:#f0f5fa;"><td style="padding:3px;"><b>พื้นที่</b></td><td style="padding:3px;">19.1</td></tr>
<tr style="background-color:#dbe8f5;"><td style="padding:3px;"><b>ปีผลิต</b></td><td style="padding:3px;">256970</td></tr>
<tr style="background-color:#f0f5fa;"><td style="padding:3px;"><b>ตันรวม</b></td><td style="padding:3px;">248.3</td></tr>
<tr style="background-color:#dbe8f5;"><td style="padding:3px;"><b>สถานที่ส่งอ้อย_1</b></td><td style="padding:3px;">รถตัด</td></tr>
</table>]]></description>
      <MultiGeometry><Polygon><outerBoundaryIs><LinearRing><coordinates>103.490696666821,14.8339200000731 103.491038333021,14.8348333330552 103.491998333165,14.8334783337006 103.491723333318,14.8331433330287 103.490696666821,14.8339200000731</coordinates></LinearRing></outerBoundaryIs></Polygon></MultiGeometry>
    </Placemark>
    <Placemark>
      <name>320113121505</name>
      <styleUrl>#style_82_001</styleUrl>
      <description><![CDATA[<h3 style="margin-bottom:6px; font-family:sans-serif;">320113121505</h3>
<table style="width:100%; border-collapse:collapse; font-family:sans-serif; font-size:12px;">
<tr style="background-color:#99bfe6; color:#000; font-weight:bold;"><td colspan="2" style="padding:4px; text-align:center;">320113121505</td></tr>
<tr style="background-color:#f0f5fa;"><td style="padding:3px; width:45%;"><b>FID</b></td><td style="padding:3px;">13979</td></tr>
<tr style="background-color:#dbe8f5;"><td style="padding:3px;"><b>รหัสแปลง</b></td><td style="padding:3px;">320113121505</td></tr>
<tr style="background-color:#f0f5fa;"><td style="padding:3px;"><b>รหัสกลุ่มคิว</b></td><td style="padding:3px;">82_001</td></tr>
<tr style="background-color:#dbe8f5;"><td style="padding:3px;"><b>นักเกษตร</b></td><td style="padding:3px;">8201</td></tr>
<tr style="background-color:#f0f5fa;"><td style="padding:3px;"><b>ศูนย์</b></td><td style="padding:3px;">K2-82</td></tr>
<tr style="background-color:#dbe8f5;"><td style="padding:3px;"><b>สถานที่ส่งอ้อย</b></td><td style="padding:3px;">รถตัด</td></tr>
<tr style="background-color:#f0f5fa;"><td style="padding:3px;"><b>ประเภทคิว</b></td><td style="padding:3px;">รถตัด</td></tr>
<tr style="background-color:#dbe8f5;"><td style="padding:3px;"><b>ประเภทรถ</b></td><td style="padding:3px;">10 ล้อเดี่ยว</td></tr>
<tr style="background-color:#f0f5fa;"><td style="padding:3px;"><b>ประเภทชาวไร่</b></td><td style="padding:3px;">รถตัด</td></tr>
<tr style="background-color:#dbe8f5;"><td style="padding:3px;"><b>สถานีขนถ่าย</b></td><td style="padding:3px;"></td></tr>
<tr style="background-color:#f0f5fa;"><td style="padding:3px;"><b>สถานะยืนยัน</b></td><td style="padding:3px;">N</td></tr>
<tr style="background-color:#dbe8f5;"><td style="padding:3px;"><b>โควตา</b></td><td style="padding:3px;">788125</td></tr>
<tr style="background-color:#f0f5fa;"><td style="padding:3px;"><b>ชาวไร่</b></td><td style="padding:3px;">นาย ชลอ สนสี</td></tr>
<tr style="background-color:#dbe8f5;"><td style="padding:3px;"><b>ประเภทอ้อย</b></td><td style="padding:3px;">ปลายฝน</td></tr>
<tr style="background-color:#f0f5fa;"><td style="padding:3px;"><b>พื้นที่</b></td><td style="padding:3px;">3.12</td></tr>
<tr style="background-color:#dbe8f5;"><td style="padding:3px;"><b>ปีผลิต</b></td><td style="padding:3px;">256970</td></tr>
<tr style="background-color:#f0f5fa;"><td style="padding:3px;"><b>ตันรวม</b></td><td style="padding:3px;">40.56</td></tr>
<tr style="background-color:#dbe8f5;"><td style="padding:3px;"><b>สถานที่ส่งอ้อย_1</b></td><td style="padding:3px;">รถตัด</td></tr>
</table>]]></description>
      <MultiGeometry><Polygon><outerBoundaryIs><LinearRing><coordinates>103.331706666865,14.8007066671 103.331499999685,14.8000766662513 103.331726666182,14.7999549998565 103.331598333003,14.7997166665772 103.331378333328,14.7997783333864 103.33136833289,14.7998199999351 103.331201666508,14.7998999998386 103.331259999532,14.8000183330933 103.330968332914,14.8001483330086 103.331191666645,14.8005966666754 103.331389999488,14.8005850002053 103.331448332995,14.8006749999125 103.331466666931,14.8007100002876 103.331706666865,14.8007066671</coordinates></LinearRing></outerBoundaryIs></Polygon></MultiGeometry>
    </Placemark>
    <Placemark>
      <name>320103040005</name>
      <styleUrl>#style_82_001</styleUrl>
      <description><![CDATA[<h3 style="margin-bottom:6px; font-family:sans-serif;">320103040005</h3>
<table style="width:100%; border-collapse:collapse; font-family:sans-serif; font-size:12px;">
<tr style="background-color:#99bfe6; color:#000; font-weight:bold;"><td colspan="2" style="padding:4px; text-align:center;">320103040005</td></tr>
<tr style="background-color:#f0f5fa;"><td style="padding:3px; width:45%;"><b>FID</b></td><td style="padding:3px;">14063</td></tr>
<tr style="background-color:#dbe8f5;"><td style="padding:3px;"><b>รหัสแปลง</b></td><td style="padding:3px;">320103040005</td></tr>
<tr style="background-color:#f0f5fa;"><td style="padding:3px;"><b>รหัสกลุ่มคิว</b></td><td style="padding:3px;">82_001</td></tr>
<tr style="background-color:#dbe8f5;"><td style="padding:3px;"><b>นักเกษตร</b></td><td style="padding:3px;">8201</td></tr>
<tr style="background-color:#f0f5fa;"><td style="padding:3px;"><b>ศูนย์</b></td><td style="padding:3px;">K2-82</td></tr>
<tr style="background-color:#dbe8f5;"><td style="padding:3px;"><b>สถานที่ส่งอ้อย</b></td><td style="padding:3px;">รถตัด</td></tr>
<tr style="background-color:#f0f5fa;"><td style="padding:3px;"><b>ประเภทคิว</b></td><td style="padding:3px;">รถตัด</td></tr>
<tr style="background-color:#dbe8f5;"><td style="padding:3px;"><b>ประเภทรถ</b></td><td style="padding:3px;">10 ล้อเดี่ยว</td></tr>
<tr style="background-color:#f0f5fa;"><td style="padding:3px;"><b>ประเภทชาวไร่</b></td><td style="padding:3px;">รถตัด</td></tr>
<tr style="background-color:#dbe8f5;"><td style="padding:3px;"><b>สถานีขนถ่าย</b></td><td style="padding:3px;"></td></tr>
<tr style="background-color:#f0f5fa;"><td style="padding:3px;"><b>สถานะยืนยัน</b></td><td style="padding:3px;">N</td></tr>
<tr style="background-color:#dbe8f5;"><td style="padding:3px;"><b>โควตา</b></td><td style="padding:3px;">788104</td></tr>
<tr style="background-color:#f0f5fa;"><td style="padding:3px;"><b>ชาวไร่</b></td><td style="padding:3px;">นาย จตุชัย เรียบร้อย</td></tr>
<tr style="background-color:#dbe8f5;"><td style="padding:3px;"><b>ประเภทอ้อย</b></td><td style="padding:3px;">ปลายฝน</td></tr>
<tr style="background-color:#f0f5fa;"><td style="padding:3px;"><b>พื้นที่</b></td><td style="padding:3px;">3.31</td></tr>
<tr style="background-color:#dbe8f5;"><td style="padding:3px;"><b>ปีผลิต</b></td><td style="padding:3px;">256970</td></tr>
<tr style="background-color:#f0f5fa;"><td style="padding:3px;"><b>ตันรวม</b></td><td style="padding:3px;">43.03</td></tr>
<tr style="background-color:#dbe8f5;"><td style="padding:3px;"><b>สถานที่ส่งอ้อย_1</b></td><td style="padding:3px;">รถตัด</td></tr>
</table>]]></description>
      <MultiGeometry><Polygon><outerBoundaryIs><LinearRing><coordinates>103.475206666966,15.0544816666911 103.475214469906,15.0551752315401 103.475496666238,15.0551599998112 103.475503333315,15.0552716666995 103.475658333584,15.0552816665391 103.476005267864,15.0552209158776 103.475881666795,15.0547383332304 103.475206666966,15.0544816666911</coordinates></LinearRing></outerBoundaryIs></Polygon></MultiGeometry>
    </Placemark>
    <Placemark>
      <name>320103040006</name>
      <styleUrl>#style_82_001</styleUrl>
      <description><![CDATA[<h3 style="margin-bottom:6px; font-family:sans-serif;">320103040006</h3>
<table style="width:100%; border-collapse:collapse; font-family:sans-serif; font-size:12px;">
<tr style="background-color:#99bfe6; color:#000; font-weight:bold;"><td colspan="2" style="padding:4px; text-align:center;">320103040006</td></tr>
<tr style="background-color:#f0f5fa;"><td style="padding:3px; width:45%;"><b>FID</b></td><td style="padding:3px;">14067</td></tr>
<tr style="background-color:#dbe8f5;"><td style="padding:3px;"><b>รหัสแปลง</b></td><td style="padding:3px;">320103040006</td></tr>
<tr style="background-color:#f0f5fa;"><td style="padding:3px;"><b>รหัสกลุ่มคิว</b></td><td style="padding:3px;">82_001</td></tr>
<tr style="background-color:#dbe8f5;"><td style="padding:3px;"><b>นักเกษตร</b></td><td style="padding:3px;">8201</td></tr>
<tr style="background-color:#f0f5fa;"><td style="padding:3px;"><b>ศูนย์</b></td><td style="padding:3px;">K2-82</td></tr>
<tr style="background-color:#dbe8f5;"><td style="padding:3px;"><b>สถานที่ส่งอ้อย</b></td><td style="padding:3px;">รถตัด</td></tr>
<tr style="background-color:#f0f5fa;"><td style="padding:3px;"><b>ประเภทคิว</b></td><td style="padding:3px;">รถตัด</td></tr>
<tr style="background-color:#dbe8f5;"><td style="padding:3px;"><b>ประเภทรถ</b></td><td style="padding:3px;">10 ล้อเดี่ยว</td></tr>
<tr style="background-color:#f0f5fa;"><td style="padding:3px;"><b>ประเภทชาวไร่</b></td><td style="padding:3px;">รถตัด</td></tr>
<tr style="background-color:#dbe8f5;"><td style="padding:3px;"><b>สถานีขนถ่าย</b></td><td style="padding:3px;"></td></tr>
<tr style="background-color:#f0f5fa;"><td style="padding:3px;"><b>สถานะยืนยัน</b></td><td style="padding:3px;">N</td></tr>
<tr style="background-color:#dbe8f5;"><td style="padding:3px;"><b>โควตา</b></td><td style="padding:3px;">788105</td></tr>
<tr style="background-color:#f0f5fa;"><td style="padding:3px;"><b>ชาวไร่</b></td><td style="padding:3px;">นาย สุขนันต์ ก่อแก้ว</td></tr>
<tr style="background-color:#dbe8f5;"><td style="padding:3px;"><b>ประเภทอ้อย</b></td><td style="padding:3px;">ปลายฝน</td></tr>
<tr style="background-color:#f0f5fa;"><td style="padding:3px;"><b>พื้นที่</b></td><td style="padding:3px;">5.34</td></tr>
<tr style="background-color:#dbe8f5;"><td style="padding:3px;"><b>ปีผลิต</b></td><td style="padding:3px;">256970</td></tr>
<tr style="background-color:#f0f5fa;"><td style="padding:3px;"><b>ตันรวม</b></td><td style="padding:3px;">69.42</td></tr>
<tr style="background-color:#dbe8f5;"><td style="padding:3px;"><b>สถานที่ส่งอ้อย_1</b></td><td style="padding:3px;">รถตัด</td></tr>
</table>]]></description>
      <MultiGeometry><Polygon><outerBoundaryIs><LinearRing><coordinates>103.477361666903,15.0530266667973 103.477780000239,15.0530116667192 103.477763333568,15.052918333118 103.47774500029,15.0526250003431 103.477689999812,15.0519999999452 103.477541666859,15.0507483333948 103.477313333087,15.0507916669726 103.477366666631,15.0520816668623 103.477374999976,15.0525933333906 103.477361666903,15.0530266667973</coordinates></LinearRing></outerBoundaryIs></Polygon></MultiGeometry>
    </Placemark>
    <Placemark>
      <name>320110061614</name>
      <styleUrl>#style_82_001</styleUrl>
      <description><![CDATA[<h3 style="margin-bottom:6px; font-family:sans-serif;">320110061614</h3>
<table style="width:100%; border-collapse:collapse; font-family:sans-serif; font-size:12px;">
<tr style="background-color:#99bfe6; color:#000; font-weight:bold;"><td colspan="2" style="padding:4px; text-align:center;">320110061614</td></tr>
<tr style="background-color:#f0f5fa;"><td style="padding:3px; width:45%;"><b>FID</b></td><td style="padding:3px;">14247</td></tr>
<tr style="background-color:#dbe8f5;"><td style="padding:3px;"><b>รหัสแปลง</b></td><td style="padding:3px;">320110061614</td></tr>
<tr style="background-color:#f0f5fa;"><td style="padding:3px;"><b>รหัสกลุ่มคิว</b></td><td style="padding:3px;">82_001</td></tr>
<tr style="background-color:#dbe8f5;"><td style="padding:3px;"><b>นักเกษตร</b></td><td style="padding:3px;">8201</td></tr>
<tr style="background-color:#f0f5fa;"><td style="padding:3px;"><b>ศูนย์</b></td><td style="padding:3px;">K2-82</td></tr>
<tr style="background-color:#dbe8f5;"><td style="padding:3px;"><b>สถานที่ส่งอ้อย</b></td><td style="padding:3px;">รถตัด</td></tr>
<tr style="background-color:#f0f5fa;"><td style="padding:3px;"><b>ประเภทคิว</b></td><td style="padding:3px;">รถตัด</td></tr>
<tr style="background-color:#dbe8f5;"><td style="padding:3px;"><b>ประเภทรถ</b></td><td style="padding:3px;">10 ล้อเดี่ยว</td></tr>
<tr style="background-color:#f0f5fa;"><td style="padding:3px;"><b>ประเภทชาวไร่</b></td><td style="padding:3px;">รถตัด</td></tr>
<tr style="background-color:#dbe8f5;"><td style="padding:3px;"><b>สถานีขนถ่าย</b></td><td style="padding:3px;"></td></tr>
<tr style="background-color:#f0f5fa;"><td style="padding:3px;"><b>สถานะยืนยัน</b></td><td style="padding:3px;">N</td></tr>
<tr style="background-color:#dbe8f5;"><td style="padding:3px;"><b>โควตา</b></td><td style="padding:3px;">788042</td></tr>
<tr style="background-color:#f0f5fa;"><td style="padding:3px;"><b>ชาวไร่</b></td><td style="padding:3px;">นาย สมเกียรติ กลั่นกำเนิด</td></tr>
<tr style="background-color:#dbe8f5;"><td style="padding:3px;"><b>ประเภทอ้อย</b></td><td style="padding:3px;">ปลายฝน</td></tr>
<tr style="background-color:#f0f5fa;"><td style="padding:3px;"><b>พื้นที่</b></td><td style="padding:3px;">7.11</td></tr>
<tr style="background-color:#dbe8f5;"><td style="padding:3px;"><b>ปีผลิต</b></td><td style="padding:3px;">256970</td></tr>
<tr style="background-color:#f0f5fa;"><td style="padding:3px;"><b>ตันรวม</b></td><td style="padding:3px;">92.43</td></tr>
<tr style="background-color:#dbe8f5;"><td style="padding:3px;"><b>สถานที่ส่งอ้อย_1</b></td><td style="padding:3px;">รถตัด</td></tr>
</table>]]></description>
      <MultiGeometry><Polygon><outerBoundaryIs><LinearRing><coordinates>103.532305000057,14.9727400001908 103.533839999534,14.9720116669138 103.533683333582,14.9715550001311 103.533656666749,14.971568332921 103.533514999997,14.9716950003954 103.533501666246,14.9717800001269 103.533351666198,14.9718249999207 103.53310666683,14.9717983331113 103.532981666818,14.9719016662891 103.532816667001,14.9718966663217 103.532784999948,14.9719799996837 103.532666666421,14.9720150003461 103.532557999896,14.9719847384648 103.532061666519,14.9721816664641 103.532305000057,14.9727400001908</coordinates></LinearRing></outerBoundaryIs></Polygon></MultiGeometry>
    </Placemark>
    <Placemark>
      <name>320103060026</name>
      <styleUrl>#style_82_001</styleUrl>
      <description><![CDATA[<h3 style="margin-bottom:6px; font-family:sans-serif;">320103060026</h3>
<table style="width:100%; border-collapse:collapse; font-family:sans-serif; font-size:12px;">
<tr style="background-color:#99bfe6; color:#000; font-weight:bold;"><td colspan="2" style="padding:4px; text-align:center;">320103060026</td></tr>
<tr style="background-color:#f0f5fa;"><td style="padding:3px; width:45%;"><b>FID</b></td><td style="padding:3px;">14250</td></tr>
<tr style="background-color:#dbe8f5;"><td style="padding:3px;"><b>รหัสแปลง</b></td><td style="padding:3px;">320103060026</td></tr>
<tr style="background-color:#f0f5fa;"><td style="padding:3px;"><b>รหัสกลุ่มคิว</b></td><td style="padding:3px;">82_001</td></tr>
<tr style="background-color:#dbe8f5;"><td style="padding:3px;"><b>นักเกษตร</b></td><td style="padding:3px;">8201</td></tr>
<tr style="background-color:#f0f5fa;"><td style="padding:3px;"><b>ศูนย์</b></td><td style="padding:3px;">K2-82</td></tr>
<tr style="background-color:#dbe8f5;"><td style="padding:3px;"><b>สถานที่ส่งอ้อย</b></td><td style="padding:3px;">รถตัด</td></tr>
<tr style="background-color:#f0f5fa;"><td style="padding:3px;"><b>ประเภทคิว</b></td><td style="padding:3px;">รถตัด</td></tr>
<tr style="background-color:#dbe8f5;"><td style="padding:3px;"><b>ประเภทรถ</b></td><td style="padding:3px;">10 ล้อเดี่ยว</td></tr>
<tr style="background-color:#f0f5fa;"><td style="padding:3px;"><b>ประเภทชาวไร่</b></td><td style="padding:3px;">รถตัด</td></tr>
<tr style="background-color:#dbe8f5;"><td style="padding:3px;"><b>สถานีขนถ่าย</b></td><td style="padding:3px;"></td></tr>
<tr style="background-color:#f0f5fa;"><td style="padding:3px;"><b>สถานะยืนยัน</b></td><td style="padding:3px;">N</td></tr>
<tr style="background-color:#dbe8f5;"><td style="padding:3px;"><b>โควตา</b></td><td style="padding:3px;">788104</td></tr>
<tr style="background-color:#f0f5fa;"><td style="padding:3px;"><b>ชาวไร่</b></td><td style="padding:3px;">นาย จตุชัย เรียบร้อย</td></tr>
<tr style="background-color:#dbe8f5;"><td style="padding:3px;"><b>ประเภทอ้อย</b></td><td style="padding:3px;">ปลายฝน</td></tr>
<tr style="background-color:#f0f5fa;"><td style="padding:3px;"><b>พื้นที่</b></td><td style="padding:3px;">6.15</td></tr>
<tr style="background-color:#dbe8f5;"><td style="padding:3px;"><b>ปีผลิต</b></td><td style="padding:3px;">256970</td></tr>
<tr style="background-color:#f0f5fa;"><td style="padding:3px;"><b>ตันรวม</b></td><td style="padding:3px;">79.95</td></tr>
<tr style="background-color:#dbe8f5;"><td style="padding:3px;"><b>สถานที่ส่งอ้อย_1</b></td><td style="padding:3px;">รถตัด</td></tr>
</table>]]></description>
      <MultiGeometry><Polygon><outerBoundaryIs><LinearRing><coordinates>103.465243333055,15.0646316670629 103.465606666608,15.0646566663141 103.465692890407,15.0638259048669 103.465665656707,15.0633986675146 103.465724500072,15.0630420185796 103.465816666887,15.0626333328617 103.465318333064,15.0626266665924 103.465243333055,15.0646316670629</coordinates></LinearRing></outerBoundaryIs></Polygon></MultiGeometry>
    </Placemark>
    <Placemark>
      <name>320113111621</name>
      <styleUrl>#style_82_001</styleUrl>
      <description><![CDATA[<h3 style="margin-bottom:6px; font-family:sans-serif;">320113111621</h3>
<table style="width:100%; border-collapse:collapse; font-family:sans-serif; font-size:12px;">
<tr style="background-color:#99bfe6; color:#000; font-weight:bold;"><td colspan="2" style="padding:4px; text-align:center;">320113111621</td></tr>
<tr style="background-color:#f0f5fa;"><td style="padding:3px; width:45%;"><b>FID</b></td><td style="padding:3px;">14273</td></tr>
<tr style="background-color:#dbe8f5;"><td style="padding:3px;"><b>รหัสแปลง</b></td><td style="padding:3px;">320113111621</td></tr>
<tr style="background-color:#f0f5fa;"><td style="padding:3px;"><b>รหัสกลุ่มคิว</b></td><td style="padding:3px;">82_001</td></tr>
<tr style="background-color:#dbe8f5;"><td style="padding:3px;"><b>นักเกษตร</b></td><td style="padding:3px;">8201</td></tr>
<tr style="background-color:#f0f5fa;"><td style="padding:3px;"><b>ศูนย์</b></td><td style="padding:3px;">K2-82</td></tr>
<tr style="background-color:#dbe8f5;"><td style="padding:3px;"><b>สถานที่ส่งอ้อย</b></td><td style="padding:3px;">รถตัด</td></tr>
<tr style="background-color:#f0f5fa;"><td style="padding:3px;"><b>ประเภทคิว</b></td><td style="padding:3px;">รถตัด</td></tr>
<tr style="background-color:#dbe8f5;"><td style="padding:3px;"><b>ประเภทรถ</b></td><td style="padding:3px;">10 ล้อเดี่ยว</td></tr>
<tr style="background-color:#f0f5fa;"><td style="padding:3px;"><b>ประเภทชาวไร่</b></td><td style="padding:3px;">รถตัด</td></tr>
<tr style="background-color:#dbe8f5;"><td style="padding:3px;"><b>สถานีขนถ่าย</b></td><td style="padding:3px;"></td></tr>
<tr style="background-color:#f0f5fa;"><td style="padding:3px;"><b>สถานะยืนยัน</b></td><td style="padding:3px;">N</td></tr>
<tr style="background-color:#dbe8f5;"><td style="padding:3px;"><b>โควตา</b></td><td style="padding:3px;">718155</td></tr>
<tr style="background-color:#f0f5fa;"><td style="padding:3px;"><b>ชาวไร่</b></td><td style="padding:3px;">นาย ปัญญา เพราะแก้ว</td></tr>
<tr style="background-color:#dbe8f5;"><td style="padding:3px;"><b>ประเภทอ้อย</b></td><td style="padding:3px;">ปลายฝน</td></tr>
<tr style="background-color:#f0f5fa;"><td style="padding:3px;"><b>พื้นที่</b></td><td style="padding:3px;">5.14</td></tr>
<tr style="background-color:#dbe8f5;"><td style="padding:3px;"><b>ปีผลิต</b></td><td style="padding:3px;">256970</td></tr>
<tr style="background-color:#f0f5fa;"><td style="padding:3px;"><b>ตันรวม</b></td><td style="padding:3px;">66.82</td></tr>
<tr style="background-color:#dbe8f5;"><td style="padding:3px;"><b>สถานที่ส่งอ้อย_1</b></td><td style="padding:3px;">รถตัด</td></tr>
</table>]]></description>
      <MultiGeometry><Polygon><outerBoundaryIs><LinearRing><coordinates>103.293125000263,14.8005083334487 103.295041666734,14.8003983329192 103.295004999805,14.7999783328889 103.29331333363,14.8001816666886 103.293143332804,14.8002100003003 103.293125000263,14.8005083334487</coordinates></LinearRing></outerBoundaryIs></Polygon></MultiGeometry>
    </Placemark>
    <Placemark>
      <name>320113111622</name>
      <styleUrl>#style_82_001</styleUrl>
      <description><![CDATA[<h3 style="margin-bottom:6px; font-family:sans-serif;">320113111622</h3>
<table style="width:100%; border-collapse:collapse; font-family:sans-serif; font-size:12px;">
<tr style="background-color:#99bfe6; color:#000; font-weight:bold;"><td colspan="2" style="padding:4px; text-align:center;">320113111622</td></tr>
<tr style="background-color:#f0f5fa;"><td style="padding:3px; width:45%;"><b>FID</b></td><td style="padding:3px;">14283</td></tr>
<tr style="background-color:#dbe8f5;"><td style="padding:3px;"><b>รหัสแปลง</b></td><td style="padding:3px;">320113111622</td></tr>
<tr style="background-color:#f0f5fa;"><td style="padding:3px;"><b>รหัสกลุ่มคิว</b></td><td style="padding:3px;">82_001</td></tr>
<tr style="background-color:#dbe8f5;"><td style="padding:3px;"><b>นักเกษตร</b></td><td style="padding:3px;">8201</td></tr>
<tr style="background-color:#f0f5fa;"><td style="padding:3px;"><b>ศูนย์</b></td><td style="padding:3px;">K2-82</td></tr>
<tr style="background-color:#dbe8f5;"><td style="padding:3px;"><b>สถานที่ส่งอ้อย</b></td><td style="padding:3px;">รถตัด</td></tr>
<tr style="background-color:#f0f5fa;"><td style="padding:3px;"><b>ประเภทคิว</b></td><td style="padding:3px;">รถตัด</td></tr>
<tr style="background-color:#dbe8f5;"><td style="padding:3px;"><b>ประเภทรถ</b></td><td style="padding:3px;">10 ล้อเดี่ยว</td></tr>
<tr style="background-color:#f0f5fa;"><td style="padding:3px;"><b>ประเภทชาวไร่</b></td><td style="padding:3px;">รถตัด</td></tr>
<tr style="background-color:#dbe8f5;"><td style="padding:3px;"><b>สถานีขนถ่าย</b></td><td style="padding:3px;"></td></tr>
<tr style="background-color:#f0f5fa;"><td style="padding:3px;"><b>สถานะยืนยัน</b></td><td style="padding:3px;">N</td></tr>
<tr style="background-color:#dbe8f5;"><td style="padding:3px;"><b>โควตา</b></td><td style="padding:3px;">718155</td></tr>
<tr style="background-color:#f0f5fa;"><td style="padding:3px;"><b>ชาวไร่</b></td><td style="padding:3px;">นาย ปัญญา เพราะแก้ว</td></tr>
<tr style="background-color:#dbe8f5;"><td style="padding:3px;"><b>ประเภทอ้อย</b></td><td style="padding:3px;">ปลายฝน</td></tr>
<tr style="background-color:#f0f5fa;"><td style="padding:3px;"><b>พื้นที่</b></td><td style="padding:3px;">3.38</td></tr>
<tr style="background-color:#dbe8f5;"><td style="padding:3px;"><b>ปีผลิต</b></td><td style="padding:3px;">256970</td></tr>
<tr style="background-color:#f0f5fa;"><td style="padding:3px;"><b>ตันรวม</b></td><td style="padding:3px;">43.94</td></tr>
<tr style="background-color:#dbe8f5;"><td style="padding:3px;"><b>สถานที่ส่งอ้อย_1</b></td><td style="padding:3px;">รถตัด</td></tr>
</table>]]></description>
      <MultiGeometry><Polygon><outerBoundaryIs><LinearRing><coordinates>103.293668333126,14.7984116662183 103.293659999682,14.7986949995476 103.294704999855,14.7984116669645 103.295073333303,14.7983266668374 103.294889999477,14.7979350003555 103.294211666564,14.7982366666035 103.293668333126,14.7984116662183</coordinates></LinearRing></outerBoundaryIs></Polygon></MultiGeometry>
    </Placemark>
    <Placemark>
      <name>320103040007</name>
      <styleUrl>#style_82_001</styleUrl>
      <description><![CDATA[<h3 style="margin-bottom:6px; font-family:sans-serif;">320103040007</h3>
<table style="width:100%; border-collapse:collapse; font-family:sans-serif; font-size:12px;">
<tr style="background-color:#99bfe6; color:#000; font-weight:bold;"><td colspan="2" style="padding:4px; text-align:center;">320103040007</td></tr>
<tr style="background-color:#f0f5fa;"><td style="padding:3px; width:45%;"><b>FID</b></td><td style="padding:3px;">14335</td></tr>
<tr style="background-color:#dbe8f5;"><td style="padding:3px;"><b>รหัสแปลง</b></td><td style="padding:3px;">320103040007</td></tr>
<tr style="background-color:#f0f5fa;"><td style="padding:3px;"><b>รหัสกลุ่มคิว</b></td><td style="padding:3px;">82_001</td></tr>
<tr style="background-color:#dbe8f5;"><td style="padding:3px;"><b>นักเกษตร</b></td><td style="padding:3px;">8201</td></tr>
<tr style="background-color:#f0f5fa;"><td style="padding:3px;"><b>ศูนย์</b></td><td style="padding:3px;">K2-82</td></tr>
<tr style="background-color:#dbe8f5;"><td style="padding:3px;"><b>สถานที่ส่งอ้อย</b></td><td style="padding:3px;">รถตัด</td></tr>
<tr style="background-color:#f0f5fa;"><td style="padding:3px;"><b>ประเภทคิว</b></td><td style="padding:3px;">รถตัด</td></tr>
<tr style="background-color:#dbe8f5;"><td style="padding:3px;"><b>ประเภทรถ</b></td><td style="padding:3px;">10 ล้อเดี่ยว</td></tr>
<tr style="background-color:#f0f5fa;"><td style="padding:3px;"><b>ประเภทชาวไร่</b></td><td style="padding:3px;">รถตัด</td></tr>
<tr style="background-color:#dbe8f5;"><td style="padding:3px;"><b>สถานีขนถ่าย</b></td><td style="padding:3px;"></td></tr>
<tr style="background-color:#f0f5fa;"><td style="padding:3px;"><b>สถานะยืนยัน</b></td><td style="padding:3px;">N</td></tr>
<tr style="background-color:#dbe8f5;"><td style="padding:3px;"><b>โควตา</b></td><td style="padding:3px;">788112</td></tr>
<tr style="background-color:#f0f5fa;"><td style="padding:3px;"><b>ชาวไร่</b></td><td style="padding:3px;">นาย สิวริศร์ กิติวุฒิศักย์</td></tr>
<tr style="background-color:#dbe8f5;"><td style="padding:3px;"><b>ประเภทอ้อย</b></td><td style="padding:3px;">ปลายฝน</td></tr>
<tr style="background-color:#f0f5fa;"><td style="padding:3px;"><b>พื้นที่</b></td><td style="padding:3px;">6.01</td></tr>
<tr style="background-color:#dbe8f5;"><td style="padding:3px;"><b>ปีผลิต</b></td><td style="padding:3px;">256970</td></tr>
<tr style="background-color:#f0f5fa;"><td style="padding:3px;"><b>ตันรวม</b></td><td style="padding:3px;">78.13</td></tr>
<tr style="background-color:#dbe8f5;"><td style="padding:3px;"><b>สถานที่ส่งอ้อย_1</b></td><td style="padding:3px;">รถตัด</td></tr>
</table>]]></description>
      <MultiGeometry><Polygon><outerBoundaryIs><LinearRing><coordinates>103.478196666797,15.0533733335509 103.477751666922,15.0506800002595 103.47752833287,15.0507516663287 103.477636666789,15.0516016668756 103.477683332785,15.0520200001127 103.477743333424,15.0526099998826 103.477776666319,15.0529783330643 103.477773332811,15.0530416669295 103.47779499998,15.0534066670676 103.478196666797,15.0533733335509</coordinates></LinearRing></outerBoundaryIs></Polygon></MultiGeometry>
    </Placemark>
    <Placemark>
      <name>320103040008</name>
      <styleUrl>#style_82_001</styleUrl>
      <description><![CDATA[<h3 style="margin-bottom:6px; font-family:sans-serif;">320103040008</h3>
<table style="width:100%; border-collapse:collapse; font-family:sans-serif; font-size:12px;">
<tr style="background-color:#99bfe6; color:#000; font-weight:bold;"><td colspan="2" style="padding:4px; text-align:center;">320103040008</td></tr>
<tr style="background-color:#f0f5fa;"><td style="padding:3px; width:45%;"><b>FID</b></td><td style="padding:3px;">14336</td></tr>
<tr style="background-color:#dbe8f5;"><td style="padding:3px;"><b>รหัสแปลง</b></td><td style="padding:3px;">320103040008</td></tr>
<tr style="background-color:#f0f5fa;"><td style="padding:3px;"><b>รหัสกลุ่มคิว</b></td><td style="padding:3px;">82_001</td></tr>
<tr style="background-color:#dbe8f5;"><td style="padding:3px;"><b>นักเกษตร</b></td><td style="padding:3px;">8201</td></tr>
<tr style="background-color:#f0f5fa;"><td style="padding:3px;"><b>ศูนย์</b></td><td style="padding:3px;">K2-82</td></tr>
<tr style="background-color:#dbe8f5;"><td style="padding:3px;"><b>สถานที่ส่งอ้อย</b></td><td style="padding:3px;">รถตัด</td></tr>
<tr style="background-color:#f0f5fa;"><td style="padding:3px;"><b>ประเภทคิว</b></td><td style="padding:3px;">รถตัด</td></tr>
<tr style="background-color:#dbe8f5;"><td style="padding:3px;"><b>ประเภทรถ</b></td><td style="padding:3px;">10 ล้อเดี่ยว</td></tr>
<tr style="background-color:#f0f5fa;"><td style="padding:3px;"><b>ประเภทชาวไร่</b></td><td style="padding:3px;">รถตัด</td></tr>
<tr style="background-color:#dbe8f5;"><td style="padding:3px;"><b>สถานีขนถ่าย</b></td><td style="padding:3px;"></td></tr>
<tr style="background-color:#f0f5fa;"><td style="padding:3px;"><b>สถานะยืนยัน</b></td><td style="padding:3px;">N</td></tr>
<tr style="background-color:#dbe8f5;"><td style="padding:3px;"><b>โควตา</b></td><td style="padding:3px;">788104</td></tr>
<tr style="background-color:#f0f5fa;"><td style="padding:3px;"><b>ชาวไร่</b></td><td style="padding:3px;">นาย จตุชัย เรียบร้อย</td></tr>
<tr style="background-color:#dbe8f5;"><td style="padding:3px;"><b>ประเภทอ้อย</b></td><td style="padding:3px;">ปลายฝน</td></tr>
<tr style="background-color:#f0f5fa;"><td style="padding:3px;"><b>พื้นที่</b></td><td style="padding:3px;">3.33</td></tr>
<tr style="background-color:#dbe8f5;"><td style="padding:3px;"><b>ปีผลิต</b></td><td style="padding:3px;">256970</td></tr>
<tr style="background-color:#f0f5fa;"><td style="padding:3px;"><b>ตันรวม</b></td><td style="padding:3px;">43.29</td></tr>
<tr style="background-color:#dbe8f5;"><td style="padding:3px;"><b>สถานที่ส่งอ้อย_1</b></td><td style="padding:3px;">รถตัด</td></tr>
</table>]]></description>
      <MultiGeometry><Polygon><outerBoundaryIs><LinearRing><coordinates>103.478451666717,15.0533633333866 103.478464999756,15.0535649998585 103.478716666774,15.0535966667319 103.47885166659,15.0535649995635 103.479045000036,15.0535349995816 103.479106666546,15.0534533330285 103.479205000275,15.0534550002015 103.479321666858,15.0534233336797 103.479421666648,15.0533716666087 103.479519999917,15.0533366663716 103.479608333536,15.0532433335879 103.479656666517,15.0531483336625 103.479725000128,15.053026666832 103.479724999975,15.0529333331661 103.479569999462,15.0529733330777 103.479260000271,15.0530649998663 103.479099999436,15.0530900000593 103.478951666707,15.0531550003595 103.478764999548,15.0531650000096 103.47857666636,15.0532266664378 103.478501666291,15.0533249995585 103.478451666717,15.0533633333866</coordinates></LinearRing></outerBoundaryIs></Polygon></MultiGeometry>
    </Placemark>
    <Placemark>
      <name>320113080012</name>
      <styleUrl>#style_82_001</styleUrl>
      <description><![CDATA[<h3 style="margin-bottom:6px; font-family:sans-serif;">320113080012</h3>
<table style="width:100%; border-collapse:collapse; font-family:sans-serif; font-size:12px;">
<tr style="background-color:#99bfe6; color:#000; font-weight:bold;"><td colspan="2" style="padding:4px; text-align:center;">320113080012</td></tr>
<tr style="background-color:#f0f5fa;"><td style="padding:3px; width:45%;"><b>FID</b></td><td style="padding:3px;">14354</td></tr>
<tr style="background-color:#dbe8f5;"><td style="padding:3px;"><b>รหัสแปลง</b></td><td style="padding:3px;">320113080012</td></tr>
<tr style="background-color:#f0f5fa;"><td style="padding:3px;"><b>รหัสกลุ่มคิว</b></td><td style="padding:3px;">82_001</td></tr>
<tr style="background-color:#dbe8f5;"><td style="padding:3px;"><b>นักเกษตร</b></td><td style="padding:3px;">8201</td></tr>
<tr style="background-color:#f0f5fa;"><td style="padding:3px;"><b>ศูนย์</b></td><td style="padding:3px;">K2-82</td></tr>
<tr style="background-color:#dbe8f5;"><td style="padding:3px;"><b>สถานที่ส่งอ้อย</b></td><td style="padding:3px;">รถตัด</td></tr>
<tr style="background-color:#f0f5fa;"><td style="padding:3px;"><b>ประเภทคิว</b></td><td style="padding:3px;">รถตัด</td></tr>
<tr style="background-color:#dbe8f5;"><td style="padding:3px;"><b>ประเภทรถ</b></td><td style="padding:3px;">10 ล้อเดี่ยว</td></tr>
<tr style="background-color:#f0f5fa;"><td style="padding:3px;"><b>ประเภทชาวไร่</b></td><td style="padding:3px;">รถตัด</td></tr>
<tr style="background-color:#dbe8f5;"><td style="padding:3px;"><b>สถานีขนถ่าย</b></td><td style="padding:3px;"></td></tr>
<tr style="background-color:#f0f5fa;"><td style="padding:3px;"><b>สถานะยืนยัน</b></td><td style="padding:3px;">N</td></tr>
<tr style="background-color:#dbe8f5;"><td style="padding:3px;"><b>โควตา</b></td><td style="padding:3px;">788058</td></tr>
<tr style="background-color:#f0f5fa;"><td style="padding:3px;"><b>ชาวไร่</b></td><td style="padding:3px;">นาย มนตรี เฉลียวยิ่ง</td></tr>
<tr style="background-color:#dbe8f5;"><td style="padding:3px;"><b>ประเภทอ้อย</b></td><td style="padding:3px;">ปลายฝน</td></tr>
<tr style="background-color:#f0f5fa;"><td style="padding:3px;"><b>พื้นที่</b></td><td style="padding:3px;">2.39</td></tr>
<tr style="background-color:#dbe8f5;"><td style="padding:3px;"><b>ปีผลิต</b></td><td style="padding:3px;">256970</td></tr>
<tr style="background-color:#f0f5fa;"><td style="padding:3px;"><b>ตันรวม</b></td><td style="padding:3px;">31.07</td></tr>
<tr style="background-color:#dbe8f5;"><td style="padding:3px;"><b>สถานที่ส่งอ้อย_1</b></td><td style="padding:3px;">รถตัด</td></tr>
</table>]]></description>
      <MultiGeometry><Polygon><outerBoundaryIs><LinearRing><coordinates>103.363794999886,14.8364449998284 103.36381499979,14.8366416670514 103.365191666135,14.8362616667493 103.365126666479,14.8360416663528 103.364071666781,14.8363299999329 103.363794999886,14.8364449998284</coordinates></LinearRing></outerBoundaryIs></Polygon></MultiGeometry>
    </Placemark>
    <Placemark>
      <name>320104051519</name>
      <styleUrl>#style_82_001</styleUrl>
      <description><![CDATA[<h3 style="margin-bottom:6px; font-family:sans-serif;">320104051519</h3>
<table style="width:100%; border-collapse:collapse; font-family:sans-serif; font-size:12px;">
<tr style="background-color:#99bfe6; color:#000; font-weight:bold;"><td colspan="2" style="padding:4px; text-align:center;">320104051519</td></tr>
<tr style="background-color:#f0f5fa;"><td style="padding:3px; width:45%;"><b>FID</b></td><td style="padding:3px;">14382</td></tr>
<tr style="background-color:#dbe8f5;"><td style="padding:3px;"><b>รหัสแปลง</b></td><td style="padding:3px;">320104051519</td></tr>
<tr style="background-color:#f0f5fa;"><td style="padding:3px;"><b>รหัสกลุ่มคิว</b></td><td style="padding:3px;">82_001</td></tr>
<tr style="background-color:#dbe8f5;"><td style="padding:3px;"><b>นักเกษตร</b></td><td style="padding:3px;">8201</td></tr>
<tr style="background-color:#f0f5fa;"><td style="padding:3px;"><b>ศูนย์</b></td><td style="padding:3px;">K2-82</td></tr>
<tr style="background-color:#dbe8f5;"><td style="padding:3px;"><b>สถานที่ส่งอ้อย</b></td><td style="padding:3px;">รถตัด</td></tr>
<tr style="background-color:#f0f5fa;"><td style="padding:3px;"><b>ประเภทคิว</b></td><td style="padding:3px;">รถตัด</td></tr>
<tr style="background-color:#dbe8f5;"><td style="padding:3px;"><b>ประเภทรถ</b></td><td style="padding:3px;">10 ล้อเดี่ยว</td></tr>
<tr style="background-color:#f0f5fa;"><td style="padding:3px;"><b>ประเภทชาวไร่</b></td><td style="padding:3px;">รถตัด</td></tr>
<tr style="background-color:#dbe8f5;"><td style="padding:3px;"><b>สถานีขนถ่าย</b></td><td style="padding:3px;"></td></tr>
<tr style="background-color:#f0f5fa;"><td style="padding:3px;"><b>สถานะยืนยัน</b></td><td style="padding:3px;">N</td></tr>
<tr style="background-color:#dbe8f5;"><td style="padding:3px;"><b>โควตา</b></td><td style="padding:3px;">787063</td></tr>
<tr style="background-color:#f0f5fa;"><td style="padding:3px;"><b>ชาวไร่</b></td><td style="padding:3px;">นาย สันติ สายบุตร</td></tr>
<tr style="background-color:#dbe8f5;"><td style="padding:3px;"><b>ประเภทอ้อย</b></td><td style="padding:3px;">ปลายฝน</td></tr>
<tr style="background-color:#f0f5fa;"><td style="padding:3px;"><b>พื้นที่</b></td><td style="padding:3px;">2.38</td></tr>
<tr style="background-color:#dbe8f5;"><td style="padding:3px;"><b>ปีผลิต</b></td><td style="padding:3px;">256970</td></tr>
<tr style="background-color:#f0f5fa;"><td style="padding:3px;"><b>ตันรวม</b></td><td style="padding:3px;">30.94</td></tr>
<tr style="background-color:#dbe8f5;"><td style="padding:3px;"><b>สถานที่ส่งอ้อย_1</b></td><td style="padding:3px;">รถตัด</td></tr>
</table>]]></description>
      <MultiGeometry><Polygon><outerBoundaryIs><LinearRing><coordinates>103.454818333493,15.0116816664843 103.453978333626,15.0120249998375 103.454069999612,15.0123050002575 103.454898332858,15.0120966667313 103.454841666516,15.0116849997486 103.454818333493,15.0116816664843</coordinates></LinearRing></outerBoundaryIs></Polygon></MultiGeometry>
    </Placemark>
    <Placemark>
      <name>320104051520</name>
      <styleUrl>#style_82_001</styleUrl>
      <description><![CDATA[<h3 style="margin-bottom:6px; font-family:sans-serif;">320104051520</h3>
<table style="width:100%; border-collapse:collapse; font-family:sans-serif; font-size:12px;">
<tr style="background-color:#99bfe6; color:#000; font-weight:bold;"><td colspan="2" style="padding:4px; text-align:center;">320104051520</td></tr>
<tr style="background-color:#f0f5fa;"><td style="padding:3px; width:45%;"><b>FID</b></td><td style="padding:3px;">14432</td></tr>
<tr style="background-color:#dbe8f5;"><td style="padding:3px;"><b>รหัสแปลง</b></td><td style="padding:3px;">320104051520</td></tr>
<tr style="background-color:#f0f5fa;"><td style="padding:3px;"><b>รหัสกลุ่มคิว</b></td><td style="padding:3px;">82_001</td></tr>
<tr style="background-color:#dbe8f5;"><td style="padding:3px;"><b>นักเกษตร</b></td><td style="padding:3px;">8201</td></tr>
<tr style="background-color:#f0f5fa;"><td style="padding:3px;"><b>ศูนย์</b></td><td style="padding:3px;">K2-82</td></tr>
<tr style="background-color:#dbe8f5;"><td style="padding:3px;"><b>สถานที่ส่งอ้อย</b></td><td style="padding:3px;">รถตัด</td></tr>
<tr style="background-color:#f0f5fa;"><td style="padding:3px;"><b>ประเภทคิว</b></td><td style="padding:3px;">รถตัด</td></tr>
<tr style="background-color:#dbe8f5;"><td style="padding:3px;"><b>ประเภทรถ</b></td><td style="padding:3px;">10 ล้อเดี่ยว</td></tr>
<tr style="background-color:#f0f5fa;"><td style="padding:3px;"><b>ประเภทชาวไร่</b></td><td style="padding:3px;">รถตัด</td></tr>
<tr style="background-color:#dbe8f5;"><td style="padding:3px;"><b>สถานีขนถ่าย</b></td><td style="padding:3px;"></td></tr>
<tr style="background-color:#f0f5fa;"><td style="padding:3px;"><b>สถานะยืนยัน</b></td><td style="padding:3px;">N</td></tr>
<tr style="background-color:#dbe8f5;"><td style="padding:3px;"><b>โควตา</b></td><td style="padding:3px;">787063</td></tr>
<tr style="background-color:#f0f5fa;"><td style="padding:3px;"><b>ชาวไร่</b></td><td style="padding:3px;">นาย สันติ สายบุตร</td></tr>
<tr style="background-color:#dbe8f5;"><td style="padding:3px;"><b>ประเภทอ้อย</b></td><td style="padding:3px;">ปลายฝน</td></tr>
<tr style="background-color:#f0f5fa;"><td style="padding:3px;"><b>พื้นที่</b></td><td style="padding:3px;">2.62</td></tr>
<tr style="background-color:#dbe8f5;"><td style="padding:3px;"><b>ปีผลิต</b></td><td style="padding:3px;">256970</td></tr>
<tr style="background-color:#f0f5fa;"><td style="padding:3px;"><b>ตันรวม</b></td><td style="padding:3px;">34.06</td></tr>
<tr style="background-color:#dbe8f5;"><td style="padding:3px;"><b>สถานที่ส่งอ้อย_1</b></td><td style="padding:3px;">รถตัด</td></tr>
</table>]]></description>
      <MultiGeometry><Polygon><outerBoundaryIs><LinearRing><coordinates>103.453391666631,15.011078333545 103.453488333265,15.0113616666888 103.454551666922,15.0110466663658 103.45445833284,15.0107299997732 103.453391666631,15.011078333545</coordinates></LinearRing></outerBoundaryIs></Polygon></MultiGeometry>
    </Placemark>
    <Placemark>
      <name>320104051521</name>
      <styleUrl>#style_82_001</styleUrl>
      <description><![CDATA[<h3 style="margin-bottom:6px; font-family:sans-serif;">320104051521</h3>
<table style="width:100%; border-collapse:collapse; font-family:sans-serif; font-size:12px;">
<tr style="background-color:#99bfe6; color:#000; font-weight:bold;"><td colspan="2" style="padding:4px; text-align:center;">320104051521</td></tr>
<tr style="background-color:#f0f5fa;"><td style="padding:3px; width:45%;"><b>FID</b></td><td style="padding:3px;">14433</td></tr>
<tr style="background-color:#dbe8f5;"><td style="padding:3px;"><b>รหัสแปลง</b></td><td style="padding:3px;">320104051521</td></tr>
<tr style="background-color:#f0f5fa;"><td style="padding:3px;"><b>รหัสกลุ่มคิว</b></td><td style="padding:3px;">82_001</td></tr>
<tr style="background-color:#dbe8f5;"><td style="padding:3px;"><b>นักเกษตร</b></td><td style="padding:3px;">8201</td></tr>
<tr style="background-color:#f0f5fa;"><td style="padding:3px;"><b>ศูนย์</b></td><td style="padding:3px;">K2-82</td></tr>
<tr style="background-color:#dbe8f5;"><td style="padding:3px;"><b>สถานที่ส่งอ้อย</b></td><td style="padding:3px;">รถตัด</td></tr>
<tr style="background-color:#f0f5fa;"><td style="padding:3px;"><b>ประเภทคิว</b></td><td style="padding:3px;">รถตัด</td></tr>
<tr style="background-color:#dbe8f5;"><td style="padding:3px;"><b>ประเภทรถ</b></td><td style="padding:3px;">10 ล้อเดี่ยว</td></tr>
<tr style="background-color:#f0f5fa;"><td style="padding:3px;"><b>ประเภทชาวไร่</b></td><td style="padding:3px;">รถตัด</td></tr>
<tr style="background-color:#dbe8f5;"><td style="padding:3px;"><b>สถานีขนถ่าย</b></td><td style="padding:3px;"></td></tr>
<tr style="background-color:#f0f5fa;"><td style="padding:3px;"><b>สถานะยืนยัน</b></td><td style="padding:3px;">N</td></tr>
<tr style="background-color:#dbe8f5;"><td style="padding:3px;"><b>โควตา</b></td><td style="padding:3px;">787063</td></tr>
<tr style="background-color:#f0f5fa;"><td style="padding:3px;"><b>ชาวไร่</b></td><td style="padding:3px;">นาย สันติ สายบุตร</td></tr>
<tr style="background-color:#dbe8f5;"><td style="padding:3px;"><b>ประเภทอ้อย</b></td><td style="padding:3px;">ปลายฝน</td></tr>
<tr style="background-color:#f0f5fa;"><td style="padding:3px;"><b>พื้นที่</b></td><td style="padding:3px;">1.82</td></tr>
<tr style="background-color:#dbe8f5;"><td style="padding:3px;"><b>ปีผลิต</b></td><td style="padding:3px;">256970</td></tr>
<tr style="background-color:#f0f5fa;"><td style="padding:3px;"><b>ตันรวม</b></td><td style="padding:3px;">23.66</td></tr>
<tr style="background-color:#dbe8f5;"><td style="padding:3px;"><b>สถานที่ส่งอ้อย_1</b></td><td style="padding:3px;">รถตัด</td></tr>
</table>]]></description>
      <MultiGeometry><Polygon><outerBoundaryIs><LinearRing><coordinates>103.453583333562,15.0117233334345 103.453470000029,15.0114166663767 103.452809999518,15.0116433333555 103.452974999997,15.0119966667488 103.453583333562,15.0117233334345</coordinates></LinearRing></outerBoundaryIs></Polygon></MultiGeometry>
    </Placemark>
    <Placemark>
      <name>320104051522</name>
      <styleUrl>#style_82_001</styleUrl>
      <description><![CDATA[<h3 style="margin-bottom:6px; font-family:sans-serif;">320104051522</h3>
<table style="width:100%; border-collapse:collapse; font-family:sans-serif; font-size:12px;">
<tr style="background-color:#99bfe6; color:#000; font-weight:bold;"><td colspan="2" style="padding:4px; text-align:center;">320104051522</td></tr>
<tr style="background-color:#f0f5fa;"><td style="padding:3px; width:45%;"><b>FID</b></td><td style="padding:3px;">14434</td></tr>
<tr style="background-color:#dbe8f5;"><td style="padding:3px;"><b>รหัสแปลง</b></td><td style="padding:3px;">320104051522</td></tr>
<tr style="background-color:#f0f5fa;"><td style="padding:3px;"><b>รหัสกลุ่มคิว</b></td><td style="padding:3px;">82_001</td></tr>
<tr style="background-color:#dbe8f5;"><td style="padding:3px;"><b>นักเกษตร</b></td><td style="padding:3px;">8201</td></tr>
<tr style="background-color:#f0f5fa;"><td style="padding:3px;"><b>ศูนย์</b></td><td style="padding:3px;">K2-82</td></tr>
<tr style="background-color:#dbe8f5;"><td style="padding:3px;"><b>สถานที่ส่งอ้อย</b></td><td style="padding:3px;">รถตัด</td></tr>
<tr style="background-color:#f0f5fa;"><td style="padding:3px;"><b>ประเภทคิว</b></td><td style="padding:3px;">รถตัด</td></tr>
<tr style="background-color:#dbe8f5;"><td style="padding:3px;"><b>ประเภทรถ</b></td><td style="padding:3px;">10 ล้อเดี่ยว</td></tr>
<tr style="background-color:#f0f5fa;"><td style="padding:3px;"><b>ประเภทชาวไร่</b></td><td style="padding:3px;">รถตัด</td></tr>
<tr style="background-color:#dbe8f5;"><td style="padding:3px;"><b>สถานีขนถ่าย</b></td><td style="padding:3px;"></td></tr>
<tr style="background-color:#f0f5fa;"><td style="padding:3px;"><b>สถานะยืนยัน</b></td><td style="padding:3px;">N</td></tr>
<tr style="background-color:#dbe8f5;"><td style="padding:3px;"><b>โควตา</b></td><td style="padding:3px;">787063</td></tr>
<tr style="background-color:#f0f5fa;"><td style="padding:3px;"><b>ชาวไร่</b></td><td style="padding:3px;">นาย สันติ สายบุตร</td></tr>
<tr style="background-color:#dbe8f5;"><td style="padding:3px;"><b>ประเภทอ้อย</b></td><td style="padding:3px;">ปลายฝน</td></tr>
<tr style="background-color:#f0f5fa;"><td style="padding:3px;"><b>พื้นที่</b></td><td style="padding:3px;">1.4</td></tr>
<tr style="background-color:#dbe8f5;"><td style="padding:3px;"><b>ปีผลิต</b></td><td style="padding:3px;">256970</td></tr>
<tr style="background-color:#f0f5fa;"><td style="padding:3px;"><b>ตันรวม</b></td><td style="padding:3px;">18.2</td></tr>
<tr style="background-color:#dbe8f5;"><td style="padding:3px;"><b>สถานที่ส่งอ้อย_1</b></td><td style="padding:3px;">รถตัด</td></tr>
</table>]]></description>
      <MultiGeometry><Polygon><outerBoundaryIs><LinearRing><coordinates>103.45345666651,15.0113783332174 103.453354999637,15.0110800002058 103.453353333369,15.0110800004134 103.452779999602,15.0113083330764 103.452845000227,15.0115816667452 103.45345666651,15.0113783332174</coordinates></LinearRing></outerBoundaryIs></Polygon></MultiGeometry>
    </Placemark>
    <Placemark>
      <name>321605080004</name>
      <styleUrl>#style_82_001</styleUrl>
      <description><![CDATA[<h3 style="margin-bottom:6px; font-family:sans-serif;">321605080004</h3>
<table style="width:100%; border-collapse:collapse; font-family:sans-serif; font-size:12px;">
<tr style="background-color:#99bfe6; color:#000; font-weight:bold;"><td colspan="2" style="padding:4px; text-align:center;">321605080004</td></tr>
<tr style="background-color:#f0f5fa;"><td style="padding:3px; width:45%;"><b>FID</b></td><td style="padding:3px;">14482</td></tr>
<tr style="background-color:#dbe8f5;"><td style="padding:3px;"><b>รหัสแปลง</b></td><td style="padding:3px;">321605080004</td></tr>
<tr style="background-color:#f0f5fa;"><td style="padding:3px;"><b>รหัสกลุ่มคิว</b></td><td style="padding:3px;">82_001</td></tr>
<tr style="background-color:#dbe8f5;"><td style="padding:3px;"><b>นักเกษตร</b></td><td style="padding:3px;">8201</td></tr>
<tr style="background-color:#f0f5fa;"><td style="padding:3px;"><b>ศูนย์</b></td><td style="padding:3px;">K2-82</td></tr>
<tr style="background-color:#dbe8f5;"><td style="padding:3px;"><b>สถานที่ส่งอ้อย</b></td><td style="padding:3px;">รถตัด</td></tr>
<tr style="background-color:#f0f5fa;"><td style="padding:3px;"><b>ประเภทคิว</b></td><td style="padding:3px;">รถตัด</td></tr>
<tr style="background-color:#dbe8f5;"><td style="padding:3px;"><b>ประเภทรถ</b></td><td style="padding:3px;">10 ล้อเดี่ยว</td></tr>
<tr style="background-color:#f0f5fa;"><td style="padding:3px;"><b>ประเภทชาวไร่</b></td><td style="padding:3px;">รถตัด</td></tr>
<tr style="background-color:#dbe8f5;"><td style="padding:3px;"><b>สถานีขนถ่าย</b></td><td style="padding:3px;"></td></tr>
<tr style="background-color:#f0f5fa;"><td style="padding:3px;"><b>สถานะยืนยัน</b></td><td style="padding:3px;">N</td></tr>
<tr style="background-color:#dbe8f5;"><td style="padding:3px;"><b>โควตา</b></td><td style="padding:3px;">718020</td></tr>
<tr style="background-color:#f0f5fa;"><td style="padding:3px;"><b>ชาวไร่</b></td><td style="padding:3px;">นาย เสริม ยงคง</td></tr>
<tr style="background-color:#dbe8f5;"><td style="padding:3px;"><b>ประเภทอ้อย</b></td><td style="padding:3px;">ปลายฝน</td></tr>
<tr style="background-color:#f0f5fa;"><td style="padding:3px;"><b>พื้นที่</b></td><td style="padding:3px;">9.97</td></tr>
<tr style="background-color:#dbe8f5;"><td style="padding:3px;"><b>ปีผลิต</b></td><td style="padding:3px;">256970</td></tr>
<tr style="background-color:#f0f5fa;"><td style="padding:3px;"><b>ตันรวม</b></td><td style="padding:3px;">129.61</td></tr>
<tr style="background-color:#dbe8f5;"><td style="padding:3px;"><b>สถานที่ส่งอ้อย_1</b></td><td style="padding:3px;">รถตัด</td></tr>
</table>]]></description>
      <MultiGeometry><Polygon><outerBoundaryIs><LinearRing><coordinates>103.550003333141,14.9964750003801 103.55091333361,14.9962749996887 103.550858333021,14.9959333330895 103.549736666775,14.9962183332406 103.548794999441,14.9965633328745 103.547380000205,14.9971466665023 103.547563333685,14.9975066669319 103.550003333141,14.9964750003801</coordinates></LinearRing></outerBoundaryIs></Polygon></MultiGeometry>
    </Placemark>
    <Placemark>
      <name>320113080013</name>
      <styleUrl>#style_82_001</styleUrl>
      <description><![CDATA[<h3 style="margin-bottom:6px; font-family:sans-serif;">320113080013</h3>
<table style="width:100%; border-collapse:collapse; font-family:sans-serif; font-size:12px;">
<tr style="background-color:#99bfe6; color:#000; font-weight:bold;"><td colspan="2" style="padding:4px; text-align:center;">320113080013</td></tr>
<tr style="background-color:#f0f5fa;"><td style="padding:3px; width:45%;"><b>FID</b></td><td style="padding:3px;">14484</td></tr>
<tr style="background-color:#dbe8f5;"><td style="padding:3px;"><b>รหัสแปลง</b></td><td style="padding:3px;">320113080013</td></tr>
<tr style="background-color:#f0f5fa;"><td style="padding:3px;"><b>รหัสกลุ่มคิว</b></td><td style="padding:3px;">82_001</td></tr>
<tr style="background-color:#dbe8f5;"><td style="padding:3px;"><b>นักเกษตร</b></td><td style="padding:3px;">8201</td></tr>
<tr style="background-color:#f0f5fa;"><td style="padding:3px;"><b>ศูนย์</b></td><td style="padding:3px;">K2-82</td></tr>
<tr style="background-color:#dbe8f5;"><td style="padding:3px;"><b>สถานที่ส่งอ้อย</b></td><td style="padding:3px;">รถตัด</td></tr>
<tr style="background-color:#f0f5fa;"><td style="padding:3px;"><b>ประเภทคิว</b></td><td style="padding:3px;">รถตัด</td></tr>
<tr style="background-color:#dbe8f5;"><td style="padding:3px;"><b>ประเภทรถ</b></td><td style="padding:3px;">10 ล้อเดี่ยว</td></tr>
<tr style="background-color:#f0f5fa;"><td style="padding:3px;"><b>ประเภทชาวไร่</b></td><td style="padding:3px;">รถตัด</td></tr>
<tr style="background-color:#dbe8f5;"><td style="padding:3px;"><b>สถานีขนถ่าย</b></td><td style="padding:3px;"></td></tr>
<tr style="background-color:#f0f5fa;"><td style="padding:3px;"><b>สถานะยืนยัน</b></td><td style="padding:3px;">N</td></tr>
<tr style="background-color:#dbe8f5;"><td style="padding:3px;"><b>โควตา</b></td><td style="padding:3px;">788118</td></tr>
<tr style="background-color:#f0f5fa;"><td style="padding:3px;"><b>ชาวไร่</b></td><td style="padding:3px;">นาย ประกัน ดวงสิน</td></tr>
<tr style="background-color:#dbe8f5;"><td style="padding:3px;"><b>ประเภทอ้อย</b></td><td style="padding:3px;">ปลายฝน</td></tr>
<tr style="background-color:#f0f5fa;"><td style="padding:3px;"><b>พื้นที่</b></td><td style="padding:3px;">4.99</td></tr>
<tr style="background-color:#dbe8f5;"><td style="padding:3px;"><b>ปีผลิต</b></td><td style="padding:3px;">256970</td></tr>
<tr style="background-color:#f0f5fa;"><td style="padding:3px;"><b>ตันรวม</b></td><td style="padding:3px;">64.87</td></tr>
<tr style="background-color:#dbe8f5;"><td style="padding:3px;"><b>สถานที่ส่งอ้อย_1</b></td><td style="padding:3px;">รถตัด</td></tr>
</table>]]></description>
      <MultiGeometry><Polygon><outerBoundaryIs><LinearRing><coordinates>103.350404999818,14.8277616668913 103.34986333327,14.8281666667908 103.34994499948,14.8283933336412 103.350160000285,14.8283450004031 103.350573332948,14.8280966662648 103.350826666439,14.8279333330127 103.351119999864,14.8276083334347 103.350928332821,14.8271733330995 103.350254999958,14.8274633332072 103.350404999818,14.8277616668913</coordinates></LinearRing></outerBoundaryIs></Polygon></MultiGeometry>
    </Placemark>
    <Placemark>
      <name>320105161614</name>
      <styleUrl>#style_82_001</styleUrl>
      <description><![CDATA[<h3 style="margin-bottom:6px; font-family:sans-serif;">320105161614</h3>
<table style="width:100%; border-collapse:collapse; font-family:sans-serif; font-size:12px;">
<tr style="background-color:#99bfe6; color:#000; font-weight:bold;"><td colspan="2" style="padding:4px; text-align:center;">320105161614</td></tr>
<tr style="background-color:#f0f5fa;"><td style="padding:3px; width:45%;"><b>FID</b></td><td style="padding:3px;">14509</td></tr>
<tr style="background-color:#dbe8f5;"><td style="padding:3px;"><b>รหัสแปลง</b></td><td style="padding:3px;">320105161614</td></tr>
<tr style="background-color:#f0f5fa;"><td style="padding:3px;"><b>รหัสกลุ่มคิว</b></td><td style="padding:3px;">82_001</td></tr>
<tr style="background-color:#dbe8f5;"><td style="padding:3px;"><b>นักเกษตร</b></td><td style="padding:3px;">8201</td></tr>
<tr style="background-color:#f0f5fa;"><td style="padding:3px;"><b>ศูนย์</b></td><td style="padding:3px;">K2-82</td></tr>
<tr style="background-color:#dbe8f5;"><td style="padding:3px;"><b>สถานที่ส่งอ้อย</b></td><td style="padding:3px;">รถตัด</td></tr>
<tr style="background-color:#f0f5fa;"><td style="padding:3px;"><b>ประเภทคิว</b></td><td style="padding:3px;">รถตัด</td></tr>
<tr style="background-color:#dbe8f5;"><td style="padding:3px;"><b>ประเภทรถ</b></td><td style="padding:3px;">10 ล้อเดี่ยว</td></tr>
<tr style="background-color:#f0f5fa;"><td style="padding:3px;"><b>ประเภทชาวไร่</b></td><td style="padding:3px;">รถตัด</td></tr>
<tr style="background-color:#dbe8f5;"><td style="padding:3px;"><b>สถานีขนถ่าย</b></td><td style="padding:3px;"></td></tr>
<tr style="background-color:#f0f5fa;"><td style="padding:3px;"><b>สถานะยืนยัน</b></td><td style="padding:3px;">N</td></tr>
<tr style="background-color:#dbe8f5;"><td style="padding:3px;"><b>โควตา</b></td><td style="padding:3px;">718191</td></tr>
<tr style="background-color:#f0f5fa;"><td style="padding:3px;"><b>ชาวไร่</b></td><td style="padding:3px;">นาย พงษ์อนันต์ ทางดี</td></tr>
<tr style="background-color:#dbe8f5;"><td style="padding:3px;"><b>ประเภทอ้อย</b></td><td style="padding:3px;">ปลายฝน</td></tr>
<tr style="background-color:#f0f5fa;"><td style="padding:3px;"><b>พื้นที่</b></td><td style="padding:3px;">6.8</td></tr>
<tr style="background-color:#dbe8f5;"><td style="padding:3px;"><b>ปีผลิต</b></td><td style="padding:3px;">256970</td></tr>
<tr style="background-color:#f0f5fa;"><td style="padding:3px;"><b>ตันรวม</b></td><td style="padding:3px;">88.4</td></tr>
<tr style="background-color:#dbe8f5;"><td style="padding:3px;"><b>สถานที่ส่งอ้อย_1</b></td><td style="padding:3px;">รถตัด</td></tr>
</table>]]></description>
      <MultiGeometry><Polygon><outerBoundaryIs><LinearRing><coordinates>103.422179999478,14.9988816668288 103.421045799857,14.9996445608155 103.421259999598,14.9998599997855 103.42161166676,14.9998533329854 103.421718332985,14.9999383335402 103.42267833314,14.9995333330324 103.422435000242,14.9993049998942 103.422221667007,14.998991666504 103.422121666927,14.9989466663956 103.422179999478,14.9988816668288</coordinates></LinearRing></outerBoundaryIs></Polygon></MultiGeometry>
    </Placemark>
    <Placemark>
      <name>320111031505</name>
      <styleUrl>#style_82_001</styleUrl>
      <description><![CDATA[<h3 style="margin-bottom:6px; font-family:sans-serif;">320111031505</h3>
<table style="width:100%; border-collapse:collapse; font-family:sans-serif; font-size:12px;">
<tr style="background-color:#99bfe6; color:#000; font-weight:bold;"><td colspan="2" style="padding:4px; text-align:center;">320111031505</td></tr>
<tr style="background-color:#f0f5fa;"><td style="padding:3px; width:45%;"><b>FID</b></td><td style="padding:3px;">14546</td></tr>
<tr style="background-color:#dbe8f5;"><td style="padding:3px;"><b>รหัสแปลง</b></td><td style="padding:3px;">320111031505</td></tr>
<tr style="background-color:#f0f5fa;"><td style="padding:3px;"><b>รหัสกลุ่มคิว</b></td><td style="padding:3px;">82_001</td></tr>
<tr style="background-color:#dbe8f5;"><td style="padding:3px;"><b>นักเกษตร</b></td><td style="padding:3px;">8201</td></tr>
<tr style="background-color:#f0f5fa;"><td style="padding:3px;"><b>ศูนย์</b></td><td style="padding:3px;">K2-82</td></tr>
<tr style="background-color:#dbe8f5;"><td style="padding:3px;"><b>สถานที่ส่งอ้อย</b></td><td style="padding:3px;">รถตัด</td></tr>
<tr style="background-color:#f0f5fa;"><td style="padding:3px;"><b>ประเภทคิว</b></td><td style="padding:3px;">รถตัด</td></tr>
<tr style="background-color:#dbe8f5;"><td style="padding:3px;"><b>ประเภทรถ</b></td><td style="padding:3px;">10 ล้อเดี่ยว</td></tr>
<tr style="background-color:#f0f5fa;"><td style="padding:3px;"><b>ประเภทชาวไร่</b></td><td style="padding:3px;">รถตัด</td></tr>
<tr style="background-color:#dbe8f5;"><td style="padding:3px;"><b>สถานีขนถ่าย</b></td><td style="padding:3px;"></td></tr>
<tr style="background-color:#f0f5fa;"><td style="padding:3px;"><b>สถานะยืนยัน</b></td><td style="padding:3px;">N</td></tr>
<tr style="background-color:#dbe8f5;"><td style="padding:3px;"><b>โควตา</b></td><td style="padding:3px;">788119</td></tr>
<tr style="background-color:#f0f5fa;"><td style="padding:3px;"><b>ชาวไร่</b></td><td style="padding:3px;">นางสาว ทยิดา สถิตย์สุข</td></tr>
<tr style="background-color:#dbe8f5;"><td style="padding:3px;"><b>ประเภทอ้อย</b></td><td style="padding:3px;">ปลายฝน</td></tr>
<tr style="background-color:#f0f5fa;"><td style="padding:3px;"><b>พื้นที่</b></td><td style="padding:3px;">9.87</td></tr>
<tr style="background-color:#dbe8f5;"><td style="padding:3px;"><b>ปีผลิต</b></td><td style="padding:3px;">256970</td></tr>
<tr style="background-color:#f0f5fa;"><td style="padding:3px;"><b>ตันรวม</b></td><td style="padding:3px;">128.31</td></tr>
<tr style="background-color:#dbe8f5;"><td style="padding:3px;"><b>สถานที่ส่งอ้อย_1</b></td><td style="padding:3px;">รถตัด</td></tr>
</table>]]></description>
      <MultiGeometry><Polygon><outerBoundaryIs><LinearRing><coordinates>103.454621666853,14.8858983334479 103.454904999997,14.8869916663263 103.456089999778,14.886748333442 103.455826666491,14.885728333516 103.454621666853,14.8858983334479</coordinates></LinearRing></outerBoundaryIs></Polygon></MultiGeometry>
    </Placemark>
    <Placemark>
      <name>320118090001</name>
      <styleUrl>#style_82_001</styleUrl>
      <description><![CDATA[<h3 style="margin-bottom:6px; font-family:sans-serif;">320118090001</h3>
<table style="width:100%; border-collapse:collapse; font-family:sans-serif; font-size:12px;">
<tr style="background-color:#99bfe6; color:#000; font-weight:bold;"><td colspan="2" style="padding:4px; text-align:center;">320118090001</td></tr>
<tr style="background-color:#f0f5fa;"><td style="padding:3px; width:45%;"><b>FID</b></td><td style="padding:3px;">14551</td></tr>
<tr style="background-color:#dbe8f5;"><td style="padding:3px;"><b>รหัสแปลง</b></td><td style="padding:3px;">320118090001</td></tr>
<tr style="background-color:#f0f5fa;"><td style="padding:3px;"><b>รหัสกลุ่มคิว</b></td><td style="padding:3px;">82_001</td></tr>
<tr style="background-color:#dbe8f5;"><td style="padding:3px;"><b>นักเกษตร</b></td><td style="padding:3px;">8201</td></tr>
<tr style="background-color:#f0f5fa;"><td style="padding:3px;"><b>ศูนย์</b></td><td style="padding:3px;">K2-82</td></tr>
<tr style="background-color:#dbe8f5;"><td style="padding:3px;"><b>สถานที่ส่งอ้อย</b></td><td style="padding:3px;">รถตัด</td></tr>
<tr style="background-color:#f0f5fa;"><td style="padding:3px;"><b>ประเภทคิว</b></td><td style="padding:3px;">รถตัด</td></tr>
<tr style="background-color:#dbe8f5;"><td style="padding:3px;"><b>ประเภทรถ</b></td><td style="padding:3px;">10 ล้อเดี่ยว</td></tr>
<tr style="background-color:#f0f5fa;"><td style="padding:3px;"><b>ประเภทชาวไร่</b></td><td style="padding:3px;">รถตัด</td></tr>
<tr style="background-color:#dbe8f5;"><td style="padding:3px;"><b>สถานีขนถ่าย</b></td><td style="padding:3px;"></td></tr>
<tr style="background-color:#f0f5fa;"><td style="padding:3px;"><b>สถานะยืนยัน</b></td><td style="padding:3px;">N</td></tr>
<tr style="background-color:#dbe8f5;"><td style="padding:3px;"><b>โควตา</b></td><td style="padding:3px;">782425</td></tr>
<tr style="background-color:#f0f5fa;"><td style="padding:3px;"><b>ชาวไร่</b></td><td style="padding:3px;">นางสาว มุกธิดา สุหร่าย</td></tr>
<tr style="background-color:#dbe8f5;"><td style="padding:3px;"><b>ประเภทอ้อย</b></td><td style="padding:3px;">ปลายฝน</td></tr>
<tr style="background-color:#f0f5fa;"><td style="padding:3px;"><b>พื้นที่</b></td><td style="padding:3px;">16.05</td></tr>
<tr style="background-color:#dbe8f5;"><td style="padding:3px;"><b>ปีผลิต</b></td><td style="padding:3px;">256970</td></tr>
<tr style="background-color:#f0f5fa;"><td style="padding:3px;"><b>ตันรวม</b></td><td style="padding:3px;">208.65</td></tr>
<tr style="background-color:#dbe8f5;"><td style="padding:3px;"><b>สถานที่ส่งอ้อย_1</b></td><td style="padding:3px;">รถตัด</td></tr>
</table>]]></description>
      <MultiGeometry><Polygon><outerBoundaryIs><LinearRing><coordinates>103.442268333579,14.7871883330618 103.441741666432,14.7866966662661 103.439626916258,14.787711146203 103.439921634192,14.7884796405601 103.440486666174,14.7882350001252 103.442268333579,14.7871883330618</coordinates></LinearRing></outerBoundaryIs></Polygon></MultiGeometry>
    </Placemark>
    <Placemark>
      <name>320111031506</name>
      <styleUrl>#style_82_001</styleUrl>
      <description><![CDATA[<h3 style="margin-bottom:6px; font-family:sans-serif;">320111031506</h3>
<table style="width:100%; border-collapse:collapse; font-family:sans-serif; font-size:12px;">
<tr style="background-color:#99bfe6; color:#000; font-weight:bold;"><td colspan="2" style="padding:4px; text-align:center;">320111031506</td></tr>
<tr style="background-color:#f0f5fa;"><td style="padding:3px; width:45%;"><b>FID</b></td><td style="padding:3px;">14563</td></tr>
<tr style="background-color:#dbe8f5;"><td style="padding:3px;"><b>รหัสแปลง</b></td><td style="padding:3px;">320111031506</td></tr>
<tr style="background-color:#f0f5fa;"><td style="padding:3px;"><b>รหัสกลุ่มคิว</b></td><td style="padding:3px;">82_001</td></tr>
<tr style="background-color:#dbe8f5;"><td style="padding:3px;"><b>นักเกษตร</b></td><td style="padding:3px;">8201</td></tr>
<tr style="background-color:#f0f5fa;"><td style="padding:3px;"><b>ศูนย์</b></td><td style="padding:3px;">K2-82</td></tr>
<tr style="background-color:#dbe8f5;"><td style="padding:3px;"><b>สถานที่ส่งอ้อย</b></td><td style="padding:3px;">รถตัด</td></tr>
<tr style="background-color:#f0f5fa;"><td style="padding:3px;"><b>ประเภทคิว</b></td><td style="padding:3px;">รถตัด</td></tr>
<tr style="background-color:#dbe8f5;"><td style="padding:3px;"><b>ประเภทรถ</b></td><td style="padding:3px;">10 ล้อเดี่ยว</td></tr>
<tr style="background-color:#f0f5fa;"><td style="padding:3px;"><b>ประเภทชาวไร่</b></td><td style="padding:3px;">รถตัด</td></tr>
<tr style="background-color:#dbe8f5;"><td style="padding:3px;"><b>สถานีขนถ่าย</b></td><td style="padding:3px;"></td></tr>
<tr style="background-color:#f0f5fa;"><td style="padding:3px;"><b>สถานะยืนยัน</b></td><td style="padding:3px;">N</td></tr>
<tr style="background-color:#dbe8f5;"><td style="padding:3px;"><b>โควตา</b></td><td style="padding:3px;">788119</td></tr>
<tr style="background-color:#f0f5fa;"><td style="padding:3px;"><b>ชาวไร่</b></td><td style="padding:3px;">นางสาว ทยิดา สถิตย์สุข</td></tr>
<tr style="background-color:#dbe8f5;"><td style="padding:3px;"><b>ประเภทอ้อย</b></td><td style="padding:3px;">ปลายฝน</td></tr>
<tr style="background-color:#f0f5fa;"><td style="padding:3px;"><b>พื้นที่</b></td><td style="padding:3px;">4.25</td></tr>
<tr style="background-color:#dbe8f5;"><td style="padding:3px;"><b>ปีผลิต</b></td><td style="padding:3px;">256970</td></tr>
<tr style="background-color:#f0f5fa;"><td style="padding:3px;"><b>ตันรวม</b></td><td style="padding:3px;">55.25</td></tr>
<tr style="background-color:#dbe8f5;"><td style="padding:3px;"><b>สถานที่ส่งอ้อย_1</b></td><td style="padding:3px;">รถตัด</td></tr>
</table>]]></description>
      <MultiGeometry><Polygon><outerBoundaryIs><LinearRing><coordinates>103.456658333172,14.885484999936 103.456526666285,14.8827166669995 103.456328332953,14.8826816666566 103.456326666752,14.8826883332237 103.456331666687,14.883731666269 103.456410000334,14.8845383335291 103.456449999438,14.8849566662642 103.456543332969,14.88548500023 103.456658333172,14.885484999936</coordinates></LinearRing></outerBoundaryIs></Polygon></MultiGeometry>
    </Placemark>
    <Placemark>
      <name>320103070001</name>
      <styleUrl>#style_82_001</styleUrl>
      <description><![CDATA[<h3 style="margin-bottom:6px; font-family:sans-serif;">320103070001</h3>
<table style="width:100%; border-collapse:collapse; font-family:sans-serif; font-size:12px;">
<tr style="background-color:#99bfe6; color:#000; font-weight:bold;"><td colspan="2" style="padding:4px; text-align:center;">320103070001</td></tr>
<tr style="background-color:#f0f5fa;"><td style="padding:3px; width:45%;"><b>FID</b></td><td style="padding:3px;">14597</td></tr>
<tr style="background-color:#dbe8f5;"><td style="padding:3px;"><b>รหัสแปลง</b></td><td style="padding:3px;">320103070001</td></tr>
<tr style="background-color:#f0f5fa;"><td style="padding:3px;"><b>รหัสกลุ่มคิว</b></td><td style="padding:3px;">82_001</td></tr>
<tr style="background-color:#dbe8f5;"><td style="padding:3px;"><b>นักเกษตร</b></td><td style="padding:3px;">8201</td></tr>
<tr style="background-color:#f0f5fa;"><td style="padding:3px;"><b>ศูนย์</b></td><td style="padding:3px;">K2-82</td></tr>
<tr style="background-color:#dbe8f5;"><td style="padding:3px;"><b>สถานที่ส่งอ้อย</b></td><td style="padding:3px;">รถตัด</td></tr>
<tr style="background-color:#f0f5fa;"><td style="padding:3px;"><b>ประเภทคิว</b></td><td style="padding:3px;">รถตัด</td></tr>
<tr style="background-color:#dbe8f5;"><td style="padding:3px;"><b>ประเภทรถ</b></td><td style="padding:3px;">10 ล้อเดี่ยว</td></tr>
<tr style="background-color:#f0f5fa;"><td style="padding:3px;"><b>ประเภทชาวไร่</b></td><td style="padding:3px;">รถตัด</td></tr>
<tr style="background-color:#dbe8f5;"><td style="padding:3px;"><b>สถานีขนถ่าย</b></td><td style="padding:3px;"></td></tr>
<tr style="background-color:#f0f5fa;"><td style="padding:3px;"><b>สถานะยืนยัน</b></td><td style="padding:3px;">N</td></tr>
<tr style="background-color:#dbe8f5;"><td style="padding:3px;"><b>โควตา</b></td><td style="padding:3px;">788114</td></tr>
<tr style="background-color:#f0f5fa;"><td style="padding:3px;"><b>ชาวไร่</b></td><td style="padding:3px;">นาง ผง หอมขจร</td></tr>
<tr style="background-color:#dbe8f5;"><td style="padding:3px;"><b>ประเภทอ้อย</b></td><td style="padding:3px;">ปลายฝน</td></tr>
<tr style="background-color:#f0f5fa;"><td style="padding:3px;"><b>พื้นที่</b></td><td style="padding:3px;">10.33</td></tr>
<tr style="background-color:#dbe8f5;"><td style="padding:3px;"><b>ปีผลิต</b></td><td style="padding:3px;">256970</td></tr>
<tr style="background-color:#f0f5fa;"><td style="padding:3px;"><b>ตันรวม</b></td><td style="padding:3px;">134.29</td></tr>
<tr style="background-color:#dbe8f5;"><td style="padding:3px;"><b>สถานที่ส่งอ้อย_1</b></td><td style="padding:3px;">รถตัด</td></tr>
</table>]]></description>
      <MultiGeometry><Polygon><outerBoundaryIs><LinearRing><coordinates>103.4850583331,15.0491333334897 103.484990000138,15.0492066666008 103.484966666514,15.0493133334037 103.484926666701,15.0493550004151 103.484823333298,15.0493199997922 103.484364999737,15.0493366664628 103.48466833358,15.0510733329699 103.485058333577,15.0509966669858 103.48543166698,15.0508766669466 103.485381666779,15.0501533330734 103.4850583331,15.0491333334897</coordinates></LinearRing></outerBoundaryIs></Polygon></MultiGeometry>
    </Placemark>
    <Placemark>
      <name>321605070004</name>
      <styleUrl>#style_82_001</styleUrl>
      <description><![CDATA[<h3 style="margin-bottom:6px; font-family:sans-serif;">321605070004</h3>
<table style="width:100%; border-collapse:collapse; font-family:sans-serif; font-size:12px;">
<tr style="background-color:#99bfe6; color:#000; font-weight:bold;"><td colspan="2" style="padding:4px; text-align:center;">321605070004</td></tr>
<tr style="background-color:#f0f5fa;"><td style="padding:3px; width:45%;"><b>FID</b></td><td style="padding:3px;">14627</td></tr>
<tr style="background-color:#dbe8f5;"><td style="padding:3px;"><b>รหัสแปลง</b></td><td style="padding:3px;">321605070004</td></tr>
<tr style="background-color:#f0f5fa;"><td style="padding:3px;"><b>รหัสกลุ่มคิว</b></td><td style="padding:3px;">82_001</td></tr>
<tr style="background-color:#dbe8f5;"><td style="padding:3px;"><b>นักเกษตร</b></td><td style="padding:3px;">8201</td></tr>
<tr style="background-color:#f0f5fa;"><td style="padding:3px;"><b>ศูนย์</b></td><td style="padding:3px;">K2-82</td></tr>
<tr style="background-color:#dbe8f5;"><td style="padding:3px;"><b>สถานที่ส่งอ้อย</b></td><td style="padding:3px;">รถตัด</td></tr>
<tr style="background-color:#f0f5fa;"><td style="padding:3px;"><b>ประเภทคิว</b></td><td style="padding:3px;">รถตัด</td></tr>
<tr style="background-color:#dbe8f5;"><td style="padding:3px;"><b>ประเภทรถ</b></td><td style="padding:3px;">10 ล้อเดี่ยว</td></tr>
<tr style="background-color:#f0f5fa;"><td style="padding:3px;"><b>ประเภทชาวไร่</b></td><td style="padding:3px;">รถตัด</td></tr>
<tr style="background-color:#dbe8f5;"><td style="padding:3px;"><b>สถานีขนถ่าย</b></td><td style="padding:3px;"></td></tr>
<tr style="background-color:#f0f5fa;"><td style="padding:3px;"><b>สถานะยืนยัน</b></td><td style="padding:3px;">N</td></tr>
<tr style="background-color:#dbe8f5;"><td style="padding:3px;"><b>โควตา</b></td><td style="padding:3px;">728294</td></tr>
<tr style="background-color:#f0f5fa;"><td style="padding:3px;"><b>ชาวไร่</b></td><td style="padding:3px;">นาย บุญรอด อ่อนไธสง</td></tr>
<tr style="background-color:#dbe8f5;"><td style="padding:3px;"><b>ประเภทอ้อย</b></td><td style="padding:3px;">ปลายฝน</td></tr>
<tr style="background-color:#f0f5fa;"><td style="padding:3px;"><b>พื้นที่</b></td><td style="padding:3px;">5.36</td></tr>
<tr style="background-color:#dbe8f5;"><td style="padding:3px;"><b>ปีผลิต</b></td><td style="padding:3px;">256970</td></tr>
<tr style="background-color:#f0f5fa;"><td style="padding:3px;"><b>ตันรวม</b></td><td style="padding:3px;">69.68</td></tr>
<tr style="background-color:#dbe8f5;"><td style="padding:3px;"><b>สถานที่ส่งอ้อย_1</b></td><td style="padding:3px;">รถตัด</td></tr>
</table>]]></description>
      <MultiGeometry><Polygon><outerBoundaryIs><LinearRing><coordinates>103.56751833281,14.9595516669984 103.567758333314,14.9595100004228 103.567816666795,14.9596566668829 103.568638333357,14.9593983337047 103.569040000215,14.9590849999443 103.56890333328,14.9587100000295 103.568113333132,14.9590433336071 103.567376666094,14.9593700003634 103.56751833281,14.9595516669984</coordinates></LinearRing></outerBoundaryIs></Polygon></MultiGeometry>
    </Placemark>
    <Placemark>
      <name>320111031507</name>
      <styleUrl>#style_82_001</styleUrl>
      <description><![CDATA[<h3 style="margin-bottom:6px; font-family:sans-serif;">320111031507</h3>
<table style="width:100%; border-collapse:collapse; font-family:sans-serif; font-size:12px;">
<tr style="background-color:#99bfe6; color:#000; font-weight:bold;"><td colspan="2" style="padding:4px; text-align:center;">320111031507</td></tr>
<tr style="background-color:#f0f5fa;"><td style="padding:3px; width:45%;"><b>FID</b></td><td style="padding:3px;">14648</td></tr>
<tr style="background-color:#dbe8f5;"><td style="padding:3px;"><b>รหัสแปลง</b></td><td style="padding:3px;">320111031507</td></tr>
<tr style="background-color:#f0f5fa;"><td style="padding:3px;"><b>รหัสกลุ่มคิว</b></td><td style="padding:3px;">82_001</td></tr>
<tr style="background-color:#dbe8f5;"><td style="padding:3px;"><b>นักเกษตร</b></td><td style="padding:3px;">8201</td></tr>
<tr style="background-color:#f0f5fa;"><td style="padding:3px;"><b>ศูนย์</b></td><td style="padding:3px;">K2-82</td></tr>
<tr style="background-color:#dbe8f5;"><td style="padding:3px;"><b>สถานที่ส่งอ้อย</b></td><td style="padding:3px;">รถตัด</td></tr>
<tr style="background-color:#f0f5fa;"><td style="padding:3px;"><b>ประเภทคิว</b></td><td style="padding:3px;">รถตัด</td></tr>
<tr style="background-color:#dbe8f5;"><td style="padding:3px;"><b>ประเภทรถ</b></td><td style="padding:3px;">10 ล้อเดี่ยว</td></tr>
<tr style="background-color:#f0f5fa;"><td style="padding:3px;"><b>ประเภทชาวไร่</b></td><td style="padding:3px;">รถตัด</td></tr>
<tr style="background-color:#dbe8f5;"><td style="padding:3px;"><b>สถานีขนถ่าย</b></td><td style="padding:3px;"></td></tr>
<tr style="background-color:#f0f5fa;"><td style="padding:3px;"><b>สถานะยืนยัน</b></td><td style="padding:3px;">N</td></tr>
<tr style="background-color:#dbe8f5;"><td style="padding:3px;"><b>โควตา</b></td><td style="padding:3px;">718191</td></tr>
<tr style="background-color:#f0f5fa;"><td style="padding:3px;"><b>ชาวไร่</b></td><td style="padding:3px;">นาย พงษ์อนันต์ ทางดี</td></tr>
<tr style="background-color:#dbe8f5;"><td style="padding:3px;"><b>ประเภทอ้อย</b></td><td style="padding:3px;">ปลายฝน</td></tr>
<tr style="background-color:#f0f5fa;"><td style="padding:3px;"><b>พื้นที่</b></td><td style="padding:3px;">12.7</td></tr>
<tr style="background-color:#dbe8f5;"><td style="padding:3px;"><b>ปีผลิต</b></td><td style="padding:3px;">256970</td></tr>
<tr style="background-color:#f0f5fa;"><td style="padding:3px;"><b>ตันรวม</b></td><td style="padding:3px;">165.1</td></tr>
<tr style="background-color:#dbe8f5;"><td style="padding:3px;"><b>สถานที่ส่งอ้อย_1</b></td><td style="padding:3px;">รถตัด</td></tr>
</table>]]></description>
      <MultiGeometry><Polygon><outerBoundaryIs><LinearRing><coordinates>103.456041666581,14.889633333326 103.455928333453,14.8893933328718 103.455724999596,14.8889866669934 103.453696666514,14.8903116668157 103.454073333358,14.8909116668518 103.456041666581,14.889633333326</coordinates></LinearRing></outerBoundaryIs></Polygon></MultiGeometry>
    </Placemark>
    <Placemark>
      <name>320116011519</name>
      <styleUrl>#style_82_001</styleUrl>
      <description><![CDATA[<h3 style="margin-bottom:6px; font-family:sans-serif;">320116011519</h3>
<table style="width:100%; border-collapse:collapse; font-family:sans-serif; font-size:12px;">
<tr style="background-color:#99bfe6; color:#000; font-weight:bold;"><td colspan="2" style="padding:4px; text-align:center;">320116011519</td></tr>
<tr style="background-color:#f0f5fa;"><td style="padding:3px; width:45%;"><b>FID</b></td><td style="padding:3px;">14691</td></tr>
<tr style="background-color:#dbe8f5;"><td style="padding:3px;"><b>รหัสแปลง</b></td><td style="padding:3px;">320116011519</td></tr>
<tr style="background-color:#f0f5fa;"><td style="padding:3px;"><b>รหัสกลุ่มคิว</b></td><td style="padding:3px;">82_001</td></tr>
<tr style="background-color:#dbe8f5;"><td style="padding:3px;"><b>นักเกษตร</b></td><td style="padding:3px;">8201</td></tr>
<tr style="background-color:#f0f5fa;"><td style="padding:3px;"><b>ศูนย์</b></td><td style="padding:3px;">K2-82</td></tr>
<tr style="background-color:#dbe8f5;"><td style="padding:3px;"><b>สถานที่ส่งอ้อย</b></td><td style="padding:3px;">รถตัด</td></tr>
<tr style="background-color:#f0f5fa;"><td style="padding:3px;"><b>ประเภทคิว</b></td><td style="padding:3px;">รถตัด</td></tr>
<tr style="background-color:#dbe8f5;"><td style="padding:3px;"><b>ประเภทรถ</b></td><td style="padding:3px;">10 ล้อเดี่ยว</td></tr>
<tr style="background-color:#f0f5fa;"><td style="padding:3px;"><b>ประเภทชาวไร่</b></td><td style="padding:3px;">รถตัด</td></tr>
<tr style="background-color:#dbe8f5;"><td style="padding:3px;"><b>สถานีขนถ่าย</b></td><td style="padding:3px;"></td></tr>
<tr style="background-color:#f0f5fa;"><td style="padding:3px;"><b>สถานะยืนยัน</b></td><td style="padding:3px;">N</td></tr>
<tr style="background-color:#dbe8f5;"><td style="padding:3px;"><b>โควตา</b></td><td style="padding:3px;">788060</td></tr>
<tr style="background-color:#f0f5fa;"><td style="padding:3px;"><b>ชาวไร่</b></td><td style="padding:3px;">นาย สหภัทร ชลาชัย</td></tr>
<tr style="background-color:#dbe8f5;"><td style="padding:3px;"><b>ประเภทอ้อย</b></td><td style="padding:3px;">ปลายฝน</td></tr>
<tr style="background-color:#f0f5fa;"><td style="padding:3px;"><b>พื้นที่</b></td><td style="padding:3px;">16.67</td></tr>
<tr style="background-color:#dbe8f5;"><td style="padding:3px;"><b>ปีผลิต</b></td><td style="padding:3px;">256970</td></tr>
<tr style="background-color:#f0f5fa;"><td style="padding:3px;"><b>ตันรวม</b></td><td style="padding:3px;">216.71</td></tr>
<tr style="background-color:#dbe8f5;"><td style="padding:3px;"><b>สถานที่ส่งอ้อย_1</b></td><td style="padding:3px;">รถตัด</td></tr>
</table>]]></description>
      <MultiGeometry><Polygon><outerBoundaryIs><LinearRing><coordinates>103.562276666941,14.7923550003549 103.560009999997,14.7932533336939 103.560168333598,14.7938933337024 103.562134999957,14.7934549997421 103.562903332804,14.7928699998068 103.562276666941,14.7923550003549</coordinates></LinearRing></outerBoundaryIs></Polygon></MultiGeometry>
    </Placemark>
    <Placemark>
      <name>320104020037</name>
      <styleUrl>#style_82_001</styleUrl>
      <description><![CDATA[<h3 style="margin-bottom:6px; font-family:sans-serif;">320104020037</h3>
<table style="width:100%; border-collapse:collapse; font-family:sans-serif; font-size:12px;">
<tr style="background-color:#99bfe6; color:#000; font-weight:bold;"><td colspan="2" style="padding:4px; text-align:center;">320104020037</td></tr>
<tr style="background-color:#f0f5fa;"><td style="padding:3px; width:45%;"><b>FID</b></td><td style="padding:3px;">14710</td></tr>
<tr style="background-color:#dbe8f5;"><td style="padding:3px;"><b>รหัสแปลง</b></td><td style="padding:3px;">320104020037</td></tr>
<tr style="background-color:#f0f5fa;"><td style="padding:3px;"><b>รหัสกลุ่มคิว</b></td><td style="padding:3px;">82_001</td></tr>
<tr style="background-color:#dbe8f5;"><td style="padding:3px;"><b>นักเกษตร</b></td><td style="padding:3px;">8201</td></tr>
<tr style="background-color:#f0f5fa;"><td style="padding:3px;"><b>ศูนย์</b></td><td style="padding:3px;">K2-82</td></tr>
<tr style="background-color:#dbe8f5;"><td style="padding:3px;"><b>สถานที่ส่งอ้อย</b></td><td style="padding:3px;">รถตัด</td></tr>
<tr style="background-color:#f0f5fa;"><td style="padding:3px;"><b>ประเภทคิว</b></td><td style="padding:3px;">รถตัด</td></tr>
<tr style="background-color:#dbe8f5;"><td style="padding:3px;"><b>ประเภทรถ</b></td><td style="padding:3px;">10 ล้อเดี่ยว</td></tr>
<tr style="background-color:#f0f5fa;"><td style="padding:3px;"><b>ประเภทชาวไร่</b></td><td style="padding:3px;">รถตัด</td></tr>
<tr style="background-color:#dbe8f5;"><td style="padding:3px;"><b>สถานีขนถ่าย</b></td><td style="padding:3px;"></td></tr>
<tr style="background-color:#f0f5fa;"><td style="padding:3px;"><b>สถานะยืนยัน</b></td><td style="padding:3px;">N</td></tr>
<tr style="background-color:#dbe8f5;"><td style="padding:3px;"><b>โควตา</b></td><td style="padding:3px;">788120</td></tr>
<tr style="background-color:#f0f5fa;"><td style="padding:3px;"><b>ชาวไร่</b></td><td style="padding:3px;">นาย โฉลม คะเณมา</td></tr>
<tr style="background-color:#dbe8f5;"><td style="padding:3px;"><b>ประเภทอ้อย</b></td><td style="padding:3px;">ปลายฝน</td></tr>
<tr style="background-color:#f0f5fa;"><td style="padding:3px;"><b>พื้นที่</b></td><td style="padding:3px;">4.3</td></tr>
<tr style="background-color:#dbe8f5;"><td style="padding:3px;"><b>ปีผลิต</b></td><td style="padding:3px;">256970</td></tr>
<tr style="background-color:#f0f5fa;"><td style="padding:3px;"><b>ตันรวม</b></td><td style="padding:3px;">55.9</td></tr>
<tr style="background-color:#dbe8f5;"><td style="padding:3px;"><b>สถานที่ส่งอ้อย_1</b></td><td style="padding:3px;">รถตัด</td></tr>
</table>]]></description>
      <MultiGeometry><Polygon><outerBoundaryIs><LinearRing><coordinates>103.519521666534,15.042539999799 103.520081666815,15.0423449999033 103.521186666512,15.042218333532 103.521254999892,15.0419699998807 103.521140000114,15.0419983336383 103.520884999998,15.0419583329631 103.52067999986,15.0419849998073 103.520238333195,15.0420883335477 103.520030000034,15.0421566666818 103.519343333084,15.0424216663829 103.518981666536,15.0425066662903 103.518613333051,15.0426116669249 103.518546666531,15.0426649997328 103.518624999472,15.0427899996904 103.519521666534,15.042539999799</coordinates></LinearRing></outerBoundaryIs></Polygon></MultiGeometry>
    </Placemark>
    <Placemark>
      <name>320120070004</name>
      <styleUrl>#style_82_001</styleUrl>
      <description><![CDATA[<h3 style="margin-bottom:6px; font-family:sans-serif;">320120070004</h3>
<table style="width:100%; border-collapse:collapse; font-family:sans-serif; font-size:12px;">
<tr style="background-color:#99bfe6; color:#000; font-weight:bold;"><td colspan="2" style="padding:4px; text-align:center;">320120070004</td></tr>
<tr style="background-color:#f0f5fa;"><td style="padding:3px; width:45%;"><b>FID</b></td><td style="padding:3px;">14713</td></tr>
<tr style="background-color:#dbe8f5;"><td style="padding:3px;"><b>รหัสแปลง</b></td><td style="padding:3px;">320120070004</td></tr>
<tr style="background-color:#f0f5fa;"><td style="padding:3px;"><b>รหัสกลุ่มคิว</b></td><td style="padding:3px;">82_001</td></tr>
<tr style="background-color:#dbe8f5;"><td style="padding:3px;"><b>นักเกษตร</b></td><td style="padding:3px;">8201</td></tr>
<tr style="background-color:#f0f5fa;"><td style="padding:3px;"><b>ศูนย์</b></td><td style="padding:3px;">K2-82</td></tr>
<tr style="background-color:#dbe8f5;"><td style="padding:3px;"><b>สถานที่ส่งอ้อย</b></td><td style="padding:3px;">รถตัด</td></tr>
<tr style="background-color:#f0f5fa;"><td style="padding:3px;"><b>ประเภทคิว</b></td><td style="padding:3px;">รถตัด</td></tr>
<tr style="background-color:#dbe8f5;"><td style="padding:3px;"><b>ประเภทรถ</b></td><td style="padding:3px;">10 ล้อเดี่ยว</td></tr>
<tr style="background-color:#f0f5fa;"><td style="padding:3px;"><b>ประเภทชาวไร่</b></td><td style="padding:3px;">รถตัด</td></tr>
<tr style="background-color:#dbe8f5;"><td style="padding:3px;"><b>สถานีขนถ่าย</b></td><td style="padding:3px;"></td></tr>
<tr style="background-color:#f0f5fa;"><td style="padding:3px;"><b>สถานะยืนยัน</b></td><td style="padding:3px;">N</td></tr>
<tr style="background-color:#dbe8f5;"><td style="padding:3px;"><b>โควตา</b></td><td style="padding:3px;">718316</td></tr>
<tr style="background-color:#f0f5fa;"><td style="padding:3px;"><b>ชาวไร่</b></td><td style="padding:3px;">นาง สายโยชน์ แสนรู้</td></tr>
<tr style="background-color:#dbe8f5;"><td style="padding:3px;"><b>ประเภทอ้อย</b></td><td style="padding:3px;">ปลายฝน</td></tr>
<tr style="background-color:#f0f5fa;"><td style="padding:3px;"><b>พื้นที่</b></td><td style="padding:3px;">2.21</td></tr>
<tr style="background-color:#dbe8f5;"><td style="padding:3px;"><b>ปีผลิต</b></td><td style="padding:3px;">256970</td></tr>
<tr style="background-color:#f0f5fa;"><td style="padding:3px;"><b>ตันรวม</b></td><td style="padding:3px;">28.73</td></tr>
<tr style="background-color:#dbe8f5;"><td style="padding:3px;"><b>สถานที่ส่งอ้อย_1</b></td><td style="padding:3px;">รถตัด</td></tr>
</table>]]></description>
      <MultiGeometry><Polygon><outerBoundaryIs><LinearRing><coordinates>103.637128333468,14.8664583336581 103.638406666876,14.86600166625 103.638361666393,14.8658499997852 103.637736666245,14.8660083333451 103.63699333352,14.8662449996224 103.637128333468,14.8664583336581</coordinates></LinearRing></outerBoundaryIs></Polygon></MultiGeometry>
    </Placemark>
    <Placemark>
      <name>320119030003</name>
      <styleUrl>#style_82_001</styleUrl>
      <description><![CDATA[<h3 style="margin-bottom:6px; font-family:sans-serif;">320119030003</h3>
<table style="width:100%; border-collapse:collapse; font-family:sans-serif; font-size:12px;">
<tr style="background-color:#99bfe6; color:#000; font-weight:bold;"><td colspan="2" style="padding:4px; text-align:center;">320119030003</td></tr>
<tr style="background-color:#f0f5fa;"><td style="padding:3px; width:45%;"><b>FID</b></td><td style="padding:3px;">14810</td></tr>
<tr style="background-color:#dbe8f5;"><td style="padding:3px;"><b>รหัสแปลง</b></td><td style="padding:3px;">320119030003</td></tr>
<tr style="background-color:#f0f5fa;"><td style="padding:3px;"><b>รหัสกลุ่มคิว</b></td><td style="padding:3px;">82_001</td></tr>
<tr style="background-color:#dbe8f5;"><td style="padding:3px;"><b>นักเกษตร</b></td><td style="padding:3px;">8201</td></tr>
<tr style="background-color:#f0f5fa;"><td style="padding:3px;"><b>ศูนย์</b></td><td style="padding:3px;">K2-82</td></tr>
<tr style="background-color:#dbe8f5;"><td style="padding:3px;"><b>สถานที่ส่งอ้อย</b></td><td style="padding:3px;">รถตัด</td></tr>
<tr style="background-color:#f0f5fa;"><td style="padding:3px;"><b>ประเภทคิว</b></td><td style="padding:3px;">รถตัด</td></tr>
<tr style="background-color:#dbe8f5;"><td style="padding:3px;"><b>ประเภทรถ</b></td><td style="padding:3px;">10 ล้อเดี่ยว</td></tr>
<tr style="background-color:#f0f5fa;"><td style="padding:3px;"><b>ประเภทชาวไร่</b></td><td style="padding:3px;">รถตัด</td></tr>
<tr style="background-color:#dbe8f5;"><td style="padding:3px;"><b>สถานีขนถ่าย</b></td><td style="padding:3px;"></td></tr>
<tr style="background-color:#f0f5fa;"><td style="padding:3px;"><b>สถานะยืนยัน</b></td><td style="padding:3px;">N</td></tr>
<tr style="background-color:#dbe8f5;"><td style="padding:3px;"><b>โควตา</b></td><td style="padding:3px;">718317</td></tr>
<tr style="background-color:#f0f5fa;"><td style="padding:3px;"><b>ชาวไร่</b></td><td style="padding:3px;">นาย ศักดิ์ชัย ใบแก้ว</td></tr>
<tr style="background-color:#dbe8f5;"><td style="padding:3px;"><b>ประเภทอ้อย</b></td><td style="padding:3px;">ปลายฝน</td></tr>
<tr style="background-color:#f0f5fa;"><td style="padding:3px;"><b>พื้นที่</b></td><td style="padding:3px;">9.1</td></tr>
<tr style="background-color:#dbe8f5;"><td style="padding:3px;"><b>ปีผลิต</b></td><td style="padding:3px;">256970</td></tr>
<tr style="background-color:#f0f5fa;"><td style="padding:3px;"><b>ตันรวม</b></td><td style="padding:3px;">118.3</td></tr>
<tr style="background-color:#dbe8f5;"><td style="padding:3px;"><b>สถานที่ส่งอ้อย_1</b></td><td style="padding:3px;">รถตัด</td></tr>
</table>]]></description>
      <MultiGeometry><Polygon><outerBoundaryIs><LinearRing><coordinates>103.660245000222,14.9003066666333 103.660558332992,14.900786666305 103.660666666277,14.9011283333715 103.660904999943,14.9018800003907 103.661024999808,14.9021950001674 103.661166666928,14.9026566669241 103.661244999408,14.9028550003404 103.661276666259,14.9029683336124 103.661286666544,14.9031766663095 103.661334999417,14.9034200003663 103.661496666156,14.9033883335354 103.661658332981,14.9033700000568 103.661805000026,14.9033133333213 103.661529999898,14.9025166669225 103.66165333363,14.9024933329999 103.660501666763,14.9001733330336 103.660245000222,14.9003066666333</coordinates></LinearRing></outerBoundaryIs></Polygon></MultiGeometry>
    </Placemark>
    <Placemark>
      <name>320102020001</name>
      <styleUrl>#style_82_001</styleUrl>
      <description><![CDATA[<h3 style="margin-bottom:6px; font-family:sans-serif;">320102020001</h3>
<table style="width:100%; border-collapse:collapse; font-family:sans-serif; font-size:12px;">
<tr style="background-color:#99bfe6; color:#000; font-weight:bold;"><td colspan="2" style="padding:4px; text-align:center;">320102020001</td></tr>
<tr style="background-color:#f0f5fa;"><td style="padding:3px; width:45%;"><b>FID</b></td><td style="padding:3px;">14851</td></tr>
<tr style="background-color:#dbe8f5;"><td style="padding:3px;"><b>รหัสแปลง</b></td><td style="padding:3px;">320102020001</td></tr>
<tr style="background-color:#f0f5fa;"><td style="padding:3px;"><b>รหัสกลุ่มคิว</b></td><td style="padding:3px;">82_001</td></tr>
<tr style="background-color:#dbe8f5;"><td style="padding:3px;"><b>นักเกษตร</b></td><td style="padding:3px;">8201</td></tr>
<tr style="background-color:#f0f5fa;"><td style="padding:3px;"><b>ศูนย์</b></td><td style="padding:3px;">K2-82</td></tr>
<tr style="background-color:#dbe8f5;"><td style="padding:3px;"><b>สถานที่ส่งอ้อย</b></td><td style="padding:3px;">รถตัด</td></tr>
<tr style="background-color:#f0f5fa;"><td style="padding:3px;"><b>ประเภทคิว</b></td><td style="padding:3px;">รถตัด</td></tr>
<tr style="background-color:#dbe8f5;"><td style="padding:3px;"><b>ประเภทรถ</b></td><td style="padding:3px;">10 ล้อเดี่ยว</td></tr>
<tr style="background-color:#f0f5fa;"><td style="padding:3px;"><b>ประเภทชาวไร่</b></td><td style="padding:3px;">รถตัด</td></tr>
<tr style="background-color:#dbe8f5;"><td style="padding:3px;"><b>สถานีขนถ่าย</b></td><td style="padding:3px;"></td></tr>
<tr style="background-color:#f0f5fa;"><td style="padding:3px;"><b>สถานะยืนยัน</b></td><td style="padding:3px;">N</td></tr>
<tr style="background-color:#dbe8f5;"><td style="padding:3px;"><b>โควตา</b></td><td style="padding:3px;">788121</td></tr>
<tr style="background-color:#f0f5fa;"><td style="padding:3px;"><b>ชาวไร่</b></td><td style="padding:3px;">นาง ทองสาย พิมพ์เก่า</td></tr>
<tr style="background-color:#dbe8f5;"><td style="padding:3px;"><b>ประเภทอ้อย</b></td><td style="padding:3px;">ปลายฝน</td></tr>
<tr style="background-color:#f0f5fa;"><td style="padding:3px;"><b>พื้นที่</b></td><td style="padding:3px;">2.93</td></tr>
<tr style="background-color:#dbe8f5;"><td style="padding:3px;"><b>ปีผลิต</b></td><td style="padding:3px;">256970</td></tr>
<tr style="background-color:#f0f5fa;"><td style="padding:3px;"><b>ตันรวม</b></td><td style="padding:3px;">38.09</td></tr>
<tr style="background-color:#dbe8f5;"><td style="padding:3px;"><b>สถานที่ส่งอ้อย_1</b></td><td style="padding:3px;">รถตัด</td></tr>
</table>]]></description>
      <MultiGeometry><Polygon><outerBoundaryIs><LinearRing><coordinates>103.519911666475,15.072165000397 103.520138333216,15.0721400003296 103.520073333099,15.0708383330169 103.520024999916,15.0707099998759 103.519745000328,15.0707416666906 103.519911666475,15.072165000397</coordinates></LinearRing></outerBoundaryIs></Polygon></MultiGeometry>
    </Placemark>
    <Placemark>
      <name>320119080006</name>
      <styleUrl>#style_82_001</styleUrl>
      <description><![CDATA[<h3 style="margin-bottom:6px; font-family:sans-serif;">320119080006</h3>
<table style="width:100%; border-collapse:collapse; font-family:sans-serif; font-size:12px;">
<tr style="background-color:#99bfe6; color:#000; font-weight:bold;"><td colspan="2" style="padding:4px; text-align:center;">320119080006</td></tr>
<tr style="background-color:#f0f5fa;"><td style="padding:3px; width:45%;"><b>FID</b></td><td style="padding:3px;">14900</td></tr>
<tr style="background-color:#dbe8f5;"><td style="padding:3px;"><b>รหัสแปลง</b></td><td style="padding:3px;">320119080006</td></tr>
<tr style="background-color:#f0f5fa;"><td style="padding:3px;"><b>รหัสกลุ่มคิว</b></td><td style="padding:3px;">82_001</td></tr>
<tr style="background-color:#dbe8f5;"><td style="padding:3px;"><b>นักเกษตร</b></td><td style="padding:3px;">8201</td></tr>
<tr style="background-color:#f0f5fa;"><td style="padding:3px;"><b>ศูนย์</b></td><td style="padding:3px;">K2-82</td></tr>
<tr style="background-color:#dbe8f5;"><td style="padding:3px;"><b>สถานที่ส่งอ้อย</b></td><td style="padding:3px;">รถตัด</td></tr>
<tr style="background-color:#f0f5fa;"><td style="padding:3px;"><b>ประเภทคิว</b></td><td style="padding:3px;">รถตัด</td></tr>
<tr style="background-color:#dbe8f5;"><td style="padding:3px;"><b>ประเภทรถ</b></td><td style="padding:3px;">10 ล้อเดี่ยว</td></tr>
<tr style="background-color:#f0f5fa;"><td style="padding:3px;"><b>ประเภทชาวไร่</b></td><td style="padding:3px;">รถตัด</td></tr>
<tr style="background-color:#dbe8f5;"><td style="padding:3px;"><b>สถานีขนถ่าย</b></td><td style="padding:3px;"></td></tr>
<tr style="background-color:#f0f5fa;"><td style="padding:3px;"><b>สถานะยืนยัน</b></td><td style="padding:3px;">N</td></tr>
<tr style="background-color:#dbe8f5;"><td style="padding:3px;"><b>โควตา</b></td><td style="padding:3px;">718221</td></tr>
<tr style="background-color:#f0f5fa;"><td style="padding:3px;"><b>ชาวไร่</b></td><td style="padding:3px;">นาย วันดี ไร่บูรณ์</td></tr>
<tr style="background-color:#dbe8f5;"><td style="padding:3px;"><b>ประเภทอ้อย</b></td><td style="padding:3px;">ปลายฝน</td></tr>
<tr style="background-color:#f0f5fa;"><td style="padding:3px;"><b>พื้นที่</b></td><td style="padding:3px;">1.05</td></tr>
<tr style="background-color:#dbe8f5;"><td style="padding:3px;"><b>ปีผลิต</b></td><td style="padding:3px;">256970</td></tr>
<tr style="background-color:#f0f5fa;"><td style="padding:3px;"><b>ตันรวม</b></td><td style="padding:3px;">13.65</td></tr>
<tr style="background-color:#dbe8f5;"><td style="padding:3px;"><b>สถานที่ส่งอ้อย_1</b></td><td style="padding:3px;">รถตัด</td></tr>
</table>]]></description>
      <MultiGeometry><Polygon><outerBoundaryIs><LinearRing><coordinates>103.64076673705,14.9507385764492 103.639619999941,14.9507600003871 103.639565000169,14.9508733330674 103.640763561915,14.9508647882458 103.64076673705,14.9507385764492</coordinates></LinearRing></outerBoundaryIs></Polygon></MultiGeometry>
    </Placemark>
    <Placemark>
      <name>320103040009</name>
      <styleUrl>#style_82_001</styleUrl>
      <description><![CDATA[<h3 style="margin-bottom:6px; font-family:sans-serif;">320103040009</h3>
<table style="width:100%; border-collapse:collapse; font-family:sans-serif; font-size:12px;">
<tr style="background-color:#99bfe6; color:#000; font-weight:bold;"><td colspan="2" style="padding:4px; text-align:center;">320103040009</td></tr>
<tr style="background-color:#f0f5fa;"><td style="padding:3px; width:45%;"><b>FID</b></td><td style="padding:3px;">14914</td></tr>
<tr style="background-color:#dbe8f5;"><td style="padding:3px;"><b>รหัสแปลง</b></td><td style="padding:3px;">320103040009</td></tr>
<tr style="background-color:#f0f5fa;"><td style="padding:3px;"><b>รหัสกลุ่มคิว</b></td><td style="padding:3px;">82_001</td></tr>
<tr style="background-color:#dbe8f5;"><td style="padding:3px;"><b>นักเกษตร</b></td><td style="padding:3px;">8201</td></tr>
<tr style="background-color:#f0f5fa;"><td style="padding:3px;"><b>ศูนย์</b></td><td style="padding:3px;">K2-82</td></tr>
<tr style="background-color:#dbe8f5;"><td style="padding:3px;"><b>สถานที่ส่งอ้อย</b></td><td style="padding:3px;">รถตัด</td></tr>
<tr style="background-color:#f0f5fa;"><td style="padding:3px;"><b>ประเภทคิว</b></td><td style="padding:3px;">รถตัด</td></tr>
<tr style="background-color:#dbe8f5;"><td style="padding:3px;"><b>ประเภทรถ</b></td><td style="padding:3px;">10 ล้อเดี่ยว</td></tr>
<tr style="background-color:#f0f5fa;"><td style="padding:3px;"><b>ประเภทชาวไร่</b></td><td style="padding:3px;">รถตัด</td></tr>
<tr style="background-color:#dbe8f5;"><td style="padding:3px;"><b>สถานีขนถ่าย</b></td><td style="padding:3px;"></td></tr>
<tr style="background-color:#f0f5fa;"><td style="padding:3px;"><b>สถานะยืนยัน</b></td><td style="padding:3px;">N</td></tr>
<tr style="background-color:#dbe8f5;"><td style="padding:3px;"><b>โควตา</b></td><td style="padding:3px;">788104</td></tr>
<tr style="background-color:#f0f5fa;"><td style="padding:3px;"><b>ชาวไร่</b></td><td style="padding:3px;">นาย จตุชัย เรียบร้อย</td></tr>
<tr style="background-color:#dbe8f5;"><td style="padding:3px;"><b>ประเภทอ้อย</b></td><td style="padding:3px;">ปลายฝน</td></tr>
<tr style="background-color:#f0f5fa;"><td style="padding:3px;"><b>พื้นที่</b></td><td style="padding:3px;">4.64</td></tr>
<tr style="background-color:#dbe8f5;"><td style="padding:3px;"><b>ปีผลิต</b></td><td style="padding:3px;">256970</td></tr>
<tr style="background-color:#f0f5fa;"><td style="padding:3px;"><b>ตันรวม</b></td><td style="padding:3px;">60.32</td></tr>
<tr style="background-color:#dbe8f5;"><td style="padding:3px;"><b>สถานที่ส่งอ้อย_1</b></td><td style="padding:3px;">รถตัด</td></tr>
</table>]]></description>
      <MultiGeometry><Polygon><outerBoundaryIs><LinearRing><coordinates>103.475545000352,15.0544366668315 103.475805000038,15.054555000399 103.475551666565,15.0529616670573 103.475148333589,15.0529933334298 103.475149999617,15.0540716665564 103.475576666151,15.054053333166 103.475545000352,15.0544366668315</coordinates></LinearRing></outerBoundaryIs></Polygon></MultiGeometry>
    </Placemark>
    <Placemark>
      <name>320102020002</name>
      <styleUrl>#style_82_001</styleUrl>
      <description><![CDATA[<h3 style="margin-bottom:6px; font-family:sans-serif;">320102020002</h3>
<table style="width:100%; border-collapse:collapse; font-family:sans-serif; font-size:12px;">
<tr style="background-color:#99bfe6; color:#000; font-weight:bold;"><td colspan="2" style="padding:4px; text-align:center;">320102020002</td></tr>
<tr style="background-color:#f0f5fa;"><td style="padding:3px; width:45%;"><b>FID</b></td><td style="padding:3px;">14921</td></tr>
<tr style="background-color:#dbe8f5;"><td style="padding:3px;"><b>รหัสแปลง</b></td><td style="padding:3px;">320102020002</td></tr>
<tr style="background-color:#f0f5fa;"><td style="padding:3px;"><b>รหัสกลุ่มคิว</b></td><td style="padding:3px;">82_001</td></tr>
<tr style="background-color:#dbe8f5;"><td style="padding:3px;"><b>นักเกษตร</b></td><td style="padding:3px;">8201</td></tr>
<tr style="background-color:#f0f5fa;"><td style="padding:3px;"><b>ศูนย์</b></td><td style="padding:3px;">K2-82</td></tr>
<tr style="background-color:#dbe8f5;"><td style="padding:3px;"><b>สถานที่ส่งอ้อย</b></td><td style="padding:3px;">รถตัด</td></tr>
<tr style="background-color:#f0f5fa;"><td style="padding:3px;"><b>ประเภทคิว</b></td><td style="padding:3px;">รถตัด</td></tr>
<tr style="background-color:#dbe8f5;"><td style="padding:3px;"><b>ประเภทรถ</b></td><td style="padding:3px;">10 ล้อเดี่ยว</td></tr>
<tr style="background-color:#f0f5fa;"><td style="padding:3px;"><b>ประเภทชาวไร่</b></td><td style="padding:3px;">รถตัด</td></tr>
<tr style="background-color:#dbe8f5;"><td style="padding:3px;"><b>สถานีขนถ่าย</b></td><td style="padding:3px;"></td></tr>
<tr style="background-color:#f0f5fa;"><td style="padding:3px;"><b>สถานะยืนยัน</b></td><td style="padding:3px;">N</td></tr>
<tr style="background-color:#dbe8f5;"><td style="padding:3px;"><b>โควตา</b></td><td style="padding:3px;">782470</td></tr>
<tr style="background-color:#f0f5fa;"><td style="padding:3px;"><b>ชาวไร่</b></td><td style="padding:3px;">นาง ยลรัชตนันท์ เสริมผล</td></tr>
<tr style="background-color:#dbe8f5;"><td style="padding:3px;"><b>ประเภทอ้อย</b></td><td style="padding:3px;">ปลายฝน</td></tr>
<tr style="background-color:#f0f5fa;"><td style="padding:3px;"><b>พื้นที่</b></td><td style="padding:3px;">7.28</td></tr>
<tr style="background-color:#dbe8f5;"><td style="padding:3px;"><b>ปีผลิต</b></td><td style="padding:3px;">256970</td></tr>
<tr style="background-color:#f0f5fa;"><td style="padding:3px;"><b>ตันรวม</b></td><td style="padding:3px;">94.64</td></tr>
<tr style="background-color:#dbe8f5;"><td style="padding:3px;"><b>สถานที่ส่งอ้อย_1</b></td><td style="padding:3px;">รถตัด</td></tr>
</table>]]></description>
      <MultiGeometry><Polygon><outerBoundaryIs><LinearRing><coordinates>103.530703457354,15.0800318437795 103.530338186191,15.0786054121797 103.530253333043,15.0786333336714 103.530153332763,15.0783283334952 103.530011666287,15.078353333421 103.530428333522,15.0801483336271 103.530844999543,15.0800549995698 103.530925000082,15.0804133332275 103.531111666618,15.0803599997514 103.53064833284,15.0785883334177 103.53036387526,15.0786011179139 103.530726259498,15.0800650242543 103.530703457354,15.0800318437795</coordinates></LinearRing></outerBoundaryIs></Polygon></MultiGeometry>
    </Placemark>
    <Placemark>
      <name>320102020003</name>
      <styleUrl>#style_82_001</styleUrl>
      <description><![CDATA[<h3 style="margin-bottom:6px; font-family:sans-serif;">320102020003</h3>
<table style="width:100%; border-collapse:collapse; font-family:sans-serif; font-size:12px;">
<tr style="background-color:#99bfe6; color:#000; font-weight:bold;"><td colspan="2" style="padding:4px; text-align:center;">320102020003</td></tr>
<tr style="background-color:#f0f5fa;"><td style="padding:3px; width:45%;"><b>FID</b></td><td style="padding:3px;">14982</td></tr>
<tr style="background-color:#dbe8f5;"><td style="padding:3px;"><b>รหัสแปลง</b></td><td style="padding:3px;">320102020003</td></tr>
<tr style="background-color:#f0f5fa;"><td style="padding:3px;"><b>รหัสกลุ่มคิว</b></td><td style="padding:3px;">82_001</td></tr>
<tr style="background-color:#dbe8f5;"><td style="padding:3px;"><b>นักเกษตร</b></td><td style="padding:3px;">8201</td></tr>
<tr style="background-color:#f0f5fa;"><td style="padding:3px;"><b>ศูนย์</b></td><td style="padding:3px;">K2-82</td></tr>
<tr style="background-color:#dbe8f5;"><td style="padding:3px;"><b>สถานที่ส่งอ้อย</b></td><td style="padding:3px;">รถตัด</td></tr>
<tr style="background-color:#f0f5fa;"><td style="padding:3px;"><b>ประเภทคิว</b></td><td style="padding:3px;">รถตัด</td></tr>
<tr style="background-color:#dbe8f5;"><td style="padding:3px;"><b>ประเภทรถ</b></td><td style="padding:3px;">10 ล้อเดี่ยว</td></tr>
<tr style="background-color:#f0f5fa;"><td style="padding:3px;"><b>ประเภทชาวไร่</b></td><td style="padding:3px;">รถตัด</td></tr>
<tr style="background-color:#dbe8f5;"><td style="padding:3px;"><b>สถานีขนถ่าย</b></td><td style="padding:3px;"></td></tr>
<tr style="background-color:#f0f5fa;"><td style="padding:3px;"><b>สถานะยืนยัน</b></td><td style="padding:3px;">N</td></tr>
<tr style="background-color:#dbe8f5;"><td style="padding:3px;"><b>โควตา</b></td><td style="padding:3px;">782470</td></tr>
<tr style="background-color:#f0f5fa;"><td style="padding:3px;"><b>ชาวไร่</b></td><td style="padding:3px;">นาง ยลรัชตนันท์ เสริมผล</td></tr>
<tr style="background-color:#dbe8f5;"><td style="padding:3px;"><b>ประเภทอ้อย</b></td><td style="padding:3px;">ปลายฝน</td></tr>
<tr style="background-color:#f0f5fa;"><td style="padding:3px;"><b>พื้นที่</b></td><td style="padding:3px;">3.71</td></tr>
<tr style="background-color:#dbe8f5;"><td style="padding:3px;"><b>ปีผลิต</b></td><td style="padding:3px;">256970</td></tr>
<tr style="background-color:#f0f5fa;"><td style="padding:3px;"><b>ตันรวม</b></td><td style="padding:3px;">48.23</td></tr>
<tr style="background-color:#dbe8f5;"><td style="padding:3px;"><b>สถานที่ส่งอ้อย_1</b></td><td style="padding:3px;">รถตัด</td></tr>
</table>]]></description>
      <MultiGeometry><Polygon><outerBoundaryIs><LinearRing><coordinates>103.529163333246,15.0765583335497 103.52968666671,15.0775766663124 103.530016666685,15.078361666492 103.53013666675,15.0783033333728 103.530220000212,15.0782066665952 103.529880000125,15.0773516666483 103.529355000072,15.0764650001403 103.529163333246,15.0765583335497</coordinates></LinearRing></outerBoundaryIs></Polygon></MultiGeometry>
    </Placemark>
    <Placemark>
      <name>310304120002</name>
      <styleUrl>#style_82_001</styleUrl>
      <description><![CDATA[<h3 style="margin-bottom:6px; font-family:sans-serif;">310304120002</h3>
<table style="width:100%; border-collapse:collapse; font-family:sans-serif; font-size:12px;">
<tr style="background-color:#99bfe6; color:#000; font-weight:bold;"><td colspan="2" style="padding:4px; text-align:center;">310304120002</td></tr>
<tr style="background-color:#f0f5fa;"><td style="padding:3px; width:45%;"><b>FID</b></td><td style="padding:3px;">14992</td></tr>
<tr style="background-color:#dbe8f5;"><td style="padding:3px;"><b>รหัสแปลง</b></td><td style="padding:3px;">310304120002</td></tr>
<tr style="background-color:#f0f5fa;"><td style="padding:3px;"><b>รหัสกลุ่มคิว</b></td><td style="padding:3px;">82_001</td></tr>
<tr style="background-color:#dbe8f5;"><td style="padding:3px;"><b>นักเกษตร</b></td><td style="padding:3px;">8201</td></tr>
<tr style="background-color:#f0f5fa;"><td style="padding:3px;"><b>ศูนย์</b></td><td style="padding:3px;">K2-82</td></tr>
<tr style="background-color:#dbe8f5;"><td style="padding:3px;"><b>สถานที่ส่งอ้อย</b></td><td style="padding:3px;">รถตัด</td></tr>
<tr style="background-color:#f0f5fa;"><td style="padding:3px;"><b>ประเภทคิว</b></td><td style="padding:3px;">รถตัด</td></tr>
<tr style="background-color:#dbe8f5;"><td style="padding:3px;"><b>ประเภทรถ</b></td><td style="padding:3px;">10 ล้อเดี่ยว</td></tr>
<tr style="background-color:#f0f5fa;"><td style="padding:3px;"><b>ประเภทชาวไร่</b></td><td style="padding:3px;">รถตัด</td></tr>
<tr style="background-color:#dbe8f5;"><td style="padding:3px;"><b>สถานีขนถ่าย</b></td><td style="padding:3px;"></td></tr>
<tr style="background-color:#f0f5fa;"><td style="padding:3px;"><b>สถานะยืนยัน</b></td><td style="padding:3px;">N</td></tr>
<tr style="background-color:#dbe8f5;"><td style="padding:3px;"><b>โควตา</b></td><td style="padding:3px;">788065</td></tr>
<tr style="background-color:#f0f5fa;"><td style="padding:3px;"><b>ชาวไร่</b></td><td style="padding:3px;">นาง อิม กองทุน</td></tr>
<tr style="background-color:#dbe8f5;"><td style="padding:3px;"><b>ประเภทอ้อย</b></td><td style="padding:3px;">ปลายฝน</td></tr>
<tr style="background-color:#f0f5fa;"><td style="padding:3px;"><b>พื้นที่</b></td><td style="padding:3px;">19.86</td></tr>
<tr style="background-color:#dbe8f5;"><td style="padding:3px;"><b>ปีผลิต</b></td><td style="padding:3px;">256970</td></tr>
<tr style="background-color:#f0f5fa;"><td style="padding:3px;"><b>ตันรวม</b></td><td style="padding:3px;">258.18</td></tr>
<tr style="background-color:#dbe8f5;"><td style="padding:3px;"><b>สถานที่ส่งอ้อย_1</b></td><td style="padding:3px;">รถตัด</td></tr>
</table>]]></description>
      <MultiGeometry><Polygon><outerBoundaryIs><LinearRing><coordinates>103.281783660026,14.7901863695804 103.282263476903,14.7900486567652 103.281166666419,14.7872266663847 103.281140812167,14.7871678180019 103.2811750003,14.7871633329823 103.281214999886,14.7872616664867 103.282301474343,14.7900377501344 103.282698689908,14.7899237440572 103.281419999816,14.78713166701 103.280640000116,14.7872033334368 103.280998333217,14.788174999876 103.281233332927,14.7887716668573 103.281633333364,14.789755000116 103.281746666862,14.7900733331255 103.281783660026,14.7901863695804</coordinates></LinearRing></outerBoundaryIs></Polygon></MultiGeometry>
    </Placemark>
    <Placemark>
      <name>310304120004</name>
      <styleUrl>#style_82_001</styleUrl>
      <description><![CDATA[<h3 style="margin-bottom:6px; font-family:sans-serif;">310304120004</h3>
<table style="width:100%; border-collapse:collapse; font-family:sans-serif; font-size:12px;">
<tr style="background-color:#99bfe6; color:#000; font-weight:bold;"><td colspan="2" style="padding:4px; text-align:center;">310304120004</td></tr>
<tr style="background-color:#f0f5fa;"><td style="padding:3px; width:45%;"><b>FID</b></td><td style="padding:3px;">15000</td></tr>
<tr style="background-color:#dbe8f5;"><td style="padding:3px;"><b>รหัสแปลง</b></td><td style="padding:3px;">310304120004</td></tr>
<tr style="background-color:#f0f5fa;"><td style="padding:3px;"><b>รหัสกลุ่มคิว</b></td><td style="padding:3px;">82_001</td></tr>
<tr style="background-color:#dbe8f5;"><td style="padding:3px;"><b>นักเกษตร</b></td><td style="padding:3px;">8201</td></tr>
<tr style="background-color:#f0f5fa;"><td style="padding:3px;"><b>ศูนย์</b></td><td style="padding:3px;">K2-82</td></tr>
<tr style="background-color:#dbe8f5;"><td style="padding:3px;"><b>สถานที่ส่งอ้อย</b></td><td style="padding:3px;">รถตัด</td></tr>
<tr style="background-color:#f0f5fa;"><td style="padding:3px;"><b>ประเภทคิว</b></td><td style="padding:3px;">รถตัด</td></tr>
<tr style="background-color:#dbe8f5;"><td style="padding:3px;"><b>ประเภทรถ</b></td><td style="padding:3px;">10 ล้อเดี่ยว</td></tr>
<tr style="background-color:#f0f5fa;"><td style="padding:3px;"><b>ประเภทชาวไร่</b></td><td style="padding:3px;">รถตัด</td></tr>
<tr style="background-color:#dbe8f5;"><td style="padding:3px;"><b>สถานีขนถ่าย</b></td><td style="padding:3px;"></td></tr>
<tr style="background-color:#f0f5fa;"><td style="padding:3px;"><b>สถานะยืนยัน</b></td><td style="padding:3px;">N</td></tr>
<tr style="background-color:#dbe8f5;"><td style="padding:3px;"><b>โควตา</b></td><td style="padding:3px;">788115</td></tr>
<tr style="background-color:#f0f5fa;"><td style="padding:3px;"><b>ชาวไร่</b></td><td style="padding:3px;">นาง อวบ ดวงสวัสดิ์</td></tr>
<tr style="background-color:#dbe8f5;"><td style="padding:3px;"><b>ประเภทอ้อย</b></td><td style="padding:3px;">ปลายฝน</td></tr>
<tr style="background-color:#f0f5fa;"><td style="padding:3px;"><b>พื้นที่</b></td><td style="padding:3px;">7.35</td></tr>
<tr style="background-color:#dbe8f5;"><td style="padding:3px;"><b>ปีผลิต</b></td><td style="padding:3px;">256970</td></tr>
<tr style="background-color:#f0f5fa;"><td style="padding:3px;"><b>ตันรวม</b></td><td style="padding:3px;">95.55</td></tr>
<tr style="background-color:#dbe8f5;"><td style="padding:3px;"><b>สถานที่ส่งอ้อย_1</b></td><td style="padding:3px;">รถตัด</td></tr>
</table>]]></description>
      <MultiGeometry><Polygon><outerBoundaryIs><LinearRing><coordinates>103.282734999545,14.7899583332159 103.282919999813,14.7898099997943 103.282368332953,14.7882466666255 103.282273333161,14.7879899997348 103.282153333342,14.7879566663611 103.282015000359,14.787875000259 103.281771666631,14.7875116663001 103.281826666833,14.7874600002456 103.281801666574,14.7874100002829 103.282073333261,14.7872866670131 103.281983333065,14.7870366668042 103.281398333689,14.7870633336672 103.282734999545,14.7899583332159</coordinates></LinearRing></outerBoundaryIs></Polygon></MultiGeometry>
    </Placemark>
    <Placemark>
      <name>320120070007</name>
      <styleUrl>#style_82_001</styleUrl>
      <description><![CDATA[<h3 style="margin-bottom:6px; font-family:sans-serif;">320120070007</h3>
<table style="width:100%; border-collapse:collapse; font-family:sans-serif; font-size:12px;">
<tr style="background-color:#99bfe6; color:#000; font-weight:bold;"><td colspan="2" style="padding:4px; text-align:center;">320120070007</td></tr>
<tr style="background-color:#f0f5fa;"><td style="padding:3px; width:45%;"><b>FID</b></td><td style="padding:3px;">15049</td></tr>
<tr style="background-color:#dbe8f5;"><td style="padding:3px;"><b>รหัสแปลง</b></td><td style="padding:3px;">320120070007</td></tr>
<tr style="background-color:#f0f5fa;"><td style="padding:3px;"><b>รหัสกลุ่มคิว</b></td><td style="padding:3px;">82_001</td></tr>
<tr style="background-color:#dbe8f5;"><td style="padding:3px;"><b>นักเกษตร</b></td><td style="padding:3px;">8201</td></tr>
<tr style="background-color:#f0f5fa;"><td style="padding:3px;"><b>ศูนย์</b></td><td style="padding:3px;">K2-82</td></tr>
<tr style="background-color:#dbe8f5;"><td style="padding:3px;"><b>สถานที่ส่งอ้อย</b></td><td style="padding:3px;">รถตัด</td></tr>
<tr style="background-color:#f0f5fa;"><td style="padding:3px;"><b>ประเภทคิว</b></td><td style="padding:3px;">รถตัด</td></tr>
<tr style="background-color:#dbe8f5;"><td style="padding:3px;"><b>ประเภทรถ</b></td><td style="padding:3px;">10 ล้อเดี่ยว</td></tr>
<tr style="background-color:#f0f5fa;"><td style="padding:3px;"><b>ประเภทชาวไร่</b></td><td style="padding:3px;">รถตัด</td></tr>
<tr style="background-color:#dbe8f5;"><td style="padding:3px;"><b>สถานีขนถ่าย</b></td><td style="padding:3px;"></td></tr>
<tr style="background-color:#f0f5fa;"><td style="padding:3px;"><b>สถานะยืนยัน</b></td><td style="padding:3px;">N</td></tr>
<tr style="background-color:#dbe8f5;"><td style="padding:3px;"><b>โควตา</b></td><td style="padding:3px;">700324</td></tr>
<tr style="background-color:#f0f5fa;"><td style="padding:3px;"><b>ชาวไร่</b></td><td style="padding:3px;">นาย พลธยา วามะกัณฑ์</td></tr>
<tr style="background-color:#dbe8f5;"><td style="padding:3px;"><b>ประเภทอ้อย</b></td><td style="padding:3px;">ปลายฝน</td></tr>
<tr style="background-color:#f0f5fa;"><td style="padding:3px;"><b>พื้นที่</b></td><td style="padding:3px;">5.86</td></tr>
<tr style="background-color:#dbe8f5;"><td style="padding:3px;"><b>ปีผลิต</b></td><td style="padding:3px;">256970</td></tr>
<tr style="background-color:#f0f5fa;"><td style="padding:3px;"><b>ตันรวม</b></td><td style="padding:3px;">76.18</td></tr>
<tr style="background-color:#dbe8f5;"><td style="padding:3px;"><b>สถานที่ส่งอ้อย_1</b></td><td style="padding:3px;">รถตัด</td></tr>
</table>]]></description>
      <MultiGeometry><Polygon><outerBoundaryIs><LinearRing><coordinates>103.62647666679,14.8693550001654 103.625901666488,14.8679883329854 103.625426666085,14.8680033329785 103.625556666529,14.8684316670308 103.625716666803,14.8689033334507 103.625846666958,14.8692666664145 103.625941666373,14.8694866666593 103.62647666679,14.8693550001654</coordinates></LinearRing></outerBoundaryIs></Polygon></MultiGeometry>
    </Placemark>
  </Folder>
</Document>
</kml>
