<?xml version="1.0" encoding="UTF-8"?>
<kml xmlns="http://www.opengis.net/kml/2.2">
<Document>
  <name>กลุ่มคิว 83</name>
  <Style id="style_83_001">
    <LineStyle>
      <color>ff333333</color>
      <width>1.2</width>
    </LineStyle>
    <PolyStyle>
      <color>b3006699</color>
      <fill>1</fill>
      <outline>1</outline>
    </PolyStyle>
  </Style>
  <Folder>
    <name>83_001</name>
    <Placemark>
      <name>320405071502</name>
      <styleUrl>#style_83_001</styleUrl>
      <description><![CDATA[<h3 style="margin-bottom:6px; font-family:sans-serif;">320405071502</h3>
<table style="width:100%; border-collapse:collapse; font-family:sans-serif; font-size:12px;">
<tr style="background-color:#99bfe6; color:#000; font-weight:bold;"><td colspan="2" style="padding:4px; text-align:center;">320405071502</td></tr>
<tr style="background-color:#f0f5fa;"><td style="padding:3px; width:45%;"><b>FID</b></td><td style="padding:3px;">1785</td></tr>
<tr style="background-color:#dbe8f5;"><td style="padding:3px;"><b>รหัสแปลง</b></td><td style="padding:3px;">320405071502</td></tr>
<tr style="background-color:#f0f5fa;"><td style="padding:3px;"><b>รหัสกลุ่มคิว</b></td><td style="padding:3px;">83_001</td></tr>
<tr style="background-color:#dbe8f5;"><td style="padding:3px;"><b>นักเกษตร</b></td><td style="padding:3px;">8301</td></tr>
<tr style="background-color:#f0f5fa;"><td style="padding:3px;"><b>ศูนย์</b></td><td style="padding:3px;">K2-83</td></tr>
<tr style="background-color:#dbe8f5;"><td style="padding:3px;"><b>สถานที่ส่งอ้อย</b></td><td style="padding:3px;">รถตัด</td></tr>
<tr style="background-color:#f0f5fa;"><td style="padding:3px;"><b>ประเภทคิว</b></td><td style="padding:3px;">รถตัด</td></tr>
<tr style="background-color:#dbe8f5;"><td style="padding:3px;"><b>ประเภทรถ</b></td><td style="padding:3px;">10 ล้อเดี่ยว</td></tr>
<tr style="background-color:#f0f5fa;"><td style="padding:3px;"><b>ประเภทชาวไร่</b></td><td style="padding:3px;">รถตัด</td></tr>
<tr style="background-color:#dbe8f5;"><td style="padding:3px;"><b>สถานีขนถ่าย</b></td><td style="padding:3px;"></td></tr>
<tr style="background-color:#f0f5fa;"><td style="padding:3px;"><b>สถานะยืนยัน</b></td><td style="padding:3px;">N</td></tr>
<tr style="background-color:#dbe8f5;"><td style="padding:3px;"><b>โควตา</b></td><td style="padding:3px;">784870</td></tr>
<tr style="background-color:#f0f5fa;"><td style="padding:3px;"><b>ชาวไร่</b></td><td style="padding:3px;">นาย พิธิวัฒน์ รอดเนียม</td></tr>
<tr style="background-color:#dbe8f5;"><td style="padding:3px;"><b>ประเภทอ้อย</b></td><td style="padding:3px;">ปลายฝน</td></tr>
<tr style="background-color:#f0f5fa;"><td style="padding:3px;"><b>พื้นที่</b></td><td style="padding:3px;">16.03</td></tr>
<tr style="background-color:#dbe8f5;"><td style="padding:3px;"><b>ปีผลิต</b></td><td style="padding:3px;">256970</td></tr>
<tr style="background-color:#f0f5fa;"><td style="padding:3px;"><b>ตันรวม</b></td><td style="padding:3px;">208.39</td></tr>
<tr style="background-color:#dbe8f5;"><td style="padding:3px;"><b>สถานที่ส่งอ้อย_1</b></td><td style="padding:3px;">รถตัด</td></tr>
</table>]]></description>
      <MultiGeometry><Polygon><outerBoundaryIs><LinearRing><coordinates>103.666855990003,15.1375834202845 103.669412109706,15.1372782301126 103.669402799685,15.1363919997853 103.668739850008,15.1364275003539 103.668446429816,15.1364878903178 103.668180689484,15.1365742496365 103.66676745959,15.1369387300293 103.666855990003,15.1375834202845</coordinates></LinearRing></outerBoundaryIs></Polygon></MultiGeometry>
    </Placemark>
    <Placemark>
      <name>320405071503</name>
      <styleUrl>#style_83_001</styleUrl>
      <description><![CDATA[<h3 style="margin-bottom:6px; font-family:sans-serif;">320405071503</h3>
<table style="width:100%; border-collapse:collapse; font-family:sans-serif; font-size:12px;">
<tr style="background-color:#99bfe6; color:#000; font-weight:bold;"><td colspan="2" style="padding:4px; text-align:center;">320405071503</td></tr>
<tr style="background-color:#f0f5fa;"><td style="padding:3px; width:45%;"><b>FID</b></td><td style="padding:3px;">1786</td></tr>
<tr style="background-color:#dbe8f5;"><td style="padding:3px;"><b>รหัสแปลง</b></td><td style="padding:3px;">320405071503</td></tr>
<tr style="background-color:#f0f5fa;"><td style="padding:3px;"><b>รหัสกลุ่มคิว</b></td><td style="padding:3px;">83_001</td></tr>
<tr style="background-color:#dbe8f5;"><td style="padding:3px;"><b>นักเกษตร</b></td><td style="padding:3px;">8301</td></tr>
<tr style="background-color:#f0f5fa;"><td style="padding:3px;"><b>ศูนย์</b></td><td style="padding:3px;">K2-83</td></tr>
<tr style="background-color:#dbe8f5;"><td style="padding:3px;"><b>สถานที่ส่งอ้อย</b></td><td style="padding:3px;">รถตัด</td></tr>
<tr style="background-color:#f0f5fa;"><td style="padding:3px;"><b>ประเภทคิว</b></td><td style="padding:3px;">รถตัด</td></tr>
<tr style="background-color:#dbe8f5;"><td style="padding:3px;"><b>ประเภทรถ</b></td><td style="padding:3px;">10 ล้อเดี่ยว</td></tr>
<tr style="background-color:#f0f5fa;"><td style="padding:3px;"><b>ประเภทชาวไร่</b></td><td style="padding:3px;">รถตัด</td></tr>
<tr style="background-color:#dbe8f5;"><td style="padding:3px;"><b>สถานีขนถ่าย</b></td><td style="padding:3px;"></td></tr>
<tr style="background-color:#f0f5fa;"><td style="padding:3px;"><b>สถานะยืนยัน</b></td><td style="padding:3px;">N</td></tr>
<tr style="background-color:#dbe8f5;"><td style="padding:3px;"><b>โควตา</b></td><td style="padding:3px;">784870</td></tr>
<tr style="background-color:#f0f5fa;"><td style="padding:3px;"><b>ชาวไร่</b></td><td style="padding:3px;">นาย พิธิวัฒน์ รอดเนียม</td></tr>
<tr style="background-color:#dbe8f5;"><td style="padding:3px;"><b>ประเภทอ้อย</b></td><td style="padding:3px;">ปลายฝน</td></tr>
<tr style="background-color:#f0f5fa;"><td style="padding:3px;"><b>พื้นที่</b></td><td style="padding:3px;">20.16</td></tr>
<tr style="background-color:#dbe8f5;"><td style="padding:3px;"><b>ปีผลิต</b></td><td style="padding:3px;">256970</td></tr>
<tr style="background-color:#f0f5fa;"><td style="padding:3px;"><b>ตันรวม</b></td><td style="padding:3px;">262.08</td></tr>
<tr style="background-color:#dbe8f5;"><td style="padding:3px;"><b>สถานที่ส่งอ้อย_1</b></td><td style="padding:3px;">รถตัด</td></tr>
</table>]]></description>
      <MultiGeometry><Polygon><outerBoundaryIs><LinearRing><coordinates>103.666634180148,15.1384888799093 103.668277056559,15.1384773631704 103.668852691304,15.1384573281423 103.669407729522,15.1385319201301 103.669416739675,15.1373265296002 103.666705120317,15.1376829497089 103.666630350057,15.1378599699335 103.666634180148,15.1384888799093</coordinates></LinearRing></outerBoundaryIs></Polygon></MultiGeometry>
    </Placemark>
    <Placemark>
      <name>320405091501</name>
      <styleUrl>#style_83_001</styleUrl>
      <description><![CDATA[<h3 style="margin-bottom:6px; font-family:sans-serif;">320405091501</h3>
<table style="width:100%; border-collapse:collapse; font-family:sans-serif; font-size:12px;">
<tr style="background-color:#99bfe6; color:#000; font-weight:bold;"><td colspan="2" style="padding:4px; text-align:center;">320405091501</td></tr>
<tr style="background-color:#f0f5fa;"><td style="padding:3px; width:45%;"><b>FID</b></td><td style="padding:3px;">1787</td></tr>
<tr style="background-color:#dbe8f5;"><td style="padding:3px;"><b>รหัสแปลง</b></td><td style="padding:3px;">320405091501</td></tr>
<tr style="background-color:#f0f5fa;"><td style="padding:3px;"><b>รหัสกลุ่มคิว</b></td><td style="padding:3px;">83_001</td></tr>
<tr style="background-color:#dbe8f5;"><td style="padding:3px;"><b>นักเกษตร</b></td><td style="padding:3px;">8301</td></tr>
<tr style="background-color:#f0f5fa;"><td style="padding:3px;"><b>ศูนย์</b></td><td style="padding:3px;">K2-83</td></tr>
<tr style="background-color:#dbe8f5;"><td style="padding:3px;"><b>สถานที่ส่งอ้อย</b></td><td style="padding:3px;">รถตัด</td></tr>
<tr style="background-color:#f0f5fa;"><td style="padding:3px;"><b>ประเภทคิว</b></td><td style="padding:3px;">รถตัด</td></tr>
<tr style="background-color:#dbe8f5;"><td style="padding:3px;"><b>ประเภทรถ</b></td><td style="padding:3px;">10 ล้อเดี่ยว</td></tr>
<tr style="background-color:#f0f5fa;"><td style="padding:3px;"><b>ประเภทชาวไร่</b></td><td style="padding:3px;">รถตัด</td></tr>
<tr style="background-color:#dbe8f5;"><td style="padding:3px;"><b>สถานีขนถ่าย</b></td><td style="padding:3px;"></td></tr>
<tr style="background-color:#f0f5fa;"><td style="padding:3px;"><b>สถานะยืนยัน</b></td><td style="padding:3px;">N</td></tr>
<tr style="background-color:#dbe8f5;"><td style="padding:3px;"><b>โควตา</b></td><td style="padding:3px;">782397</td></tr>
<tr style="background-color:#f0f5fa;"><td style="padding:3px;"><b>ชาวไร่</b></td><td style="padding:3px;">น.ส. จินดา ใจกล้า</td></tr>
<tr style="background-color:#dbe8f5;"><td style="padding:3px;"><b>ประเภทอ้อย</b></td><td style="padding:3px;">ปลายฝน</td></tr>
<tr style="background-color:#f0f5fa;"><td style="padding:3px;"><b>พื้นที่</b></td><td style="padding:3px;">16.92</td></tr>
<tr style="background-color:#dbe8f5;"><td style="padding:3px;"><b>ปีผลิต</b></td><td style="padding:3px;">256970</td></tr>
<tr style="background-color:#f0f5fa;"><td style="padding:3px;"><b>ตันรวม</b></td><td style="padding:3px;">219.96</td></tr>
<tr style="background-color:#dbe8f5;"><td style="padding:3px;"><b>สถานที่ส่งอ้อย_1</b></td><td style="padding:3px;">รถตัด</td></tr>
</table>]]></description>
      <MultiGeometry><Polygon><outerBoundaryIs><LinearRing><coordinates>103.636079727373,15.1766625159992 103.63679461982,15.1764598598858 103.636150319725,15.1747444902748 103.63607565008,15.174758230225 103.635899900069,15.1748125903087 103.635285360146,15.174951300169 103.633542959812,15.1752819298642 103.633589339411,15.1756427000178 103.635287290261,15.1754368102469 103.635314329586,15.1755029100651 103.635564870252,15.1754599600042 103.63572169377,15.1758019231201 103.636079727373,15.1766625159992</coordinates></LinearRing></outerBoundaryIs></Polygon></MultiGeometry>
    </Placemark>
    <Placemark>
      <name>320906120020</name>
      <styleUrl>#style_83_001</styleUrl>
      <description><![CDATA[<h3 style="margin-bottom:6px; font-family:sans-serif;">320906120020</h3>
<table style="width:100%; border-collapse:collapse; font-family:sans-serif; font-size:12px;">
<tr style="background-color:#99bfe6; color:#000; font-weight:bold;"><td colspan="2" style="padding:4px; text-align:center;">320906120020</td></tr>
<tr style="background-color:#f0f5fa;"><td style="padding:3px; width:45%;"><b>FID</b></td><td style="padding:3px;">2957</td></tr>
<tr style="background-color:#dbe8f5;"><td style="padding:3px;"><b>รหัสแปลง</b></td><td style="padding:3px;">320906120020</td></tr>
<tr style="background-color:#f0f5fa;"><td style="padding:3px;"><b>รหัสกลุ่มคิว</b></td><td style="padding:3px;">83_001</td></tr>
<tr style="background-color:#dbe8f5;"><td style="padding:3px;"><b>นักเกษตร</b></td><td style="padding:3px;">8301</td></tr>
<tr style="background-color:#f0f5fa;"><td style="padding:3px;"><b>ศูนย์</b></td><td style="padding:3px;">K2-83</td></tr>
<tr style="background-color:#dbe8f5;"><td style="padding:3px;"><b>สถานที่ส่งอ้อย</b></td><td style="padding:3px;">รถตัด</td></tr>
<tr style="background-color:#f0f5fa;"><td style="padding:3px;"><b>ประเภทคิว</b></td><td style="padding:3px;">รถตัด</td></tr>
<tr style="background-color:#dbe8f5;"><td style="padding:3px;"><b>ประเภทรถ</b></td><td style="padding:3px;">10 ล้อเดี่ยว</td></tr>
<tr style="background-color:#f0f5fa;"><td style="padding:3px;"><b>ประเภทชาวไร่</b></td><td style="padding:3px;">รถตัด</td></tr>
<tr style="background-color:#dbe8f5;"><td style="padding:3px;"><b>สถานีขนถ่าย</b></td><td style="padding:3px;"></td></tr>
<tr style="background-color:#f0f5fa;"><td style="padding:3px;"><b>สถานะยืนยัน</b></td><td style="padding:3px;">N</td></tr>
<tr style="background-color:#dbe8f5;"><td style="padding:3px;"><b>โควตา</b></td><td style="padding:3px;">782716</td></tr>
<tr style="background-color:#f0f5fa;"><td style="padding:3px;"><b>ชาวไร่</b></td><td style="padding:3px;">นาย ศักดิ์สิทธิ์ บุตรดี</td></tr>
<tr style="background-color:#dbe8f5;"><td style="padding:3px;"><b>ประเภทอ้อย</b></td><td style="padding:3px;">ตอ2</td></tr>
<tr style="background-color:#f0f5fa;"><td style="padding:3px;"><b>พื้นที่</b></td><td style="padding:3px;">6.9</td></tr>
<tr style="background-color:#dbe8f5;"><td style="padding:3px;"><b>ปีผลิต</b></td><td style="padding:3px;">256970</td></tr>
<tr style="background-color:#f0f5fa;"><td style="padding:3px;"><b>ตันรวม</b></td><td style="padding:3px;">55.2</td></tr>
<tr style="background-color:#dbe8f5;"><td style="padding:3px;"><b>สถานที่ส่งอ้อย_1</b></td><td style="padding:3px;">รถตัด</td></tr>
</table>]]></description>
      <MultiGeometry><Polygon><outerBoundaryIs><LinearRing><coordinates>103.734111911085,15.1112745158684 103.736051967404,15.1107531584227 103.73597234348,15.1102931169847 103.733975638432,15.1108564776193 103.734111911085,15.1112745158684</coordinates></LinearRing></outerBoundaryIs></Polygon></MultiGeometry>
    </Placemark>
    <Placemark>
      <name>320405061501</name>
      <styleUrl>#style_83_001</styleUrl>
      <description><![CDATA[<h3 style="margin-bottom:6px; font-family:sans-serif;">320405061501</h3>
<table style="width:100%; border-collapse:collapse; font-family:sans-serif; font-size:12px;">
<tr style="background-color:#99bfe6; color:#000; font-weight:bold;"><td colspan="2" style="padding:4px; text-align:center;">320405061501</td></tr>
<tr style="background-color:#f0f5fa;"><td style="padding:3px; width:45%;"><b>FID</b></td><td style="padding:3px;">3861</td></tr>
<tr style="background-color:#dbe8f5;"><td style="padding:3px;"><b>รหัสแปลง</b></td><td style="padding:3px;">320405061501</td></tr>
<tr style="background-color:#f0f5fa;"><td style="padding:3px;"><b>รหัสกลุ่มคิว</b></td><td style="padding:3px;">83_001</td></tr>
<tr style="background-color:#dbe8f5;"><td style="padding:3px;"><b>นักเกษตร</b></td><td style="padding:3px;">8301</td></tr>
<tr style="background-color:#f0f5fa;"><td style="padding:3px;"><b>ศูนย์</b></td><td style="padding:3px;">K2-83</td></tr>
<tr style="background-color:#dbe8f5;"><td style="padding:3px;"><b>สถานที่ส่งอ้อย</b></td><td style="padding:3px;">รถตัด</td></tr>
<tr style="background-color:#f0f5fa;"><td style="padding:3px;"><b>ประเภทคิว</b></td><td style="padding:3px;">รถตัด</td></tr>
<tr style="background-color:#dbe8f5;"><td style="padding:3px;"><b>ประเภทรถ</b></td><td style="padding:3px;">10 ล้อเดี่ยว</td></tr>
<tr style="background-color:#f0f5fa;"><td style="padding:3px;"><b>ประเภทชาวไร่</b></td><td style="padding:3px;">รถตัด</td></tr>
<tr style="background-color:#dbe8f5;"><td style="padding:3px;"><b>สถานีขนถ่าย</b></td><td style="padding:3px;"></td></tr>
<tr style="background-color:#f0f5fa;"><td style="padding:3px;"><b>สถานะยืนยัน</b></td><td style="padding:3px;">N</td></tr>
<tr style="background-color:#dbe8f5;"><td style="padding:3px;"><b>โควตา</b></td><td style="padding:3px;">782381</td></tr>
<tr style="background-color:#f0f5fa;"><td style="padding:3px;"><b>ชาวไร่</b></td><td style="padding:3px;">นาง บัวทอง พวงจันทร์</td></tr>
<tr style="background-color:#dbe8f5;"><td style="padding:3px;"><b>ประเภทอ้อย</b></td><td style="padding:3px;">ตอ1</td></tr>
<tr style="background-color:#f0f5fa;"><td style="padding:3px;"><b>พื้นที่</b></td><td style="padding:3px;">9.9</td></tr>
<tr style="background-color:#dbe8f5;"><td style="padding:3px;"><b>ปีผลิต</b></td><td style="padding:3px;">256970</td></tr>
<tr style="background-color:#f0f5fa;"><td style="padding:3px;"><b>ตันรวม</b></td><td style="padding:3px;">89.1</td></tr>
<tr style="background-color:#dbe8f5;"><td style="padding:3px;"><b>สถานที่ส่งอ้อย_1</b></td><td style="padding:3px;">รถตัด</td></tr>
</table>]]></description>
      <MultiGeometry><Polygon><outerBoundaryIs><LinearRing><coordinates>103.624092265627,15.164663437909 103.623149050541,15.1647145675166 103.622572794771,15.1648040863837 103.621863937336,15.1649146436514 103.621820183069,15.1654365009041 103.623982127833,15.1653062881911 103.624092265627,15.164663437909</coordinates></LinearRing></outerBoundaryIs></Polygon></MultiGeometry>
    </Placemark>
    <Placemark>
      <name>320308050028</name>
      <styleUrl>#style_83_001</styleUrl>
      <description><![CDATA[<h3 style="margin-bottom:6px; font-family:sans-serif;">320308050028</h3>
<table style="width:100%; border-collapse:collapse; font-family:sans-serif; font-size:12px;">
<tr style="background-color:#99bfe6; color:#000; font-weight:bold;"><td colspan="2" style="padding:4px; text-align:center;">320308050028</td></tr>
<tr style="background-color:#f0f5fa;"><td style="padding:3px; width:45%;"><b>FID</b></td><td style="padding:3px;">4490</td></tr>
<tr style="background-color:#dbe8f5;"><td style="padding:3px;"><b>รหัสแปลง</b></td><td style="padding:3px;">320308050028</td></tr>
<tr style="background-color:#f0f5fa;"><td style="padding:3px;"><b>รหัสกลุ่มคิว</b></td><td style="padding:3px;">83_001</td></tr>
<tr style="background-color:#dbe8f5;"><td style="padding:3px;"><b>นักเกษตร</b></td><td style="padding:3px;">8301</td></tr>
<tr style="background-color:#f0f5fa;"><td style="padding:3px;"><b>ศูนย์</b></td><td style="padding:3px;">K2-83</td></tr>
<tr style="background-color:#dbe8f5;"><td style="padding:3px;"><b>สถานที่ส่งอ้อย</b></td><td style="padding:3px;">รถตัด</td></tr>
<tr style="background-color:#f0f5fa;"><td style="padding:3px;"><b>ประเภทคิว</b></td><td style="padding:3px;">รถตัด</td></tr>
<tr style="background-color:#dbe8f5;"><td style="padding:3px;"><b>ประเภทรถ</b></td><td style="padding:3px;">10 ล้อเดี่ยว</td></tr>
<tr style="background-color:#f0f5fa;"><td style="padding:3px;"><b>ประเภทชาวไร่</b></td><td style="padding:3px;">รถตัด</td></tr>
<tr style="background-color:#dbe8f5;"><td style="padding:3px;"><b>สถานีขนถ่าย</b></td><td style="padding:3px;"></td></tr>
<tr style="background-color:#f0f5fa;"><td style="padding:3px;"><b>สถานะยืนยัน</b></td><td style="padding:3px;">N</td></tr>
<tr style="background-color:#dbe8f5;"><td style="padding:3px;"><b>โควตา</b></td><td style="padding:3px;">782482</td></tr>
<tr style="background-color:#f0f5fa;"><td style="padding:3px;"><b>ชาวไร่</b></td><td style="padding:3px;">นาย ธานินทร์ กองทอง</td></tr>
<tr style="background-color:#dbe8f5;"><td style="padding:3px;"><b>ประเภทอ้อย</b></td><td style="padding:3px;">ปลายฝน</td></tr>
<tr style="background-color:#f0f5fa;"><td style="padding:3px;"><b>พื้นที่</b></td><td style="padding:3px;">5.14</td></tr>
<tr style="background-color:#dbe8f5;"><td style="padding:3px;"><b>ปีผลิต</b></td><td style="padding:3px;">256970</td></tr>
<tr style="background-color:#f0f5fa;"><td style="padding:3px;"><b>ตันรวม</b></td><td style="padding:3px;">66.82</td></tr>
<tr style="background-color:#dbe8f5;"><td style="padding:3px;"><b>สถานที่ส่งอ้อย_1</b></td><td style="padding:3px;">รถตัด</td></tr>
</table>]]></description>
      <MultiGeometry><Polygon><outerBoundaryIs><LinearRing><coordinates>103.713381109729,15.1951426400988 103.715255479803,15.194680679544 103.715094389543,15.1943381198619 103.713256249852,15.1948159399167 103.713381109729,15.1951426400988</coordinates></LinearRing></outerBoundaryIs></Polygon></MultiGeometry>
    </Placemark>
    <Placemark>
      <name>320405070017</name>
      <styleUrl>#style_83_001</styleUrl>
      <description><![CDATA[<h3 style="margin-bottom:6px; font-family:sans-serif;">320405070017</h3>
<table style="width:100%; border-collapse:collapse; font-family:sans-serif; font-size:12px;">
<tr style="background-color:#99bfe6; color:#000; font-weight:bold;"><td colspan="2" style="padding:4px; text-align:center;">320405070017</td></tr>
<tr style="background-color:#f0f5fa;"><td style="padding:3px; width:45%;"><b>FID</b></td><td style="padding:3px;">4491</td></tr>
<tr style="background-color:#dbe8f5;"><td style="padding:3px;"><b>รหัสแปลง</b></td><td style="padding:3px;">320405070017</td></tr>
<tr style="background-color:#f0f5fa;"><td style="padding:3px;"><b>รหัสกลุ่มคิว</b></td><td style="padding:3px;">83_001</td></tr>
<tr style="background-color:#dbe8f5;"><td style="padding:3px;"><b>นักเกษตร</b></td><td style="padding:3px;">8301</td></tr>
<tr style="background-color:#f0f5fa;"><td style="padding:3px;"><b>ศูนย์</b></td><td style="padding:3px;">K2-83</td></tr>
<tr style="background-color:#dbe8f5;"><td style="padding:3px;"><b>สถานที่ส่งอ้อย</b></td><td style="padding:3px;">รถตัด</td></tr>
<tr style="background-color:#f0f5fa;"><td style="padding:3px;"><b>ประเภทคิว</b></td><td style="padding:3px;">รถตัด</td></tr>
<tr style="background-color:#dbe8f5;"><td style="padding:3px;"><b>ประเภทรถ</b></td><td style="padding:3px;">10 ล้อเดี่ยว</td></tr>
<tr style="background-color:#f0f5fa;"><td style="padding:3px;"><b>ประเภทชาวไร่</b></td><td style="padding:3px;">รถตัด</td></tr>
<tr style="background-color:#dbe8f5;"><td style="padding:3px;"><b>สถานีขนถ่าย</b></td><td style="padding:3px;"></td></tr>
<tr style="background-color:#f0f5fa;"><td style="padding:3px;"><b>สถานะยืนยัน</b></td><td style="padding:3px;">N</td></tr>
<tr style="background-color:#dbe8f5;"><td style="padding:3px;"><b>โควตา</b></td><td style="padding:3px;">782305</td></tr>
<tr style="background-color:#f0f5fa;"><td style="padding:3px;"><b>ชาวไร่</b></td><td style="padding:3px;">นาย เหมียน หวังผล</td></tr>
<tr style="background-color:#dbe8f5;"><td style="padding:3px;"><b>ประเภทอ้อย</b></td><td style="padding:3px;">ตอ1</td></tr>
<tr style="background-color:#f0f5fa;"><td style="padding:3px;"><b>พื้นที่</b></td><td style="padding:3px;">11.96</td></tr>
<tr style="background-color:#dbe8f5;"><td style="padding:3px;"><b>ปีผลิต</b></td><td style="padding:3px;">256970</td></tr>
<tr style="background-color:#f0f5fa;"><td style="padding:3px;"><b>ตันรวม</b></td><td style="padding:3px;">107.64</td></tr>
<tr style="background-color:#dbe8f5;"><td style="padding:3px;"><b>สถานที่ส่งอ้อย_1</b></td><td style="padding:3px;">รถตัด</td></tr>
</table>]]></description>
      <MultiGeometry><Polygon><outerBoundaryIs><LinearRing><coordinates>103.67132795985,15.1381084299702 103.672307800112,15.1378687896127 103.672207209995,15.1365086799657 103.670919579607,15.1365984598806 103.670967290226,15.1370216700708 103.671185389489,15.1370201698135 103.67132795985,15.1381084299702</coordinates></LinearRing></outerBoundaryIs></Polygon></MultiGeometry>
    </Placemark>
    <Placemark>
      <name>320906121504</name>
      <styleUrl>#style_83_001</styleUrl>
      <description><![CDATA[<h3 style="margin-bottom:6px; font-family:sans-serif;">320906121504</h3>
<table style="width:100%; border-collapse:collapse; font-family:sans-serif; font-size:12px;">
<tr style="background-color:#99bfe6; color:#000; font-weight:bold;"><td colspan="2" style="padding:4px; text-align:center;">320906121504</td></tr>
<tr style="background-color:#f0f5fa;"><td style="padding:3px; width:45%;"><b>FID</b></td><td style="padding:3px;">5734</td></tr>
<tr style="background-color:#dbe8f5;"><td style="padding:3px;"><b>รหัสแปลง</b></td><td style="padding:3px;">320906121504</td></tr>
<tr style="background-color:#f0f5fa;"><td style="padding:3px;"><b>รหัสกลุ่มคิว</b></td><td style="padding:3px;">83_001</td></tr>
<tr style="background-color:#dbe8f5;"><td style="padding:3px;"><b>นักเกษตร</b></td><td style="padding:3px;">8301</td></tr>
<tr style="background-color:#f0f5fa;"><td style="padding:3px;"><b>ศูนย์</b></td><td style="padding:3px;">K2-83</td></tr>
<tr style="background-color:#dbe8f5;"><td style="padding:3px;"><b>สถานที่ส่งอ้อย</b></td><td style="padding:3px;">รถตัด</td></tr>
<tr style="background-color:#f0f5fa;"><td style="padding:3px;"><b>ประเภทคิว</b></td><td style="padding:3px;">รถตัด</td></tr>
<tr style="background-color:#dbe8f5;"><td style="padding:3px;"><b>ประเภทรถ</b></td><td style="padding:3px;">10 ล้อเดี่ยว</td></tr>
<tr style="background-color:#f0f5fa;"><td style="padding:3px;"><b>ประเภทชาวไร่</b></td><td style="padding:3px;">รถตัด</td></tr>
<tr style="background-color:#dbe8f5;"><td style="padding:3px;"><b>สถานีขนถ่าย</b></td><td style="padding:3px;"></td></tr>
<tr style="background-color:#f0f5fa;"><td style="padding:3px;"><b>สถานะยืนยัน</b></td><td style="padding:3px;">N</td></tr>
<tr style="background-color:#dbe8f5;"><td style="padding:3px;"><b>โควตา</b></td><td style="padding:3px;">782716</td></tr>
<tr style="background-color:#f0f5fa;"><td style="padding:3px;"><b>ชาวไร่</b></td><td style="padding:3px;">นาย ศักดิ์สิทธิ์ บุตรดี</td></tr>
<tr style="background-color:#dbe8f5;"><td style="padding:3px;"><b>ประเภทอ้อย</b></td><td style="padding:3px;">ตอ2</td></tr>
<tr style="background-color:#f0f5fa;"><td style="padding:3px;"><b>พื้นที่</b></td><td style="padding:3px;">6.41</td></tr>
<tr style="background-color:#dbe8f5;"><td style="padding:3px;"><b>ปีผลิต</b></td><td style="padding:3px;">256970</td></tr>
<tr style="background-color:#f0f5fa;"><td style="padding:3px;"><b>ตันรวม</b></td><td style="padding:3px;">51.28</td></tr>
<tr style="background-color:#dbe8f5;"><td style="padding:3px;"><b>สถานที่ส่งอ้อย_1</b></td><td style="padding:3px;">รถตัด</td></tr>
</table>]]></description>
      <MultiGeometry><Polygon><outerBoundaryIs><LinearRing><coordinates>103.73606420976,15.1102645396143 103.736171239937,15.1114825603353 103.736795999425,15.1114530003013 103.736799000213,15.1108060001667 103.736722180267,15.1108097802224 103.736750119423,15.1100444201551 103.73606420976,15.1102645396143</coordinates></LinearRing></outerBoundaryIs></Polygon></MultiGeometry>
    </Placemark>
    <Placemark>
      <name>320906121544</name>
      <styleUrl>#style_83_001</styleUrl>
      <description><![CDATA[<h3 style="margin-bottom:6px; font-family:sans-serif;">320906121544</h3>
<table style="width:100%; border-collapse:collapse; font-family:sans-serif; font-size:12px;">
<tr style="background-color:#99bfe6; color:#000; font-weight:bold;"><td colspan="2" style="padding:4px; text-align:center;">320906121544</td></tr>
<tr style="background-color:#f0f5fa;"><td style="padding:3px; width:45%;"><b>FID</b></td><td style="padding:3px;">5735</td></tr>
<tr style="background-color:#dbe8f5;"><td style="padding:3px;"><b>รหัสแปลง</b></td><td style="padding:3px;">320906121544</td></tr>
<tr style="background-color:#f0f5fa;"><td style="padding:3px;"><b>รหัสกลุ่มคิว</b></td><td style="padding:3px;">83_001</td></tr>
<tr style="background-color:#dbe8f5;"><td style="padding:3px;"><b>นักเกษตร</b></td><td style="padding:3px;">8301</td></tr>
<tr style="background-color:#f0f5fa;"><td style="padding:3px;"><b>ศูนย์</b></td><td style="padding:3px;">K2-83</td></tr>
<tr style="background-color:#dbe8f5;"><td style="padding:3px;"><b>สถานที่ส่งอ้อย</b></td><td style="padding:3px;">รถตัด</td></tr>
<tr style="background-color:#f0f5fa;"><td style="padding:3px;"><b>ประเภทคิว</b></td><td style="padding:3px;">รถตัด</td></tr>
<tr style="background-color:#dbe8f5;"><td style="padding:3px;"><b>ประเภทรถ</b></td><td style="padding:3px;">10 ล้อเดี่ยว</td></tr>
<tr style="background-color:#f0f5fa;"><td style="padding:3px;"><b>ประเภทชาวไร่</b></td><td style="padding:3px;">รถตัด</td></tr>
<tr style="background-color:#dbe8f5;"><td style="padding:3px;"><b>สถานีขนถ่าย</b></td><td style="padding:3px;"></td></tr>
<tr style="background-color:#f0f5fa;"><td style="padding:3px;"><b>สถานะยืนยัน</b></td><td style="padding:3px;">N</td></tr>
<tr style="background-color:#dbe8f5;"><td style="padding:3px;"><b>โควตา</b></td><td style="padding:3px;">783732</td></tr>
<tr style="background-color:#f0f5fa;"><td style="padding:3px;"><b>ชาวไร่</b></td><td style="padding:3px;">นาง บัวลี บุตรดี</td></tr>
<tr style="background-color:#dbe8f5;"><td style="padding:3px;"><b>ประเภทอ้อย</b></td><td style="padding:3px;">ปลายฝน</td></tr>
<tr style="background-color:#f0f5fa;"><td style="padding:3px;"><b>พื้นที่</b></td><td style="padding:3px;">18.42</td></tr>
<tr style="background-color:#dbe8f5;"><td style="padding:3px;"><b>ปีผลิต</b></td><td style="padding:3px;">256970</td></tr>
<tr style="background-color:#f0f5fa;"><td style="padding:3px;"><b>ตันรวม</b></td><td style="padding:3px;">239.46</td></tr>
<tr style="background-color:#dbe8f5;"><td style="padding:3px;"><b>สถานที่ส่งอ้อย_1</b></td><td style="padding:3px;">รถตัด</td></tr>
</table>]]></description>
      <MultiGeometry><Polygon><outerBoundaryIs><LinearRing><coordinates>103.742599999568,15.1137233331266 103.741863333622,15.113968333452 103.741998332789,15.1146866662753 103.741551666641,15.1149333335912 103.741571666455,15.1151466668672 103.741276666424,15.1152800003162 103.741166666783,15.115133333296 103.740743333459,15.1152400003886 103.741014999991,15.1159616667656 103.74291333362,15.1156400000784 103.742599999568,15.1137233331266</coordinates></LinearRing></outerBoundaryIs></Polygon></MultiGeometry>
    </Placemark>
    <Placemark>
      <name>320407060001</name>
      <styleUrl>#style_83_001</styleUrl>
      <description><![CDATA[<h3 style="margin-bottom:6px; font-family:sans-serif;">320407060001</h3>
<table style="width:100%; border-collapse:collapse; font-family:sans-serif; font-size:12px;">
<tr style="background-color:#99bfe6; color:#000; font-weight:bold;"><td colspan="2" style="padding:4px; text-align:center;">320407060001</td></tr>
<tr style="background-color:#f0f5fa;"><td style="padding:3px; width:45%;"><b>FID</b></td><td style="padding:3px;">6513</td></tr>
<tr style="background-color:#dbe8f5;"><td style="padding:3px;"><b>รหัสแปลง</b></td><td style="padding:3px;">320407060001</td></tr>
<tr style="background-color:#f0f5fa;"><td style="padding:3px;"><b>รหัสกลุ่มคิว</b></td><td style="padding:3px;">83_001</td></tr>
<tr style="background-color:#dbe8f5;"><td style="padding:3px;"><b>นักเกษตร</b></td><td style="padding:3px;">8301</td></tr>
<tr style="background-color:#f0f5fa;"><td style="padding:3px;"><b>ศูนย์</b></td><td style="padding:3px;">K2-83</td></tr>
<tr style="background-color:#dbe8f5;"><td style="padding:3px;"><b>สถานที่ส่งอ้อย</b></td><td style="padding:3px;">รถตัด</td></tr>
<tr style="background-color:#f0f5fa;"><td style="padding:3px;"><b>ประเภทคิว</b></td><td style="padding:3px;">รถตัด</td></tr>
<tr style="background-color:#dbe8f5;"><td style="padding:3px;"><b>ประเภทรถ</b></td><td style="padding:3px;">10 ล้อเดี่ยว</td></tr>
<tr style="background-color:#f0f5fa;"><td style="padding:3px;"><b>ประเภทชาวไร่</b></td><td style="padding:3px;">รถตัด</td></tr>
<tr style="background-color:#dbe8f5;"><td style="padding:3px;"><b>สถานีขนถ่าย</b></td><td style="padding:3px;"></td></tr>
<tr style="background-color:#f0f5fa;"><td style="padding:3px;"><b>สถานะยืนยัน</b></td><td style="padding:3px;">N</td></tr>
<tr style="background-color:#dbe8f5;"><td style="padding:3px;"><b>โควตา</b></td><td style="padding:3px;">782239</td></tr>
<tr style="background-color:#f0f5fa;"><td style="padding:3px;"><b>ชาวไร่</b></td><td style="padding:3px;">นาง กาญจนา พุทธหล้า</td></tr>
<tr style="background-color:#dbe8f5;"><td style="padding:3px;"><b>ประเภทอ้อย</b></td><td style="padding:3px;">ปลายฝน</td></tr>
<tr style="background-color:#f0f5fa;"><td style="padding:3px;"><b>พื้นที่</b></td><td style="padding:3px;">11.7</td></tr>
<tr style="background-color:#dbe8f5;"><td style="padding:3px;"><b>ปีผลิต</b></td><td style="padding:3px;">256970</td></tr>
<tr style="background-color:#f0f5fa;"><td style="padding:3px;"><b>ตันรวม</b></td><td style="padding:3px;">152.1</td></tr>
<tr style="background-color:#dbe8f5;"><td style="padding:3px;"><b>สถานที่ส่งอ้อย_1</b></td><td style="padding:3px;">รถตัด</td></tr>
</table>]]></description>
      <MultiGeometry><Polygon><outerBoundaryIs><LinearRing><coordinates>103.607338199872,15.1347237495911 103.607597099594,15.1355360403987 103.607824059671,15.135552819613 103.608440179631,15.1355522698556 103.608869329696,15.1355522696112 103.609073409525,15.1355420895761 103.608887809989,15.1346432004053 103.609789500274,15.1345038695626 103.609756969542,15.1343779796456 103.608966060256,15.1344782503256 103.608947950181,15.1344760096532 103.60873406012,15.1344711596413 103.608733779862,15.1345188801106 103.60862256005,15.1345368999027 103.608587950052,15.1344781804246 103.608116300091,15.1346340898222 103.607338199872,15.1347237495911</coordinates></LinearRing></outerBoundaryIs></Polygon></MultiGeometry>
    </Placemark>
    <Placemark>
      <name>320405031511</name>
      <styleUrl>#style_83_001</styleUrl>
      <description><![CDATA[<h3 style="margin-bottom:6px; font-family:sans-serif;">320405031511</h3>
<table style="width:100%; border-collapse:collapse; font-family:sans-serif; font-size:12px;">
<tr style="background-color:#99bfe6; color:#000; font-weight:bold;"><td colspan="2" style="padding:4px; text-align:center;">320405031511</td></tr>
<tr style="background-color:#f0f5fa;"><td style="padding:3px; width:45%;"><b>FID</b></td><td style="padding:3px;">6548</td></tr>
<tr style="background-color:#dbe8f5;"><td style="padding:3px;"><b>รหัสแปลง</b></td><td style="padding:3px;">320405031511</td></tr>
<tr style="background-color:#f0f5fa;"><td style="padding:3px;"><b>รหัสกลุ่มคิว</b></td><td style="padding:3px;">83_001</td></tr>
<tr style="background-color:#dbe8f5;"><td style="padding:3px;"><b>นักเกษตร</b></td><td style="padding:3px;">8301</td></tr>
<tr style="background-color:#f0f5fa;"><td style="padding:3px;"><b>ศูนย์</b></td><td style="padding:3px;">K2-83</td></tr>
<tr style="background-color:#dbe8f5;"><td style="padding:3px;"><b>สถานที่ส่งอ้อย</b></td><td style="padding:3px;">รถตัด</td></tr>
<tr style="background-color:#f0f5fa;"><td style="padding:3px;"><b>ประเภทคิว</b></td><td style="padding:3px;">รถตัด</td></tr>
<tr style="background-color:#dbe8f5;"><td style="padding:3px;"><b>ประเภทรถ</b></td><td style="padding:3px;">10 ล้อเดี่ยว</td></tr>
<tr style="background-color:#f0f5fa;"><td style="padding:3px;"><b>ประเภทชาวไร่</b></td><td style="padding:3px;">รถตัด</td></tr>
<tr style="background-color:#dbe8f5;"><td style="padding:3px;"><b>สถานีขนถ่าย</b></td><td style="padding:3px;"></td></tr>
<tr style="background-color:#f0f5fa;"><td style="padding:3px;"><b>สถานะยืนยัน</b></td><td style="padding:3px;">N</td></tr>
<tr style="background-color:#dbe8f5;"><td style="padding:3px;"><b>โควตา</b></td><td style="padding:3px;">782305</td></tr>
<tr style="background-color:#f0f5fa;"><td style="padding:3px;"><b>ชาวไร่</b></td><td style="padding:3px;">นาย เหมียน หวังผล</td></tr>
<tr style="background-color:#dbe8f5;"><td style="padding:3px;"><b>ประเภทอ้อย</b></td><td style="padding:3px;">ปลายฝน</td></tr>
<tr style="background-color:#f0f5fa;"><td style="padding:3px;"><b>พื้นที่</b></td><td style="padding:3px;">12.51</td></tr>
<tr style="background-color:#dbe8f5;"><td style="padding:3px;"><b>ปีผลิต</b></td><td style="padding:3px;">256970</td></tr>
<tr style="background-color:#f0f5fa;"><td style="padding:3px;"><b>ตันรวม</b></td><td style="padding:3px;">162.63</td></tr>
<tr style="background-color:#dbe8f5;"><td style="padding:3px;"><b>สถานที่ส่งอ้อย_1</b></td><td style="padding:3px;">รถตัด</td></tr>
</table>]]></description>
      <MultiGeometry><Polygon><outerBoundaryIs><LinearRing><coordinates>103.668968739715,15.1384928203809 103.668577189729,15.1384500802113 103.6680924495,15.1384827901345 103.66707757032,15.1385115498328 103.66710500025,15.1390349803695 103.667735469618,15.139058689974 103.667713509983,15.139315129994 103.668348290099,15.1393574500526 103.668333949917,15.1394817103375 103.66868973974,15.1395243601509 103.668679689886,15.1398751002842 103.669025439759,15.1399259699515 103.668968739715,15.1384928203809</coordinates></LinearRing></outerBoundaryIs></Polygon></MultiGeometry>
    </Placemark>
    <Placemark>
      <name>320406061651</name>
      <styleUrl>#style_83_001</styleUrl>
      <description><![CDATA[<h3 style="margin-bottom:6px; font-family:sans-serif;">320406061651</h3>
<table style="width:100%; border-collapse:collapse; font-family:sans-serif; font-size:12px;">
<tr style="background-color:#99bfe6; color:#000; font-weight:bold;"><td colspan="2" style="padding:4px; text-align:center;">320406061651</td></tr>
<tr style="background-color:#f0f5fa;"><td style="padding:3px; width:45%;"><b>FID</b></td><td style="padding:3px;">6626</td></tr>
<tr style="background-color:#dbe8f5;"><td style="padding:3px;"><b>รหัสแปลง</b></td><td style="padding:3px;">320406061651</td></tr>
<tr style="background-color:#f0f5fa;"><td style="padding:3px;"><b>รหัสกลุ่มคิว</b></td><td style="padding:3px;">83_001</td></tr>
<tr style="background-color:#dbe8f5;"><td style="padding:3px;"><b>นักเกษตร</b></td><td style="padding:3px;">8301</td></tr>
<tr style="background-color:#f0f5fa;"><td style="padding:3px;"><b>ศูนย์</b></td><td style="padding:3px;">K2-83</td></tr>
<tr style="background-color:#dbe8f5;"><td style="padding:3px;"><b>สถานที่ส่งอ้อย</b></td><td style="padding:3px;">รถตัด</td></tr>
<tr style="background-color:#f0f5fa;"><td style="padding:3px;"><b>ประเภทคิว</b></td><td style="padding:3px;">รถตัด</td></tr>
<tr style="background-color:#dbe8f5;"><td style="padding:3px;"><b>ประเภทรถ</b></td><td style="padding:3px;">10 ล้อเดี่ยว</td></tr>
<tr style="background-color:#f0f5fa;"><td style="padding:3px;"><b>ประเภทชาวไร่</b></td><td style="padding:3px;">รถตัด</td></tr>
<tr style="background-color:#dbe8f5;"><td style="padding:3px;"><b>สถานีขนถ่าย</b></td><td style="padding:3px;"></td></tr>
<tr style="background-color:#f0f5fa;"><td style="padding:3px;"><b>สถานะยืนยัน</b></td><td style="padding:3px;">N</td></tr>
<tr style="background-color:#dbe8f5;"><td style="padding:3px;"><b>โควตา</b></td><td style="padding:3px;">783353</td></tr>
<tr style="background-color:#f0f5fa;"><td style="padding:3px;"><b>ชาวไร่</b></td><td style="padding:3px;">นาง ลำดวน แสงสี</td></tr>
<tr style="background-color:#dbe8f5;"><td style="padding:3px;"><b>ประเภทอ้อย</b></td><td style="padding:3px;">ปลายฝน</td></tr>
<tr style="background-color:#f0f5fa;"><td style="padding:3px;"><b>พื้นที่</b></td><td style="padding:3px;">11.39</td></tr>
<tr style="background-color:#dbe8f5;"><td style="padding:3px;"><b>ปีผลิต</b></td><td style="padding:3px;">256970</td></tr>
<tr style="background-color:#f0f5fa;"><td style="padding:3px;"><b>ตันรวม</b></td><td style="padding:3px;">148.07</td></tr>
<tr style="background-color:#dbe8f5;"><td style="padding:3px;"><b>สถานที่ส่งอ้อย_1</b></td><td style="padding:3px;">รถตัด</td></tr>
</table>]]></description>
      <MultiGeometry><Polygon><outerBoundaryIs><LinearRing><coordinates>103.691497910168,15.1569450095207 103.691126889834,15.1583977302388 103.692095239874,15.1583990597885 103.692173850141,15.1583982197665 103.692225737245,15.1583842767196 103.69220930459,15.158335017289 103.692239384658,15.1582959890853 103.692322028004,15.1582241421148 103.692160759044,15.1581607189511 103.692202017847,15.1580830565849 103.692355676627,15.158113245857 103.692306336079,15.1583697251945 103.69236297943,15.1583805403019 103.692463569783,15.1579551203648 103.69255622997,15.157477370087 103.692566430249,15.1573849696873 103.692630289554,15.1572653303627 103.691943149953,15.1570919403422 103.691836300017,15.1570570500221 103.691609659669,15.1569907797226 103.691497910168,15.1569450095207</coordinates></LinearRing></outerBoundaryIs></Polygon></MultiGeometry>
    </Placemark>
    <Placemark>
      <name>320407010004</name>
      <styleUrl>#style_83_001</styleUrl>
      <description><![CDATA[<h3 style="margin-bottom:6px; font-family:sans-serif;">320407010004</h3>
<table style="width:100%; border-collapse:collapse; font-family:sans-serif; font-size:12px;">
<tr style="background-color:#99bfe6; color:#000; font-weight:bold;"><td colspan="2" style="padding:4px; text-align:center;">320407010004</td></tr>
<tr style="background-color:#f0f5fa;"><td style="padding:3px; width:45%;"><b>FID</b></td><td style="padding:3px;">6869</td></tr>
<tr style="background-color:#dbe8f5;"><td style="padding:3px;"><b>รหัสแปลง</b></td><td style="padding:3px;">320407010004</td></tr>
<tr style="background-color:#f0f5fa;"><td style="padding:3px;"><b>รหัสกลุ่มคิว</b></td><td style="padding:3px;">83_001</td></tr>
<tr style="background-color:#dbe8f5;"><td style="padding:3px;"><b>นักเกษตร</b></td><td style="padding:3px;">8301</td></tr>
<tr style="background-color:#f0f5fa;"><td style="padding:3px;"><b>ศูนย์</b></td><td style="padding:3px;">K2-83</td></tr>
<tr style="background-color:#dbe8f5;"><td style="padding:3px;"><b>สถานที่ส่งอ้อย</b></td><td style="padding:3px;">รถตัด</td></tr>
<tr style="background-color:#f0f5fa;"><td style="padding:3px;"><b>ประเภทคิว</b></td><td style="padding:3px;">รถตัด</td></tr>
<tr style="background-color:#dbe8f5;"><td style="padding:3px;"><b>ประเภทรถ</b></td><td style="padding:3px;">10 ล้อเดี่ยว</td></tr>
<tr style="background-color:#f0f5fa;"><td style="padding:3px;"><b>ประเภทชาวไร่</b></td><td style="padding:3px;">รถตัด</td></tr>
<tr style="background-color:#dbe8f5;"><td style="padding:3px;"><b>สถานีขนถ่าย</b></td><td style="padding:3px;"></td></tr>
<tr style="background-color:#f0f5fa;"><td style="padding:3px;"><b>สถานะยืนยัน</b></td><td style="padding:3px;">N</td></tr>
<tr style="background-color:#dbe8f5;"><td style="padding:3px;"><b>โควตา</b></td><td style="padding:3px;">782244</td></tr>
<tr style="background-color:#f0f5fa;"><td style="padding:3px;"><b>ชาวไร่</b></td><td style="padding:3px;">นาย สมยศ บุญเลิศ</td></tr>
<tr style="background-color:#dbe8f5;"><td style="padding:3px;"><b>ประเภทอ้อย</b></td><td style="padding:3px;">ปลายฝน</td></tr>
<tr style="background-color:#f0f5fa;"><td style="padding:3px;"><b>พื้นที่</b></td><td style="padding:3px;">9.36</td></tr>
<tr style="background-color:#dbe8f5;"><td style="padding:3px;"><b>ปีผลิต</b></td><td style="padding:3px;">256970</td></tr>
<tr style="background-color:#f0f5fa;"><td style="padding:3px;"><b>ตันรวม</b></td><td style="padding:3px;">121.68</td></tr>
<tr style="background-color:#dbe8f5;"><td style="padding:3px;"><b>สถานที่ส่งอ้อย_1</b></td><td style="padding:3px;">รถตัด</td></tr>
</table>]]></description>
      <MultiGeometry><Polygon><outerBoundaryIs><LinearRing><coordinates>103.604824399764,15.1676685698644 103.60607005014,15.167797549614 103.606145279745,15.167823270233 103.606224079677,15.1678530595467 103.606312110068,15.1678975402914 103.60644307971,15.1679452899276 103.606469329778,15.1679612403998 103.606506369715,15.1679801596998 103.606576559898,15.1680102495695 103.60664852948,15.1680447801839 103.606937829785,15.1681458997625 103.607170520218,15.168202749827 103.607353249604,15.1682375903751 103.607468569973,15.1678545202408 103.605731139918,15.1672468397617 103.605407809951,15.1671426695968 103.605316310092,15.1671183798036 103.60524329004,15.1671085696398 103.605194270281,15.1671064797269 103.605136950065,15.1671106904054 103.605081690222,15.1671207001953 103.605014759639,15.1671403198129 103.604931970048,15.167158990089 103.604824399764,15.1676685698644</coordinates></LinearRing></outerBoundaryIs></Polygon></MultiGeometry>
    </Placemark>
    <Placemark>
      <name>320407010005</name>
      <styleUrl>#style_83_001</styleUrl>
      <description><![CDATA[<h3 style="margin-bottom:6px; font-family:sans-serif;">320407010005</h3>
<table style="width:100%; border-collapse:collapse; font-family:sans-serif; font-size:12px;">
<tr style="background-color:#99bfe6; color:#000; font-weight:bold;"><td colspan="2" style="padding:4px; text-align:center;">320407010005</td></tr>
<tr style="background-color:#f0f5fa;"><td style="padding:3px; width:45%;"><b>FID</b></td><td style="padding:3px;">7555</td></tr>
<tr style="background-color:#dbe8f5;"><td style="padding:3px;"><b>รหัสแปลง</b></td><td style="padding:3px;">320407010005</td></tr>
<tr style="background-color:#f0f5fa;"><td style="padding:3px;"><b>รหัสกลุ่มคิว</b></td><td style="padding:3px;">83_001</td></tr>
<tr style="background-color:#dbe8f5;"><td style="padding:3px;"><b>นักเกษตร</b></td><td style="padding:3px;">8301</td></tr>
<tr style="background-color:#f0f5fa;"><td style="padding:3px;"><b>ศูนย์</b></td><td style="padding:3px;">K2-83</td></tr>
<tr style="background-color:#dbe8f5;"><td style="padding:3px;"><b>สถานที่ส่งอ้อย</b></td><td style="padding:3px;">รถตัด</td></tr>
<tr style="background-color:#f0f5fa;"><td style="padding:3px;"><b>ประเภทคิว</b></td><td style="padding:3px;">รถตัด</td></tr>
<tr style="background-color:#dbe8f5;"><td style="padding:3px;"><b>ประเภทรถ</b></td><td style="padding:3px;">10 ล้อเดี่ยว</td></tr>
<tr style="background-color:#f0f5fa;"><td style="padding:3px;"><b>ประเภทชาวไร่</b></td><td style="padding:3px;">รถตัด</td></tr>
<tr style="background-color:#dbe8f5;"><td style="padding:3px;"><b>สถานีขนถ่าย</b></td><td style="padding:3px;"></td></tr>
<tr style="background-color:#f0f5fa;"><td style="padding:3px;"><b>สถานะยืนยัน</b></td><td style="padding:3px;">N</td></tr>
<tr style="background-color:#dbe8f5;"><td style="padding:3px;"><b>โควตา</b></td><td style="padding:3px;">782634</td></tr>
<tr style="background-color:#f0f5fa;"><td style="padding:3px;"><b>ชาวไร่</b></td><td style="padding:3px;">นาง วันนา อินทะสมบัติ</td></tr>
<tr style="background-color:#dbe8f5;"><td style="padding:3px;"><b>ประเภทอ้อย</b></td><td style="padding:3px;">ปลายฝน</td></tr>
<tr style="background-color:#f0f5fa;"><td style="padding:3px;"><b>พื้นที่</b></td><td style="padding:3px;">6.17</td></tr>
<tr style="background-color:#dbe8f5;"><td style="padding:3px;"><b>ปีผลิต</b></td><td style="padding:3px;">256970</td></tr>
<tr style="background-color:#f0f5fa;"><td style="padding:3px;"><b>ตันรวม</b></td><td style="padding:3px;">80.21</td></tr>
<tr style="background-color:#dbe8f5;"><td style="padding:3px;"><b>สถานที่ส่งอ้อย_1</b></td><td style="padding:3px;">รถตัด</td></tr>
</table>]]></description>
      <MultiGeometry><Polygon><outerBoundaryIs><LinearRing><coordinates>103.604755539887,15.163078559965 103.60557493025,15.1629497499095 103.605447719557,15.1620014896101 103.60463115999,15.162095590135 103.604596219643,15.162171360215 103.604755539887,15.163078559965</coordinates></LinearRing></outerBoundaryIs></Polygon></MultiGeometry>
    </Placemark>
    <Placemark>
      <name>320407060002</name>
      <styleUrl>#style_83_001</styleUrl>
      <description><![CDATA[<h3 style="margin-bottom:6px; font-family:sans-serif;">320407060002</h3>
<table style="width:100%; border-collapse:collapse; font-family:sans-serif; font-size:12px;">
<tr style="background-color:#99bfe6; color:#000; font-weight:bold;"><td colspan="2" style="padding:4px; text-align:center;">320407060002</td></tr>
<tr style="background-color:#f0f5fa;"><td style="padding:3px; width:45%;"><b>FID</b></td><td style="padding:3px;">7572</td></tr>
<tr style="background-color:#dbe8f5;"><td style="padding:3px;"><b>รหัสแปลง</b></td><td style="padding:3px;">320407060002</td></tr>
<tr style="background-color:#f0f5fa;"><td style="padding:3px;"><b>รหัสกลุ่มคิว</b></td><td style="padding:3px;">83_001</td></tr>
<tr style="background-color:#dbe8f5;"><td style="padding:3px;"><b>นักเกษตร</b></td><td style="padding:3px;">8301</td></tr>
<tr style="background-color:#f0f5fa;"><td style="padding:3px;"><b>ศูนย์</b></td><td style="padding:3px;">K2-83</td></tr>
<tr style="background-color:#dbe8f5;"><td style="padding:3px;"><b>สถานที่ส่งอ้อย</b></td><td style="padding:3px;">รถตัด</td></tr>
<tr style="background-color:#f0f5fa;"><td style="padding:3px;"><b>ประเภทคิว</b></td><td style="padding:3px;">รถตัด</td></tr>
<tr style="background-color:#dbe8f5;"><td style="padding:3px;"><b>ประเภทรถ</b></td><td style="padding:3px;">10 ล้อเดี่ยว</td></tr>
<tr style="background-color:#f0f5fa;"><td style="padding:3px;"><b>ประเภทชาวไร่</b></td><td style="padding:3px;">รถตัด</td></tr>
<tr style="background-color:#dbe8f5;"><td style="padding:3px;"><b>สถานีขนถ่าย</b></td><td style="padding:3px;"></td></tr>
<tr style="background-color:#f0f5fa;"><td style="padding:3px;"><b>สถานะยืนยัน</b></td><td style="padding:3px;">N</td></tr>
<tr style="background-color:#dbe8f5;"><td style="padding:3px;"><b>โควตา</b></td><td style="padding:3px;">782239</td></tr>
<tr style="background-color:#f0f5fa;"><td style="padding:3px;"><b>ชาวไร่</b></td><td style="padding:3px;">นาง กาญจนา พุทธหล้า</td></tr>
<tr style="background-color:#dbe8f5;"><td style="padding:3px;"><b>ประเภทอ้อย</b></td><td style="padding:3px;">ปลายฝน</td></tr>
<tr style="background-color:#f0f5fa;"><td style="padding:3px;"><b>พื้นที่</b></td><td style="padding:3px;">6.81</td></tr>
<tr style="background-color:#dbe8f5;"><td style="padding:3px;"><b>ปีผลิต</b></td><td style="padding:3px;">256970</td></tr>
<tr style="background-color:#f0f5fa;"><td style="padding:3px;"><b>ตันรวม</b></td><td style="padding:3px;">88.53</td></tr>
<tr style="background-color:#dbe8f5;"><td style="padding:3px;"><b>สถานที่ส่งอ้อย_1</b></td><td style="padding:3px;">รถตัด</td></tr>
</table>]]></description>
      <MultiGeometry><Polygon><outerBoundaryIs><LinearRing><coordinates>103.609859470011,15.1345026902356 103.608906359878,15.1346635103829 103.609093229421,15.1355778697376 103.610070129965,15.1354106496177 103.609859470011,15.1345026902356</coordinates></LinearRing></outerBoundaryIs></Polygon></MultiGeometry>
    </Placemark>
    <Placemark>
      <name>320401110001</name>
      <styleUrl>#style_83_001</styleUrl>
      <description><![CDATA[<h3 style="margin-bottom:6px; font-family:sans-serif;">320401110001</h3>
<table style="width:100%; border-collapse:collapse; font-family:sans-serif; font-size:12px;">
<tr style="background-color:#99bfe6; color:#000; font-weight:bold;"><td colspan="2" style="padding:4px; text-align:center;">320401110001</td></tr>
<tr style="background-color:#f0f5fa;"><td style="padding:3px; width:45%;"><b>FID</b></td><td style="padding:3px;">7599</td></tr>
<tr style="background-color:#dbe8f5;"><td style="padding:3px;"><b>รหัสแปลง</b></td><td style="padding:3px;">320401110001</td></tr>
<tr style="background-color:#f0f5fa;"><td style="padding:3px;"><b>รหัสกลุ่มคิว</b></td><td style="padding:3px;">83_001</td></tr>
<tr style="background-color:#dbe8f5;"><td style="padding:3px;"><b>นักเกษตร</b></td><td style="padding:3px;">8301</td></tr>
<tr style="background-color:#f0f5fa;"><td style="padding:3px;"><b>ศูนย์</b></td><td style="padding:3px;">K2-83</td></tr>
<tr style="background-color:#dbe8f5;"><td style="padding:3px;"><b>สถานที่ส่งอ้อย</b></td><td style="padding:3px;">รถตัด</td></tr>
<tr style="background-color:#f0f5fa;"><td style="padding:3px;"><b>ประเภทคิว</b></td><td style="padding:3px;">รถตัด</td></tr>
<tr style="background-color:#dbe8f5;"><td style="padding:3px;"><b>ประเภทรถ</b></td><td style="padding:3px;">10 ล้อเดี่ยว</td></tr>
<tr style="background-color:#f0f5fa;"><td style="padding:3px;"><b>ประเภทชาวไร่</b></td><td style="padding:3px;">รถตัด</td></tr>
<tr style="background-color:#dbe8f5;"><td style="padding:3px;"><b>สถานีขนถ่าย</b></td><td style="padding:3px;"></td></tr>
<tr style="background-color:#f0f5fa;"><td style="padding:3px;"><b>สถานะยืนยัน</b></td><td style="padding:3px;">N</td></tr>
<tr style="background-color:#dbe8f5;"><td style="padding:3px;"><b>โควตา</b></td><td style="padding:3px;">784922</td></tr>
<tr style="background-color:#f0f5fa;"><td style="padding:3px;"><b>ชาวไร่</b></td><td style="padding:3px;">นาง สุณีย์ ยอดรัก</td></tr>
<tr style="background-color:#dbe8f5;"><td style="padding:3px;"><b>ประเภทอ้อย</b></td><td style="padding:3px;">ตอ1</td></tr>
<tr style="background-color:#f0f5fa;"><td style="padding:3px;"><b>พื้นที่</b></td><td style="padding:3px;">14.77</td></tr>
<tr style="background-color:#dbe8f5;"><td style="padding:3px;"><b>ปีผลิต</b></td><td style="padding:3px;">256970</td></tr>
<tr style="background-color:#f0f5fa;"><td style="padding:3px;"><b>ตันรวม</b></td><td style="padding:3px;">132.93</td></tr>
<tr style="background-color:#dbe8f5;"><td style="padding:3px;"><b>สถานที่ส่งอ้อย_1</b></td><td style="padding:3px;">รถตัด</td></tr>
</table>]]></description>
      <MultiGeometry><Polygon><outerBoundaryIs><LinearRing><coordinates>103.563206419431,15.10026350956 103.563183712166,15.1009468512361 103.563665979872,15.1008774299398 103.563843752407,15.1010893563565 103.56439015958,15.1009368001746 103.564406229639,15.1009184700894 103.565416219856,15.1007292102245 103.565484640138,15.1007216197206 103.56558494,15.1006995395921 103.565668880001,15.1006780903307 103.565613529655,15.1004908896728 103.565577380321,15.100403579893 103.56554211944,15.100157310188 103.565520439846,15.1000497902583 103.565510630121,15.0999409403671 103.56547033947,15.0999448796703 103.565445549836,15.0999482595462 103.565421490009,15.0999500098696 103.565397620007,15.0999478397193 103.565372920235,15.0999404199766 103.56536141022,15.0999352798419 103.565339560089,15.0999255899297 103.565336769996,15.0999241397105 103.564658789571,15.099987990399 103.563206419431,15.10026350956</coordinates></LinearRing></outerBoundaryIs></Polygon></MultiGeometry>
    </Placemark>
    <Placemark>
      <name>320407041522</name>
      <styleUrl>#style_83_001</styleUrl>
      <description><![CDATA[<h3 style="margin-bottom:6px; font-family:sans-serif;">320407041522</h3>
<table style="width:100%; border-collapse:collapse; font-family:sans-serif; font-size:12px;">
<tr style="background-color:#99bfe6; color:#000; font-weight:bold;"><td colspan="2" style="padding:4px; text-align:center;">320407041522</td></tr>
<tr style="background-color:#f0f5fa;"><td style="padding:3px; width:45%;"><b>FID</b></td><td style="padding:3px;">7625</td></tr>
<tr style="background-color:#dbe8f5;"><td style="padding:3px;"><b>รหัสแปลง</b></td><td style="padding:3px;">320407041522</td></tr>
<tr style="background-color:#f0f5fa;"><td style="padding:3px;"><b>รหัสกลุ่มคิว</b></td><td style="padding:3px;">83_001</td></tr>
<tr style="background-color:#dbe8f5;"><td style="padding:3px;"><b>นักเกษตร</b></td><td style="padding:3px;">8301</td></tr>
<tr style="background-color:#f0f5fa;"><td style="padding:3px;"><b>ศูนย์</b></td><td style="padding:3px;">K2-83</td></tr>
<tr style="background-color:#dbe8f5;"><td style="padding:3px;"><b>สถานที่ส่งอ้อย</b></td><td style="padding:3px;">รถตัด</td></tr>
<tr style="background-color:#f0f5fa;"><td style="padding:3px;"><b>ประเภทคิว</b></td><td style="padding:3px;">รถตัด</td></tr>
<tr style="background-color:#dbe8f5;"><td style="padding:3px;"><b>ประเภทรถ</b></td><td style="padding:3px;">10 ล้อเดี่ยว</td></tr>
<tr style="background-color:#f0f5fa;"><td style="padding:3px;"><b>ประเภทชาวไร่</b></td><td style="padding:3px;">รถตัด</td></tr>
<tr style="background-color:#dbe8f5;"><td style="padding:3px;"><b>สถานีขนถ่าย</b></td><td style="padding:3px;"></td></tr>
<tr style="background-color:#f0f5fa;"><td style="padding:3px;"><b>สถานะยืนยัน</b></td><td style="padding:3px;">N</td></tr>
<tr style="background-color:#dbe8f5;"><td style="padding:3px;"><b>โควตา</b></td><td style="padding:3px;">784889</td></tr>
<tr style="background-color:#f0f5fa;"><td style="padding:3px;"><b>ชาวไร่</b></td><td style="padding:3px;">น.ส. เพชรัช คงมั่น</td></tr>
<tr style="background-color:#dbe8f5;"><td style="padding:3px;"><b>ประเภทอ้อย</b></td><td style="padding:3px;">ปลายฝน</td></tr>
<tr style="background-color:#f0f5fa;"><td style="padding:3px;"><b>พื้นที่</b></td><td style="padding:3px;">16.29</td></tr>
<tr style="background-color:#dbe8f5;"><td style="padding:3px;"><b>ปีผลิต</b></td><td style="padding:3px;">256970</td></tr>
<tr style="background-color:#f0f5fa;"><td style="padding:3px;"><b>ตันรวม</b></td><td style="padding:3px;">211.77</td></tr>
<tr style="background-color:#dbe8f5;"><td style="padding:3px;"><b>สถานที่ส่งอ้อย_1</b></td><td style="padding:3px;">รถตัด</td></tr>
</table>]]></description>
      <MultiGeometry><Polygon><outerBoundaryIs><LinearRing><coordinates>103.573958939546,15.180670990226 103.573886450272,15.1802804901566 103.572663769492,15.180392889742 103.572650179749,15.1813553499667 103.573662029886,15.1813393702639 103.575386879798,15.1810669401925 103.575322959792,15.1804312698189 103.573958939546,15.180670990226</coordinates></LinearRing></outerBoundaryIs></Polygon></MultiGeometry>
    </Placemark>
    <Placemark>
      <name>320306050002</name>
      <styleUrl>#style_83_001</styleUrl>
      <description><![CDATA[<h3 style="margin-bottom:6px; font-family:sans-serif;">320306050002</h3>
<table style="width:100%; border-collapse:collapse; font-family:sans-serif; font-size:12px;">
<tr style="background-color:#99bfe6; color:#000; font-weight:bold;"><td colspan="2" style="padding:4px; text-align:center;">320306050002</td></tr>
<tr style="background-color:#f0f5fa;"><td style="padding:3px; width:45%;"><b>FID</b></td><td style="padding:3px;">7688</td></tr>
<tr style="background-color:#dbe8f5;"><td style="padding:3px;"><b>รหัสแปลง</b></td><td style="padding:3px;">320306050002</td></tr>
<tr style="background-color:#f0f5fa;"><td style="padding:3px;"><b>รหัสกลุ่มคิว</b></td><td style="padding:3px;">83_001</td></tr>
<tr style="background-color:#dbe8f5;"><td style="padding:3px;"><b>นักเกษตร</b></td><td style="padding:3px;">8301</td></tr>
<tr style="background-color:#f0f5fa;"><td style="padding:3px;"><b>ศูนย์</b></td><td style="padding:3px;">K2-83</td></tr>
<tr style="background-color:#dbe8f5;"><td style="padding:3px;"><b>สถานที่ส่งอ้อย</b></td><td style="padding:3px;">รถตัด</td></tr>
<tr style="background-color:#f0f5fa;"><td style="padding:3px;"><b>ประเภทคิว</b></td><td style="padding:3px;">รถตัด</td></tr>
<tr style="background-color:#dbe8f5;"><td style="padding:3px;"><b>ประเภทรถ</b></td><td style="padding:3px;">10 ล้อเดี่ยว</td></tr>
<tr style="background-color:#f0f5fa;"><td style="padding:3px;"><b>ประเภทชาวไร่</b></td><td style="padding:3px;">รถตัด</td></tr>
<tr style="background-color:#dbe8f5;"><td style="padding:3px;"><b>สถานีขนถ่าย</b></td><td style="padding:3px;"></td></tr>
<tr style="background-color:#f0f5fa;"><td style="padding:3px;"><b>สถานะยืนยัน</b></td><td style="padding:3px;">N</td></tr>
<tr style="background-color:#dbe8f5;"><td style="padding:3px;"><b>โควตา</b></td><td style="padding:3px;">784889</td></tr>
<tr style="background-color:#f0f5fa;"><td style="padding:3px;"><b>ชาวไร่</b></td><td style="padding:3px;">น.ส. เพชรัช คงมั่น</td></tr>
<tr style="background-color:#dbe8f5;"><td style="padding:3px;"><b>ประเภทอ้อย</b></td><td style="padding:3px;">ตอ3</td></tr>
<tr style="background-color:#f0f5fa;"><td style="padding:3px;"><b>พื้นที่</b></td><td style="padding:3px;">5.98</td></tr>
<tr style="background-color:#dbe8f5;"><td style="padding:3px;"><b>ปีผลิต</b></td><td style="padding:3px;">256970</td></tr>
<tr style="background-color:#f0f5fa;"><td style="padding:3px;"><b>ตันรวม</b></td><td style="padding:3px;">41.86</td></tr>
<tr style="background-color:#dbe8f5;"><td style="padding:3px;"><b>สถานที่ส่งอ้อย_1</b></td><td style="padding:3px;">รถตัด</td></tr>
</table>]]></description>
      <MultiGeometry><Polygon><outerBoundaryIs><LinearRing><coordinates>103.573884330374,15.1803221316699 103.573756171163,15.1796573210147 103.572584381405,15.1798129736845 103.57260529813,15.1804379982202 103.573884330374,15.1803221316699</coordinates></LinearRing></outerBoundaryIs></Polygon></MultiGeometry>
    </Placemark>
    <Placemark>
      <name>320306050004</name>
      <styleUrl>#style_83_001</styleUrl>
      <description><![CDATA[<h3 style="margin-bottom:6px; font-family:sans-serif;">320306050004</h3>
<table style="width:100%; border-collapse:collapse; font-family:sans-serif; font-size:12px;">
<tr style="background-color:#99bfe6; color:#000; font-weight:bold;"><td colspan="2" style="padding:4px; text-align:center;">320306050004</td></tr>
<tr style="background-color:#f0f5fa;"><td style="padding:3px; width:45%;"><b>FID</b></td><td style="padding:3px;">7689</td></tr>
<tr style="background-color:#dbe8f5;"><td style="padding:3px;"><b>รหัสแปลง</b></td><td style="padding:3px;">320306050004</td></tr>
<tr style="background-color:#f0f5fa;"><td style="padding:3px;"><b>รหัสกลุ่มคิว</b></td><td style="padding:3px;">83_001</td></tr>
<tr style="background-color:#dbe8f5;"><td style="padding:3px;"><b>นักเกษตร</b></td><td style="padding:3px;">8301</td></tr>
<tr style="background-color:#f0f5fa;"><td style="padding:3px;"><b>ศูนย์</b></td><td style="padding:3px;">K2-83</td></tr>
<tr style="background-color:#dbe8f5;"><td style="padding:3px;"><b>สถานที่ส่งอ้อย</b></td><td style="padding:3px;">รถตัด</td></tr>
<tr style="background-color:#f0f5fa;"><td style="padding:3px;"><b>ประเภทคิว</b></td><td style="padding:3px;">รถตัด</td></tr>
<tr style="background-color:#dbe8f5;"><td style="padding:3px;"><b>ประเภทรถ</b></td><td style="padding:3px;">10 ล้อเดี่ยว</td></tr>
<tr style="background-color:#f0f5fa;"><td style="padding:3px;"><b>ประเภทชาวไร่</b></td><td style="padding:3px;">รถตัด</td></tr>
<tr style="background-color:#dbe8f5;"><td style="padding:3px;"><b>สถานีขนถ่าย</b></td><td style="padding:3px;"></td></tr>
<tr style="background-color:#f0f5fa;"><td style="padding:3px;"><b>สถานะยืนยัน</b></td><td style="padding:3px;">N</td></tr>
<tr style="background-color:#dbe8f5;"><td style="padding:3px;"><b>โควตา</b></td><td style="padding:3px;">784889</td></tr>
<tr style="background-color:#f0f5fa;"><td style="padding:3px;"><b>ชาวไร่</b></td><td style="padding:3px;">น.ส. เพชรัช คงมั่น</td></tr>
<tr style="background-color:#dbe8f5;"><td style="padding:3px;"><b>ประเภทอ้อย</b></td><td style="padding:3px;">ตอ1</td></tr>
<tr style="background-color:#f0f5fa;"><td style="padding:3px;"><b>พื้นที่</b></td><td style="padding:3px;">24.57</td></tr>
<tr style="background-color:#dbe8f5;"><td style="padding:3px;"><b>ปีผลิต</b></td><td style="padding:3px;">256970</td></tr>
<tr style="background-color:#f0f5fa;"><td style="padding:3px;"><b>ตันรวม</b></td><td style="padding:3px;">221.13</td></tr>
<tr style="background-color:#dbe8f5;"><td style="padding:3px;"><b>สถานที่ส่งอ้อย_1</b></td><td style="padding:3px;">รถตัด</td></tr>
</table>]]></description>
      <MultiGeometry><Polygon><outerBoundaryIs><LinearRing><coordinates>103.574560059544,15.1776493296225 103.573957060314,15.1758287100064 103.573192819917,15.1760293500613 103.57238494003,15.1763944596547 103.572445519994,15.1779265699118 103.574560059544,15.1776493296225</coordinates></LinearRing></outerBoundaryIs></Polygon></MultiGeometry>
    </Placemark>
    <Placemark>
      <name>320407070001</name>
      <styleUrl>#style_83_001</styleUrl>
      <description><![CDATA[<h3 style="margin-bottom:6px; font-family:sans-serif;">320407070001</h3>
<table style="width:100%; border-collapse:collapse; font-family:sans-serif; font-size:12px;">
<tr style="background-color:#99bfe6; color:#000; font-weight:bold;"><td colspan="2" style="padding:4px; text-align:center;">320407070001</td></tr>
<tr style="background-color:#f0f5fa;"><td style="padding:3px; width:45%;"><b>FID</b></td><td style="padding:3px;">7830</td></tr>
<tr style="background-color:#dbe8f5;"><td style="padding:3px;"><b>รหัสแปลง</b></td><td style="padding:3px;">320407070001</td></tr>
<tr style="background-color:#f0f5fa;"><td style="padding:3px;"><b>รหัสกลุ่มคิว</b></td><td style="padding:3px;">83_001</td></tr>
<tr style="background-color:#dbe8f5;"><td style="padding:3px;"><b>นักเกษตร</b></td><td style="padding:3px;">8301</td></tr>
<tr style="background-color:#f0f5fa;"><td style="padding:3px;"><b>ศูนย์</b></td><td style="padding:3px;">K2-83</td></tr>
<tr style="background-color:#dbe8f5;"><td style="padding:3px;"><b>สถานที่ส่งอ้อย</b></td><td style="padding:3px;">รถตัด</td></tr>
<tr style="background-color:#f0f5fa;"><td style="padding:3px;"><b>ประเภทคิว</b></td><td style="padding:3px;">รถตัด</td></tr>
<tr style="background-color:#dbe8f5;"><td style="padding:3px;"><b>ประเภทรถ</b></td><td style="padding:3px;">10 ล้อเดี่ยว</td></tr>
<tr style="background-color:#f0f5fa;"><td style="padding:3px;"><b>ประเภทชาวไร่</b></td><td style="padding:3px;">รถตัด</td></tr>
<tr style="background-color:#dbe8f5;"><td style="padding:3px;"><b>สถานีขนถ่าย</b></td><td style="padding:3px;"></td></tr>
<tr style="background-color:#f0f5fa;"><td style="padding:3px;"><b>สถานะยืนยัน</b></td><td style="padding:3px;">N</td></tr>
<tr style="background-color:#dbe8f5;"><td style="padding:3px;"><b>โควตา</b></td><td style="padding:3px;">784870</td></tr>
<tr style="background-color:#f0f5fa;"><td style="padding:3px;"><b>ชาวไร่</b></td><td style="padding:3px;">นาย พิธิวัฒน์ รอดเนียม</td></tr>
<tr style="background-color:#dbe8f5;"><td style="padding:3px;"><b>ประเภทอ้อย</b></td><td style="padding:3px;">ปลายฝน</td></tr>
<tr style="background-color:#f0f5fa;"><td style="padding:3px;"><b>พื้นที่</b></td><td style="padding:3px;">13.7</td></tr>
<tr style="background-color:#dbe8f5;"><td style="padding:3px;"><b>ปีผลิต</b></td><td style="padding:3px;">256970</td></tr>
<tr style="background-color:#f0f5fa;"><td style="padding:3px;"><b>ตันรวม</b></td><td style="padding:3px;">178.1</td></tr>
<tr style="background-color:#dbe8f5;"><td style="padding:3px;"><b>สถานที่ส่งอ้อย_1</b></td><td style="padding:3px;">รถตัด</td></tr>
</table>]]></description>
      <MultiGeometry><Polygon><outerBoundaryIs><LinearRing><coordinates>103.613550739854,15.1368523095407 103.614371640111,15.1365929902603 103.613802389586,15.1346402301451 103.612909039613,15.1348841995522 103.613550739854,15.1368523095407</coordinates></LinearRing></outerBoundaryIs></Polygon></MultiGeometry>
    </Placemark>
    <Placemark>
      <name>320409120001</name>
      <styleUrl>#style_83_001</styleUrl>
      <description><![CDATA[<h3 style="margin-bottom:6px; font-family:sans-serif;">320409120001</h3>
<table style="width:100%; border-collapse:collapse; font-family:sans-serif; font-size:12px;">
<tr style="background-color:#99bfe6; color:#000; font-weight:bold;"><td colspan="2" style="padding:4px; text-align:center;">320409120001</td></tr>
<tr style="background-color:#f0f5fa;"><td style="padding:3px; width:45%;"><b>FID</b></td><td style="padding:3px;">7831</td></tr>
<tr style="background-color:#dbe8f5;"><td style="padding:3px;"><b>รหัสแปลง</b></td><td style="padding:3px;">320409120001</td></tr>
<tr style="background-color:#f0f5fa;"><td style="padding:3px;"><b>รหัสกลุ่มคิว</b></td><td style="padding:3px;">83_001</td></tr>
<tr style="background-color:#dbe8f5;"><td style="padding:3px;"><b>นักเกษตร</b></td><td style="padding:3px;">8301</td></tr>
<tr style="background-color:#f0f5fa;"><td style="padding:3px;"><b>ศูนย์</b></td><td style="padding:3px;">K2-83</td></tr>
<tr style="background-color:#dbe8f5;"><td style="padding:3px;"><b>สถานที่ส่งอ้อย</b></td><td style="padding:3px;">รถตัด</td></tr>
<tr style="background-color:#f0f5fa;"><td style="padding:3px;"><b>ประเภทคิว</b></td><td style="padding:3px;">รถตัด</td></tr>
<tr style="background-color:#dbe8f5;"><td style="padding:3px;"><b>ประเภทรถ</b></td><td style="padding:3px;">10 ล้อเดี่ยว</td></tr>
<tr style="background-color:#f0f5fa;"><td style="padding:3px;"><b>ประเภทชาวไร่</b></td><td style="padding:3px;">รถตัด</td></tr>
<tr style="background-color:#dbe8f5;"><td style="padding:3px;"><b>สถานีขนถ่าย</b></td><td style="padding:3px;"></td></tr>
<tr style="background-color:#f0f5fa;"><td style="padding:3px;"><b>สถานะยืนยัน</b></td><td style="padding:3px;">N</td></tr>
<tr style="background-color:#dbe8f5;"><td style="padding:3px;"><b>โควตา</b></td><td style="padding:3px;">782406</td></tr>
<tr style="background-color:#f0f5fa;"><td style="padding:3px;"><b>ชาวไร่</b></td><td style="padding:3px;">นาง สุดารัตน์ สมพร</td></tr>
<tr style="background-color:#dbe8f5;"><td style="padding:3px;"><b>ประเภทอ้อย</b></td><td style="padding:3px;">ตอ2</td></tr>
<tr style="background-color:#f0f5fa;"><td style="padding:3px;"><b>พื้นที่</b></td><td style="padding:3px;">17.15</td></tr>
<tr style="background-color:#dbe8f5;"><td style="padding:3px;"><b>ปีผลิต</b></td><td style="padding:3px;">256970</td></tr>
<tr style="background-color:#f0f5fa;"><td style="padding:3px;"><b>ตันรวม</b></td><td style="padding:3px;">137.2</td></tr>
<tr style="background-color:#dbe8f5;"><td style="padding:3px;"><b>สถานที่ส่งอ้อย_1</b></td><td style="padding:3px;">รถตัด</td></tr>
</table>]]></description>
      <MultiGeometry><Polygon><outerBoundaryIs><LinearRing><coordinates>103.580384480302,15.1470566102847 103.580152230316,15.1457354503493 103.578751809746,15.1459017598875 103.578700739554,15.1459239296762 103.578717750064,15.1463321302633 103.578733460182,15.1465903403496 103.578763809431,15.1468155895719 103.578837539874,15.1470781696269 103.579003740202,15.1475641498844 103.580384480302,15.1470566102847</coordinates></LinearRing></outerBoundaryIs></Polygon></MultiGeometry>
    </Placemark>
    <Placemark>
      <name>320409090003</name>
      <styleUrl>#style_83_001</styleUrl>
      <description><![CDATA[<h3 style="margin-bottom:6px; font-family:sans-serif;">320409090003</h3>
<table style="width:100%; border-collapse:collapse; font-family:sans-serif; font-size:12px;">
<tr style="background-color:#99bfe6; color:#000; font-weight:bold;"><td colspan="2" style="padding:4px; text-align:center;">320409090003</td></tr>
<tr style="background-color:#f0f5fa;"><td style="padding:3px; width:45%;"><b>FID</b></td><td style="padding:3px;">7832</td></tr>
<tr style="background-color:#dbe8f5;"><td style="padding:3px;"><b>รหัสแปลง</b></td><td style="padding:3px;">320409090003</td></tr>
<tr style="background-color:#f0f5fa;"><td style="padding:3px;"><b>รหัสกลุ่มคิว</b></td><td style="padding:3px;">83_001</td></tr>
<tr style="background-color:#dbe8f5;"><td style="padding:3px;"><b>นักเกษตร</b></td><td style="padding:3px;">8301</td></tr>
<tr style="background-color:#f0f5fa;"><td style="padding:3px;"><b>ศูนย์</b></td><td style="padding:3px;">K2-83</td></tr>
<tr style="background-color:#dbe8f5;"><td style="padding:3px;"><b>สถานที่ส่งอ้อย</b></td><td style="padding:3px;">รถตัด</td></tr>
<tr style="background-color:#f0f5fa;"><td style="padding:3px;"><b>ประเภทคิว</b></td><td style="padding:3px;">รถตัด</td></tr>
<tr style="background-color:#dbe8f5;"><td style="padding:3px;"><b>ประเภทรถ</b></td><td style="padding:3px;">10 ล้อเดี่ยว</td></tr>
<tr style="background-color:#f0f5fa;"><td style="padding:3px;"><b>ประเภทชาวไร่</b></td><td style="padding:3px;">รถตัด</td></tr>
<tr style="background-color:#dbe8f5;"><td style="padding:3px;"><b>สถานีขนถ่าย</b></td><td style="padding:3px;"></td></tr>
<tr style="background-color:#f0f5fa;"><td style="padding:3px;"><b>สถานะยืนยัน</b></td><td style="padding:3px;">N</td></tr>
<tr style="background-color:#dbe8f5;"><td style="padding:3px;"><b>โควตา</b></td><td style="padding:3px;">782403</td></tr>
<tr style="background-color:#f0f5fa;"><td style="padding:3px;"><b>ชาวไร่</b></td><td style="padding:3px;">นาย พิทักษ์ แสนกล้า</td></tr>
<tr style="background-color:#dbe8f5;"><td style="padding:3px;"><b>ประเภทอ้อย</b></td><td style="padding:3px;">ตอ1</td></tr>
<tr style="background-color:#f0f5fa;"><td style="padding:3px;"><b>พื้นที่</b></td><td style="padding:3px;">6.84</td></tr>
<tr style="background-color:#dbe8f5;"><td style="padding:3px;"><b>ปีผลิต</b></td><td style="padding:3px;">256970</td></tr>
<tr style="background-color:#f0f5fa;"><td style="padding:3px;"><b>ตันรวม</b></td><td style="padding:3px;">61.56</td></tr>
<tr style="background-color:#dbe8f5;"><td style="padding:3px;"><b>สถานที่ส่งอ้อย_1</b></td><td style="padding:3px;">รถตัด</td></tr>
</table>]]></description>
      <MultiGeometry><Polygon><outerBoundaryIs><LinearRing><coordinates>103.584617693258,15.1524738871294 103.585258991816,15.1522242320504 103.584901839608,15.1510972431957 103.584151323533,15.151352765788 103.584541082679,15.1524182738829 103.584617693258,15.1524738871294</coordinates></LinearRing></outerBoundaryIs></Polygon></MultiGeometry>
    </Placemark>
    <Placemark>
      <name>320401020006</name>
      <styleUrl>#style_83_001</styleUrl>
      <description><![CDATA[<h3 style="margin-bottom:6px; font-family:sans-serif;">320401020006</h3>
<table style="width:100%; border-collapse:collapse; font-family:sans-serif; font-size:12px;">
<tr style="background-color:#99bfe6; color:#000; font-weight:bold;"><td colspan="2" style="padding:4px; text-align:center;">320401020006</td></tr>
<tr style="background-color:#f0f5fa;"><td style="padding:3px; width:45%;"><b>FID</b></td><td style="padding:3px;">7833</td></tr>
<tr style="background-color:#dbe8f5;"><td style="padding:3px;"><b>รหัสแปลง</b></td><td style="padding:3px;">320401020006</td></tr>
<tr style="background-color:#f0f5fa;"><td style="padding:3px;"><b>รหัสกลุ่มคิว</b></td><td style="padding:3px;">83_001</td></tr>
<tr style="background-color:#dbe8f5;"><td style="padding:3px;"><b>นักเกษตร</b></td><td style="padding:3px;">8301</td></tr>
<tr style="background-color:#f0f5fa;"><td style="padding:3px;"><b>ศูนย์</b></td><td style="padding:3px;">K2-83</td></tr>
<tr style="background-color:#dbe8f5;"><td style="padding:3px;"><b>สถานที่ส่งอ้อย</b></td><td style="padding:3px;">รถตัด</td></tr>
<tr style="background-color:#f0f5fa;"><td style="padding:3px;"><b>ประเภทคิว</b></td><td style="padding:3px;">รถตัด</td></tr>
<tr style="background-color:#dbe8f5;"><td style="padding:3px;"><b>ประเภทรถ</b></td><td style="padding:3px;">10 ล้อเดี่ยว</td></tr>
<tr style="background-color:#f0f5fa;"><td style="padding:3px;"><b>ประเภทชาวไร่</b></td><td style="padding:3px;">รถตัด</td></tr>
<tr style="background-color:#dbe8f5;"><td style="padding:3px;"><b>สถานีขนถ่าย</b></td><td style="padding:3px;"></td></tr>
<tr style="background-color:#f0f5fa;"><td style="padding:3px;"><b>สถานะยืนยัน</b></td><td style="padding:3px;">N</td></tr>
<tr style="background-color:#dbe8f5;"><td style="padding:3px;"><b>โควตา</b></td><td style="padding:3px;">784870</td></tr>
<tr style="background-color:#f0f5fa;"><td style="padding:3px;"><b>ชาวไร่</b></td><td style="padding:3px;">นาย พิธิวัฒน์ รอดเนียม</td></tr>
<tr style="background-color:#dbe8f5;"><td style="padding:3px;"><b>ประเภทอ้อย</b></td><td style="padding:3px;">ตอ1</td></tr>
<tr style="background-color:#f0f5fa;"><td style="padding:3px;"><b>พื้นที่</b></td><td style="padding:3px;">14.65</td></tr>
<tr style="background-color:#dbe8f5;"><td style="padding:3px;"><b>ปีผลิต</b></td><td style="padding:3px;">256970</td></tr>
<tr style="background-color:#f0f5fa;"><td style="padding:3px;"><b>ตันรวม</b></td><td style="padding:3px;">131.85</td></tr>
<tr style="background-color:#dbe8f5;"><td style="padding:3px;"><b>สถานที่ส่งอ้อย_1</b></td><td style="padding:3px;">รถตัด</td></tr>
</table>]]></description>
      <MultiGeometry><Polygon><outerBoundaryIs><LinearRing><coordinates>103.623148940135,15.1105384699015 103.622193270044,15.109016589604 103.621651109557,15.1090562502944 103.620916000188,15.1092247501469 103.622453589621,15.1108976196967 103.623148940135,15.1105384699015</coordinates></LinearRing></outerBoundaryIs></Polygon></MultiGeometry>
    </Placemark>
    <Placemark>
      <name>320409100003</name>
      <styleUrl>#style_83_001</styleUrl>
      <description><![CDATA[<h3 style="margin-bottom:6px; font-family:sans-serif;">320409100003</h3>
<table style="width:100%; border-collapse:collapse; font-family:sans-serif; font-size:12px;">
<tr style="background-color:#99bfe6; color:#000; font-weight:bold;"><td colspan="2" style="padding:4px; text-align:center;">320409100003</td></tr>
<tr style="background-color:#f0f5fa;"><td style="padding:3px; width:45%;"><b>FID</b></td><td style="padding:3px;">7834</td></tr>
<tr style="background-color:#dbe8f5;"><td style="padding:3px;"><b>รหัสแปลง</b></td><td style="padding:3px;">320409100003</td></tr>
<tr style="background-color:#f0f5fa;"><td style="padding:3px;"><b>รหัสกลุ่มคิว</b></td><td style="padding:3px;">83_001</td></tr>
<tr style="background-color:#dbe8f5;"><td style="padding:3px;"><b>นักเกษตร</b></td><td style="padding:3px;">8301</td></tr>
<tr style="background-color:#f0f5fa;"><td style="padding:3px;"><b>ศูนย์</b></td><td style="padding:3px;">K2-83</td></tr>
<tr style="background-color:#dbe8f5;"><td style="padding:3px;"><b>สถานที่ส่งอ้อย</b></td><td style="padding:3px;">รถตัด</td></tr>
<tr style="background-color:#f0f5fa;"><td style="padding:3px;"><b>ประเภทคิว</b></td><td style="padding:3px;">รถตัด</td></tr>
<tr style="background-color:#dbe8f5;"><td style="padding:3px;"><b>ประเภทรถ</b></td><td style="padding:3px;">10 ล้อเดี่ยว</td></tr>
<tr style="background-color:#f0f5fa;"><td style="padding:3px;"><b>ประเภทชาวไร่</b></td><td style="padding:3px;">รถตัด</td></tr>
<tr style="background-color:#dbe8f5;"><td style="padding:3px;"><b>สถานีขนถ่าย</b></td><td style="padding:3px;"></td></tr>
<tr style="background-color:#f0f5fa;"><td style="padding:3px;"><b>สถานะยืนยัน</b></td><td style="padding:3px;">N</td></tr>
<tr style="background-color:#dbe8f5;"><td style="padding:3px;"><b>โควตา</b></td><td style="padding:3px;">784257</td></tr>
<tr style="background-color:#f0f5fa;"><td style="padding:3px;"><b>ชาวไร่</b></td><td style="padding:3px;">นาย ชินกรณ์ เจือจันทร์</td></tr>
<tr style="background-color:#dbe8f5;"><td style="padding:3px;"><b>ประเภทอ้อย</b></td><td style="padding:3px;">ปลายฝน</td></tr>
<tr style="background-color:#f0f5fa;"><td style="padding:3px;"><b>พื้นที่</b></td><td style="padding:3px;">30.36</td></tr>
<tr style="background-color:#dbe8f5;"><td style="padding:3px;"><b>ปีผลิต</b></td><td style="padding:3px;">256970</td></tr>
<tr style="background-color:#f0f5fa;"><td style="padding:3px;"><b>ตันรวม</b></td><td style="padding:3px;">394.68</td></tr>
<tr style="background-color:#dbe8f5;"><td style="padding:3px;"><b>สถานที่ส่งอ้อย_1</b></td><td style="padding:3px;">รถตัด</td></tr>
</table>]]></description>
      <MultiGeometry><Polygon><outerBoundaryIs><LinearRing><coordinates>103.585835751047,15.1700953721577 103.586272867702,15.1736453590536 103.586647202673,15.173554122138 103.587158750777,15.1733686311574 103.587451027168,15.1732602532115 103.587256147959,15.1728871745258 103.587229829439,15.1728227596177 103.587210885921,15.1725730628789 103.58719353579,15.1725161916965 103.587189260813,15.1722790254485 103.587240893529,15.170251065774 103.586661032885,15.1701126806956 103.586603533537,15.1700957490784 103.586507225128,15.1699916455786 103.586430950007,15.1699498205234 103.585835751047,15.1700953721577</coordinates></LinearRing></outerBoundaryIs></Polygon></MultiGeometry>
    </Placemark>
    <Placemark>
      <name>320306050009</name>
      <styleUrl>#style_83_001</styleUrl>
      <description><![CDATA[<h3 style="margin-bottom:6px; font-family:sans-serif;">320306050009</h3>
<table style="width:100%; border-collapse:collapse; font-family:sans-serif; font-size:12px;">
<tr style="background-color:#99bfe6; color:#000; font-weight:bold;"><td colspan="2" style="padding:4px; text-align:center;">320306050009</td></tr>
<tr style="background-color:#f0f5fa;"><td style="padding:3px; width:45%;"><b>FID</b></td><td style="padding:3px;">7835</td></tr>
<tr style="background-color:#dbe8f5;"><td style="padding:3px;"><b>รหัสแปลง</b></td><td style="padding:3px;">320306050009</td></tr>
<tr style="background-color:#f0f5fa;"><td style="padding:3px;"><b>รหัสกลุ่มคิว</b></td><td style="padding:3px;">83_001</td></tr>
<tr style="background-color:#dbe8f5;"><td style="padding:3px;"><b>นักเกษตร</b></td><td style="padding:3px;">8301</td></tr>
<tr style="background-color:#f0f5fa;"><td style="padding:3px;"><b>ศูนย์</b></td><td style="padding:3px;">K2-83</td></tr>
<tr style="background-color:#dbe8f5;"><td style="padding:3px;"><b>สถานที่ส่งอ้อย</b></td><td style="padding:3px;">รถตัด</td></tr>
<tr style="background-color:#f0f5fa;"><td style="padding:3px;"><b>ประเภทคิว</b></td><td style="padding:3px;">รถตัด</td></tr>
<tr style="background-color:#dbe8f5;"><td style="padding:3px;"><b>ประเภทรถ</b></td><td style="padding:3px;">10 ล้อเดี่ยว</td></tr>
<tr style="background-color:#f0f5fa;"><td style="padding:3px;"><b>ประเภทชาวไร่</b></td><td style="padding:3px;">รถตัด</td></tr>
<tr style="background-color:#dbe8f5;"><td style="padding:3px;"><b>สถานีขนถ่าย</b></td><td style="padding:3px;"></td></tr>
<tr style="background-color:#f0f5fa;"><td style="padding:3px;"><b>สถานะยืนยัน</b></td><td style="padding:3px;">N</td></tr>
<tr style="background-color:#dbe8f5;"><td style="padding:3px;"><b>โควตา</b></td><td style="padding:3px;">781764</td></tr>
<tr style="background-color:#f0f5fa;"><td style="padding:3px;"><b>ชาวไร่</b></td><td style="padding:3px;">นาง หนูไกร ฉิมงาม</td></tr>
<tr style="background-color:#dbe8f5;"><td style="padding:3px;"><b>ประเภทอ้อย</b></td><td style="padding:3px;">ตอ3</td></tr>
<tr style="background-color:#f0f5fa;"><td style="padding:3px;"><b>พื้นที่</b></td><td style="padding:3px;">13.45</td></tr>
<tr style="background-color:#dbe8f5;"><td style="padding:3px;"><b>ปีผลิต</b></td><td style="padding:3px;">256970</td></tr>
<tr style="background-color:#f0f5fa;"><td style="padding:3px;"><b>ตันรวม</b></td><td style="padding:3px;">94.15</td></tr>
<tr style="background-color:#dbe8f5;"><td style="padding:3px;"><b>สถานที่ส่งอ้อย_1</b></td><td style="padding:3px;">รถตัด</td></tr>
</table>]]></description>
      <MultiGeometry><Polygon><outerBoundaryIs><LinearRing><coordinates>103.560968919734,15.2108698702473 103.561113689459,15.2112816698618 103.562529539515,15.2108822498653 103.562257820257,15.2098909298748 103.562076619901,15.2098413898874 103.561908059708,15.2096729395885 103.561172429818,15.2097417201789 103.560968919734,15.2108698702473</coordinates></LinearRing></outerBoundaryIs></Polygon></MultiGeometry>
    </Placemark>
    <Placemark>
      <name>320306050013</name>
      <styleUrl>#style_83_001</styleUrl>
      <description><![CDATA[<h3 style="margin-bottom:6px; font-family:sans-serif;">320306050013</h3>
<table style="width:100%; border-collapse:collapse; font-family:sans-serif; font-size:12px;">
<tr style="background-color:#99bfe6; color:#000; font-weight:bold;"><td colspan="2" style="padding:4px; text-align:center;">320306050013</td></tr>
<tr style="background-color:#f0f5fa;"><td style="padding:3px; width:45%;"><b>FID</b></td><td style="padding:3px;">7836</td></tr>
<tr style="background-color:#dbe8f5;"><td style="padding:3px;"><b>รหัสแปลง</b></td><td style="padding:3px;">320306050013</td></tr>
<tr style="background-color:#f0f5fa;"><td style="padding:3px;"><b>รหัสกลุ่มคิว</b></td><td style="padding:3px;">83_001</td></tr>
<tr style="background-color:#dbe8f5;"><td style="padding:3px;"><b>นักเกษตร</b></td><td style="padding:3px;">8301</td></tr>
<tr style="background-color:#f0f5fa;"><td style="padding:3px;"><b>ศูนย์</b></td><td style="padding:3px;">K2-83</td></tr>
<tr style="background-color:#dbe8f5;"><td style="padding:3px;"><b>สถานที่ส่งอ้อย</b></td><td style="padding:3px;">รถตัด</td></tr>
<tr style="background-color:#f0f5fa;"><td style="padding:3px;"><b>ประเภทคิว</b></td><td style="padding:3px;">รถตัด</td></tr>
<tr style="background-color:#dbe8f5;"><td style="padding:3px;"><b>ประเภทรถ</b></td><td style="padding:3px;">10 ล้อเดี่ยว</td></tr>
<tr style="background-color:#f0f5fa;"><td style="padding:3px;"><b>ประเภทชาวไร่</b></td><td style="padding:3px;">รถตัด</td></tr>
<tr style="background-color:#dbe8f5;"><td style="padding:3px;"><b>สถานีขนถ่าย</b></td><td style="padding:3px;"></td></tr>
<tr style="background-color:#f0f5fa;"><td style="padding:3px;"><b>สถานะยืนยัน</b></td><td style="padding:3px;">N</td></tr>
<tr style="background-color:#dbe8f5;"><td style="padding:3px;"><b>โควตา</b></td><td style="padding:3px;">784889</td></tr>
<tr style="background-color:#f0f5fa;"><td style="padding:3px;"><b>ชาวไร่</b></td><td style="padding:3px;">น.ส. เพชรัช คงมั่น</td></tr>
<tr style="background-color:#dbe8f5;"><td style="padding:3px;"><b>ประเภทอ้อย</b></td><td style="padding:3px;">ปลายฝน</td></tr>
<tr style="background-color:#f0f5fa;"><td style="padding:3px;"><b>พื้นที่</b></td><td style="padding:3px;">27.48</td></tr>
<tr style="background-color:#dbe8f5;"><td style="padding:3px;"><b>ปีผลิต</b></td><td style="padding:3px;">256970</td></tr>
<tr style="background-color:#f0f5fa;"><td style="padding:3px;"><b>ตันรวม</b></td><td style="padding:3px;">357.24</td></tr>
<tr style="background-color:#dbe8f5;"><td style="padding:3px;"><b>สถานที่ส่งอ้อย_1</b></td><td style="padding:3px;">รถตัด</td></tr>
</table>]]></description>
      <MultiGeometry><Polygon><outerBoundaryIs><LinearRing><coordinates>103.575013270163,15.1791280301401 103.574571199558,15.1776453099178 103.57246566027,15.1779267103234 103.572594269795,15.1797868098258 103.573304430193,15.1796774201447 103.573262540007,15.1792172996354 103.57367006991,15.1791801095353 103.573713520034,15.1792987103428 103.575013270163,15.1791280301401</coordinates></LinearRing></outerBoundaryIs></Polygon></MultiGeometry>
    </Placemark>
    <Placemark>
      <name>320407010008</name>
      <styleUrl>#style_83_001</styleUrl>
      <description><![CDATA[<h3 style="margin-bottom:6px; font-family:sans-serif;">320407010008</h3>
<table style="width:100%; border-collapse:collapse; font-family:sans-serif; font-size:12px;">
<tr style="background-color:#99bfe6; color:#000; font-weight:bold;"><td colspan="2" style="padding:4px; text-align:center;">320407010008</td></tr>
<tr style="background-color:#f0f5fa;"><td style="padding:3px; width:45%;"><b>FID</b></td><td style="padding:3px;">7873</td></tr>
<tr style="background-color:#dbe8f5;"><td style="padding:3px;"><b>รหัสแปลง</b></td><td style="padding:3px;">320407010008</td></tr>
<tr style="background-color:#f0f5fa;"><td style="padding:3px;"><b>รหัสกลุ่มคิว</b></td><td style="padding:3px;">83_001</td></tr>
<tr style="background-color:#dbe8f5;"><td style="padding:3px;"><b>นักเกษตร</b></td><td style="padding:3px;">8301</td></tr>
<tr style="background-color:#f0f5fa;"><td style="padding:3px;"><b>ศูนย์</b></td><td style="padding:3px;">K2-83</td></tr>
<tr style="background-color:#dbe8f5;"><td style="padding:3px;"><b>สถานที่ส่งอ้อย</b></td><td style="padding:3px;">รถตัด</td></tr>
<tr style="background-color:#f0f5fa;"><td style="padding:3px;"><b>ประเภทคิว</b></td><td style="padding:3px;">รถตัด</td></tr>
<tr style="background-color:#dbe8f5;"><td style="padding:3px;"><b>ประเภทรถ</b></td><td style="padding:3px;">10 ล้อเดี่ยว</td></tr>
<tr style="background-color:#f0f5fa;"><td style="padding:3px;"><b>ประเภทชาวไร่</b></td><td style="padding:3px;">รถตัด</td></tr>
<tr style="background-color:#dbe8f5;"><td style="padding:3px;"><b>สถานีขนถ่าย</b></td><td style="padding:3px;"></td></tr>
<tr style="background-color:#f0f5fa;"><td style="padding:3px;"><b>สถานะยืนยัน</b></td><td style="padding:3px;">N</td></tr>
<tr style="background-color:#dbe8f5;"><td style="padding:3px;"><b>โควตา</b></td><td style="padding:3px;">782634</td></tr>
<tr style="background-color:#f0f5fa;"><td style="padding:3px;"><b>ชาวไร่</b></td><td style="padding:3px;">นาง วันนา อินทะสมบัติ</td></tr>
<tr style="background-color:#dbe8f5;"><td style="padding:3px;"><b>ประเภทอ้อย</b></td><td style="padding:3px;">ตอ2</td></tr>
<tr style="background-color:#f0f5fa;"><td style="padding:3px;"><b>พื้นที่</b></td><td style="padding:3px;">9.37</td></tr>
<tr style="background-color:#dbe8f5;"><td style="padding:3px;"><b>ปีผลิต</b></td><td style="padding:3px;">256970</td></tr>
<tr style="background-color:#f0f5fa;"><td style="padding:3px;"><b>ตันรวม</b></td><td style="padding:3px;">74.96</td></tr>
<tr style="background-color:#dbe8f5;"><td style="padding:3px;"><b>สถานที่ส่งอ้อย_1</b></td><td style="padding:3px;">รถตัด</td></tr>
</table>]]></description>
      <MultiGeometry><Polygon><outerBoundaryIs><LinearRing><coordinates>103.605006469866,15.1645388800667 103.605801260048,15.1644711397963 103.605598990091,15.1629317002664 103.604763659799,15.1630534995398 103.604762939815,15.1630523602568 103.605006469866,15.1645388800667</coordinates></LinearRing></outerBoundaryIs></Polygon></MultiGeometry>
    </Placemark>
    <Placemark>
      <name>320407051506</name>
      <styleUrl>#style_83_001</styleUrl>
      <description><![CDATA[<h3 style="margin-bottom:6px; font-family:sans-serif;">320407051506</h3>
<table style="width:100%; border-collapse:collapse; font-family:sans-serif; font-size:12px;">
<tr style="background-color:#99bfe6; color:#000; font-weight:bold;"><td colspan="2" style="padding:4px; text-align:center;">320407051506</td></tr>
<tr style="background-color:#f0f5fa;"><td style="padding:3px; width:45%;"><b>FID</b></td><td style="padding:3px;">7933</td></tr>
<tr style="background-color:#dbe8f5;"><td style="padding:3px;"><b>รหัสแปลง</b></td><td style="padding:3px;">320407051506</td></tr>
<tr style="background-color:#f0f5fa;"><td style="padding:3px;"><b>รหัสกลุ่มคิว</b></td><td style="padding:3px;">83_001</td></tr>
<tr style="background-color:#dbe8f5;"><td style="padding:3px;"><b>นักเกษตร</b></td><td style="padding:3px;">8301</td></tr>
<tr style="background-color:#f0f5fa;"><td style="padding:3px;"><b>ศูนย์</b></td><td style="padding:3px;">K2-83</td></tr>
<tr style="background-color:#dbe8f5;"><td style="padding:3px;"><b>สถานที่ส่งอ้อย</b></td><td style="padding:3px;">รถตัด</td></tr>
<tr style="background-color:#f0f5fa;"><td style="padding:3px;"><b>ประเภทคิว</b></td><td style="padding:3px;">รถตัด</td></tr>
<tr style="background-color:#dbe8f5;"><td style="padding:3px;"><b>ประเภทรถ</b></td><td style="padding:3px;">10 ล้อเดี่ยว</td></tr>
<tr style="background-color:#f0f5fa;"><td style="padding:3px;"><b>ประเภทชาวไร่</b></td><td style="padding:3px;">รถตัด</td></tr>
<tr style="background-color:#dbe8f5;"><td style="padding:3px;"><b>สถานีขนถ่าย</b></td><td style="padding:3px;"></td></tr>
<tr style="background-color:#f0f5fa;"><td style="padding:3px;"><b>สถานะยืนยัน</b></td><td style="padding:3px;">N</td></tr>
<tr style="background-color:#dbe8f5;"><td style="padding:3px;"><b>โควตา</b></td><td style="padding:3px;">782396</td></tr>
<tr style="background-color:#f0f5fa;"><td style="padding:3px;"><b>ชาวไร่</b></td><td style="padding:3px;">นาง สงวน สมานมิตร</td></tr>
<tr style="background-color:#dbe8f5;"><td style="padding:3px;"><b>ประเภทอ้อย</b></td><td style="padding:3px;">ตอ2</td></tr>
<tr style="background-color:#f0f5fa;"><td style="padding:3px;"><b>พื้นที่</b></td><td style="padding:3px;">13.36</td></tr>
<tr style="background-color:#dbe8f5;"><td style="padding:3px;"><b>ปีผลิต</b></td><td style="padding:3px;">256970</td></tr>
<tr style="background-color:#f0f5fa;"><td style="padding:3px;"><b>ตันรวม</b></td><td style="padding:3px;">106.88</td></tr>
<tr style="background-color:#dbe8f5;"><td style="padding:3px;"><b>สถานที่ส่งอ้อย_1</b></td><td style="padding:3px;">รถตัด</td></tr>
</table>]]></description>
      <MultiGeometry><Polygon><outerBoundaryIs><LinearRing><coordinates>103.609384979678,15.1567031602301 103.609728410317,15.1586105301703 103.610613769779,15.1584109901022 103.610232400082,15.1565103300482 103.609969959814,15.1564889303784 103.609546280177,15.1564668099771 103.60955732944,15.1566814800186 103.609384979678,15.1567031602301</coordinates></LinearRing></outerBoundaryIs></Polygon></MultiGeometry>
    </Placemark>
    <Placemark>
      <name>320407051507</name>
      <styleUrl>#style_83_001</styleUrl>
      <description><![CDATA[<h3 style="margin-bottom:6px; font-family:sans-serif;">320407051507</h3>
<table style="width:100%; border-collapse:collapse; font-family:sans-serif; font-size:12px;">
<tr style="background-color:#99bfe6; color:#000; font-weight:bold;"><td colspan="2" style="padding:4px; text-align:center;">320407051507</td></tr>
<tr style="background-color:#f0f5fa;"><td style="padding:3px; width:45%;"><b>FID</b></td><td style="padding:3px;">7934</td></tr>
<tr style="background-color:#dbe8f5;"><td style="padding:3px;"><b>รหัสแปลง</b></td><td style="padding:3px;">320407051507</td></tr>
<tr style="background-color:#f0f5fa;"><td style="padding:3px;"><b>รหัสกลุ่มคิว</b></td><td style="padding:3px;">83_001</td></tr>
<tr style="background-color:#dbe8f5;"><td style="padding:3px;"><b>นักเกษตร</b></td><td style="padding:3px;">8301</td></tr>
<tr style="background-color:#f0f5fa;"><td style="padding:3px;"><b>ศูนย์</b></td><td style="padding:3px;">K2-83</td></tr>
<tr style="background-color:#dbe8f5;"><td style="padding:3px;"><b>สถานที่ส่งอ้อย</b></td><td style="padding:3px;">รถตัด</td></tr>
<tr style="background-color:#f0f5fa;"><td style="padding:3px;"><b>ประเภทคิว</b></td><td style="padding:3px;">รถตัด</td></tr>
<tr style="background-color:#dbe8f5;"><td style="padding:3px;"><b>ประเภทรถ</b></td><td style="padding:3px;">10 ล้อเดี่ยว</td></tr>
<tr style="background-color:#f0f5fa;"><td style="padding:3px;"><b>ประเภทชาวไร่</b></td><td style="padding:3px;">รถตัด</td></tr>
<tr style="background-color:#dbe8f5;"><td style="padding:3px;"><b>สถานีขนถ่าย</b></td><td style="padding:3px;"></td></tr>
<tr style="background-color:#f0f5fa;"><td style="padding:3px;"><b>สถานะยืนยัน</b></td><td style="padding:3px;">N</td></tr>
<tr style="background-color:#dbe8f5;"><td style="padding:3px;"><b>โควตา</b></td><td style="padding:3px;">782397</td></tr>
<tr style="background-color:#f0f5fa;"><td style="padding:3px;"><b>ชาวไร่</b></td><td style="padding:3px;">น.ส. จินดา ใจกล้า</td></tr>
<tr style="background-color:#dbe8f5;"><td style="padding:3px;"><b>ประเภทอ้อย</b></td><td style="padding:3px;">ตอ3</td></tr>
<tr style="background-color:#f0f5fa;"><td style="padding:3px;"><b>พื้นที่</b></td><td style="padding:3px;">4.88</td></tr>
<tr style="background-color:#dbe8f5;"><td style="padding:3px;"><b>ปีผลิต</b></td><td style="padding:3px;">256970</td></tr>
<tr style="background-color:#f0f5fa;"><td style="padding:3px;"><b>ตันรวม</b></td><td style="padding:3px;">34.16</td></tr>
<tr style="background-color:#dbe8f5;"><td style="padding:3px;"><b>สถานที่ส่งอ้อย_1</b></td><td style="padding:3px;">รถตัด</td></tr>
</table>]]></description>
      <MultiGeometry><Polygon><outerBoundaryIs><LinearRing><coordinates>103.609606019898,15.1579841198329 103.60925302958,15.1580593199522 103.608833989709,15.1581357501879 103.607822189618,15.1582428297529 103.607662679643,15.1582424903567 103.607305500058,15.1582663495776 103.606874179894,15.1583274900671 103.606940680114,15.1585649501576 103.607904850205,15.1584592701294 103.608443789442,15.1584163603157 103.608878910283,15.1583554203312 103.60935501987,15.1582791700583 103.609637489803,15.1582562902674 103.609606019898,15.1579841198329</coordinates></LinearRing></outerBoundaryIs></Polygon></MultiGeometry>
    </Placemark>
    <Placemark>
      <name>320401110003</name>
      <styleUrl>#style_83_001</styleUrl>
      <description><![CDATA[<h3 style="margin-bottom:6px; font-family:sans-serif;">320401110003</h3>
<table style="width:100%; border-collapse:collapse; font-family:sans-serif; font-size:12px;">
<tr style="background-color:#99bfe6; color:#000; font-weight:bold;"><td colspan="2" style="padding:4px; text-align:center;">320401110003</td></tr>
<tr style="background-color:#f0f5fa;"><td style="padding:3px; width:45%;"><b>FID</b></td><td style="padding:3px;">7958</td></tr>
<tr style="background-color:#dbe8f5;"><td style="padding:3px;"><b>รหัสแปลง</b></td><td style="padding:3px;">320401110003</td></tr>
<tr style="background-color:#f0f5fa;"><td style="padding:3px;"><b>รหัสกลุ่มคิว</b></td><td style="padding:3px;">83_001</td></tr>
<tr style="background-color:#dbe8f5;"><td style="padding:3px;"><b>นักเกษตร</b></td><td style="padding:3px;">8301</td></tr>
<tr style="background-color:#f0f5fa;"><td style="padding:3px;"><b>ศูนย์</b></td><td style="padding:3px;">K2-83</td></tr>
<tr style="background-color:#dbe8f5;"><td style="padding:3px;"><b>สถานที่ส่งอ้อย</b></td><td style="padding:3px;">รถตัด</td></tr>
<tr style="background-color:#f0f5fa;"><td style="padding:3px;"><b>ประเภทคิว</b></td><td style="padding:3px;">รถตัด</td></tr>
<tr style="background-color:#dbe8f5;"><td style="padding:3px;"><b>ประเภทรถ</b></td><td style="padding:3px;">10 ล้อเดี่ยว</td></tr>
<tr style="background-color:#f0f5fa;"><td style="padding:3px;"><b>ประเภทชาวไร่</b></td><td style="padding:3px;">รถตัด</td></tr>
<tr style="background-color:#dbe8f5;"><td style="padding:3px;"><b>สถานีขนถ่าย</b></td><td style="padding:3px;"></td></tr>
<tr style="background-color:#f0f5fa;"><td style="padding:3px;"><b>สถานะยืนยัน</b></td><td style="padding:3px;">N</td></tr>
<tr style="background-color:#dbe8f5;"><td style="padding:3px;"><b>โควตา</b></td><td style="padding:3px;">784973</td></tr>
<tr style="background-color:#f0f5fa;"><td style="padding:3px;"><b>ชาวไร่</b></td><td style="padding:3px;">นาง วรรณา ก้านอินทร์</td></tr>
<tr style="background-color:#dbe8f5;"><td style="padding:3px;"><b>ประเภทอ้อย</b></td><td style="padding:3px;">ตอ2</td></tr>
<tr style="background-color:#f0f5fa;"><td style="padding:3px;"><b>พื้นที่</b></td><td style="padding:3px;">6.61</td></tr>
<tr style="background-color:#dbe8f5;"><td style="padding:3px;"><b>ปีผลิต</b></td><td style="padding:3px;">256970</td></tr>
<tr style="background-color:#f0f5fa;"><td style="padding:3px;"><b>ตันรวม</b></td><td style="padding:3px;">52.88</td></tr>
<tr style="background-color:#dbe8f5;"><td style="padding:3px;"><b>สถานที่ส่งอ้อย_1</b></td><td style="padding:3px;">รถตัด</td></tr>
</table>]]></description>
      <MultiGeometry><Polygon><outerBoundaryIs><LinearRing><coordinates>103.565384089525,15.1128761398346 103.565545219451,15.1128538197031 103.565385509701,15.1123510901969 103.564491420145,15.1125170298384 103.564080090183,15.112620229982 103.56422540023,15.1132060102608 103.564752689827,15.1131518902365 103.565420789685,15.11307654966 103.565384089525,15.1128761398346</coordinates></LinearRing></outerBoundaryIs></Polygon></MultiGeometry>
    </Placemark>
    <Placemark>
      <name>320401110004</name>
      <styleUrl>#style_83_001</styleUrl>
      <description><![CDATA[<h3 style="margin-bottom:6px; font-family:sans-serif;">320401110004</h3>
<table style="width:100%; border-collapse:collapse; font-family:sans-serif; font-size:12px;">
<tr style="background-color:#99bfe6; color:#000; font-weight:bold;"><td colspan="2" style="padding:4px; text-align:center;">320401110004</td></tr>
<tr style="background-color:#f0f5fa;"><td style="padding:3px; width:45%;"><b>FID</b></td><td style="padding:3px;">7959</td></tr>
<tr style="background-color:#dbe8f5;"><td style="padding:3px;"><b>รหัสแปลง</b></td><td style="padding:3px;">320401110004</td></tr>
<tr style="background-color:#f0f5fa;"><td style="padding:3px;"><b>รหัสกลุ่มคิว</b></td><td style="padding:3px;">83_001</td></tr>
<tr style="background-color:#dbe8f5;"><td style="padding:3px;"><b>นักเกษตร</b></td><td style="padding:3px;">8301</td></tr>
<tr style="background-color:#f0f5fa;"><td style="padding:3px;"><b>ศูนย์</b></td><td style="padding:3px;">K2-83</td></tr>
<tr style="background-color:#dbe8f5;"><td style="padding:3px;"><b>สถานที่ส่งอ้อย</b></td><td style="padding:3px;">รถตัด</td></tr>
<tr style="background-color:#f0f5fa;"><td style="padding:3px;"><b>ประเภทคิว</b></td><td style="padding:3px;">รถตัด</td></tr>
<tr style="background-color:#dbe8f5;"><td style="padding:3px;"><b>ประเภทรถ</b></td><td style="padding:3px;">10 ล้อเดี่ยว</td></tr>
<tr style="background-color:#f0f5fa;"><td style="padding:3px;"><b>ประเภทชาวไร่</b></td><td style="padding:3px;">รถตัด</td></tr>
<tr style="background-color:#dbe8f5;"><td style="padding:3px;"><b>สถานีขนถ่าย</b></td><td style="padding:3px;"></td></tr>
<tr style="background-color:#f0f5fa;"><td style="padding:3px;"><b>สถานะยืนยัน</b></td><td style="padding:3px;">N</td></tr>
<tr style="background-color:#dbe8f5;"><td style="padding:3px;"><b>โควตา</b></td><td style="padding:3px;">784973</td></tr>
<tr style="background-color:#f0f5fa;"><td style="padding:3px;"><b>ชาวไร่</b></td><td style="padding:3px;">นาง วรรณา ก้านอินทร์</td></tr>
<tr style="background-color:#dbe8f5;"><td style="padding:3px;"><b>ประเภทอ้อย</b></td><td style="padding:3px;">ตอ2</td></tr>
<tr style="background-color:#f0f5fa;"><td style="padding:3px;"><b>พื้นที่</b></td><td style="padding:3px;">5.15</td></tr>
<tr style="background-color:#dbe8f5;"><td style="padding:3px;"><b>ปีผลิต</b></td><td style="padding:3px;">256970</td></tr>
<tr style="background-color:#f0f5fa;"><td style="padding:3px;"><b>ตันรวม</b></td><td style="padding:3px;">41.2</td></tr>
<tr style="background-color:#dbe8f5;"><td style="padding:3px;"><b>สถานที่ส่งอ้อย_1</b></td><td style="padding:3px;">รถตัด</td></tr>
</table>]]></description>
      <MultiGeometry><Polygon><outerBoundaryIs><LinearRing><coordinates>103.565668999636,15.1130359098777 103.566558869988,15.1129353899022 103.566556439506,15.1128540897046 103.566530939534,15.1128487297441 103.566465879437,15.112674409873 103.566456899675,15.1125980099116 103.56643450995,15.1125673299875 103.56637197018,15.1121495997312 103.565464550164,15.112315269741 103.565668999636,15.1130359098777</coordinates></LinearRing></outerBoundaryIs></Polygon></MultiGeometry>
    </Placemark>
    <Placemark>
      <name>320409120002</name>
      <styleUrl>#style_83_001</styleUrl>
      <description><![CDATA[<h3 style="margin-bottom:6px; font-family:sans-serif;">320409120002</h3>
<table style="width:100%; border-collapse:collapse; font-family:sans-serif; font-size:12px;">
<tr style="background-color:#99bfe6; color:#000; font-weight:bold;"><td colspan="2" style="padding:4px; text-align:center;">320409120002</td></tr>
<tr style="background-color:#f0f5fa;"><td style="padding:3px; width:45%;"><b>FID</b></td><td style="padding:3px;">8006</td></tr>
<tr style="background-color:#dbe8f5;"><td style="padding:3px;"><b>รหัสแปลง</b></td><td style="padding:3px;">320409120002</td></tr>
<tr style="background-color:#f0f5fa;"><td style="padding:3px;"><b>รหัสกลุ่มคิว</b></td><td style="padding:3px;">83_001</td></tr>
<tr style="background-color:#dbe8f5;"><td style="padding:3px;"><b>นักเกษตร</b></td><td style="padding:3px;">8301</td></tr>
<tr style="background-color:#f0f5fa;"><td style="padding:3px;"><b>ศูนย์</b></td><td style="padding:3px;">K2-83</td></tr>
<tr style="background-color:#dbe8f5;"><td style="padding:3px;"><b>สถานที่ส่งอ้อย</b></td><td style="padding:3px;">รถตัด</td></tr>
<tr style="background-color:#f0f5fa;"><td style="padding:3px;"><b>ประเภทคิว</b></td><td style="padding:3px;">รถตัด</td></tr>
<tr style="background-color:#dbe8f5;"><td style="padding:3px;"><b>ประเภทรถ</b></td><td style="padding:3px;">10 ล้อเดี่ยว</td></tr>
<tr style="background-color:#f0f5fa;"><td style="padding:3px;"><b>ประเภทชาวไร่</b></td><td style="padding:3px;">รถตัด</td></tr>
<tr style="background-color:#dbe8f5;"><td style="padding:3px;"><b>สถานีขนถ่าย</b></td><td style="padding:3px;"></td></tr>
<tr style="background-color:#f0f5fa;"><td style="padding:3px;"><b>สถานะยืนยัน</b></td><td style="padding:3px;">N</td></tr>
<tr style="background-color:#dbe8f5;"><td style="padding:3px;"><b>โควตา</b></td><td style="padding:3px;">782403</td></tr>
<tr style="background-color:#f0f5fa;"><td style="padding:3px;"><b>ชาวไร่</b></td><td style="padding:3px;">นาย พิทักษ์ แสนกล้า</td></tr>
<tr style="background-color:#dbe8f5;"><td style="padding:3px;"><b>ประเภทอ้อย</b></td><td style="padding:3px;">ตอ2</td></tr>
<tr style="background-color:#f0f5fa;"><td style="padding:3px;"><b>พื้นที่</b></td><td style="padding:3px;">12.12</td></tr>
<tr style="background-color:#dbe8f5;"><td style="padding:3px;"><b>ปีผลิต</b></td><td style="padding:3px;">256970</td></tr>
<tr style="background-color:#f0f5fa;"><td style="padding:3px;"><b>ตันรวม</b></td><td style="padding:3px;">96.96</td></tr>
<tr style="background-color:#dbe8f5;"><td style="padding:3px;"><b>สถานที่ส่งอ้อย_1</b></td><td style="padding:3px;">รถตัด</td></tr>
</table>]]></description>
      <MultiGeometry><Polygon><outerBoundaryIs><LinearRing><coordinates>103.581096049572,15.1439851097583 103.581257659912,15.144041909918 103.581509029502,15.1441223296495 103.581586260234,15.1441613897523 103.581662730203,15.1442009395338 103.581984379926,15.1444013496817 103.582625989507,15.1446272300079 103.582755249497,15.1445382500469 103.582578280328,15.1439688698361 103.582624740115,15.1435510198969 103.582371289995,15.1431561702242 103.582331609669,15.1430748901924 103.581709389516,15.1432725495424 103.581595299603,15.1432889795969 103.581515520071,15.1432745398584 103.58144779999,15.1432610999829 103.581253999528,15.1432205096644 103.581063240319,15.1439349401003 103.581096049572,15.1439851097583</coordinates></LinearRing></outerBoundaryIs></Polygon></MultiGeometry>
    </Placemark>
    <Placemark>
      <name>320407051512</name>
      <styleUrl>#style_83_001</styleUrl>
      <description><![CDATA[<h3 style="margin-bottom:6px; font-family:sans-serif;">320407051512</h3>
<table style="width:100%; border-collapse:collapse; font-family:sans-serif; font-size:12px;">
<tr style="background-color:#99bfe6; color:#000; font-weight:bold;"><td colspan="2" style="padding:4px; text-align:center;">320407051512</td></tr>
<tr style="background-color:#f0f5fa;"><td style="padding:3px; width:45%;"><b>FID</b></td><td style="padding:3px;">8267</td></tr>
<tr style="background-color:#dbe8f5;"><td style="padding:3px;"><b>รหัสแปลง</b></td><td style="padding:3px;">320407051512</td></tr>
<tr style="background-color:#f0f5fa;"><td style="padding:3px;"><b>รหัสกลุ่มคิว</b></td><td style="padding:3px;">83_001</td></tr>
<tr style="background-color:#dbe8f5;"><td style="padding:3px;"><b>นักเกษตร</b></td><td style="padding:3px;">8301</td></tr>
<tr style="background-color:#f0f5fa;"><td style="padding:3px;"><b>ศูนย์</b></td><td style="padding:3px;">K2-83</td></tr>
<tr style="background-color:#dbe8f5;"><td style="padding:3px;"><b>สถานที่ส่งอ้อย</b></td><td style="padding:3px;">รถตัด</td></tr>
<tr style="background-color:#f0f5fa;"><td style="padding:3px;"><b>ประเภทคิว</b></td><td style="padding:3px;">รถตัด</td></tr>
<tr style="background-color:#dbe8f5;"><td style="padding:3px;"><b>ประเภทรถ</b></td><td style="padding:3px;">10 ล้อเดี่ยว</td></tr>
<tr style="background-color:#f0f5fa;"><td style="padding:3px;"><b>ประเภทชาวไร่</b></td><td style="padding:3px;">รถตัด</td></tr>
<tr style="background-color:#dbe8f5;"><td style="padding:3px;"><b>สถานีขนถ่าย</b></td><td style="padding:3px;"></td></tr>
<tr style="background-color:#f0f5fa;"><td style="padding:3px;"><b>สถานะยืนยัน</b></td><td style="padding:3px;">N</td></tr>
<tr style="background-color:#dbe8f5;"><td style="padding:3px;"><b>โควตา</b></td><td style="padding:3px;">782397</td></tr>
<tr style="background-color:#f0f5fa;"><td style="padding:3px;"><b>ชาวไร่</b></td><td style="padding:3px;">น.ส. จินดา ใจกล้า</td></tr>
<tr style="background-color:#dbe8f5;"><td style="padding:3px;"><b>ประเภทอ้อย</b></td><td style="padding:3px;">ตอ3</td></tr>
<tr style="background-color:#f0f5fa;"><td style="padding:3px;"><b>พื้นที่</b></td><td style="padding:3px;">3.61</td></tr>
<tr style="background-color:#dbe8f5;"><td style="padding:3px;"><b>ปีผลิต</b></td><td style="padding:3px;">256970</td></tr>
<tr style="background-color:#f0f5fa;"><td style="padding:3px;"><b>ตันรวม</b></td><td style="padding:3px;">25.27</td></tr>
<tr style="background-color:#dbe8f5;"><td style="padding:3px;"><b>สถานที่ส่งอ้อย_1</b></td><td style="padding:3px;">รถตัด</td></tr>
</table>]]></description>
      <MultiGeometry><Polygon><outerBoundaryIs><LinearRing><coordinates>103.609272229482,15.1583007800909 103.608768089576,15.158373989713 103.60783360021,15.1584787798984 103.607852220194,15.1587615101385 103.60785467023,15.1587660201319 103.607963279716,15.1587632098796 103.608433810029,15.1587506695502 103.608889800216,15.158703240379 103.609321089784,15.158647189535 103.609272229482,15.1583007800909</coordinates></LinearRing></outerBoundaryIs></Polygon></MultiGeometry>
    </Placemark>
    <Placemark>
      <name>320409130007</name>
      <styleUrl>#style_83_001</styleUrl>
      <description><![CDATA[<h3 style="margin-bottom:6px; font-family:sans-serif;">320409130007</h3>
<table style="width:100%; border-collapse:collapse; font-family:sans-serif; font-size:12px;">
<tr style="background-color:#99bfe6; color:#000; font-weight:bold;"><td colspan="2" style="padding:4px; text-align:center;">320409130007</td></tr>
<tr style="background-color:#f0f5fa;"><td style="padding:3px; width:45%;"><b>FID</b></td><td style="padding:3px;">8309</td></tr>
<tr style="background-color:#dbe8f5;"><td style="padding:3px;"><b>รหัสแปลง</b></td><td style="padding:3px;">320409130007</td></tr>
<tr style="background-color:#f0f5fa;"><td style="padding:3px;"><b>รหัสกลุ่มคิว</b></td><td style="padding:3px;">83_001</td></tr>
<tr style="background-color:#dbe8f5;"><td style="padding:3px;"><b>นักเกษตร</b></td><td style="padding:3px;">8301</td></tr>
<tr style="background-color:#f0f5fa;"><td style="padding:3px;"><b>ศูนย์</b></td><td style="padding:3px;">K2-83</td></tr>
<tr style="background-color:#dbe8f5;"><td style="padding:3px;"><b>สถานที่ส่งอ้อย</b></td><td style="padding:3px;">รถตัด</td></tr>
<tr style="background-color:#f0f5fa;"><td style="padding:3px;"><b>ประเภทคิว</b></td><td style="padding:3px;">รถตัด</td></tr>
<tr style="background-color:#dbe8f5;"><td style="padding:3px;"><b>ประเภทรถ</b></td><td style="padding:3px;">10 ล้อเดี่ยว</td></tr>
<tr style="background-color:#f0f5fa;"><td style="padding:3px;"><b>ประเภทชาวไร่</b></td><td style="padding:3px;">รถตัด</td></tr>
<tr style="background-color:#dbe8f5;"><td style="padding:3px;"><b>สถานีขนถ่าย</b></td><td style="padding:3px;"></td></tr>
<tr style="background-color:#f0f5fa;"><td style="padding:3px;"><b>สถานะยืนยัน</b></td><td style="padding:3px;">N</td></tr>
<tr style="background-color:#dbe8f5;"><td style="padding:3px;"><b>โควตา</b></td><td style="padding:3px;">782403</td></tr>
<tr style="background-color:#f0f5fa;"><td style="padding:3px;"><b>ชาวไร่</b></td><td style="padding:3px;">นาย พิทักษ์ แสนกล้า</td></tr>
<tr style="background-color:#dbe8f5;"><td style="padding:3px;"><b>ประเภทอ้อย</b></td><td style="padding:3px;">ตอ1</td></tr>
<tr style="background-color:#f0f5fa;"><td style="padding:3px;"><b>พื้นที่</b></td><td style="padding:3px;">7.18</td></tr>
<tr style="background-color:#dbe8f5;"><td style="padding:3px;"><b>ปีผลิต</b></td><td style="padding:3px;">256970</td></tr>
<tr style="background-color:#f0f5fa;"><td style="padding:3px;"><b>ตันรวม</b></td><td style="padding:3px;">64.62</td></tr>
<tr style="background-color:#dbe8f5;"><td style="padding:3px;"><b>สถานที่ส่งอ้อย_1</b></td><td style="padding:3px;">รถตัด</td></tr>
</table>]]></description>
      <MultiGeometry><Polygon><outerBoundaryIs><LinearRing><coordinates>103.586037922928,15.1574774229511 103.58597187271,15.1572108783887 103.582474020854,15.1578715393468 103.582508554386,15.1581333486598 103.586037922928,15.1574774229511</coordinates></LinearRing></outerBoundaryIs></Polygon></MultiGeometry>
    </Placemark>
    <Placemark>
      <name>320407051513</name>
      <styleUrl>#style_83_001</styleUrl>
      <description><![CDATA[<h3 style="margin-bottom:6px; font-family:sans-serif;">320407051513</h3>
<table style="width:100%; border-collapse:collapse; font-family:sans-serif; font-size:12px;">
<tr style="background-color:#99bfe6; color:#000; font-weight:bold;"><td colspan="2" style="padding:4px; text-align:center;">320407051513</td></tr>
<tr style="background-color:#f0f5fa;"><td style="padding:3px; width:45%;"><b>FID</b></td><td style="padding:3px;">8331</td></tr>
<tr style="background-color:#dbe8f5;"><td style="padding:3px;"><b>รหัสแปลง</b></td><td style="padding:3px;">320407051513</td></tr>
<tr style="background-color:#f0f5fa;"><td style="padding:3px;"><b>รหัสกลุ่มคิว</b></td><td style="padding:3px;">83_001</td></tr>
<tr style="background-color:#dbe8f5;"><td style="padding:3px;"><b>นักเกษตร</b></td><td style="padding:3px;">8301</td></tr>
<tr style="background-color:#f0f5fa;"><td style="padding:3px;"><b>ศูนย์</b></td><td style="padding:3px;">K2-83</td></tr>
<tr style="background-color:#dbe8f5;"><td style="padding:3px;"><b>สถานที่ส่งอ้อย</b></td><td style="padding:3px;">รถตัด</td></tr>
<tr style="background-color:#f0f5fa;"><td style="padding:3px;"><b>ประเภทคิว</b></td><td style="padding:3px;">รถตัด</td></tr>
<tr style="background-color:#dbe8f5;"><td style="padding:3px;"><b>ประเภทรถ</b></td><td style="padding:3px;">10 ล้อเดี่ยว</td></tr>
<tr style="background-color:#f0f5fa;"><td style="padding:3px;"><b>ประเภทชาวไร่</b></td><td style="padding:3px;">รถตัด</td></tr>
<tr style="background-color:#dbe8f5;"><td style="padding:3px;"><b>สถานีขนถ่าย</b></td><td style="padding:3px;"></td></tr>
<tr style="background-color:#f0f5fa;"><td style="padding:3px;"><b>สถานะยืนยัน</b></td><td style="padding:3px;">N</td></tr>
<tr style="background-color:#dbe8f5;"><td style="padding:3px;"><b>โควตา</b></td><td style="padding:3px;">782397</td></tr>
<tr style="background-color:#f0f5fa;"><td style="padding:3px;"><b>ชาวไร่</b></td><td style="padding:3px;">น.ส. จินดา ใจกล้า</td></tr>
<tr style="background-color:#dbe8f5;"><td style="padding:3px;"><b>ประเภทอ้อย</b></td><td style="padding:3px;">ตอ3</td></tr>
<tr style="background-color:#f0f5fa;"><td style="padding:3px;"><b>พื้นที่</b></td><td style="padding:3px;">5.81</td></tr>
<tr style="background-color:#dbe8f5;"><td style="padding:3px;"><b>ปีผลิต</b></td><td style="padding:3px;">256970</td></tr>
<tr style="background-color:#f0f5fa;"><td style="padding:3px;"><b>ตันรวม</b></td><td style="padding:3px;">40.67</td></tr>
<tr style="background-color:#dbe8f5;"><td style="padding:3px;"><b>สถานที่ส่งอ้อย_1</b></td><td style="padding:3px;">รถตัด</td></tr>
</table>]]></description>
      <MultiGeometry><Polygon><outerBoundaryIs><LinearRing><coordinates>103.604637281572,15.1574324121984 103.604565197336,15.1571036731241 103.604351877684,15.1571487261329 103.604323882542,15.1569789091272 103.602516744521,15.1573990519207 103.602536609702,15.1576685301744 103.604637281572,15.1574324121984</coordinates></LinearRing></outerBoundaryIs></Polygon></MultiGeometry>
    </Placemark>
    <Placemark>
      <name>320407051515</name>
      <styleUrl>#style_83_001</styleUrl>
      <description><![CDATA[<h3 style="margin-bottom:6px; font-family:sans-serif;">320407051515</h3>
<table style="width:100%; border-collapse:collapse; font-family:sans-serif; font-size:12px;">
<tr style="background-color:#99bfe6; color:#000; font-weight:bold;"><td colspan="2" style="padding:4px; text-align:center;">320407051515</td></tr>
<tr style="background-color:#f0f5fa;"><td style="padding:3px; width:45%;"><b>FID</b></td><td style="padding:3px;">8373</td></tr>
<tr style="background-color:#dbe8f5;"><td style="padding:3px;"><b>รหัสแปลง</b></td><td style="padding:3px;">320407051515</td></tr>
<tr style="background-color:#f0f5fa;"><td style="padding:3px;"><b>รหัสกลุ่มคิว</b></td><td style="padding:3px;">83_001</td></tr>
<tr style="background-color:#dbe8f5;"><td style="padding:3px;"><b>นักเกษตร</b></td><td style="padding:3px;">8301</td></tr>
<tr style="background-color:#f0f5fa;"><td style="padding:3px;"><b>ศูนย์</b></td><td style="padding:3px;">K2-83</td></tr>
<tr style="background-color:#dbe8f5;"><td style="padding:3px;"><b>สถานที่ส่งอ้อย</b></td><td style="padding:3px;">รถตัด</td></tr>
<tr style="background-color:#f0f5fa;"><td style="padding:3px;"><b>ประเภทคิว</b></td><td style="padding:3px;">รถตัด</td></tr>
<tr style="background-color:#dbe8f5;"><td style="padding:3px;"><b>ประเภทรถ</b></td><td style="padding:3px;">10 ล้อเดี่ยว</td></tr>
<tr style="background-color:#f0f5fa;"><td style="padding:3px;"><b>ประเภทชาวไร่</b></td><td style="padding:3px;">รถตัด</td></tr>
<tr style="background-color:#dbe8f5;"><td style="padding:3px;"><b>สถานีขนถ่าย</b></td><td style="padding:3px;"></td></tr>
<tr style="background-color:#f0f5fa;"><td style="padding:3px;"><b>สถานะยืนยัน</b></td><td style="padding:3px;">N</td></tr>
<tr style="background-color:#dbe8f5;"><td style="padding:3px;"><b>โควตา</b></td><td style="padding:3px;">782397</td></tr>
<tr style="background-color:#f0f5fa;"><td style="padding:3px;"><b>ชาวไร่</b></td><td style="padding:3px;">น.ส. จินดา ใจกล้า</td></tr>
<tr style="background-color:#dbe8f5;"><td style="padding:3px;"><b>ประเภทอ้อย</b></td><td style="padding:3px;">ตอ5</td></tr>
<tr style="background-color:#f0f5fa;"><td style="padding:3px;"><b>พื้นที่</b></td><td style="padding:3px;">2.71</td></tr>
<tr style="background-color:#dbe8f5;"><td style="padding:3px;"><b>ปีผลิต</b></td><td style="padding:3px;">256970</td></tr>
<tr style="background-color:#f0f5fa;"><td style="padding:3px;"><b>ตันรวม</b></td><td style="padding:3px;">18.97</td></tr>
<tr style="background-color:#dbe8f5;"><td style="padding:3px;"><b>สถานที่ส่งอ้อย_1</b></td><td style="padding:3px;">รถตัด</td></tr>
</table>]]></description>
      <MultiGeometry><Polygon><outerBoundaryIs><LinearRing><coordinates>103.608169834583,15.1526499492202 103.60776557619,15.1519967054646 103.607210358654,15.1521965717247 103.607353772603,15.1525636993945 103.607711261218,15.1524388512286 103.607847047986,15.1527799103768 103.608169834583,15.1526499492202</coordinates></LinearRing></outerBoundaryIs></Polygon></MultiGeometry>
    </Placemark>
    <Placemark>
      <name>320306020001</name>
      <styleUrl>#style_83_001</styleUrl>
      <description><![CDATA[<h3 style="margin-bottom:6px; font-family:sans-serif;">320306020001</h3>
<table style="width:100%; border-collapse:collapse; font-family:sans-serif; font-size:12px;">
<tr style="background-color:#99bfe6; color:#000; font-weight:bold;"><td colspan="2" style="padding:4px; text-align:center;">320306020001</td></tr>
<tr style="background-color:#f0f5fa;"><td style="padding:3px; width:45%;"><b>FID</b></td><td style="padding:3px;">8473</td></tr>
<tr style="background-color:#dbe8f5;"><td style="padding:3px;"><b>รหัสแปลง</b></td><td style="padding:3px;">320306020001</td></tr>
<tr style="background-color:#f0f5fa;"><td style="padding:3px;"><b>รหัสกลุ่มคิว</b></td><td style="padding:3px;">83_001</td></tr>
<tr style="background-color:#dbe8f5;"><td style="padding:3px;"><b>นักเกษตร</b></td><td style="padding:3px;">8301</td></tr>
<tr style="background-color:#f0f5fa;"><td style="padding:3px;"><b>ศูนย์</b></td><td style="padding:3px;">K2-83</td></tr>
<tr style="background-color:#dbe8f5;"><td style="padding:3px;"><b>สถานที่ส่งอ้อย</b></td><td style="padding:3px;">รถตัด</td></tr>
<tr style="background-color:#f0f5fa;"><td style="padding:3px;"><b>ประเภทคิว</b></td><td style="padding:3px;">รถตัด</td></tr>
<tr style="background-color:#dbe8f5;"><td style="padding:3px;"><b>ประเภทรถ</b></td><td style="padding:3px;">10 ล้อเดี่ยว</td></tr>
<tr style="background-color:#f0f5fa;"><td style="padding:3px;"><b>ประเภทชาวไร่</b></td><td style="padding:3px;">รถตัด</td></tr>
<tr style="background-color:#dbe8f5;"><td style="padding:3px;"><b>สถานีขนถ่าย</b></td><td style="padding:3px;"></td></tr>
<tr style="background-color:#f0f5fa;"><td style="padding:3px;"><b>สถานะยืนยัน</b></td><td style="padding:3px;">N</td></tr>
<tr style="background-color:#dbe8f5;"><td style="padding:3px;"><b>โควตา</b></td><td style="padding:3px;">781764</td></tr>
<tr style="background-color:#f0f5fa;"><td style="padding:3px;"><b>ชาวไร่</b></td><td style="padding:3px;">นาง หนูไกร ฉิมงาม</td></tr>
<tr style="background-color:#dbe8f5;"><td style="padding:3px;"><b>ประเภทอ้อย</b></td><td style="padding:3px;">ตอ2</td></tr>
<tr style="background-color:#f0f5fa;"><td style="padding:3px;"><b>พื้นที่</b></td><td style="padding:3px;">3.61</td></tr>
<tr style="background-color:#dbe8f5;"><td style="padding:3px;"><b>ปีผลิต</b></td><td style="padding:3px;">256970</td></tr>
<tr style="background-color:#f0f5fa;"><td style="padding:3px;"><b>ตันรวม</b></td><td style="padding:3px;">28.88</td></tr>
<tr style="background-color:#dbe8f5;"><td style="padding:3px;"><b>สถานที่ส่งอ้อย_1</b></td><td style="padding:3px;">รถตัด</td></tr>
</table>]]></description>
      <MultiGeometry><Polygon><outerBoundaryIs><LinearRing><coordinates>103.560762628735,15.2117832280296 103.560789702604,15.2120020800794 103.561415998504,15.211852839939 103.562645288239,15.2113303959706 103.562579657683,15.2111348879594 103.560762628735,15.2117832280296</coordinates></LinearRing></outerBoundaryIs></Polygon></MultiGeometry>
    </Placemark>
    <Placemark>
      <name>320306020002</name>
      <styleUrl>#style_83_001</styleUrl>
      <description><![CDATA[<h3 style="margin-bottom:6px; font-family:sans-serif;">320306020002</h3>
<table style="width:100%; border-collapse:collapse; font-family:sans-serif; font-size:12px;">
<tr style="background-color:#99bfe6; color:#000; font-weight:bold;"><td colspan="2" style="padding:4px; text-align:center;">320306020002</td></tr>
<tr style="background-color:#f0f5fa;"><td style="padding:3px; width:45%;"><b>FID</b></td><td style="padding:3px;">8474</td></tr>
<tr style="background-color:#dbe8f5;"><td style="padding:3px;"><b>รหัสแปลง</b></td><td style="padding:3px;">320306020002</td></tr>
<tr style="background-color:#f0f5fa;"><td style="padding:3px;"><b>รหัสกลุ่มคิว</b></td><td style="padding:3px;">83_001</td></tr>
<tr style="background-color:#dbe8f5;"><td style="padding:3px;"><b>นักเกษตร</b></td><td style="padding:3px;">8301</td></tr>
<tr style="background-color:#f0f5fa;"><td style="padding:3px;"><b>ศูนย์</b></td><td style="padding:3px;">K2-83</td></tr>
<tr style="background-color:#dbe8f5;"><td style="padding:3px;"><b>สถานที่ส่งอ้อย</b></td><td style="padding:3px;">รถตัด</td></tr>
<tr style="background-color:#f0f5fa;"><td style="padding:3px;"><b>ประเภทคิว</b></td><td style="padding:3px;">รถตัด</td></tr>
<tr style="background-color:#dbe8f5;"><td style="padding:3px;"><b>ประเภทรถ</b></td><td style="padding:3px;">10 ล้อเดี่ยว</td></tr>
<tr style="background-color:#f0f5fa;"><td style="padding:3px;"><b>ประเภทชาวไร่</b></td><td style="padding:3px;">รถตัด</td></tr>
<tr style="background-color:#dbe8f5;"><td style="padding:3px;"><b>สถานีขนถ่าย</b></td><td style="padding:3px;"></td></tr>
<tr style="background-color:#f0f5fa;"><td style="padding:3px;"><b>สถานะยืนยัน</b></td><td style="padding:3px;">N</td></tr>
<tr style="background-color:#dbe8f5;"><td style="padding:3px;"><b>โควตา</b></td><td style="padding:3px;">781764</td></tr>
<tr style="background-color:#f0f5fa;"><td style="padding:3px;"><b>ชาวไร่</b></td><td style="padding:3px;">นาง หนูไกร ฉิมงาม</td></tr>
<tr style="background-color:#dbe8f5;"><td style="padding:3px;"><b>ประเภทอ้อย</b></td><td style="padding:3px;">ตอ2</td></tr>
<tr style="background-color:#f0f5fa;"><td style="padding:3px;"><b>พื้นที่</b></td><td style="padding:3px;">4.19</td></tr>
<tr style="background-color:#dbe8f5;"><td style="padding:3px;"><b>ปีผลิต</b></td><td style="padding:3px;">256970</td></tr>
<tr style="background-color:#f0f5fa;"><td style="padding:3px;"><b>ตันรวม</b></td><td style="padding:3px;">33.52</td></tr>
<tr style="background-color:#dbe8f5;"><td style="padding:3px;"><b>สถานที่ส่งอ้อย_1</b></td><td style="padding:3px;">รถตัด</td></tr>
</table>]]></description>
      <MultiGeometry><Polygon><outerBoundaryIs><LinearRing><coordinates>103.56259440974,15.2111480897709 103.562514279168,15.2109076549006 103.562512686468,15.210912809382 103.560637822537,15.2114978246116 103.560745361923,15.2118015428713 103.560745613527,15.2118015846419 103.56259440974,15.2111480897709</coordinates></LinearRing></outerBoundaryIs></Polygon></MultiGeometry>
    </Placemark>
    <Placemark>
      <name>320306020003</name>
      <styleUrl>#style_83_001</styleUrl>
      <description><![CDATA[<h3 style="margin-bottom:6px; font-family:sans-serif;">320306020003</h3>
<table style="width:100%; border-collapse:collapse; font-family:sans-serif; font-size:12px;">
<tr style="background-color:#99bfe6; color:#000; font-weight:bold;"><td colspan="2" style="padding:4px; text-align:center;">320306020003</td></tr>
<tr style="background-color:#f0f5fa;"><td style="padding:3px; width:45%;"><b>FID</b></td><td style="padding:3px;">8505</td></tr>
<tr style="background-color:#dbe8f5;"><td style="padding:3px;"><b>รหัสแปลง</b></td><td style="padding:3px;">320306020003</td></tr>
<tr style="background-color:#f0f5fa;"><td style="padding:3px;"><b>รหัสกลุ่มคิว</b></td><td style="padding:3px;">83_001</td></tr>
<tr style="background-color:#dbe8f5;"><td style="padding:3px;"><b>นักเกษตร</b></td><td style="padding:3px;">8301</td></tr>
<tr style="background-color:#f0f5fa;"><td style="padding:3px;"><b>ศูนย์</b></td><td style="padding:3px;">K2-83</td></tr>
<tr style="background-color:#dbe8f5;"><td style="padding:3px;"><b>สถานที่ส่งอ้อย</b></td><td style="padding:3px;">รถตัด</td></tr>
<tr style="background-color:#f0f5fa;"><td style="padding:3px;"><b>ประเภทคิว</b></td><td style="padding:3px;">รถตัด</td></tr>
<tr style="background-color:#dbe8f5;"><td style="padding:3px;"><b>ประเภทรถ</b></td><td style="padding:3px;">10 ล้อเดี่ยว</td></tr>
<tr style="background-color:#f0f5fa;"><td style="padding:3px;"><b>ประเภทชาวไร่</b></td><td style="padding:3px;">รถตัด</td></tr>
<tr style="background-color:#dbe8f5;"><td style="padding:3px;"><b>สถานีขนถ่าย</b></td><td style="padding:3px;"></td></tr>
<tr style="background-color:#f0f5fa;"><td style="padding:3px;"><b>สถานะยืนยัน</b></td><td style="padding:3px;">N</td></tr>
<tr style="background-color:#dbe8f5;"><td style="padding:3px;"><b>โควตา</b></td><td style="padding:3px;">781764</td></tr>
<tr style="background-color:#f0f5fa;"><td style="padding:3px;"><b>ชาวไร่</b></td><td style="padding:3px;">นาง หนูไกร ฉิมงาม</td></tr>
<tr style="background-color:#dbe8f5;"><td style="padding:3px;"><b>ประเภทอ้อย</b></td><td style="padding:3px;">ตอ1</td></tr>
<tr style="background-color:#f0f5fa;"><td style="padding:3px;"><b>พื้นที่</b></td><td style="padding:3px;">10.07</td></tr>
<tr style="background-color:#dbe8f5;"><td style="padding:3px;"><b>ปีผลิต</b></td><td style="padding:3px;">256970</td></tr>
<tr style="background-color:#f0f5fa;"><td style="padding:3px;"><b>ตันรวม</b></td><td style="padding:3px;">90.63</td></tr>
<tr style="background-color:#dbe8f5;"><td style="padding:3px;"><b>สถานที่ส่งอ้อย_1</b></td><td style="padding:3px;">รถตัด</td></tr>
</table>]]></description>
      <MultiGeometry><Polygon><outerBoundaryIs><LinearRing><coordinates>103.583710569594,15.2042216800232 103.58280952011,15.2045843797254 103.583102910054,15.2054757803615 103.583253579937,15.2054660503195 103.583457759472,15.2058425400094 103.583499330003,15.2060402696399 103.584101159828,15.2058748302794 103.583710569594,15.2042216800232</coordinates></LinearRing></outerBoundaryIs></Polygon></MultiGeometry>
    </Placemark>
    <Placemark>
      <name>320409120006</name>
      <styleUrl>#style_83_001</styleUrl>
      <description><![CDATA[<h3 style="margin-bottom:6px; font-family:sans-serif;">320409120006</h3>
<table style="width:100%; border-collapse:collapse; font-family:sans-serif; font-size:12px;">
<tr style="background-color:#99bfe6; color:#000; font-weight:bold;"><td colspan="2" style="padding:4px; text-align:center;">320409120006</td></tr>
<tr style="background-color:#f0f5fa;"><td style="padding:3px; width:45%;"><b>FID</b></td><td style="padding:3px;">8561</td></tr>
<tr style="background-color:#dbe8f5;"><td style="padding:3px;"><b>รหัสแปลง</b></td><td style="padding:3px;">320409120006</td></tr>
<tr style="background-color:#f0f5fa;"><td style="padding:3px;"><b>รหัสกลุ่มคิว</b></td><td style="padding:3px;">83_001</td></tr>
<tr style="background-color:#dbe8f5;"><td style="padding:3px;"><b>นักเกษตร</b></td><td style="padding:3px;">8301</td></tr>
<tr style="background-color:#f0f5fa;"><td style="padding:3px;"><b>ศูนย์</b></td><td style="padding:3px;">K2-83</td></tr>
<tr style="background-color:#dbe8f5;"><td style="padding:3px;"><b>สถานที่ส่งอ้อย</b></td><td style="padding:3px;">รถตัด</td></tr>
<tr style="background-color:#f0f5fa;"><td style="padding:3px;"><b>ประเภทคิว</b></td><td style="padding:3px;">รถตัด</td></tr>
<tr style="background-color:#dbe8f5;"><td style="padding:3px;"><b>ประเภทรถ</b></td><td style="padding:3px;">10 ล้อเดี่ยว</td></tr>
<tr style="background-color:#f0f5fa;"><td style="padding:3px;"><b>ประเภทชาวไร่</b></td><td style="padding:3px;">รถตัด</td></tr>
<tr style="background-color:#dbe8f5;"><td style="padding:3px;"><b>สถานีขนถ่าย</b></td><td style="padding:3px;"></td></tr>
<tr style="background-color:#f0f5fa;"><td style="padding:3px;"><b>สถานะยืนยัน</b></td><td style="padding:3px;">N</td></tr>
<tr style="background-color:#dbe8f5;"><td style="padding:3px;"><b>โควตา</b></td><td style="padding:3px;">782406</td></tr>
<tr style="background-color:#f0f5fa;"><td style="padding:3px;"><b>ชาวไร่</b></td><td style="padding:3px;">นาง สุดารัตน์ สมพร</td></tr>
<tr style="background-color:#dbe8f5;"><td style="padding:3px;"><b>ประเภทอ้อย</b></td><td style="padding:3px;">ตอ3</td></tr>
<tr style="background-color:#f0f5fa;"><td style="padding:3px;"><b>พื้นที่</b></td><td style="padding:3px;">10.24</td></tr>
<tr style="background-color:#dbe8f5;"><td style="padding:3px;"><b>ปีผลิต</b></td><td style="padding:3px;">256970</td></tr>
<tr style="background-color:#f0f5fa;"><td style="padding:3px;"><b>ตันรวม</b></td><td style="padding:3px;">71.68</td></tr>
<tr style="background-color:#dbe8f5;"><td style="padding:3px;"><b>สถานที่ส่งอ้อย_1</b></td><td style="padding:3px;">รถตัด</td></tr>
</table>]]></description>
      <MultiGeometry><Polygon><outerBoundaryIs><LinearRing><coordinates>103.583040609618,15.1561594197884 103.582200989851,15.1532522803524 103.581816029514,15.153325889984 103.582568279975,15.1563408097396 103.583040609618,15.1561594197884</coordinates></LinearRing></outerBoundaryIs></Polygon></MultiGeometry>
    </Placemark>
    <Placemark>
      <name>320409100024</name>
      <styleUrl>#style_83_001</styleUrl>
      <description><![CDATA[<h3 style="margin-bottom:6px; font-family:sans-serif;">320409100024</h3>
<table style="width:100%; border-collapse:collapse; font-family:sans-serif; font-size:12px;">
<tr style="background-color:#99bfe6; color:#000; font-weight:bold;"><td colspan="2" style="padding:4px; text-align:center;">320409100024</td></tr>
<tr style="background-color:#f0f5fa;"><td style="padding:3px; width:45%;"><b>FID</b></td><td style="padding:3px;">8630</td></tr>
<tr style="background-color:#dbe8f5;"><td style="padding:3px;"><b>รหัสแปลง</b></td><td style="padding:3px;">320409100024</td></tr>
<tr style="background-color:#f0f5fa;"><td style="padding:3px;"><b>รหัสกลุ่มคิว</b></td><td style="padding:3px;">83_001</td></tr>
<tr style="background-color:#dbe8f5;"><td style="padding:3px;"><b>นักเกษตร</b></td><td style="padding:3px;">8301</td></tr>
<tr style="background-color:#f0f5fa;"><td style="padding:3px;"><b>ศูนย์</b></td><td style="padding:3px;">K2-83</td></tr>
<tr style="background-color:#dbe8f5;"><td style="padding:3px;"><b>สถานที่ส่งอ้อย</b></td><td style="padding:3px;">รถตัด</td></tr>
<tr style="background-color:#f0f5fa;"><td style="padding:3px;"><b>ประเภทคิว</b></td><td style="padding:3px;">รถตัด</td></tr>
<tr style="background-color:#dbe8f5;"><td style="padding:3px;"><b>ประเภทรถ</b></td><td style="padding:3px;">10 ล้อเดี่ยว</td></tr>
<tr style="background-color:#f0f5fa;"><td style="padding:3px;"><b>ประเภทชาวไร่</b></td><td style="padding:3px;">รถตัด</td></tr>
<tr style="background-color:#dbe8f5;"><td style="padding:3px;"><b>สถานีขนถ่าย</b></td><td style="padding:3px;"></td></tr>
<tr style="background-color:#f0f5fa;"><td style="padding:3px;"><b>สถานะยืนยัน</b></td><td style="padding:3px;">N</td></tr>
<tr style="background-color:#dbe8f5;"><td style="padding:3px;"><b>โควตา</b></td><td style="padding:3px;">782244</td></tr>
<tr style="background-color:#f0f5fa;"><td style="padding:3px;"><b>ชาวไร่</b></td><td style="padding:3px;">นาย สมยศ บุญเลิศ</td></tr>
<tr style="background-color:#dbe8f5;"><td style="padding:3px;"><b>ประเภทอ้อย</b></td><td style="padding:3px;">ปลายฝน</td></tr>
<tr style="background-color:#f0f5fa;"><td style="padding:3px;"><b>พื้นที่</b></td><td style="padding:3px;">16.91</td></tr>
<tr style="background-color:#dbe8f5;"><td style="padding:3px;"><b>ปีผลิต</b></td><td style="padding:3px;">256970</td></tr>
<tr style="background-color:#f0f5fa;"><td style="padding:3px;"><b>ตันรวม</b></td><td style="padding:3px;">219.83</td></tr>
<tr style="background-color:#dbe8f5;"><td style="padding:3px;"><b>สถานที่ส่งอ้อย_1</b></td><td style="padding:3px;">รถตัด</td></tr>
</table>]]></description>
      <MultiGeometry><Polygon><outerBoundaryIs><LinearRing><coordinates>103.585328813222,15.1702177473789 103.585350690605,15.1704057962193 103.585371226006,15.1705451032943 103.585373405052,15.1706702030457 103.585355216296,15.1708201972131 103.585340715732,15.1709323889333 103.585347672849,15.1710610508621 103.585351528033,15.1712387894624 103.585370387552,15.1714048765088 103.585375333185,15.1714765003194 103.585367537767,15.1716253206208 103.585419505846,15.171885369564 103.585463091974,15.1723309934269 103.585585215563,15.1729288741344 103.585757380259,15.1738837405262 103.585927113758,15.1738622827956 103.586322320692,15.1736984164974 103.585839522603,15.1701061008872 103.585328813222,15.1702177473789</coordinates></LinearRing></outerBoundaryIs></Polygon></MultiGeometry>
    </Placemark>
    <Placemark>
      <name>320401080012</name>
      <styleUrl>#style_83_001</styleUrl>
      <description><![CDATA[<h3 style="margin-bottom:6px; font-family:sans-serif;">320401080012</h3>
<table style="width:100%; border-collapse:collapse; font-family:sans-serif; font-size:12px;">
<tr style="background-color:#99bfe6; color:#000; font-weight:bold;"><td colspan="2" style="padding:4px; text-align:center;">320401080012</td></tr>
<tr style="background-color:#f0f5fa;"><td style="padding:3px; width:45%;"><b>FID</b></td><td style="padding:3px;">8643</td></tr>
<tr style="background-color:#dbe8f5;"><td style="padding:3px;"><b>รหัสแปลง</b></td><td style="padding:3px;">320401080012</td></tr>
<tr style="background-color:#f0f5fa;"><td style="padding:3px;"><b>รหัสกลุ่มคิว</b></td><td style="padding:3px;">83_001</td></tr>
<tr style="background-color:#dbe8f5;"><td style="padding:3px;"><b>นักเกษตร</b></td><td style="padding:3px;">8301</td></tr>
<tr style="background-color:#f0f5fa;"><td style="padding:3px;"><b>ศูนย์</b></td><td style="padding:3px;">K2-83</td></tr>
<tr style="background-color:#dbe8f5;"><td style="padding:3px;"><b>สถานที่ส่งอ้อย</b></td><td style="padding:3px;">รถตัด</td></tr>
<tr style="background-color:#f0f5fa;"><td style="padding:3px;"><b>ประเภทคิว</b></td><td style="padding:3px;">รถตัด</td></tr>
<tr style="background-color:#dbe8f5;"><td style="padding:3px;"><b>ประเภทรถ</b></td><td style="padding:3px;">10 ล้อเดี่ยว</td></tr>
<tr style="background-color:#f0f5fa;"><td style="padding:3px;"><b>ประเภทชาวไร่</b></td><td style="padding:3px;">รถตัด</td></tr>
<tr style="background-color:#dbe8f5;"><td style="padding:3px;"><b>สถานีขนถ่าย</b></td><td style="padding:3px;"></td></tr>
<tr style="background-color:#f0f5fa;"><td style="padding:3px;"><b>สถานะยืนยัน</b></td><td style="padding:3px;">N</td></tr>
<tr style="background-color:#dbe8f5;"><td style="padding:3px;"><b>โควตา</b></td><td style="padding:3px;">782403</td></tr>
<tr style="background-color:#f0f5fa;"><td style="padding:3px;"><b>ชาวไร่</b></td><td style="padding:3px;">นาย พิทักษ์ แสนกล้า</td></tr>
<tr style="background-color:#dbe8f5;"><td style="padding:3px;"><b>ประเภทอ้อย</b></td><td style="padding:3px;">ตอ2</td></tr>
<tr style="background-color:#f0f5fa;"><td style="padding:3px;"><b>พื้นที่</b></td><td style="padding:3px;">7.42</td></tr>
<tr style="background-color:#dbe8f5;"><td style="padding:3px;"><b>ปีผลิต</b></td><td style="padding:3px;">256970</td></tr>
<tr style="background-color:#f0f5fa;"><td style="padding:3px;"><b>ตันรวม</b></td><td style="padding:3px;">59.36</td></tr>
<tr style="background-color:#dbe8f5;"><td style="padding:3px;"><b>สถานที่ส่งอ้อย_1</b></td><td style="padding:3px;">รถตัด</td></tr>
</table>]]></description>
      <MultiGeometry><Polygon><outerBoundaryIs><LinearRing><coordinates>103.583675063747,15.1330531012927 103.583152871871,15.1296413321136 103.582936534718,15.1296700397951 103.583304751495,15.1330551131084 103.583351522195,15.1330398998699 103.583381613234,15.1330273275058 103.583504659911,15.1330090966228 103.58356459072,15.1330189876787 103.583608008777,15.1330163053527 103.58364564401,15.1330467733582 103.583675063747,15.1330531012927</coordinates></LinearRing></outerBoundaryIs></Polygon></MultiGeometry>
    </Placemark>
    <Placemark>
      <name>320409090010</name>
      <styleUrl>#style_83_001</styleUrl>
      <description><![CDATA[<h3 style="margin-bottom:6px; font-family:sans-serif;">320409090010</h3>
<table style="width:100%; border-collapse:collapse; font-family:sans-serif; font-size:12px;">
<tr style="background-color:#99bfe6; color:#000; font-weight:bold;"><td colspan="2" style="padding:4px; text-align:center;">320409090010</td></tr>
<tr style="background-color:#f0f5fa;"><td style="padding:3px; width:45%;"><b>FID</b></td><td style="padding:3px;">8780</td></tr>
<tr style="background-color:#dbe8f5;"><td style="padding:3px;"><b>รหัสแปลง</b></td><td style="padding:3px;">320409090010</td></tr>
<tr style="background-color:#f0f5fa;"><td style="padding:3px;"><b>รหัสกลุ่มคิว</b></td><td style="padding:3px;">83_001</td></tr>
<tr style="background-color:#dbe8f5;"><td style="padding:3px;"><b>นักเกษตร</b></td><td style="padding:3px;">8301</td></tr>
<tr style="background-color:#f0f5fa;"><td style="padding:3px;"><b>ศูนย์</b></td><td style="padding:3px;">K2-83</td></tr>
<tr style="background-color:#dbe8f5;"><td style="padding:3px;"><b>สถานที่ส่งอ้อย</b></td><td style="padding:3px;">รถตัด</td></tr>
<tr style="background-color:#f0f5fa;"><td style="padding:3px;"><b>ประเภทคิว</b></td><td style="padding:3px;">รถตัด</td></tr>
<tr style="background-color:#dbe8f5;"><td style="padding:3px;"><b>ประเภทรถ</b></td><td style="padding:3px;">10 ล้อเดี่ยว</td></tr>
<tr style="background-color:#f0f5fa;"><td style="padding:3px;"><b>ประเภทชาวไร่</b></td><td style="padding:3px;">รถตัด</td></tr>
<tr style="background-color:#dbe8f5;"><td style="padding:3px;"><b>สถานีขนถ่าย</b></td><td style="padding:3px;"></td></tr>
<tr style="background-color:#f0f5fa;"><td style="padding:3px;"><b>สถานะยืนยัน</b></td><td style="padding:3px;">N</td></tr>
<tr style="background-color:#dbe8f5;"><td style="padding:3px;"><b>โควตา</b></td><td style="padding:3px;">782403</td></tr>
<tr style="background-color:#f0f5fa;"><td style="padding:3px;"><b>ชาวไร่</b></td><td style="padding:3px;">นาย พิทักษ์ แสนกล้า</td></tr>
<tr style="background-color:#dbe8f5;"><td style="padding:3px;"><b>ประเภทอ้อย</b></td><td style="padding:3px;">ตอ1</td></tr>
<tr style="background-color:#f0f5fa;"><td style="padding:3px;"><b>พื้นที่</b></td><td style="padding:3px;">7.75</td></tr>
<tr style="background-color:#dbe8f5;"><td style="padding:3px;"><b>ปีผลิต</b></td><td style="padding:3px;">256970</td></tr>
<tr style="background-color:#f0f5fa;"><td style="padding:3px;"><b>ตันรวม</b></td><td style="padding:3px;">69.75</td></tr>
<tr style="background-color:#dbe8f5;"><td style="padding:3px;"><b>สถานที่ส่งอ้อย_1</b></td><td style="padding:3px;">รถตัด</td></tr>
</table>]]></description>
      <MultiGeometry><Polygon><outerBoundaryIs><LinearRing><coordinates>103.585212049843,15.1522603203729 103.5846001102,15.1525035100423 103.585229609664,15.1539922501473 103.58581026,15.1537451997301 103.585212049843,15.1522603203729</coordinates></LinearRing></outerBoundaryIs></Polygon></MultiGeometry>
    </Placemark>
    <Placemark>
      <name>320407010011</name>
      <styleUrl>#style_83_001</styleUrl>
      <description><![CDATA[<h3 style="margin-bottom:6px; font-family:sans-serif;">320407010011</h3>
<table style="width:100%; border-collapse:collapse; font-family:sans-serif; font-size:12px;">
<tr style="background-color:#99bfe6; color:#000; font-weight:bold;"><td colspan="2" style="padding:4px; text-align:center;">320407010011</td></tr>
<tr style="background-color:#f0f5fa;"><td style="padding:3px; width:45%;"><b>FID</b></td><td style="padding:3px;">8848</td></tr>
<tr style="background-color:#dbe8f5;"><td style="padding:3px;"><b>รหัสแปลง</b></td><td style="padding:3px;">320407010011</td></tr>
<tr style="background-color:#f0f5fa;"><td style="padding:3px;"><b>รหัสกลุ่มคิว</b></td><td style="padding:3px;">83_001</td></tr>
<tr style="background-color:#dbe8f5;"><td style="padding:3px;"><b>นักเกษตร</b></td><td style="padding:3px;">8301</td></tr>
<tr style="background-color:#f0f5fa;"><td style="padding:3px;"><b>ศูนย์</b></td><td style="padding:3px;">K2-83</td></tr>
<tr style="background-color:#dbe8f5;"><td style="padding:3px;"><b>สถานที่ส่งอ้อย</b></td><td style="padding:3px;">รถตัด</td></tr>
<tr style="background-color:#f0f5fa;"><td style="padding:3px;"><b>ประเภทคิว</b></td><td style="padding:3px;">รถตัด</td></tr>
<tr style="background-color:#dbe8f5;"><td style="padding:3px;"><b>ประเภทรถ</b></td><td style="padding:3px;">10 ล้อเดี่ยว</td></tr>
<tr style="background-color:#f0f5fa;"><td style="padding:3px;"><b>ประเภทชาวไร่</b></td><td style="padding:3px;">รถตัด</td></tr>
<tr style="background-color:#dbe8f5;"><td style="padding:3px;"><b>สถานีขนถ่าย</b></td><td style="padding:3px;"></td></tr>
<tr style="background-color:#f0f5fa;"><td style="padding:3px;"><b>สถานะยืนยัน</b></td><td style="padding:3px;">N</td></tr>
<tr style="background-color:#dbe8f5;"><td style="padding:3px;"><b>โควตา</b></td><td style="padding:3px;">782452</td></tr>
<tr style="background-color:#f0f5fa;"><td style="padding:3px;"><b>ชาวไร่</b></td><td style="padding:3px;">นาย สุคม บุญเลิศ</td></tr>
<tr style="background-color:#dbe8f5;"><td style="padding:3px;"><b>ประเภทอ้อย</b></td><td style="padding:3px;">ตอ2</td></tr>
<tr style="background-color:#f0f5fa;"><td style="padding:3px;"><b>พื้นที่</b></td><td style="padding:3px;">2.35</td></tr>
<tr style="background-color:#dbe8f5;"><td style="padding:3px;"><b>ปีผลิต</b></td><td style="padding:3px;">256970</td></tr>
<tr style="background-color:#f0f5fa;"><td style="padding:3px;"><b>ตันรวม</b></td><td style="padding:3px;">18.8</td></tr>
<tr style="background-color:#dbe8f5;"><td style="padding:3px;"><b>สถานที่ส่งอ้อย_1</b></td><td style="padding:3px;">รถตัด</td></tr>
</table>]]></description>
      <MultiGeometry><Polygon><outerBoundaryIs><LinearRing><coordinates>103.603099850264,15.1674293195937 103.604470339774,15.1675964301144 103.604519251987,15.1673678283422 103.603085659802,15.1672131604113 103.603099850264,15.1674293195937</coordinates></LinearRing></outerBoundaryIs></Polygon></MultiGeometry>
    </Placemark>
    <Placemark>
      <name>320306050034</name>
      <styleUrl>#style_83_001</styleUrl>
      <description><![CDATA[<h3 style="margin-bottom:6px; font-family:sans-serif;">320306050034</h3>
<table style="width:100%; border-collapse:collapse; font-family:sans-serif; font-size:12px;">
<tr style="background-color:#99bfe6; color:#000; font-weight:bold;"><td colspan="2" style="padding:4px; text-align:center;">320306050034</td></tr>
<tr style="background-color:#f0f5fa;"><td style="padding:3px; width:45%;"><b>FID</b></td><td style="padding:3px;">8869</td></tr>
<tr style="background-color:#dbe8f5;"><td style="padding:3px;"><b>รหัสแปลง</b></td><td style="padding:3px;">320306050034</td></tr>
<tr style="background-color:#f0f5fa;"><td style="padding:3px;"><b>รหัสกลุ่มคิว</b></td><td style="padding:3px;">83_001</td></tr>
<tr style="background-color:#dbe8f5;"><td style="padding:3px;"><b>นักเกษตร</b></td><td style="padding:3px;">8301</td></tr>
<tr style="background-color:#f0f5fa;"><td style="padding:3px;"><b>ศูนย์</b></td><td style="padding:3px;">K2-83</td></tr>
<tr style="background-color:#dbe8f5;"><td style="padding:3px;"><b>สถานที่ส่งอ้อย</b></td><td style="padding:3px;">รถตัด</td></tr>
<tr style="background-color:#f0f5fa;"><td style="padding:3px;"><b>ประเภทคิว</b></td><td style="padding:3px;">รถตัด</td></tr>
<tr style="background-color:#dbe8f5;"><td style="padding:3px;"><b>ประเภทรถ</b></td><td style="padding:3px;">10 ล้อเดี่ยว</td></tr>
<tr style="background-color:#f0f5fa;"><td style="padding:3px;"><b>ประเภทชาวไร่</b></td><td style="padding:3px;">รถตัด</td></tr>
<tr style="background-color:#dbe8f5;"><td style="padding:3px;"><b>สถานีขนถ่าย</b></td><td style="padding:3px;"></td></tr>
<tr style="background-color:#f0f5fa;"><td style="padding:3px;"><b>สถานะยืนยัน</b></td><td style="padding:3px;">N</td></tr>
<tr style="background-color:#dbe8f5;"><td style="padding:3px;"><b>โควตา</b></td><td style="padding:3px;">784889</td></tr>
<tr style="background-color:#f0f5fa;"><td style="padding:3px;"><b>ชาวไร่</b></td><td style="padding:3px;">น.ส. เพชรัช คงมั่น</td></tr>
<tr style="background-color:#dbe8f5;"><td style="padding:3px;"><b>ประเภทอ้อย</b></td><td style="padding:3px;">ตอ4</td></tr>
<tr style="background-color:#f0f5fa;"><td style="padding:3px;"><b>พื้นที่</b></td><td style="padding:3px;">8.05</td></tr>
<tr style="background-color:#dbe8f5;"><td style="padding:3px;"><b>ปีผลิต</b></td><td style="padding:3px;">256970</td></tr>
<tr style="background-color:#f0f5fa;"><td style="padding:3px;"><b>ตันรวม</b></td><td style="padding:3px;">56.35</td></tr>
<tr style="background-color:#dbe8f5;"><td style="padding:3px;"><b>สถานที่ส่งอ้อย_1</b></td><td style="padding:3px;">รถตัด</td></tr>
</table>]]></description>
      <MultiGeometry><Polygon><outerBoundaryIs><LinearRing><coordinates>103.57370696964,15.1793601412275 103.573885336827,15.1801653486335 103.575218142936,15.1799791863099 103.575002559905,15.1791971966477 103.57370696964,15.1793601412275</coordinates></LinearRing></outerBoundaryIs></Polygon></MultiGeometry>
    </Placemark>
    <Placemark>
      <name>320401080014</name>
      <styleUrl>#style_83_001</styleUrl>
      <description><![CDATA[<h3 style="margin-bottom:6px; font-family:sans-serif;">320401080014</h3>
<table style="width:100%; border-collapse:collapse; font-family:sans-serif; font-size:12px;">
<tr style="background-color:#99bfe6; color:#000; font-weight:bold;"><td colspan="2" style="padding:4px; text-align:center;">320401080014</td></tr>
<tr style="background-color:#f0f5fa;"><td style="padding:3px; width:45%;"><b>FID</b></td><td style="padding:3px;">8907</td></tr>
<tr style="background-color:#dbe8f5;"><td style="padding:3px;"><b>รหัสแปลง</b></td><td style="padding:3px;">320401080014</td></tr>
<tr style="background-color:#f0f5fa;"><td style="padding:3px;"><b>รหัสกลุ่มคิว</b></td><td style="padding:3px;">83_001</td></tr>
<tr style="background-color:#dbe8f5;"><td style="padding:3px;"><b>นักเกษตร</b></td><td style="padding:3px;">8301</td></tr>
<tr style="background-color:#f0f5fa;"><td style="padding:3px;"><b>ศูนย์</b></td><td style="padding:3px;">K2-83</td></tr>
<tr style="background-color:#dbe8f5;"><td style="padding:3px;"><b>สถานที่ส่งอ้อย</b></td><td style="padding:3px;">รถตัด</td></tr>
<tr style="background-color:#f0f5fa;"><td style="padding:3px;"><b>ประเภทคิว</b></td><td style="padding:3px;">รถตัด</td></tr>
<tr style="background-color:#dbe8f5;"><td style="padding:3px;"><b>ประเภทรถ</b></td><td style="padding:3px;">10 ล้อเดี่ยว</td></tr>
<tr style="background-color:#f0f5fa;"><td style="padding:3px;"><b>ประเภทชาวไร่</b></td><td style="padding:3px;">รถตัด</td></tr>
<tr style="background-color:#dbe8f5;"><td style="padding:3px;"><b>สถานีขนถ่าย</b></td><td style="padding:3px;"></td></tr>
<tr style="background-color:#f0f5fa;"><td style="padding:3px;"><b>สถานะยืนยัน</b></td><td style="padding:3px;">N</td></tr>
<tr style="background-color:#dbe8f5;"><td style="padding:3px;"><b>โควตา</b></td><td style="padding:3px;">782403</td></tr>
<tr style="background-color:#f0f5fa;"><td style="padding:3px;"><b>ชาวไร่</b></td><td style="padding:3px;">นาย พิทักษ์ แสนกล้า</td></tr>
<tr style="background-color:#dbe8f5;"><td style="padding:3px;"><b>ประเภทอ้อย</b></td><td style="padding:3px;">ตอ1</td></tr>
<tr style="background-color:#f0f5fa;"><td style="padding:3px;"><b>พื้นที่</b></td><td style="padding:3px;">8.58</td></tr>
<tr style="background-color:#dbe8f5;"><td style="padding:3px;"><b>ปีผลิต</b></td><td style="padding:3px;">256970</td></tr>
<tr style="background-color:#f0f5fa;"><td style="padding:3px;"><b>ตันรวม</b></td><td style="padding:3px;">77.22</td></tr>
<tr style="background-color:#dbe8f5;"><td style="padding:3px;"><b>สถานที่ส่งอ้อย_1</b></td><td style="padding:3px;">รถตัด</td></tr>
</table>]]></description>
      <MultiGeometry><Polygon><outerBoundaryIs><LinearRing><coordinates>103.621413074436,15.1451710287299 103.622799357701,15.1445093188626 103.622374562864,15.1438599735227 103.621069500012,15.144476923194 103.621412739381,15.1451595037924 103.621413074436,15.1451710287299</coordinates></LinearRing></outerBoundaryIs></Polygon></MultiGeometry>
    </Placemark>
    <Placemark>
      <name>320306050035</name>
      <styleUrl>#style_83_001</styleUrl>
      <description><![CDATA[<h3 style="margin-bottom:6px; font-family:sans-serif;">320306050035</h3>
<table style="width:100%; border-collapse:collapse; font-family:sans-serif; font-size:12px;">
<tr style="background-color:#99bfe6; color:#000; font-weight:bold;"><td colspan="2" style="padding:4px; text-align:center;">320306050035</td></tr>
<tr style="background-color:#f0f5fa;"><td style="padding:3px; width:45%;"><b>FID</b></td><td style="padding:3px;">8913</td></tr>
<tr style="background-color:#dbe8f5;"><td style="padding:3px;"><b>รหัสแปลง</b></td><td style="padding:3px;">320306050035</td></tr>
<tr style="background-color:#f0f5fa;"><td style="padding:3px;"><b>รหัสกลุ่มคิว</b></td><td style="padding:3px;">83_001</td></tr>
<tr style="background-color:#dbe8f5;"><td style="padding:3px;"><b>นักเกษตร</b></td><td style="padding:3px;">8301</td></tr>
<tr style="background-color:#f0f5fa;"><td style="padding:3px;"><b>ศูนย์</b></td><td style="padding:3px;">K2-83</td></tr>
<tr style="background-color:#dbe8f5;"><td style="padding:3px;"><b>สถานที่ส่งอ้อย</b></td><td style="padding:3px;">รถตัด</td></tr>
<tr style="background-color:#f0f5fa;"><td style="padding:3px;"><b>ประเภทคิว</b></td><td style="padding:3px;">รถตัด</td></tr>
<tr style="background-color:#dbe8f5;"><td style="padding:3px;"><b>ประเภทรถ</b></td><td style="padding:3px;">10 ล้อเดี่ยว</td></tr>
<tr style="background-color:#f0f5fa;"><td style="padding:3px;"><b>ประเภทชาวไร่</b></td><td style="padding:3px;">รถตัด</td></tr>
<tr style="background-color:#dbe8f5;"><td style="padding:3px;"><b>สถานีขนถ่าย</b></td><td style="padding:3px;"></td></tr>
<tr style="background-color:#f0f5fa;"><td style="padding:3px;"><b>สถานะยืนยัน</b></td><td style="padding:3px;">N</td></tr>
<tr style="background-color:#dbe8f5;"><td style="padding:3px;"><b>โควตา</b></td><td style="padding:3px;">784889</td></tr>
<tr style="background-color:#f0f5fa;"><td style="padding:3px;"><b>ชาวไร่</b></td><td style="padding:3px;">น.ส. เพชรัช คงมั่น</td></tr>
<tr style="background-color:#dbe8f5;"><td style="padding:3px;"><b>ประเภทอ้อย</b></td><td style="padding:3px;">ตอ4</td></tr>
<tr style="background-color:#f0f5fa;"><td style="padding:3px;"><b>พื้นที่</b></td><td style="padding:3px;">6.54</td></tr>
<tr style="background-color:#dbe8f5;"><td style="padding:3px;"><b>ปีผลิต</b></td><td style="padding:3px;">256970</td></tr>
<tr style="background-color:#f0f5fa;"><td style="padding:3px;"><b>ตันรวม</b></td><td style="padding:3px;">45.78</td></tr>
<tr style="background-color:#dbe8f5;"><td style="padding:3px;"><b>สถานที่ส่งอ้อย_1</b></td><td style="padding:3px;">รถตัด</td></tr>
</table>]]></description>
      <MultiGeometry><Polygon><outerBoundaryIs><LinearRing><coordinates>103.573861782842,15.1801511830205 103.573977537272,15.1807822146483 103.574399650222,15.180735359869 103.575344541803,15.180544294129 103.575307913272,15.1802746902318 103.575226105332,15.1799635121312 103.573861782842,15.1801511830205</coordinates></LinearRing></outerBoundaryIs></Polygon></MultiGeometry>
    </Placemark>
    <Placemark>
      <name>320407090001</name>
      <styleUrl>#style_83_001</styleUrl>
      <description><![CDATA[<h3 style="margin-bottom:6px; font-family:sans-serif;">320407090001</h3>
<table style="width:100%; border-collapse:collapse; font-family:sans-serif; font-size:12px;">
<tr style="background-color:#99bfe6; color:#000; font-weight:bold;"><td colspan="2" style="padding:4px; text-align:center;">320407090001</td></tr>
<tr style="background-color:#f0f5fa;"><td style="padding:3px; width:45%;"><b>FID</b></td><td style="padding:3px;">8950</td></tr>
<tr style="background-color:#dbe8f5;"><td style="padding:3px;"><b>รหัสแปลง</b></td><td style="padding:3px;">320407090001</td></tr>
<tr style="background-color:#f0f5fa;"><td style="padding:3px;"><b>รหัสกลุ่มคิว</b></td><td style="padding:3px;">83_001</td></tr>
<tr style="background-color:#dbe8f5;"><td style="padding:3px;"><b>นักเกษตร</b></td><td style="padding:3px;">8301</td></tr>
<tr style="background-color:#f0f5fa;"><td style="padding:3px;"><b>ศูนย์</b></td><td style="padding:3px;">K2-83</td></tr>
<tr style="background-color:#dbe8f5;"><td style="padding:3px;"><b>สถานที่ส่งอ้อย</b></td><td style="padding:3px;">รถตัด</td></tr>
<tr style="background-color:#f0f5fa;"><td style="padding:3px;"><b>ประเภทคิว</b></td><td style="padding:3px;">รถตัด</td></tr>
<tr style="background-color:#dbe8f5;"><td style="padding:3px;"><b>ประเภทรถ</b></td><td style="padding:3px;">10 ล้อเดี่ยว</td></tr>
<tr style="background-color:#f0f5fa;"><td style="padding:3px;"><b>ประเภทชาวไร่</b></td><td style="padding:3px;">รถตัด</td></tr>
<tr style="background-color:#dbe8f5;"><td style="padding:3px;"><b>สถานีขนถ่าย</b></td><td style="padding:3px;"></td></tr>
<tr style="background-color:#f0f5fa;"><td style="padding:3px;"><b>สถานะยืนยัน</b></td><td style="padding:3px;">N</td></tr>
<tr style="background-color:#dbe8f5;"><td style="padding:3px;"><b>โควตา</b></td><td style="padding:3px;">782452</td></tr>
<tr style="background-color:#f0f5fa;"><td style="padding:3px;"><b>ชาวไร่</b></td><td style="padding:3px;">นาย สุคม บุญเลิศ</td></tr>
<tr style="background-color:#dbe8f5;"><td style="padding:3px;"><b>ประเภทอ้อย</b></td><td style="padding:3px;">ตอ1</td></tr>
<tr style="background-color:#f0f5fa;"><td style="padding:3px;"><b>พื้นที่</b></td><td style="padding:3px;">3.11</td></tr>
<tr style="background-color:#dbe8f5;"><td style="padding:3px;"><b>ปีผลิต</b></td><td style="padding:3px;">256970</td></tr>
<tr style="background-color:#f0f5fa;"><td style="padding:3px;"><b>ตันรวม</b></td><td style="padding:3px;">27.99</td></tr>
<tr style="background-color:#dbe8f5;"><td style="padding:3px;"><b>สถานที่ส่งอ้อย_1</b></td><td style="padding:3px;">รถตัด</td></tr>
</table>]]></description>
      <MultiGeometry><Polygon><outerBoundaryIs><LinearRing><coordinates>103.604674832721,15.1681854294151 103.604729650756,15.1679203940324 103.603133568194,15.1677179707589 103.603118229814,15.1679714399658 103.604674832721,15.1681854294151</coordinates></LinearRing></outerBoundaryIs></Polygon></MultiGeometry>
    </Placemark>
    <Placemark>
      <name>320406061679</name>
      <styleUrl>#style_83_001</styleUrl>
      <description><![CDATA[<h3 style="margin-bottom:6px; font-family:sans-serif;">320406061679</h3>
<table style="width:100%; border-collapse:collapse; font-family:sans-serif; font-size:12px;">
<tr style="background-color:#99bfe6; color:#000; font-weight:bold;"><td colspan="2" style="padding:4px; text-align:center;">320406061679</td></tr>
<tr style="background-color:#f0f5fa;"><td style="padding:3px; width:45%;"><b>FID</b></td><td style="padding:3px;">8963</td></tr>
<tr style="background-color:#dbe8f5;"><td style="padding:3px;"><b>รหัสแปลง</b></td><td style="padding:3px;">320406061679</td></tr>
<tr style="background-color:#f0f5fa;"><td style="padding:3px;"><b>รหัสกลุ่มคิว</b></td><td style="padding:3px;">83_001</td></tr>
<tr style="background-color:#dbe8f5;"><td style="padding:3px;"><b>นักเกษตร</b></td><td style="padding:3px;">8301</td></tr>
<tr style="background-color:#f0f5fa;"><td style="padding:3px;"><b>ศูนย์</b></td><td style="padding:3px;">K2-83</td></tr>
<tr style="background-color:#dbe8f5;"><td style="padding:3px;"><b>สถานที่ส่งอ้อย</b></td><td style="padding:3px;">รถตัด</td></tr>
<tr style="background-color:#f0f5fa;"><td style="padding:3px;"><b>ประเภทคิว</b></td><td style="padding:3px;">รถตัด</td></tr>
<tr style="background-color:#dbe8f5;"><td style="padding:3px;"><b>ประเภทรถ</b></td><td style="padding:3px;">10 ล้อเดี่ยว</td></tr>
<tr style="background-color:#f0f5fa;"><td style="padding:3px;"><b>ประเภทชาวไร่</b></td><td style="padding:3px;">รถตัด</td></tr>
<tr style="background-color:#dbe8f5;"><td style="padding:3px;"><b>สถานีขนถ่าย</b></td><td style="padding:3px;"></td></tr>
<tr style="background-color:#f0f5fa;"><td style="padding:3px;"><b>สถานะยืนยัน</b></td><td style="padding:3px;">N</td></tr>
<tr style="background-color:#dbe8f5;"><td style="padding:3px;"><b>โควตา</b></td><td style="padding:3px;">782239</td></tr>
<tr style="background-color:#f0f5fa;"><td style="padding:3px;"><b>ชาวไร่</b></td><td style="padding:3px;">นาง กาญจนา พุทธหล้า</td></tr>
<tr style="background-color:#dbe8f5;"><td style="padding:3px;"><b>ประเภทอ้อย</b></td><td style="padding:3px;">ปลายฝน</td></tr>
<tr style="background-color:#f0f5fa;"><td style="padding:3px;"><b>พื้นที่</b></td><td style="padding:3px;">11.4</td></tr>
<tr style="background-color:#dbe8f5;"><td style="padding:3px;"><b>ปีผลิต</b></td><td style="padding:3px;">256970</td></tr>
<tr style="background-color:#f0f5fa;"><td style="padding:3px;"><b>ตันรวม</b></td><td style="padding:3px;">148.2</td></tr>
<tr style="background-color:#dbe8f5;"><td style="padding:3px;"><b>สถานที่ส่งอ้อย_1</b></td><td style="padding:3px;">รถตัด</td></tr>
</table>]]></description>
      <MultiGeometry><Polygon><outerBoundaryIs><LinearRing><coordinates>103.68119999948,15.1472950003927 103.682271666482,15.1470949997086 103.682261666125,15.1465366666896 103.682176666211,15.1456766668718 103.681133333163,15.1458549995787 103.681223333571,15.147183333749 103.68119999948,15.1472950003927</coordinates></LinearRing></outerBoundaryIs></Polygon></MultiGeometry>
    </Placemark>
    <Placemark>
      <name>320409100030</name>
      <styleUrl>#style_83_001</styleUrl>
      <description><![CDATA[<h3 style="margin-bottom:6px; font-family:sans-serif;">320409100030</h3>
<table style="width:100%; border-collapse:collapse; font-family:sans-serif; font-size:12px;">
<tr style="background-color:#99bfe6; color:#000; font-weight:bold;"><td colspan="2" style="padding:4px; text-align:center;">320409100030</td></tr>
<tr style="background-color:#f0f5fa;"><td style="padding:3px; width:45%;"><b>FID</b></td><td style="padding:3px;">8972</td></tr>
<tr style="background-color:#dbe8f5;"><td style="padding:3px;"><b>รหัสแปลง</b></td><td style="padding:3px;">320409100030</td></tr>
<tr style="background-color:#f0f5fa;"><td style="padding:3px;"><b>รหัสกลุ่มคิว</b></td><td style="padding:3px;">83_001</td></tr>
<tr style="background-color:#dbe8f5;"><td style="padding:3px;"><b>นักเกษตร</b></td><td style="padding:3px;">8301</td></tr>
<tr style="background-color:#f0f5fa;"><td style="padding:3px;"><b>ศูนย์</b></td><td style="padding:3px;">K2-83</td></tr>
<tr style="background-color:#dbe8f5;"><td style="padding:3px;"><b>สถานที่ส่งอ้อย</b></td><td style="padding:3px;">รถตัด</td></tr>
<tr style="background-color:#f0f5fa;"><td style="padding:3px;"><b>ประเภทคิว</b></td><td style="padding:3px;">รถตัด</td></tr>
<tr style="background-color:#dbe8f5;"><td style="padding:3px;"><b>ประเภทรถ</b></td><td style="padding:3px;">10 ล้อเดี่ยว</td></tr>
<tr style="background-color:#f0f5fa;"><td style="padding:3px;"><b>ประเภทชาวไร่</b></td><td style="padding:3px;">รถตัด</td></tr>
<tr style="background-color:#dbe8f5;"><td style="padding:3px;"><b>สถานีขนถ่าย</b></td><td style="padding:3px;"></td></tr>
<tr style="background-color:#f0f5fa;"><td style="padding:3px;"><b>สถานะยืนยัน</b></td><td style="padding:3px;">N</td></tr>
<tr style="background-color:#dbe8f5;"><td style="padding:3px;"><b>โควตา</b></td><td style="padding:3px;">782493</td></tr>
<tr style="background-color:#f0f5fa;"><td style="padding:3px;"><b>ชาวไร่</b></td><td style="padding:3px;">นาย สมจิตร แผ่นทอง</td></tr>
<tr style="background-color:#dbe8f5;"><td style="padding:3px;"><b>ประเภทอ้อย</b></td><td style="padding:3px;">ตอ2</td></tr>
<tr style="background-color:#f0f5fa;"><td style="padding:3px;"><b>พื้นที่</b></td><td style="padding:3px;">3.26</td></tr>
<tr style="background-color:#dbe8f5;"><td style="padding:3px;"><b>ปีผลิต</b></td><td style="padding:3px;">256970</td></tr>
<tr style="background-color:#f0f5fa;"><td style="padding:3px;"><b>ตันรวม</b></td><td style="padding:3px;">26.08</td></tr>
<tr style="background-color:#dbe8f5;"><td style="padding:3px;"><b>สถานที่ส่งอ้อย_1</b></td><td style="padding:3px;">รถตัด</td></tr>
</table>]]></description>
      <MultiGeometry><Polygon><outerBoundaryIs><LinearRing><coordinates>103.58051272953,15.1664025501024 103.580316789955,15.1664062702558 103.580364900091,15.1667452900837 103.580416529436,15.1671072200251 103.580437019647,15.1672825600903 103.580454989972,15.1673768001387 103.580514190138,15.1676106801296 103.58066257017,15.1682119796407 103.580719540314,15.1682584395247 103.58075346965,15.1685474501188 103.580909130025,15.1685588901111 103.58051272953,15.1664025501024</coordinates></LinearRing></outerBoundaryIs></Polygon></MultiGeometry>
    </Placemark>
    <Placemark>
      <name>320409090011</name>
      <styleUrl>#style_83_001</styleUrl>
      <description><![CDATA[<h3 style="margin-bottom:6px; font-family:sans-serif;">320409090011</h3>
<table style="width:100%; border-collapse:collapse; font-family:sans-serif; font-size:12px;">
<tr style="background-color:#99bfe6; color:#000; font-weight:bold;"><td colspan="2" style="padding:4px; text-align:center;">320409090011</td></tr>
<tr style="background-color:#f0f5fa;"><td style="padding:3px; width:45%;"><b>FID</b></td><td style="padding:3px;">9043</td></tr>
<tr style="background-color:#dbe8f5;"><td style="padding:3px;"><b>รหัสแปลง</b></td><td style="padding:3px;">320409090011</td></tr>
<tr style="background-color:#f0f5fa;"><td style="padding:3px;"><b>รหัสกลุ่มคิว</b></td><td style="padding:3px;">83_001</td></tr>
<tr style="background-color:#dbe8f5;"><td style="padding:3px;"><b>นักเกษตร</b></td><td style="padding:3px;">8301</td></tr>
<tr style="background-color:#f0f5fa;"><td style="padding:3px;"><b>ศูนย์</b></td><td style="padding:3px;">K2-83</td></tr>
<tr style="background-color:#dbe8f5;"><td style="padding:3px;"><b>สถานที่ส่งอ้อย</b></td><td style="padding:3px;">รถตัด</td></tr>
<tr style="background-color:#f0f5fa;"><td style="padding:3px;"><b>ประเภทคิว</b></td><td style="padding:3px;">รถตัด</td></tr>
<tr style="background-color:#dbe8f5;"><td style="padding:3px;"><b>ประเภทรถ</b></td><td style="padding:3px;">10 ล้อเดี่ยว</td></tr>
<tr style="background-color:#f0f5fa;"><td style="padding:3px;"><b>ประเภทชาวไร่</b></td><td style="padding:3px;">รถตัด</td></tr>
<tr style="background-color:#dbe8f5;"><td style="padding:3px;"><b>สถานีขนถ่าย</b></td><td style="padding:3px;"></td></tr>
<tr style="background-color:#f0f5fa;"><td style="padding:3px;"><b>สถานะยืนยัน</b></td><td style="padding:3px;">N</td></tr>
<tr style="background-color:#dbe8f5;"><td style="padding:3px;"><b>โควตา</b></td><td style="padding:3px;">782403</td></tr>
<tr style="background-color:#f0f5fa;"><td style="padding:3px;"><b>ชาวไร่</b></td><td style="padding:3px;">นาย พิทักษ์ แสนกล้า</td></tr>
<tr style="background-color:#dbe8f5;"><td style="padding:3px;"><b>ประเภทอ้อย</b></td><td style="padding:3px;">ตอ1</td></tr>
<tr style="background-color:#f0f5fa;"><td style="padding:3px;"><b>พื้นที่</b></td><td style="padding:3px;">24.08</td></tr>
<tr style="background-color:#dbe8f5;"><td style="padding:3px;"><b>ปีผลิต</b></td><td style="padding:3px;">256970</td></tr>
<tr style="background-color:#f0f5fa;"><td style="padding:3px;"><b>ตันรวม</b></td><td style="padding:3px;">216.72</td></tr>
<tr style="background-color:#dbe8f5;"><td style="padding:3px;"><b>สถานที่ส่งอ้อย_1</b></td><td style="padding:3px;">รถตัด</td></tr>
</table>]]></description>
      <MultiGeometry><Polygon><outerBoundaryIs><LinearRing><coordinates>103.587206191773,15.1515527162654 103.585549676598,15.1521392403173 103.585331244646,15.152230057455 103.585268128359,15.1522950593372 103.585840361507,15.1537020872654 103.587032686968,15.1532510574384 103.587351115753,15.1530910470881 103.587860483878,15.1529364849341 103.587583377998,15.1524602666631 103.587206191773,15.1515527162654</coordinates></LinearRing></outerBoundaryIs></Polygon></MultiGeometry>
    </Placemark>
    <Placemark>
      <name>320305081503</name>
      <styleUrl>#style_83_001</styleUrl>
      <description><![CDATA[<h3 style="margin-bottom:6px; font-family:sans-serif;">320305081503</h3>
<table style="width:100%; border-collapse:collapse; font-family:sans-serif; font-size:12px;">
<tr style="background-color:#99bfe6; color:#000; font-weight:bold;"><td colspan="2" style="padding:4px; text-align:center;">320305081503</td></tr>
<tr style="background-color:#f0f5fa;"><td style="padding:3px; width:45%;"><b>FID</b></td><td style="padding:3px;">9286</td></tr>
<tr style="background-color:#dbe8f5;"><td style="padding:3px;"><b>รหัสแปลง</b></td><td style="padding:3px;">320305081503</td></tr>
<tr style="background-color:#f0f5fa;"><td style="padding:3px;"><b>รหัสกลุ่มคิว</b></td><td style="padding:3px;">83_001</td></tr>
<tr style="background-color:#dbe8f5;"><td style="padding:3px;"><b>นักเกษตร</b></td><td style="padding:3px;">8301</td></tr>
<tr style="background-color:#f0f5fa;"><td style="padding:3px;"><b>ศูนย์</b></td><td style="padding:3px;">K2-83</td></tr>
<tr style="background-color:#dbe8f5;"><td style="padding:3px;"><b>สถานที่ส่งอ้อย</b></td><td style="padding:3px;">รถตัด</td></tr>
<tr style="background-color:#f0f5fa;"><td style="padding:3px;"><b>ประเภทคิว</b></td><td style="padding:3px;">รถตัด</td></tr>
<tr style="background-color:#dbe8f5;"><td style="padding:3px;"><b>ประเภทรถ</b></td><td style="padding:3px;">10 ล้อเดี่ยว</td></tr>
<tr style="background-color:#f0f5fa;"><td style="padding:3px;"><b>ประเภทชาวไร่</b></td><td style="padding:3px;">รถตัด</td></tr>
<tr style="background-color:#dbe8f5;"><td style="padding:3px;"><b>สถานีขนถ่าย</b></td><td style="padding:3px;"></td></tr>
<tr style="background-color:#f0f5fa;"><td style="padding:3px;"><b>สถานะยืนยัน</b></td><td style="padding:3px;">N</td></tr>
<tr style="background-color:#dbe8f5;"><td style="padding:3px;"><b>โควตา</b></td><td style="padding:3px;">782403</td></tr>
<tr style="background-color:#f0f5fa;"><td style="padding:3px;"><b>ชาวไร่</b></td><td style="padding:3px;">นาย พิทักษ์ แสนกล้า</td></tr>
<tr style="background-color:#dbe8f5;"><td style="padding:3px;"><b>ประเภทอ้อย</b></td><td style="padding:3px;">ตอ2</td></tr>
<tr style="background-color:#f0f5fa;"><td style="padding:3px;"><b>พื้นที่</b></td><td style="padding:3px;">3.56</td></tr>
<tr style="background-color:#dbe8f5;"><td style="padding:3px;"><b>ปีผลิต</b></td><td style="padding:3px;">256970</td></tr>
<tr style="background-color:#f0f5fa;"><td style="padding:3px;"><b>ตันรวม</b></td><td style="padding:3px;">28.48</td></tr>
<tr style="background-color:#dbe8f5;"><td style="padding:3px;"><b>สถานที่ส่งอ้อย_1</b></td><td style="padding:3px;">รถตัด</td></tr>
</table>]]></description>
      <MultiGeometry><Polygon><outerBoundaryIs><LinearRing><coordinates>103.634169479922,15.1835054103542 103.634296790186,15.1844815897024 103.634316899798,15.1846746602228 103.634330850071,15.184762350367 103.634336639832,15.1847854799241 103.634383759424,15.1850246202558 103.634371810014,15.1850950597643 103.634377549893,15.1851104298786 103.63438606942,15.1851778201996 103.634707200072,15.1850281998971 103.634409750176,15.1834612797623 103.634169479922,15.1835054103542</coordinates></LinearRing></outerBoundaryIs></Polygon></MultiGeometry>
    </Placemark>
    <Placemark>
      <name>320401071511</name>
      <styleUrl>#style_83_001</styleUrl>
      <description><![CDATA[<h3 style="margin-bottom:6px; font-family:sans-serif;">320401071511</h3>
<table style="width:100%; border-collapse:collapse; font-family:sans-serif; font-size:12px;">
<tr style="background-color:#99bfe6; color:#000; font-weight:bold;"><td colspan="2" style="padding:4px; text-align:center;">320401071511</td></tr>
<tr style="background-color:#f0f5fa;"><td style="padding:3px; width:45%;"><b>FID</b></td><td style="padding:3px;">9318</td></tr>
<tr style="background-color:#dbe8f5;"><td style="padding:3px;"><b>รหัสแปลง</b></td><td style="padding:3px;">320401071511</td></tr>
<tr style="background-color:#f0f5fa;"><td style="padding:3px;"><b>รหัสกลุ่มคิว</b></td><td style="padding:3px;">83_001</td></tr>
<tr style="background-color:#dbe8f5;"><td style="padding:3px;"><b>นักเกษตร</b></td><td style="padding:3px;">8301</td></tr>
<tr style="background-color:#f0f5fa;"><td style="padding:3px;"><b>ศูนย์</b></td><td style="padding:3px;">K2-83</td></tr>
<tr style="background-color:#dbe8f5;"><td style="padding:3px;"><b>สถานที่ส่งอ้อย</b></td><td style="padding:3px;">รถตัด</td></tr>
<tr style="background-color:#f0f5fa;"><td style="padding:3px;"><b>ประเภทคิว</b></td><td style="padding:3px;">รถตัด</td></tr>
<tr style="background-color:#dbe8f5;"><td style="padding:3px;"><b>ประเภทรถ</b></td><td style="padding:3px;">10 ล้อเดี่ยว</td></tr>
<tr style="background-color:#f0f5fa;"><td style="padding:3px;"><b>ประเภทชาวไร่</b></td><td style="padding:3px;">รถตัด</td></tr>
<tr style="background-color:#dbe8f5;"><td style="padding:3px;"><b>สถานีขนถ่าย</b></td><td style="padding:3px;"></td></tr>
<tr style="background-color:#f0f5fa;"><td style="padding:3px;"><b>สถานะยืนยัน</b></td><td style="padding:3px;">N</td></tr>
<tr style="background-color:#dbe8f5;"><td style="padding:3px;"><b>โควตา</b></td><td style="padding:3px;">787028</td></tr>
<tr style="background-color:#f0f5fa;"><td style="padding:3px;"><b>ชาวไร่</b></td><td style="padding:3px;">นาง เง็ก ธนาศุภวัฒน์</td></tr>
<tr style="background-color:#dbe8f5;"><td style="padding:3px;"><b>ประเภทอ้อย</b></td><td style="padding:3px;">ปลายฝน</td></tr>
<tr style="background-color:#f0f5fa;"><td style="padding:3px;"><b>พื้นที่</b></td><td style="padding:3px;">15.71</td></tr>
<tr style="background-color:#dbe8f5;"><td style="padding:3px;"><b>ปีผลิต</b></td><td style="padding:3px;">256970</td></tr>
<tr style="background-color:#f0f5fa;"><td style="padding:3px;"><b>ตันรวม</b></td><td style="padding:3px;">204.23</td></tr>
<tr style="background-color:#dbe8f5;"><td style="padding:3px;"><b>สถานที่ส่งอ้อย_1</b></td><td style="padding:3px;">รถตัด</td></tr>
</table>]]></description>
      <MultiGeometry><Polygon><outerBoundaryIs><LinearRing><coordinates>103.619223637367,15.1381660625318 103.619988905255,15.139364213679 103.620434403671,15.1394062074182 103.620673203912,15.1395698212922 103.620758782997,15.1395263199147 103.620640430299,15.1388169173073 103.621094394478,15.1386219126769 103.621095902996,15.1382897372632 103.621099675301,15.1379690039733 103.62101216762,15.1376053546953 103.619223637367,15.1381660625318</coordinates></LinearRing></outerBoundaryIs></Polygon></MultiGeometry>
    </Placemark>
    <Placemark>
      <name>320409090015</name>
      <styleUrl>#style_83_001</styleUrl>
      <description><![CDATA[<h3 style="margin-bottom:6px; font-family:sans-serif;">320409090015</h3>
<table style="width:100%; border-collapse:collapse; font-family:sans-serif; font-size:12px;">
<tr style="background-color:#99bfe6; color:#000; font-weight:bold;"><td colspan="2" style="padding:4px; text-align:center;">320409090015</td></tr>
<tr style="background-color:#f0f5fa;"><td style="padding:3px; width:45%;"><b>FID</b></td><td style="padding:3px;">9370</td></tr>
<tr style="background-color:#dbe8f5;"><td style="padding:3px;"><b>รหัสแปลง</b></td><td style="padding:3px;">320409090015</td></tr>
<tr style="background-color:#f0f5fa;"><td style="padding:3px;"><b>รหัสกลุ่มคิว</b></td><td style="padding:3px;">83_001</td></tr>
<tr style="background-color:#dbe8f5;"><td style="padding:3px;"><b>นักเกษตร</b></td><td style="padding:3px;">8301</td></tr>
<tr style="background-color:#f0f5fa;"><td style="padding:3px;"><b>ศูนย์</b></td><td style="padding:3px;">K2-83</td></tr>
<tr style="background-color:#dbe8f5;"><td style="padding:3px;"><b>สถานที่ส่งอ้อย</b></td><td style="padding:3px;">รถตัด</td></tr>
<tr style="background-color:#f0f5fa;"><td style="padding:3px;"><b>ประเภทคิว</b></td><td style="padding:3px;">รถตัด</td></tr>
<tr style="background-color:#dbe8f5;"><td style="padding:3px;"><b>ประเภทรถ</b></td><td style="padding:3px;">10 ล้อเดี่ยว</td></tr>
<tr style="background-color:#f0f5fa;"><td style="padding:3px;"><b>ประเภทชาวไร่</b></td><td style="padding:3px;">รถตัด</td></tr>
<tr style="background-color:#dbe8f5;"><td style="padding:3px;"><b>สถานีขนถ่าย</b></td><td style="padding:3px;"></td></tr>
<tr style="background-color:#f0f5fa;"><td style="padding:3px;"><b>สถานะยืนยัน</b></td><td style="padding:3px;">N</td></tr>
<tr style="background-color:#dbe8f5;"><td style="padding:3px;"><b>โควตา</b></td><td style="padding:3px;">787027</td></tr>
<tr style="background-color:#f0f5fa;"><td style="padding:3px;"><b>ชาวไร่</b></td><td style="padding:3px;">นาย บุญลอง แสนกล้า</td></tr>
<tr style="background-color:#dbe8f5;"><td style="padding:3px;"><b>ประเภทอ้อย</b></td><td style="padding:3px;">ปลายฝน</td></tr>
<tr style="background-color:#f0f5fa;"><td style="padding:3px;"><b>พื้นที่</b></td><td style="padding:3px;">7.22</td></tr>
<tr style="background-color:#dbe8f5;"><td style="padding:3px;"><b>ปีผลิต</b></td><td style="padding:3px;">256970</td></tr>
<tr style="background-color:#f0f5fa;"><td style="padding:3px;"><b>ตันรวม</b></td><td style="padding:3px;">93.86</td></tr>
<tr style="background-color:#dbe8f5;"><td style="padding:3px;"><b>สถานที่ส่งอ้อย_1</b></td><td style="padding:3px;">รถตัด</td></tr>
</table>]]></description>
      <MultiGeometry><Polygon><outerBoundaryIs><LinearRing><coordinates>103.585216449935,15.1560113795298 103.583516569528,15.1565296700103 103.583529419578,15.1564911797352 103.583930980198,15.1563755000891 103.583821299633,15.1559596299611 103.583403100099,15.1560336497186 103.583598390209,15.1570313897386 103.584036649516,15.1568776002597 103.584412279773,15.156711930238 103.584533779779,15.1566369703516 103.584707740344,15.1565409401629 103.584865279657,15.1564672198156 103.58503008029,15.1564086200361 103.585420560314,15.1562973199794 103.585216449935,15.1560113795298</coordinates></LinearRing></outerBoundaryIs></Polygon></MultiGeometry>
    </Placemark>
    <Placemark>
      <name>320409120008</name>
      <styleUrl>#style_83_001</styleUrl>
      <description><![CDATA[<h3 style="margin-bottom:6px; font-family:sans-serif;">320409120008</h3>
<table style="width:100%; border-collapse:collapse; font-family:sans-serif; font-size:12px;">
<tr style="background-color:#99bfe6; color:#000; font-weight:bold;"><td colspan="2" style="padding:4px; text-align:center;">320409120008</td></tr>
<tr style="background-color:#f0f5fa;"><td style="padding:3px; width:45%;"><b>FID</b></td><td style="padding:3px;">9371</td></tr>
<tr style="background-color:#dbe8f5;"><td style="padding:3px;"><b>รหัสแปลง</b></td><td style="padding:3px;">320409120008</td></tr>
<tr style="background-color:#f0f5fa;"><td style="padding:3px;"><b>รหัสกลุ่มคิว</b></td><td style="padding:3px;">83_001</td></tr>
<tr style="background-color:#dbe8f5;"><td style="padding:3px;"><b>นักเกษตร</b></td><td style="padding:3px;">8301</td></tr>
<tr style="background-color:#f0f5fa;"><td style="padding:3px;"><b>ศูนย์</b></td><td style="padding:3px;">K2-83</td></tr>
<tr style="background-color:#dbe8f5;"><td style="padding:3px;"><b>สถานที่ส่งอ้อย</b></td><td style="padding:3px;">รถตัด</td></tr>
<tr style="background-color:#f0f5fa;"><td style="padding:3px;"><b>ประเภทคิว</b></td><td style="padding:3px;">รถตัด</td></tr>
<tr style="background-color:#dbe8f5;"><td style="padding:3px;"><b>ประเภทรถ</b></td><td style="padding:3px;">10 ล้อเดี่ยว</td></tr>
<tr style="background-color:#f0f5fa;"><td style="padding:3px;"><b>ประเภทชาวไร่</b></td><td style="padding:3px;">รถตัด</td></tr>
<tr style="background-color:#dbe8f5;"><td style="padding:3px;"><b>สถานีขนถ่าย</b></td><td style="padding:3px;"></td></tr>
<tr style="background-color:#f0f5fa;"><td style="padding:3px;"><b>สถานะยืนยัน</b></td><td style="padding:3px;">N</td></tr>
<tr style="background-color:#dbe8f5;"><td style="padding:3px;"><b>โควตา</b></td><td style="padding:3px;">787019</td></tr>
<tr style="background-color:#f0f5fa;"><td style="padding:3px;"><b>ชาวไร่</b></td><td style="padding:3px;">นาย อำนาจ สุขแสวง</td></tr>
<tr style="background-color:#dbe8f5;"><td style="padding:3px;"><b>ประเภทอ้อย</b></td><td style="padding:3px;">ปลายฝน</td></tr>
<tr style="background-color:#f0f5fa;"><td style="padding:3px;"><b>พื้นที่</b></td><td style="padding:3px;">4.27</td></tr>
<tr style="background-color:#dbe8f5;"><td style="padding:3px;"><b>ปีผลิต</b></td><td style="padding:3px;">256970</td></tr>
<tr style="background-color:#f0f5fa;"><td style="padding:3px;"><b>ตันรวม</b></td><td style="padding:3px;">55.51</td></tr>
<tr style="background-color:#dbe8f5;"><td style="padding:3px;"><b>สถานที่ส่งอ้อย_1</b></td><td style="padding:3px;">รถตัด</td></tr>
</table>]]></description>
      <MultiGeometry><Polygon><outerBoundaryIs><LinearRing><coordinates>103.582872460018,15.1512064602062 103.583089479738,15.151135469714 103.582846210048,15.1507472303426 103.582048859502,15.1509162098008 103.582289990176,15.151634319722 103.582921640233,15.1514265395271 103.582872460018,15.1512064602062</coordinates></LinearRing></outerBoundaryIs></Polygon></MultiGeometry>
    </Placemark>
    <Placemark>
      <name>320409100042</name>
      <styleUrl>#style_83_001</styleUrl>
      <description><![CDATA[<h3 style="margin-bottom:6px; font-family:sans-serif;">320409100042</h3>
<table style="width:100%; border-collapse:collapse; font-family:sans-serif; font-size:12px;">
<tr style="background-color:#99bfe6; color:#000; font-weight:bold;"><td colspan="2" style="padding:4px; text-align:center;">320409100042</td></tr>
<tr style="background-color:#f0f5fa;"><td style="padding:3px; width:45%;"><b>FID</b></td><td style="padding:3px;">9447</td></tr>
<tr style="background-color:#dbe8f5;"><td style="padding:3px;"><b>รหัสแปลง</b></td><td style="padding:3px;">320409100042</td></tr>
<tr style="background-color:#f0f5fa;"><td style="padding:3px;"><b>รหัสกลุ่มคิว</b></td><td style="padding:3px;">83_001</td></tr>
<tr style="background-color:#dbe8f5;"><td style="padding:3px;"><b>นักเกษตร</b></td><td style="padding:3px;">8301</td></tr>
<tr style="background-color:#f0f5fa;"><td style="padding:3px;"><b>ศูนย์</b></td><td style="padding:3px;">K2-83</td></tr>
<tr style="background-color:#dbe8f5;"><td style="padding:3px;"><b>สถานที่ส่งอ้อย</b></td><td style="padding:3px;">รถตัด</td></tr>
<tr style="background-color:#f0f5fa;"><td style="padding:3px;"><b>ประเภทคิว</b></td><td style="padding:3px;">รถตัด</td></tr>
<tr style="background-color:#dbe8f5;"><td style="padding:3px;"><b>ประเภทรถ</b></td><td style="padding:3px;">10 ล้อเดี่ยว</td></tr>
<tr style="background-color:#f0f5fa;"><td style="padding:3px;"><b>ประเภทชาวไร่</b></td><td style="padding:3px;">รถตัด</td></tr>
<tr style="background-color:#dbe8f5;"><td style="padding:3px;"><b>สถานีขนถ่าย</b></td><td style="padding:3px;"></td></tr>
<tr style="background-color:#f0f5fa;"><td style="padding:3px;"><b>สถานะยืนยัน</b></td><td style="padding:3px;">N</td></tr>
<tr style="background-color:#dbe8f5;"><td style="padding:3px;"><b>โควตา</b></td><td style="padding:3px;">784963</td></tr>
<tr style="background-color:#f0f5fa;"><td style="padding:3px;"><b>ชาวไร่</b></td><td style="padding:3px;">นาย สมสิทธิ์ กระแสเทพ</td></tr>
<tr style="background-color:#dbe8f5;"><td style="padding:3px;"><b>ประเภทอ้อย</b></td><td style="padding:3px;">ตอ3</td></tr>
<tr style="background-color:#f0f5fa;"><td style="padding:3px;"><b>พื้นที่</b></td><td style="padding:3px;">7.5</td></tr>
<tr style="background-color:#dbe8f5;"><td style="padding:3px;"><b>ปีผลิต</b></td><td style="padding:3px;">256970</td></tr>
<tr style="background-color:#f0f5fa;"><td style="padding:3px;"><b>ตันรวม</b></td><td style="padding:3px;">52.5</td></tr>
<tr style="background-color:#dbe8f5;"><td style="padding:3px;"><b>สถานที่ส่งอ้อย_1</b></td><td style="padding:3px;">รถตัด</td></tr>
</table>]]></description>
      <MultiGeometry><Polygon><outerBoundaryIs><LinearRing><coordinates>103.578730650207,15.1617717500633 103.578674440286,15.1590977296291 103.578287310009,15.1591553399086 103.578359289691,15.1617687497606 103.578730650207,15.1617717500633</coordinates></LinearRing></outerBoundaryIs></Polygon></MultiGeometry>
    </Placemark>
    <Placemark>
      <name>320409100045</name>
      <styleUrl>#style_83_001</styleUrl>
      <description><![CDATA[<h3 style="margin-bottom:6px; font-family:sans-serif;">320409100045</h3>
<table style="width:100%; border-collapse:collapse; font-family:sans-serif; font-size:12px;">
<tr style="background-color:#99bfe6; color:#000; font-weight:bold;"><td colspan="2" style="padding:4px; text-align:center;">320409100045</td></tr>
<tr style="background-color:#f0f5fa;"><td style="padding:3px; width:45%;"><b>FID</b></td><td style="padding:3px;">9517</td></tr>
<tr style="background-color:#dbe8f5;"><td style="padding:3px;"><b>รหัสแปลง</b></td><td style="padding:3px;">320409100045</td></tr>
<tr style="background-color:#f0f5fa;"><td style="padding:3px;"><b>รหัสกลุ่มคิว</b></td><td style="padding:3px;">83_001</td></tr>
<tr style="background-color:#dbe8f5;"><td style="padding:3px;"><b>นักเกษตร</b></td><td style="padding:3px;">8301</td></tr>
<tr style="background-color:#f0f5fa;"><td style="padding:3px;"><b>ศูนย์</b></td><td style="padding:3px;">K2-83</td></tr>
<tr style="background-color:#dbe8f5;"><td style="padding:3px;"><b>สถานที่ส่งอ้อย</b></td><td style="padding:3px;">รถตัด</td></tr>
<tr style="background-color:#f0f5fa;"><td style="padding:3px;"><b>ประเภทคิว</b></td><td style="padding:3px;">รถตัด</td></tr>
<tr style="background-color:#dbe8f5;"><td style="padding:3px;"><b>ประเภทรถ</b></td><td style="padding:3px;">10 ล้อเดี่ยว</td></tr>
<tr style="background-color:#f0f5fa;"><td style="padding:3px;"><b>ประเภทชาวไร่</b></td><td style="padding:3px;">รถตัด</td></tr>
<tr style="background-color:#dbe8f5;"><td style="padding:3px;"><b>สถานีขนถ่าย</b></td><td style="padding:3px;"></td></tr>
<tr style="background-color:#f0f5fa;"><td style="padding:3px;"><b>สถานะยืนยัน</b></td><td style="padding:3px;">N</td></tr>
<tr style="background-color:#dbe8f5;"><td style="padding:3px;"><b>โควตา</b></td><td style="padding:3px;">782493</td></tr>
<tr style="background-color:#f0f5fa;"><td style="padding:3px;"><b>ชาวไร่</b></td><td style="padding:3px;">นาย สมจิตร แผ่นทอง</td></tr>
<tr style="background-color:#dbe8f5;"><td style="padding:3px;"><b>ประเภทอ้อย</b></td><td style="padding:3px;">ตอ1</td></tr>
<tr style="background-color:#f0f5fa;"><td style="padding:3px;"><b>พื้นที่</b></td><td style="padding:3px;">7.85</td></tr>
<tr style="background-color:#dbe8f5;"><td style="padding:3px;"><b>ปีผลิต</b></td><td style="padding:3px;">256970</td></tr>
<tr style="background-color:#f0f5fa;"><td style="padding:3px;"><b>ตันรวม</b></td><td style="padding:3px;">70.65</td></tr>
<tr style="background-color:#dbe8f5;"><td style="padding:3px;"><b>สถานที่ส่งอ้อย_1</b></td><td style="padding:3px;">รถตัด</td></tr>
</table>]]></description>
      <MultiGeometry><Polygon><outerBoundaryIs><LinearRing><coordinates>103.581083966677,15.1664525554028 103.58058348255,15.1665300873298 103.580699069406,15.1673189501501 103.580910795754,15.1686042310424 103.581144064765,15.1685887664023 103.581125791862,15.1685143354284 103.581395353824,15.1685342423953 103.581083966677,15.1664525554028</coordinates></LinearRing></outerBoundaryIs></Polygon></MultiGeometry>
    </Placemark>
    <Placemark>
      <name>320409090019</name>
      <styleUrl>#style_83_001</styleUrl>
      <description><![CDATA[<h3 style="margin-bottom:6px; font-family:sans-serif;">320409090019</h3>
<table style="width:100%; border-collapse:collapse; font-family:sans-serif; font-size:12px;">
<tr style="background-color:#99bfe6; color:#000; font-weight:bold;"><td colspan="2" style="padding:4px; text-align:center;">320409090019</td></tr>
<tr style="background-color:#f0f5fa;"><td style="padding:3px; width:45%;"><b>FID</b></td><td style="padding:3px;">9525</td></tr>
<tr style="background-color:#dbe8f5;"><td style="padding:3px;"><b>รหัสแปลง</b></td><td style="padding:3px;">320409090019</td></tr>
<tr style="background-color:#f0f5fa;"><td style="padding:3px;"><b>รหัสกลุ่มคิว</b></td><td style="padding:3px;">83_001</td></tr>
<tr style="background-color:#dbe8f5;"><td style="padding:3px;"><b>นักเกษตร</b></td><td style="padding:3px;">8301</td></tr>
<tr style="background-color:#f0f5fa;"><td style="padding:3px;"><b>ศูนย์</b></td><td style="padding:3px;">K2-83</td></tr>
<tr style="background-color:#dbe8f5;"><td style="padding:3px;"><b>สถานที่ส่งอ้อย</b></td><td style="padding:3px;">รถตัด</td></tr>
<tr style="background-color:#f0f5fa;"><td style="padding:3px;"><b>ประเภทคิว</b></td><td style="padding:3px;">รถตัด</td></tr>
<tr style="background-color:#dbe8f5;"><td style="padding:3px;"><b>ประเภทรถ</b></td><td style="padding:3px;">10 ล้อเดี่ยว</td></tr>
<tr style="background-color:#f0f5fa;"><td style="padding:3px;"><b>ประเภทชาวไร่</b></td><td style="padding:3px;">รถตัด</td></tr>
<tr style="background-color:#dbe8f5;"><td style="padding:3px;"><b>สถานีขนถ่าย</b></td><td style="padding:3px;"></td></tr>
<tr style="background-color:#f0f5fa;"><td style="padding:3px;"><b>สถานะยืนยัน</b></td><td style="padding:3px;">N</td></tr>
<tr style="background-color:#dbe8f5;"><td style="padding:3px;"><b>โควตา</b></td><td style="padding:3px;">787017</td></tr>
<tr style="background-color:#f0f5fa;"><td style="padding:3px;"><b>ชาวไร่</b></td><td style="padding:3px;">นาง เงิน สมานมิตร</td></tr>
<tr style="background-color:#dbe8f5;"><td style="padding:3px;"><b>ประเภทอ้อย</b></td><td style="padding:3px;">ตอ1</td></tr>
<tr style="background-color:#f0f5fa;"><td style="padding:3px;"><b>พื้นที่</b></td><td style="padding:3px;">6.32</td></tr>
<tr style="background-color:#dbe8f5;"><td style="padding:3px;"><b>ปีผลิต</b></td><td style="padding:3px;">256970</td></tr>
<tr style="background-color:#f0f5fa;"><td style="padding:3px;"><b>ตันรวม</b></td><td style="padding:3px;">56.88</td></tr>
<tr style="background-color:#dbe8f5;"><td style="padding:3px;"><b>สถานที่ส่งอ้อย_1</b></td><td style="padding:3px;">รถตัด</td></tr>
</table>]]></description>
      <MultiGeometry><Polygon><outerBoundaryIs><LinearRing><coordinates>103.606487921937,15.1518061016138 103.605752075429,15.1519843846337 103.606046028697,15.152951404316 103.606815151466,15.1529001491938 103.606843817548,15.152872279331 103.606861755274,15.1528444098756 103.606487921937,15.1518061016138</coordinates></LinearRing></outerBoundaryIs></Polygon></MultiGeometry>
    </Placemark>
    <Placemark>
      <name>320409120010</name>
      <styleUrl>#style_83_001</styleUrl>
      <description><![CDATA[<h3 style="margin-bottom:6px; font-family:sans-serif;">320409120010</h3>
<table style="width:100%; border-collapse:collapse; font-family:sans-serif; font-size:12px;">
<tr style="background-color:#99bfe6; color:#000; font-weight:bold;"><td colspan="2" style="padding:4px; text-align:center;">320409120010</td></tr>
<tr style="background-color:#f0f5fa;"><td style="padding:3px; width:45%;"><b>FID</b></td><td style="padding:3px;">9628</td></tr>
<tr style="background-color:#dbe8f5;"><td style="padding:3px;"><b>รหัสแปลง</b></td><td style="padding:3px;">320409120010</td></tr>
<tr style="background-color:#f0f5fa;"><td style="padding:3px;"><b>รหัสกลุ่มคิว</b></td><td style="padding:3px;">83_001</td></tr>
<tr style="background-color:#dbe8f5;"><td style="padding:3px;"><b>นักเกษตร</b></td><td style="padding:3px;">8301</td></tr>
<tr style="background-color:#f0f5fa;"><td style="padding:3px;"><b>ศูนย์</b></td><td style="padding:3px;">K2-83</td></tr>
<tr style="background-color:#dbe8f5;"><td style="padding:3px;"><b>สถานที่ส่งอ้อย</b></td><td style="padding:3px;">รถตัด</td></tr>
<tr style="background-color:#f0f5fa;"><td style="padding:3px;"><b>ประเภทคิว</b></td><td style="padding:3px;">รถตัด</td></tr>
<tr style="background-color:#dbe8f5;"><td style="padding:3px;"><b>ประเภทรถ</b></td><td style="padding:3px;">10 ล้อเดี่ยว</td></tr>
<tr style="background-color:#f0f5fa;"><td style="padding:3px;"><b>ประเภทชาวไร่</b></td><td style="padding:3px;">รถตัด</td></tr>
<tr style="background-color:#dbe8f5;"><td style="padding:3px;"><b>สถานีขนถ่าย</b></td><td style="padding:3px;"></td></tr>
<tr style="background-color:#f0f5fa;"><td style="padding:3px;"><b>สถานะยืนยัน</b></td><td style="padding:3px;">N</td></tr>
<tr style="background-color:#dbe8f5;"><td style="padding:3px;"><b>โควตา</b></td><td style="padding:3px;">784963</td></tr>
<tr style="background-color:#f0f5fa;"><td style="padding:3px;"><b>ชาวไร่</b></td><td style="padding:3px;">นาย สมสิทธิ์ กระแสเทพ</td></tr>
<tr style="background-color:#dbe8f5;"><td style="padding:3px;"><b>ประเภทอ้อย</b></td><td style="padding:3px;">ตอ2</td></tr>
<tr style="background-color:#f0f5fa;"><td style="padding:3px;"><b>พื้นที่</b></td><td style="padding:3px;">7.69</td></tr>
<tr style="background-color:#dbe8f5;"><td style="padding:3px;"><b>ปีผลิต</b></td><td style="padding:3px;">256970</td></tr>
<tr style="background-color:#f0f5fa;"><td style="padding:3px;"><b>ตันรวม</b></td><td style="padding:3px;">61.52</td></tr>
<tr style="background-color:#dbe8f5;"><td style="padding:3px;"><b>สถานที่ส่งอ้อย_1</b></td><td style="padding:3px;">รถตัด</td></tr>
</table>]]></description>
      <MultiGeometry><Polygon><outerBoundaryIs><LinearRing><coordinates>103.577779232916,15.1592185531879 103.57775442275,15.1592641091108 103.577831284748,15.1597379798605 103.577953325733,15.1600454701357 103.57799263651,15.1603688441037 103.578031863995,15.1608484983337 103.577969586774,15.1617968684356 103.578366301636,15.1618264152303 103.578295374254,15.1592032295597 103.578244764022,15.1592128539167 103.578238058877,15.1591076189654 103.577779232916,15.1592185531879</coordinates></LinearRing></outerBoundaryIs></Polygon></MultiGeometry>
    </Placemark>
    <Placemark>
      <name>320401071512</name>
      <styleUrl>#style_83_001</styleUrl>
      <description><![CDATA[<h3 style="margin-bottom:6px; font-family:sans-serif;">320401071512</h3>
<table style="width:100%; border-collapse:collapse; font-family:sans-serif; font-size:12px;">
<tr style="background-color:#99bfe6; color:#000; font-weight:bold;"><td colspan="2" style="padding:4px; text-align:center;">320401071512</td></tr>
<tr style="background-color:#f0f5fa;"><td style="padding:3px; width:45%;"><b>FID</b></td><td style="padding:3px;">9630</td></tr>
<tr style="background-color:#dbe8f5;"><td style="padding:3px;"><b>รหัสแปลง</b></td><td style="padding:3px;">320401071512</td></tr>
<tr style="background-color:#f0f5fa;"><td style="padding:3px;"><b>รหัสกลุ่มคิว</b></td><td style="padding:3px;">83_001</td></tr>
<tr style="background-color:#dbe8f5;"><td style="padding:3px;"><b>นักเกษตร</b></td><td style="padding:3px;">8301</td></tr>
<tr style="background-color:#f0f5fa;"><td style="padding:3px;"><b>ศูนย์</b></td><td style="padding:3px;">K2-83</td></tr>
<tr style="background-color:#dbe8f5;"><td style="padding:3px;"><b>สถานที่ส่งอ้อย</b></td><td style="padding:3px;">รถตัด</td></tr>
<tr style="background-color:#f0f5fa;"><td style="padding:3px;"><b>ประเภทคิว</b></td><td style="padding:3px;">รถตัด</td></tr>
<tr style="background-color:#dbe8f5;"><td style="padding:3px;"><b>ประเภทรถ</b></td><td style="padding:3px;">10 ล้อเดี่ยว</td></tr>
<tr style="background-color:#f0f5fa;"><td style="padding:3px;"><b>ประเภทชาวไร่</b></td><td style="padding:3px;">รถตัด</td></tr>
<tr style="background-color:#dbe8f5;"><td style="padding:3px;"><b>สถานีขนถ่าย</b></td><td style="padding:3px;"></td></tr>
<tr style="background-color:#f0f5fa;"><td style="padding:3px;"><b>สถานะยืนยัน</b></td><td style="padding:3px;">N</td></tr>
<tr style="background-color:#dbe8f5;"><td style="padding:3px;"><b>โควตา</b></td><td style="padding:3px;">787028</td></tr>
<tr style="background-color:#f0f5fa;"><td style="padding:3px;"><b>ชาวไร่</b></td><td style="padding:3px;">นาง เง็ก ธนาศุภวัฒน์</td></tr>
<tr style="background-color:#dbe8f5;"><td style="padding:3px;"><b>ประเภทอ้อย</b></td><td style="padding:3px;">ตอ1</td></tr>
<tr style="background-color:#f0f5fa;"><td style="padding:3px;"><b>พื้นที่</b></td><td style="padding:3px;">18.05</td></tr>
<tr style="background-color:#dbe8f5;"><td style="padding:3px;"><b>ปีผลิต</b></td><td style="padding:3px;">256970</td></tr>
<tr style="background-color:#f0f5fa;"><td style="padding:3px;"><b>ตันรวม</b></td><td style="padding:3px;">162.45</td></tr>
<tr style="background-color:#dbe8f5;"><td style="padding:3px;"><b>สถานที่ส่งอ้อย_1</b></td><td style="padding:3px;">รถตัด</td></tr>
</table>]]></description>
      <MultiGeometry><Polygon><outerBoundaryIs><LinearRing><coordinates>103.610637839453,15.1279538902377 103.608314329851,15.1285210699233 103.608544779609,15.1290391202805 103.608814980047,15.1289709495616 103.608844229749,15.1290351503485 103.609168370066,15.1289324501329 103.609294370306,15.1293706199863 103.609379860134,15.1295273604146 103.610766900054,15.1292103095309 103.610877789862,15.1291238400748 103.610637839453,15.1279538902377</coordinates></LinearRing></outerBoundaryIs></Polygon></MultiGeometry>
    </Placemark>
    <Placemark>
      <name>320409090023</name>
      <styleUrl>#style_83_001</styleUrl>
      <description><![CDATA[<h3 style="margin-bottom:6px; font-family:sans-serif;">320409090023</h3>
<table style="width:100%; border-collapse:collapse; font-family:sans-serif; font-size:12px;">
<tr style="background-color:#99bfe6; color:#000; font-weight:bold;"><td colspan="2" style="padding:4px; text-align:center;">320409090023</td></tr>
<tr style="background-color:#f0f5fa;"><td style="padding:3px; width:45%;"><b>FID</b></td><td style="padding:3px;">9845</td></tr>
<tr style="background-color:#dbe8f5;"><td style="padding:3px;"><b>รหัสแปลง</b></td><td style="padding:3px;">320409090023</td></tr>
<tr style="background-color:#f0f5fa;"><td style="padding:3px;"><b>รหัสกลุ่มคิว</b></td><td style="padding:3px;">83_001</td></tr>
<tr style="background-color:#dbe8f5;"><td style="padding:3px;"><b>นักเกษตร</b></td><td style="padding:3px;">8301</td></tr>
<tr style="background-color:#f0f5fa;"><td style="padding:3px;"><b>ศูนย์</b></td><td style="padding:3px;">K2-83</td></tr>
<tr style="background-color:#dbe8f5;"><td style="padding:3px;"><b>สถานที่ส่งอ้อย</b></td><td style="padding:3px;">รถตัด</td></tr>
<tr style="background-color:#f0f5fa;"><td style="padding:3px;"><b>ประเภทคิว</b></td><td style="padding:3px;">รถตัด</td></tr>
<tr style="background-color:#dbe8f5;"><td style="padding:3px;"><b>ประเภทรถ</b></td><td style="padding:3px;">10 ล้อเดี่ยว</td></tr>
<tr style="background-color:#f0f5fa;"><td style="padding:3px;"><b>ประเภทชาวไร่</b></td><td style="padding:3px;">รถตัด</td></tr>
<tr style="background-color:#dbe8f5;"><td style="padding:3px;"><b>สถานีขนถ่าย</b></td><td style="padding:3px;"></td></tr>
<tr style="background-color:#f0f5fa;"><td style="padding:3px;"><b>สถานะยืนยัน</b></td><td style="padding:3px;">N</td></tr>
<tr style="background-color:#dbe8f5;"><td style="padding:3px;"><b>โควตา</b></td><td style="padding:3px;">782403</td></tr>
<tr style="background-color:#f0f5fa;"><td style="padding:3px;"><b>ชาวไร่</b></td><td style="padding:3px;">นาย พิทักษ์ แสนกล้า</td></tr>
<tr style="background-color:#dbe8f5;"><td style="padding:3px;"><b>ประเภทอ้อย</b></td><td style="padding:3px;">ปลายฝน</td></tr>
<tr style="background-color:#f0f5fa;"><td style="padding:3px;"><b>พื้นที่</b></td><td style="padding:3px;">4.3</td></tr>
<tr style="background-color:#dbe8f5;"><td style="padding:3px;"><b>ปีผลิต</b></td><td style="padding:3px;">256970</td></tr>
<tr style="background-color:#f0f5fa;"><td style="padding:3px;"><b>ตันรวม</b></td><td style="padding:3px;">55.9</td></tr>
<tr style="background-color:#dbe8f5;"><td style="padding:3px;"><b>สถานที่ส่งอ้อย_1</b></td><td style="padding:3px;">รถตัด</td></tr>
</table>]]></description>
      <MultiGeometry><Polygon><outerBoundaryIs><LinearRing><coordinates>103.57275280994,15.1168873703478 103.572474470286,15.1163659995415 103.572473370145,15.116364729823 103.572266150103,15.1164554703676 103.572277720279,15.1165665101297 103.572238390308,15.1165941804127 103.572351439701,15.1169774297741 103.572728869155,15.1168648715983 103.572747239449,15.1169065604096 103.572598169541,15.1170075599788 103.572377990251,15.1171080402003 103.572493069647,15.1173546703496 103.57266929029,15.1174146297984 103.572946280187,15.1179679803033 103.572944220119,15.1179737003954 103.57320268981,15.1178145402264 103.573220319456,15.1178030597695 103.572936320181,15.1172220001152 103.573034679559,15.1171060901967 103.57275280994,15.1168873703478</coordinates></LinearRing></outerBoundaryIs></Polygon></MultiGeometry>
    </Placemark>
    <Placemark>
      <name>320405031528</name>
      <styleUrl>#style_83_001</styleUrl>
      <description><![CDATA[<h3 style="margin-bottom:6px; font-family:sans-serif;">320405031528</h3>
<table style="width:100%; border-collapse:collapse; font-family:sans-serif; font-size:12px;">
<tr style="background-color:#99bfe6; color:#000; font-weight:bold;"><td colspan="2" style="padding:4px; text-align:center;">320405031528</td></tr>
<tr style="background-color:#f0f5fa;"><td style="padding:3px; width:45%;"><b>FID</b></td><td style="padding:3px;">10049</td></tr>
<tr style="background-color:#dbe8f5;"><td style="padding:3px;"><b>รหัสแปลง</b></td><td style="padding:3px;">320405031528</td></tr>
<tr style="background-color:#f0f5fa;"><td style="padding:3px;"><b>รหัสกลุ่มคิว</b></td><td style="padding:3px;">83_001</td></tr>
<tr style="background-color:#dbe8f5;"><td style="padding:3px;"><b>นักเกษตร</b></td><td style="padding:3px;">8301</td></tr>
<tr style="background-color:#f0f5fa;"><td style="padding:3px;"><b>ศูนย์</b></td><td style="padding:3px;">K2-83</td></tr>
<tr style="background-color:#dbe8f5;"><td style="padding:3px;"><b>สถานที่ส่งอ้อย</b></td><td style="padding:3px;">รถตัด</td></tr>
<tr style="background-color:#f0f5fa;"><td style="padding:3px;"><b>ประเภทคิว</b></td><td style="padding:3px;">รถตัด</td></tr>
<tr style="background-color:#dbe8f5;"><td style="padding:3px;"><b>ประเภทรถ</b></td><td style="padding:3px;">10 ล้อเดี่ยว</td></tr>
<tr style="background-color:#f0f5fa;"><td style="padding:3px;"><b>ประเภทชาวไร่</b></td><td style="padding:3px;">รถตัด</td></tr>
<tr style="background-color:#dbe8f5;"><td style="padding:3px;"><b>สถานีขนถ่าย</b></td><td style="padding:3px;"></td></tr>
<tr style="background-color:#f0f5fa;"><td style="padding:3px;"><b>สถานะยืนยัน</b></td><td style="padding:3px;">N</td></tr>
<tr style="background-color:#dbe8f5;"><td style="padding:3px;"><b>โควตา</b></td><td style="padding:3px;">782381</td></tr>
<tr style="background-color:#f0f5fa;"><td style="padding:3px;"><b>ชาวไร่</b></td><td style="padding:3px;">นาง บัวทอง พวงจันทร์</td></tr>
<tr style="background-color:#dbe8f5;"><td style="padding:3px;"><b>ประเภทอ้อย</b></td><td style="padding:3px;">ตอ2</td></tr>
<tr style="background-color:#f0f5fa;"><td style="padding:3px;"><b>พื้นที่</b></td><td style="padding:3px;">8.3</td></tr>
<tr style="background-color:#dbe8f5;"><td style="padding:3px;"><b>ปีผลิต</b></td><td style="padding:3px;">256970</td></tr>
<tr style="background-color:#f0f5fa;"><td style="padding:3px;"><b>ตันรวม</b></td><td style="padding:3px;">66.4</td></tr>
<tr style="background-color:#dbe8f5;"><td style="padding:3px;"><b>สถานที่ส่งอ้อย_1</b></td><td style="padding:3px;">รถตัด</td></tr>
</table>]]></description>
      <MultiGeometry><Polygon><outerBoundaryIs><LinearRing><coordinates>103.624014329975,15.1652830695544 103.621818740214,15.1654381903059 103.621802319588,15.1659325503438 103.623969619718,15.1658116602837 103.624014329975,15.1652830695544</coordinates></LinearRing></outerBoundaryIs></Polygon></MultiGeometry>
    </Placemark>
    <Placemark>
      <name>320407041546</name>
      <styleUrl>#style_83_001</styleUrl>
      <description><![CDATA[<h3 style="margin-bottom:6px; font-family:sans-serif;">320407041546</h3>
<table style="width:100%; border-collapse:collapse; font-family:sans-serif; font-size:12px;">
<tr style="background-color:#99bfe6; color:#000; font-weight:bold;"><td colspan="2" style="padding:4px; text-align:center;">320407041546</td></tr>
<tr style="background-color:#f0f5fa;"><td style="padding:3px; width:45%;"><b>FID</b></td><td style="padding:3px;">10058</td></tr>
<tr style="background-color:#dbe8f5;"><td style="padding:3px;"><b>รหัสแปลง</b></td><td style="padding:3px;">320407041546</td></tr>
<tr style="background-color:#f0f5fa;"><td style="padding:3px;"><b>รหัสกลุ่มคิว</b></td><td style="padding:3px;">83_001</td></tr>
<tr style="background-color:#dbe8f5;"><td style="padding:3px;"><b>นักเกษตร</b></td><td style="padding:3px;">8301</td></tr>
<tr style="background-color:#f0f5fa;"><td style="padding:3px;"><b>ศูนย์</b></td><td style="padding:3px;">K2-83</td></tr>
<tr style="background-color:#dbe8f5;"><td style="padding:3px;"><b>สถานที่ส่งอ้อย</b></td><td style="padding:3px;">รถตัด</td></tr>
<tr style="background-color:#f0f5fa;"><td style="padding:3px;"><b>ประเภทคิว</b></td><td style="padding:3px;">รถตัด</td></tr>
<tr style="background-color:#dbe8f5;"><td style="padding:3px;"><b>ประเภทรถ</b></td><td style="padding:3px;">10 ล้อเดี่ยว</td></tr>
<tr style="background-color:#f0f5fa;"><td style="padding:3px;"><b>ประเภทชาวไร่</b></td><td style="padding:3px;">รถตัด</td></tr>
<tr style="background-color:#dbe8f5;"><td style="padding:3px;"><b>สถานีขนถ่าย</b></td><td style="padding:3px;"></td></tr>
<tr style="background-color:#f0f5fa;"><td style="padding:3px;"><b>สถานะยืนยัน</b></td><td style="padding:3px;">N</td></tr>
<tr style="background-color:#dbe8f5;"><td style="padding:3px;"><b>โควตา</b></td><td style="padding:3px;">782244</td></tr>
<tr style="background-color:#f0f5fa;"><td style="padding:3px;"><b>ชาวไร่</b></td><td style="padding:3px;">นาย สมยศ บุญเลิศ</td></tr>
<tr style="background-color:#dbe8f5;"><td style="padding:3px;"><b>ประเภทอ้อย</b></td><td style="padding:3px;">ตอ2</td></tr>
<tr style="background-color:#f0f5fa;"><td style="padding:3px;"><b>พื้นที่</b></td><td style="padding:3px;">15.15</td></tr>
<tr style="background-color:#dbe8f5;"><td style="padding:3px;"><b>ปีผลิต</b></td><td style="padding:3px;">256970</td></tr>
<tr style="background-color:#f0f5fa;"><td style="padding:3px;"><b>ตันรวม</b></td><td style="padding:3px;">121.2</td></tr>
<tr style="background-color:#dbe8f5;"><td style="padding:3px;"><b>สถานที่ส่งอ้อย_1</b></td><td style="padding:3px;">รถตัด</td></tr>
</table>]]></description>
      <MultiGeometry><Polygon><outerBoundaryIs><LinearRing><coordinates>103.606973249926,15.1618667198007 103.606977629733,15.1618562097737 103.606085089652,15.1619140902417 103.606314779714,15.1645175896427 103.606983329716,15.1644419297614 103.606973249926,15.1618667198007</coordinates></LinearRing></outerBoundaryIs></Polygon></MultiGeometry>
    </Placemark>
    <Placemark>
      <name>320407041547</name>
      <styleUrl>#style_83_001</styleUrl>
      <description><![CDATA[<h3 style="margin-bottom:6px; font-family:sans-serif;">320407041547</h3>
<table style="width:100%; border-collapse:collapse; font-family:sans-serif; font-size:12px;">
<tr style="background-color:#99bfe6; color:#000; font-weight:bold;"><td colspan="2" style="padding:4px; text-align:center;">320407041547</td></tr>
<tr style="background-color:#f0f5fa;"><td style="padding:3px; width:45%;"><b>FID</b></td><td style="padding:3px;">10059</td></tr>
<tr style="background-color:#dbe8f5;"><td style="padding:3px;"><b>รหัสแปลง</b></td><td style="padding:3px;">320407041547</td></tr>
<tr style="background-color:#f0f5fa;"><td style="padding:3px;"><b>รหัสกลุ่มคิว</b></td><td style="padding:3px;">83_001</td></tr>
<tr style="background-color:#dbe8f5;"><td style="padding:3px;"><b>นักเกษตร</b></td><td style="padding:3px;">8301</td></tr>
<tr style="background-color:#f0f5fa;"><td style="padding:3px;"><b>ศูนย์</b></td><td style="padding:3px;">K2-83</td></tr>
<tr style="background-color:#dbe8f5;"><td style="padding:3px;"><b>สถานที่ส่งอ้อย</b></td><td style="padding:3px;">รถตัด</td></tr>
<tr style="background-color:#f0f5fa;"><td style="padding:3px;"><b>ประเภทคิว</b></td><td style="padding:3px;">รถตัด</td></tr>
<tr style="background-color:#dbe8f5;"><td style="padding:3px;"><b>ประเภทรถ</b></td><td style="padding:3px;">10 ล้อเดี่ยว</td></tr>
<tr style="background-color:#f0f5fa;"><td style="padding:3px;"><b>ประเภทชาวไร่</b></td><td style="padding:3px;">รถตัด</td></tr>
<tr style="background-color:#dbe8f5;"><td style="padding:3px;"><b>สถานีขนถ่าย</b></td><td style="padding:3px;"></td></tr>
<tr style="background-color:#f0f5fa;"><td style="padding:3px;"><b>สถานะยืนยัน</b></td><td style="padding:3px;">N</td></tr>
<tr style="background-color:#dbe8f5;"><td style="padding:3px;"><b>โควตา</b></td><td style="padding:3px;">787018</td></tr>
<tr style="background-color:#f0f5fa;"><td style="padding:3px;"><b>ชาวไร่</b></td><td style="padding:3px;">นาง ปุณยนุช ยินดี</td></tr>
<tr style="background-color:#dbe8f5;"><td style="padding:3px;"><b>ประเภทอ้อย</b></td><td style="padding:3px;">ตอ2</td></tr>
<tr style="background-color:#f0f5fa;"><td style="padding:3px;"><b>พื้นที่</b></td><td style="padding:3px;">10.01</td></tr>
<tr style="background-color:#dbe8f5;"><td style="padding:3px;"><b>ปีผลิต</b></td><td style="padding:3px;">256970</td></tr>
<tr style="background-color:#f0f5fa;"><td style="padding:3px;"><b>ตันรวม</b></td><td style="padding:3px;">80.08</td></tr>
<tr style="background-color:#dbe8f5;"><td style="padding:3px;"><b>สถานที่ส่งอ้อย_1</b></td><td style="padding:3px;">รถตัด</td></tr>
</table>]]></description>
      <MultiGeometry><Polygon><outerBoundaryIs><LinearRing><coordinates>103.606956679632,15.1618443502033 103.60697323952,15.1644301301097 103.606976039596,15.1644278395881 103.606977249572,15.1644334198888 103.607003399685,15.1644304601727 103.607016349675,15.1644286497433 103.607023450085,15.1644213395785 103.607023959721,15.1644236497905 103.607117400226,15.1644127399017 103.607199950023,15.1643975000215 103.607326199506,15.1643633799094 103.607361979468,15.1643539200954 103.607529659966,15.1643446301266 103.607445320064,15.1638990901281 103.607420589554,15.1637275703222 103.60740507966,15.1635286396631 103.60742864948,15.1631844103882 103.607462140032,15.1629666199617 103.607600849665,15.1617691798499 103.606956679632,15.1618443502033</coordinates></LinearRing></outerBoundaryIs></Polygon></MultiGeometry>
    </Placemark>
    <Placemark>
      <name>320401080015</name>
      <styleUrl>#style_83_001</styleUrl>
      <description><![CDATA[<h3 style="margin-bottom:6px; font-family:sans-serif;">320401080015</h3>
<table style="width:100%; border-collapse:collapse; font-family:sans-serif; font-size:12px;">
<tr style="background-color:#99bfe6; color:#000; font-weight:bold;"><td colspan="2" style="padding:4px; text-align:center;">320401080015</td></tr>
<tr style="background-color:#f0f5fa;"><td style="padding:3px; width:45%;"><b>FID</b></td><td style="padding:3px;">10397</td></tr>
<tr style="background-color:#dbe8f5;"><td style="padding:3px;"><b>รหัสแปลง</b></td><td style="padding:3px;">320401080015</td></tr>
<tr style="background-color:#f0f5fa;"><td style="padding:3px;"><b>รหัสกลุ่มคิว</b></td><td style="padding:3px;">83_001</td></tr>
<tr style="background-color:#dbe8f5;"><td style="padding:3px;"><b>นักเกษตร</b></td><td style="padding:3px;">8301</td></tr>
<tr style="background-color:#f0f5fa;"><td style="padding:3px;"><b>ศูนย์</b></td><td style="padding:3px;">K2-83</td></tr>
<tr style="background-color:#dbe8f5;"><td style="padding:3px;"><b>สถานที่ส่งอ้อย</b></td><td style="padding:3px;">รถตัด</td></tr>
<tr style="background-color:#f0f5fa;"><td style="padding:3px;"><b>ประเภทคิว</b></td><td style="padding:3px;">รถตัด</td></tr>
<tr style="background-color:#dbe8f5;"><td style="padding:3px;"><b>ประเภทรถ</b></td><td style="padding:3px;">10 ล้อเดี่ยว</td></tr>
<tr style="background-color:#f0f5fa;"><td style="padding:3px;"><b>ประเภทชาวไร่</b></td><td style="padding:3px;">รถตัด</td></tr>
<tr style="background-color:#dbe8f5;"><td style="padding:3px;"><b>สถานีขนถ่าย</b></td><td style="padding:3px;"></td></tr>
<tr style="background-color:#f0f5fa;"><td style="padding:3px;"><b>สถานะยืนยัน</b></td><td style="padding:3px;">N</td></tr>
<tr style="background-color:#dbe8f5;"><td style="padding:3px;"><b>โควตา</b></td><td style="padding:3px;">788046</td></tr>
<tr style="background-color:#f0f5fa;"><td style="padding:3px;"><b>ชาวไร่</b></td><td style="padding:3px;">นางสาว กันนิดา เพชรงาม</td></tr>
<tr style="background-color:#dbe8f5;"><td style="padding:3px;"><b>ประเภทอ้อย</b></td><td style="padding:3px;">ตอ1</td></tr>
<tr style="background-color:#f0f5fa;"><td style="padding:3px;"><b>พื้นที่</b></td><td style="padding:3px;">11.48</td></tr>
<tr style="background-color:#dbe8f5;"><td style="padding:3px;"><b>ปีผลิต</b></td><td style="padding:3px;">256970</td></tr>
<tr style="background-color:#f0f5fa;"><td style="padding:3px;"><b>ตันรวม</b></td><td style="padding:3px;">103.32</td></tr>
<tr style="background-color:#dbe8f5;"><td style="padding:3px;"><b>สถานที่ส่งอ้อย_1</b></td><td style="padding:3px;">รถตัด</td></tr>
</table>]]></description>
      <MultiGeometry><Polygon><outerBoundaryIs><LinearRing><coordinates>103.584774069715,15.1299674798388 103.584411530109,15.1300384595619 103.585184899857,15.1339380301029 103.585410559539,15.1340249099072 103.585583979824,15.1339620501458 103.584774069715,15.1299674798388</coordinates></LinearRing></outerBoundaryIs></Polygon></MultiGeometry>
    </Placemark>
    <Placemark>
      <name>320905090001</name>
      <styleUrl>#style_83_001</styleUrl>
      <description><![CDATA[<h3 style="margin-bottom:6px; font-family:sans-serif;">320905090001</h3>
<table style="width:100%; border-collapse:collapse; font-family:sans-serif; font-size:12px;">
<tr style="background-color:#99bfe6; color:#000; font-weight:bold;"><td colspan="2" style="padding:4px; text-align:center;">320905090001</td></tr>
<tr style="background-color:#f0f5fa;"><td style="padding:3px; width:45%;"><b>FID</b></td><td style="padding:3px;">10535</td></tr>
<tr style="background-color:#dbe8f5;"><td style="padding:3px;"><b>รหัสแปลง</b></td><td style="padding:3px;">320905090001</td></tr>
<tr style="background-color:#f0f5fa;"><td style="padding:3px;"><b>รหัสกลุ่มคิว</b></td><td style="padding:3px;">83_001</td></tr>
<tr style="background-color:#dbe8f5;"><td style="padding:3px;"><b>นักเกษตร</b></td><td style="padding:3px;">8301</td></tr>
<tr style="background-color:#f0f5fa;"><td style="padding:3px;"><b>ศูนย์</b></td><td style="padding:3px;">K2-83</td></tr>
<tr style="background-color:#dbe8f5;"><td style="padding:3px;"><b>สถานที่ส่งอ้อย</b></td><td style="padding:3px;">รถตัด</td></tr>
<tr style="background-color:#f0f5fa;"><td style="padding:3px;"><b>ประเภทคิว</b></td><td style="padding:3px;">รถตัด</td></tr>
<tr style="background-color:#dbe8f5;"><td style="padding:3px;"><b>ประเภทรถ</b></td><td style="padding:3px;">10 ล้อเดี่ยว</td></tr>
<tr style="background-color:#f0f5fa;"><td style="padding:3px;"><b>ประเภทชาวไร่</b></td><td style="padding:3px;">รถตัด</td></tr>
<tr style="background-color:#dbe8f5;"><td style="padding:3px;"><b>สถานีขนถ่าย</b></td><td style="padding:3px;"></td></tr>
<tr style="background-color:#f0f5fa;"><td style="padding:3px;"><b>สถานะยืนยัน</b></td><td style="padding:3px;">N</td></tr>
<tr style="background-color:#dbe8f5;"><td style="padding:3px;"><b>โควตา</b></td><td style="padding:3px;">783460</td></tr>
<tr style="background-color:#f0f5fa;"><td style="padding:3px;"><b>ชาวไร่</b></td><td style="padding:3px;">นาย อภิชาติ บุญมี</td></tr>
<tr style="background-color:#dbe8f5;"><td style="padding:3px;"><b>ประเภทอ้อย</b></td><td style="padding:3px;">ตอ2</td></tr>
<tr style="background-color:#f0f5fa;"><td style="padding:3px;"><b>พื้นที่</b></td><td style="padding:3px;">22.2</td></tr>
<tr style="background-color:#dbe8f5;"><td style="padding:3px;"><b>ปีผลิต</b></td><td style="padding:3px;">256970</td></tr>
<tr style="background-color:#f0f5fa;"><td style="padding:3px;"><b>ตันรวม</b></td><td style="padding:3px;">177.6</td></tr>
<tr style="background-color:#dbe8f5;"><td style="padding:3px;"><b>สถานที่ส่งอ้อย_1</b></td><td style="padding:3px;">รถตัด</td></tr>
</table>]]></description>
      <MultiGeometry><Polygon><outerBoundaryIs><LinearRing><coordinates>103.729266666661,14.9741033334113 103.729561666138,14.9748416662097 103.729404999675,14.9749033336562 103.729468332752,14.9750283335441 103.729616666565,14.9749950001982 103.72975999947,14.9755716668375 103.728793333024,14.9756300002502 103.729199999364,14.9767699995664 103.729996666931,14.9766383329654 103.729954999882,14.9764249999354 103.730674999875,14.9763166668353 103.729756666639,14.9738600001743 103.729266666661,14.9741033334113</coordinates></LinearRing></outerBoundaryIs></Polygon></MultiGeometry>
    </Placemark>
    <Placemark>
      <name>320407010018</name>
      <styleUrl>#style_83_001</styleUrl>
      <description><![CDATA[<h3 style="margin-bottom:6px; font-family:sans-serif;">320407010018</h3>
<table style="width:100%; border-collapse:collapse; font-family:sans-serif; font-size:12px;">
<tr style="background-color:#99bfe6; color:#000; font-weight:bold;"><td colspan="2" style="padding:4px; text-align:center;">320407010018</td></tr>
<tr style="background-color:#f0f5fa;"><td style="padding:3px; width:45%;"><b>FID</b></td><td style="padding:3px;">10661</td></tr>
<tr style="background-color:#dbe8f5;"><td style="padding:3px;"><b>รหัสแปลง</b></td><td style="padding:3px;">320407010018</td></tr>
<tr style="background-color:#f0f5fa;"><td style="padding:3px;"><b>รหัสกลุ่มคิว</b></td><td style="padding:3px;">83_001</td></tr>
<tr style="background-color:#dbe8f5;"><td style="padding:3px;"><b>นักเกษตร</b></td><td style="padding:3px;">8301</td></tr>
<tr style="background-color:#f0f5fa;"><td style="padding:3px;"><b>ศูนย์</b></td><td style="padding:3px;">K2-83</td></tr>
<tr style="background-color:#dbe8f5;"><td style="padding:3px;"><b>สถานที่ส่งอ้อย</b></td><td style="padding:3px;">รถตัด</td></tr>
<tr style="background-color:#f0f5fa;"><td style="padding:3px;"><b>ประเภทคิว</b></td><td style="padding:3px;">รถตัด</td></tr>
<tr style="background-color:#dbe8f5;"><td style="padding:3px;"><b>ประเภทรถ</b></td><td style="padding:3px;">10 ล้อเดี่ยว</td></tr>
<tr style="background-color:#f0f5fa;"><td style="padding:3px;"><b>ประเภทชาวไร่</b></td><td style="padding:3px;">รถตัด</td></tr>
<tr style="background-color:#dbe8f5;"><td style="padding:3px;"><b>สถานีขนถ่าย</b></td><td style="padding:3px;"></td></tr>
<tr style="background-color:#f0f5fa;"><td style="padding:3px;"><b>สถานะยืนยัน</b></td><td style="padding:3px;">N</td></tr>
<tr style="background-color:#dbe8f5;"><td style="padding:3px;"><b>โควตา</b></td><td style="padding:3px;">787074</td></tr>
<tr style="background-color:#f0f5fa;"><td style="padding:3px;"><b>ชาวไร่</b></td><td style="padding:3px;">นางสาว พัศนีย์ พุฒหล้า</td></tr>
<tr style="background-color:#dbe8f5;"><td style="padding:3px;"><b>ประเภทอ้อย</b></td><td style="padding:3px;">ตอ2</td></tr>
<tr style="background-color:#f0f5fa;"><td style="padding:3px;"><b>พื้นที่</b></td><td style="padding:3px;">13.26</td></tr>
<tr style="background-color:#dbe8f5;"><td style="padding:3px;"><b>ปีผลิต</b></td><td style="padding:3px;">256970</td></tr>
<tr style="background-color:#f0f5fa;"><td style="padding:3px;"><b>ตันรวม</b></td><td style="padding:3px;">106.08</td></tr>
<tr style="background-color:#dbe8f5;"><td style="padding:3px;"><b>สถานที่ส่งอ้อย_1</b></td><td style="padding:3px;">รถตัด</td></tr>
</table>]]></description>
      <MultiGeometry><Polygon><outerBoundaryIs><LinearRing><coordinates>103.607223220315,15.1730323100279 103.608306750134,15.1730083899857 103.608223069911,15.1718026096664 103.607303469508,15.1718060102141 103.607215649613,15.1718026899828 103.607131809581,15.1717824098728 103.606768109878,15.1717587695308 103.606711270009,15.1717664700943 103.606688939814,15.1717730599401 103.606657679563,15.1718029598114 103.606651559961,15.1718158604257 103.606597980236,15.1721361197738 103.606588869531,15.1723287000843 103.606587390194,15.1725809902928 103.607178299681,15.1725815798411 103.607223220315,15.1730323100279</coordinates></LinearRing></outerBoundaryIs></Polygon></MultiGeometry>
    </Placemark>
    <Placemark>
      <name>320401071516</name>
      <styleUrl>#style_83_001</styleUrl>
      <description><![CDATA[<h3 style="margin-bottom:6px; font-family:sans-serif;">320401071516</h3>
<table style="width:100%; border-collapse:collapse; font-family:sans-serif; font-size:12px;">
<tr style="background-color:#99bfe6; color:#000; font-weight:bold;"><td colspan="2" style="padding:4px; text-align:center;">320401071516</td></tr>
<tr style="background-color:#f0f5fa;"><td style="padding:3px; width:45%;"><b>FID</b></td><td style="padding:3px;">10685</td></tr>
<tr style="background-color:#dbe8f5;"><td style="padding:3px;"><b>รหัสแปลง</b></td><td style="padding:3px;">320401071516</td></tr>
<tr style="background-color:#f0f5fa;"><td style="padding:3px;"><b>รหัสกลุ่มคิว</b></td><td style="padding:3px;">83_001</td></tr>
<tr style="background-color:#dbe8f5;"><td style="padding:3px;"><b>นักเกษตร</b></td><td style="padding:3px;">8301</td></tr>
<tr style="background-color:#f0f5fa;"><td style="padding:3px;"><b>ศูนย์</b></td><td style="padding:3px;">K2-83</td></tr>
<tr style="background-color:#dbe8f5;"><td style="padding:3px;"><b>สถานที่ส่งอ้อย</b></td><td style="padding:3px;">รถตัด</td></tr>
<tr style="background-color:#f0f5fa;"><td style="padding:3px;"><b>ประเภทคิว</b></td><td style="padding:3px;">รถตัด</td></tr>
<tr style="background-color:#dbe8f5;"><td style="padding:3px;"><b>ประเภทรถ</b></td><td style="padding:3px;">10 ล้อเดี่ยว</td></tr>
<tr style="background-color:#f0f5fa;"><td style="padding:3px;"><b>ประเภทชาวไร่</b></td><td style="padding:3px;">รถตัด</td></tr>
<tr style="background-color:#dbe8f5;"><td style="padding:3px;"><b>สถานีขนถ่าย</b></td><td style="padding:3px;"></td></tr>
<tr style="background-color:#f0f5fa;"><td style="padding:3px;"><b>สถานะยืนยัน</b></td><td style="padding:3px;">N</td></tr>
<tr style="background-color:#dbe8f5;"><td style="padding:3px;"><b>โควตา</b></td><td style="padding:3px;">787028</td></tr>
<tr style="background-color:#f0f5fa;"><td style="padding:3px;"><b>ชาวไร่</b></td><td style="padding:3px;">นาง เง็ก ธนาศุภวัฒน์</td></tr>
<tr style="background-color:#dbe8f5;"><td style="padding:3px;"><b>ประเภทอ้อย</b></td><td style="padding:3px;">ตอ2</td></tr>
<tr style="background-color:#f0f5fa;"><td style="padding:3px;"><b>พื้นที่</b></td><td style="padding:3px;">34.76</td></tr>
<tr style="background-color:#dbe8f5;"><td style="padding:3px;"><b>ปีผลิต</b></td><td style="padding:3px;">256970</td></tr>
<tr style="background-color:#f0f5fa;"><td style="padding:3px;"><b>ตันรวม</b></td><td style="padding:3px;">278.08</td></tr>
<tr style="background-color:#dbe8f5;"><td style="padding:3px;"><b>สถานที่ส่งอ้อย_1</b></td><td style="padding:3px;">รถตัด</td></tr>
</table>]]></description>
      <MultiGeometry><Polygon><outerBoundaryIs><LinearRing><coordinates>103.610674760017,15.1278915897739 103.610265529771,15.1261826801953 103.610156699689,15.1261526701074 103.608001749991,15.1268860196073 103.607881589882,15.1268577103841 103.607808780138,15.1267299702579 103.607688780272,15.1264643295395 103.607451679603,15.1259116301904 103.607197570101,15.1260715301751 103.6081754396,15.1281604900579 103.608484679834,15.1280372800907 103.60865879027,15.1284339401856 103.610674760017,15.1278915897739</coordinates></LinearRing></outerBoundaryIs></Polygon></MultiGeometry>
    </Placemark>
    <Placemark>
      <name>320409010005</name>
      <styleUrl>#style_83_001</styleUrl>
      <description><![CDATA[<h3 style="margin-bottom:6px; font-family:sans-serif;">320409010005</h3>
<table style="width:100%; border-collapse:collapse; font-family:sans-serif; font-size:12px;">
<tr style="background-color:#99bfe6; color:#000; font-weight:bold;"><td colspan="2" style="padding:4px; text-align:center;">320409010005</td></tr>
<tr style="background-color:#f0f5fa;"><td style="padding:3px; width:45%;"><b>FID</b></td><td style="padding:3px;">10722</td></tr>
<tr style="background-color:#dbe8f5;"><td style="padding:3px;"><b>รหัสแปลง</b></td><td style="padding:3px;">320409010005</td></tr>
<tr style="background-color:#f0f5fa;"><td style="padding:3px;"><b>รหัสกลุ่มคิว</b></td><td style="padding:3px;">83_001</td></tr>
<tr style="background-color:#dbe8f5;"><td style="padding:3px;"><b>นักเกษตร</b></td><td style="padding:3px;">8301</td></tr>
<tr style="background-color:#f0f5fa;"><td style="padding:3px;"><b>ศูนย์</b></td><td style="padding:3px;">K2-83</td></tr>
<tr style="background-color:#dbe8f5;"><td style="padding:3px;"><b>สถานที่ส่งอ้อย</b></td><td style="padding:3px;">รถตัด</td></tr>
<tr style="background-color:#f0f5fa;"><td style="padding:3px;"><b>ประเภทคิว</b></td><td style="padding:3px;">รถตัด</td></tr>
<tr style="background-color:#dbe8f5;"><td style="padding:3px;"><b>ประเภทรถ</b></td><td style="padding:3px;">10 ล้อเดี่ยว</td></tr>
<tr style="background-color:#f0f5fa;"><td style="padding:3px;"><b>ประเภทชาวไร่</b></td><td style="padding:3px;">รถตัด</td></tr>
<tr style="background-color:#dbe8f5;"><td style="padding:3px;"><b>สถานีขนถ่าย</b></td><td style="padding:3px;"></td></tr>
<tr style="background-color:#f0f5fa;"><td style="padding:3px;"><b>สถานะยืนยัน</b></td><td style="padding:3px;">N</td></tr>
<tr style="background-color:#dbe8f5;"><td style="padding:3px;"><b>โควตา</b></td><td style="padding:3px;">787076</td></tr>
<tr style="background-color:#f0f5fa;"><td style="padding:3px;"><b>ชาวไร่</b></td><td style="padding:3px;">นาย ชาติชาย สว่างภพ</td></tr>
<tr style="background-color:#dbe8f5;"><td style="padding:3px;"><b>ประเภทอ้อย</b></td><td style="padding:3px;">ตอ2</td></tr>
<tr style="background-color:#f0f5fa;"><td style="padding:3px;"><b>พื้นที่</b></td><td style="padding:3px;">6.01</td></tr>
<tr style="background-color:#dbe8f5;"><td style="padding:3px;"><b>ปีผลิต</b></td><td style="padding:3px;">256970</td></tr>
<tr style="background-color:#f0f5fa;"><td style="padding:3px;"><b>ตันรวม</b></td><td style="padding:3px;">48.08</td></tr>
<tr style="background-color:#dbe8f5;"><td style="padding:3px;"><b>สถานที่ส่งอ้อย_1</b></td><td style="padding:3px;">รถตัด</td></tr>
</table>]]></description>
      <MultiGeometry><Polygon><outerBoundaryIs><LinearRing><coordinates>103.56499464983,15.1080663300148 103.564984079689,15.108063540427 103.564429120254,15.1080945703103 103.56379880999,15.108143140119 103.563111169691,15.1082614703555 103.562858320122,15.1083129200413 103.562774610299,15.1083284597173 103.562632539695,15.1083506398454 103.562111889802,15.1084460203102 103.561764630017,15.1084900500966 103.56126132033,15.10858197954 103.561207699897,15.1086347501626 103.561247519993,15.1088047601361 103.562991480016,15.1084680001934 103.563442329786,15.1084026604319 103.563681880112,15.1083698999269 103.56375717003,15.1083650502287 103.564028859945,15.10834740007 103.564382680191,15.1083427000483 103.565012519843,15.108334590057 103.56499464983,15.1080663300148</coordinates></LinearRing></outerBoundaryIs></Polygon></MultiGeometry>
    </Placemark>
    <Placemark>
      <name>320409010006</name>
      <styleUrl>#style_83_001</styleUrl>
      <description><![CDATA[<h3 style="margin-bottom:6px; font-family:sans-serif;">320409010006</h3>
<table style="width:100%; border-collapse:collapse; font-family:sans-serif; font-size:12px;">
<tr style="background-color:#99bfe6; color:#000; font-weight:bold;"><td colspan="2" style="padding:4px; text-align:center;">320409010006</td></tr>
<tr style="background-color:#f0f5fa;"><td style="padding:3px; width:45%;"><b>FID</b></td><td style="padding:3px;">10827</td></tr>
<tr style="background-color:#dbe8f5;"><td style="padding:3px;"><b>รหัสแปลง</b></td><td style="padding:3px;">320409010006</td></tr>
<tr style="background-color:#f0f5fa;"><td style="padding:3px;"><b>รหัสกลุ่มคิว</b></td><td style="padding:3px;">83_001</td></tr>
<tr style="background-color:#dbe8f5;"><td style="padding:3px;"><b>นักเกษตร</b></td><td style="padding:3px;">8301</td></tr>
<tr style="background-color:#f0f5fa;"><td style="padding:3px;"><b>ศูนย์</b></td><td style="padding:3px;">K2-83</td></tr>
<tr style="background-color:#dbe8f5;"><td style="padding:3px;"><b>สถานที่ส่งอ้อย</b></td><td style="padding:3px;">รถตัด</td></tr>
<tr style="background-color:#f0f5fa;"><td style="padding:3px;"><b>ประเภทคิว</b></td><td style="padding:3px;">รถตัด</td></tr>
<tr style="background-color:#dbe8f5;"><td style="padding:3px;"><b>ประเภทรถ</b></td><td style="padding:3px;">10 ล้อเดี่ยว</td></tr>
<tr style="background-color:#f0f5fa;"><td style="padding:3px;"><b>ประเภทชาวไร่</b></td><td style="padding:3px;">รถตัด</td></tr>
<tr style="background-color:#dbe8f5;"><td style="padding:3px;"><b>สถานีขนถ่าย</b></td><td style="padding:3px;"></td></tr>
<tr style="background-color:#f0f5fa;"><td style="padding:3px;"><b>สถานะยืนยัน</b></td><td style="padding:3px;">N</td></tr>
<tr style="background-color:#dbe8f5;"><td style="padding:3px;"><b>โควตา</b></td><td style="padding:3px;">782403</td></tr>
<tr style="background-color:#f0f5fa;"><td style="padding:3px;"><b>ชาวไร่</b></td><td style="padding:3px;">นาย พิทักษ์ แสนกล้า</td></tr>
<tr style="background-color:#dbe8f5;"><td style="padding:3px;"><b>ประเภทอ้อย</b></td><td style="padding:3px;">ตอ2</td></tr>
<tr style="background-color:#f0f5fa;"><td style="padding:3px;"><b>พื้นที่</b></td><td style="padding:3px;">4.3</td></tr>
<tr style="background-color:#dbe8f5;"><td style="padding:3px;"><b>ปีผลิต</b></td><td style="padding:3px;">256970</td></tr>
<tr style="background-color:#f0f5fa;"><td style="padding:3px;"><b>ตันรวม</b></td><td style="padding:3px;">34.4</td></tr>
<tr style="background-color:#dbe8f5;"><td style="padding:3px;"><b>สถานที่ส่งอ้อย_1</b></td><td style="padding:3px;">รถตัด</td></tr>
</table>]]></description>
      <MultiGeometry><Polygon><outerBoundaryIs><LinearRing><coordinates>103.573161009581,15.1169000501541 103.573744679919,15.116742500389 103.573513189919,15.116099090305 103.573465739607,15.1161039495732 103.572467229993,15.1163203398802 103.572503900039,15.116426509952 103.572971640165,15.116296080338 103.573022259526,15.1165221000014 103.572728289582,15.1165721699368 103.572744300067,15.1166448696944 103.572683820108,15.116682369702 103.572752679437,15.1168729499223 103.572894269717,15.1168265898035 103.572934250121,15.1168680300251 103.573101079675,15.1168035895539 103.573161009581,15.1169000501541</coordinates></LinearRing></outerBoundaryIs></Polygon></MultiGeometry>
    </Placemark>
    <Placemark>
      <name>320409010007</name>
      <styleUrl>#style_83_001</styleUrl>
      <description><![CDATA[<h3 style="margin-bottom:6px; font-family:sans-serif;">320409010007</h3>
<table style="width:100%; border-collapse:collapse; font-family:sans-serif; font-size:12px;">
<tr style="background-color:#99bfe6; color:#000; font-weight:bold;"><td colspan="2" style="padding:4px; text-align:center;">320409010007</td></tr>
<tr style="background-color:#f0f5fa;"><td style="padding:3px; width:45%;"><b>FID</b></td><td style="padding:3px;">10853</td></tr>
<tr style="background-color:#dbe8f5;"><td style="padding:3px;"><b>รหัสแปลง</b></td><td style="padding:3px;">320409010007</td></tr>
<tr style="background-color:#f0f5fa;"><td style="padding:3px;"><b>รหัสกลุ่มคิว</b></td><td style="padding:3px;">83_001</td></tr>
<tr style="background-color:#dbe8f5;"><td style="padding:3px;"><b>นักเกษตร</b></td><td style="padding:3px;">8301</td></tr>
<tr style="background-color:#f0f5fa;"><td style="padding:3px;"><b>ศูนย์</b></td><td style="padding:3px;">K2-83</td></tr>
<tr style="background-color:#dbe8f5;"><td style="padding:3px;"><b>สถานที่ส่งอ้อย</b></td><td style="padding:3px;">รถตัด</td></tr>
<tr style="background-color:#f0f5fa;"><td style="padding:3px;"><b>ประเภทคิว</b></td><td style="padding:3px;">รถตัด</td></tr>
<tr style="background-color:#dbe8f5;"><td style="padding:3px;"><b>ประเภทรถ</b></td><td style="padding:3px;">10 ล้อเดี่ยว</td></tr>
<tr style="background-color:#f0f5fa;"><td style="padding:3px;"><b>ประเภทชาวไร่</b></td><td style="padding:3px;">รถตัด</td></tr>
<tr style="background-color:#dbe8f5;"><td style="padding:3px;"><b>สถานีขนถ่าย</b></td><td style="padding:3px;"></td></tr>
<tr style="background-color:#f0f5fa;"><td style="padding:3px;"><b>สถานะยืนยัน</b></td><td style="padding:3px;">N</td></tr>
<tr style="background-color:#dbe8f5;"><td style="padding:3px;"><b>โควตา</b></td><td style="padding:3px;">782403</td></tr>
<tr style="background-color:#f0f5fa;"><td style="padding:3px;"><b>ชาวไร่</b></td><td style="padding:3px;">นาย พิทักษ์ แสนกล้า</td></tr>
<tr style="background-color:#dbe8f5;"><td style="padding:3px;"><b>ประเภทอ้อย</b></td><td style="padding:3px;">ตอ2</td></tr>
<tr style="background-color:#f0f5fa;"><td style="padding:3px;"><b>พื้นที่</b></td><td style="padding:3px;">5.92</td></tr>
<tr style="background-color:#dbe8f5;"><td style="padding:3px;"><b>ปีผลิต</b></td><td style="padding:3px;">256970</td></tr>
<tr style="background-color:#f0f5fa;"><td style="padding:3px;"><b>ตันรวม</b></td><td style="padding:3px;">47.36</td></tr>
<tr style="background-color:#dbe8f5;"><td style="padding:3px;"><b>สถานที่ส่งอ้อย_1</b></td><td style="padding:3px;">รถตัด</td></tr>
</table>]]></description>
      <MultiGeometry><Polygon><outerBoundaryIs><LinearRing><coordinates>103.573678299697,15.1174490795956 103.574908700325,15.1166033996509 103.574780070251,15.1164381899354 103.573256159976,15.1168822797081 103.57345088018,15.1172933897595 103.573248509823,15.1174141901133 103.573321789897,15.1176488196027 103.573678299697,15.1174490795956</coordinates></LinearRing></outerBoundaryIs></Polygon></MultiGeometry>
    </Placemark>
    <Placemark>
      <name>320409100062</name>
      <styleUrl>#style_83_001</styleUrl>
      <description><![CDATA[<h3 style="margin-bottom:6px; font-family:sans-serif;">320409100062</h3>
<table style="width:100%; border-collapse:collapse; font-family:sans-serif; font-size:12px;">
<tr style="background-color:#99bfe6; color:#000; font-weight:bold;"><td colspan="2" style="padding:4px; text-align:center;">320409100062</td></tr>
<tr style="background-color:#f0f5fa;"><td style="padding:3px; width:45%;"><b>FID</b></td><td style="padding:3px;">11093</td></tr>
<tr style="background-color:#dbe8f5;"><td style="padding:3px;"><b>รหัสแปลง</b></td><td style="padding:3px;">320409100062</td></tr>
<tr style="background-color:#f0f5fa;"><td style="padding:3px;"><b>รหัสกลุ่มคิว</b></td><td style="padding:3px;">83_001</td></tr>
<tr style="background-color:#dbe8f5;"><td style="padding:3px;"><b>นักเกษตร</b></td><td style="padding:3px;">8301</td></tr>
<tr style="background-color:#f0f5fa;"><td style="padding:3px;"><b>ศูนย์</b></td><td style="padding:3px;">K2-83</td></tr>
<tr style="background-color:#dbe8f5;"><td style="padding:3px;"><b>สถานที่ส่งอ้อย</b></td><td style="padding:3px;">รถตัด</td></tr>
<tr style="background-color:#f0f5fa;"><td style="padding:3px;"><b>ประเภทคิว</b></td><td style="padding:3px;">รถตัด</td></tr>
<tr style="background-color:#dbe8f5;"><td style="padding:3px;"><b>ประเภทรถ</b></td><td style="padding:3px;">10 ล้อเดี่ยว</td></tr>
<tr style="background-color:#f0f5fa;"><td style="padding:3px;"><b>ประเภทชาวไร่</b></td><td style="padding:3px;">รถตัด</td></tr>
<tr style="background-color:#dbe8f5;"><td style="padding:3px;"><b>สถานีขนถ่าย</b></td><td style="padding:3px;"></td></tr>
<tr style="background-color:#f0f5fa;"><td style="padding:3px;"><b>สถานะยืนยัน</b></td><td style="padding:3px;">N</td></tr>
<tr style="background-color:#dbe8f5;"><td style="padding:3px;"><b>โควตา</b></td><td style="padding:3px;">788003</td></tr>
<tr style="background-color:#f0f5fa;"><td style="padding:3px;"><b>ชาวไร่</b></td><td style="padding:3px;">นาง อนงค์ กระแสเทพ</td></tr>
<tr style="background-color:#dbe8f5;"><td style="padding:3px;"><b>ประเภทอ้อย</b></td><td style="padding:3px;">ตอ2</td></tr>
<tr style="background-color:#f0f5fa;"><td style="padding:3px;"><b>พื้นที่</b></td><td style="padding:3px;">2.71</td></tr>
<tr style="background-color:#dbe8f5;"><td style="padding:3px;"><b>ปีผลิต</b></td><td style="padding:3px;">256970</td></tr>
<tr style="background-color:#f0f5fa;"><td style="padding:3px;"><b>ตันรวม</b></td><td style="padding:3px;">21.68</td></tr>
<tr style="background-color:#dbe8f5;"><td style="padding:3px;"><b>สถานที่ส่งอ้อย_1</b></td><td style="padding:3px;">รถตัด</td></tr>
</table>]]></description>
      <MultiGeometry><Polygon><outerBoundaryIs><LinearRing><coordinates>103.589329299847,15.1718920499318 103.590685229811,15.1718938101625 103.590674769618,15.1716196698996 103.589296560116,15.1716364199012 103.589329299847,15.1718920499318</coordinates></LinearRing></outerBoundaryIs></Polygon></MultiGeometry>
    </Placemark>
    <Placemark>
      <name>320407010023</name>
      <styleUrl>#style_83_001</styleUrl>
      <description><![CDATA[<h3 style="margin-bottom:6px; font-family:sans-serif;">320407010023</h3>
<table style="width:100%; border-collapse:collapse; font-family:sans-serif; font-size:12px;">
<tr style="background-color:#99bfe6; color:#000; font-weight:bold;"><td colspan="2" style="padding:4px; text-align:center;">320407010023</td></tr>
<tr style="background-color:#f0f5fa;"><td style="padding:3px; width:45%;"><b>FID</b></td><td style="padding:3px;">11170</td></tr>
<tr style="background-color:#dbe8f5;"><td style="padding:3px;"><b>รหัสแปลง</b></td><td style="padding:3px;">320407010023</td></tr>
<tr style="background-color:#f0f5fa;"><td style="padding:3px;"><b>รหัสกลุ่มคิว</b></td><td style="padding:3px;">83_001</td></tr>
<tr style="background-color:#dbe8f5;"><td style="padding:3px;"><b>นักเกษตร</b></td><td style="padding:3px;">8301</td></tr>
<tr style="background-color:#f0f5fa;"><td style="padding:3px;"><b>ศูนย์</b></td><td style="padding:3px;">K2-83</td></tr>
<tr style="background-color:#dbe8f5;"><td style="padding:3px;"><b>สถานที่ส่งอ้อย</b></td><td style="padding:3px;">รถตัด</td></tr>
<tr style="background-color:#f0f5fa;"><td style="padding:3px;"><b>ประเภทคิว</b></td><td style="padding:3px;">รถตัด</td></tr>
<tr style="background-color:#dbe8f5;"><td style="padding:3px;"><b>ประเภทรถ</b></td><td style="padding:3px;">10 ล้อเดี่ยว</td></tr>
<tr style="background-color:#f0f5fa;"><td style="padding:3px;"><b>ประเภทชาวไร่</b></td><td style="padding:3px;">รถตัด</td></tr>
<tr style="background-color:#dbe8f5;"><td style="padding:3px;"><b>สถานีขนถ่าย</b></td><td style="padding:3px;"></td></tr>
<tr style="background-color:#f0f5fa;"><td style="padding:3px;"><b>สถานะยืนยัน</b></td><td style="padding:3px;">N</td></tr>
<tr style="background-color:#dbe8f5;"><td style="padding:3px;"><b>โควตา</b></td><td style="padding:3px;">787085</td></tr>
<tr style="background-color:#f0f5fa;"><td style="padding:3px;"><b>ชาวไร่</b></td><td style="padding:3px;">นาย พงษ์พิชิต ตลับทอง</td></tr>
<tr style="background-color:#dbe8f5;"><td style="padding:3px;"><b>ประเภทอ้อย</b></td><td style="padding:3px;">ตอ1</td></tr>
<tr style="background-color:#f0f5fa;"><td style="padding:3px;"><b>พื้นที่</b></td><td style="padding:3px;">3.98</td></tr>
<tr style="background-color:#dbe8f5;"><td style="padding:3px;"><b>ปีผลิต</b></td><td style="padding:3px;">256970</td></tr>
<tr style="background-color:#f0f5fa;"><td style="padding:3px;"><b>ตันรวม</b></td><td style="padding:3px;">35.82</td></tr>
<tr style="background-color:#dbe8f5;"><td style="padding:3px;"><b>สถานที่ส่งอ้อย_1</b></td><td style="padding:3px;">รถตัด</td></tr>
</table>]]></description>
      <MultiGeometry><Polygon><outerBoundaryIs><LinearRing><coordinates>103.600467250334,15.1721261900471 103.60056458031,15.173945830267 103.600849360112,15.1739238400629 103.600764879609,15.1721012600681 103.600467250334,15.1721261900471</coordinates></LinearRing></outerBoundaryIs></Polygon></MultiGeometry>
    </Placemark>
    <Placemark>
      <name>320407010024</name>
      <styleUrl>#style_83_001</styleUrl>
      <description><![CDATA[<h3 style="margin-bottom:6px; font-family:sans-serif;">320407010024</h3>
<table style="width:100%; border-collapse:collapse; font-family:sans-serif; font-size:12px;">
<tr style="background-color:#99bfe6; color:#000; font-weight:bold;"><td colspan="2" style="padding:4px; text-align:center;">320407010024</td></tr>
<tr style="background-color:#f0f5fa;"><td style="padding:3px; width:45%;"><b>FID</b></td><td style="padding:3px;">11171</td></tr>
<tr style="background-color:#dbe8f5;"><td style="padding:3px;"><b>รหัสแปลง</b></td><td style="padding:3px;">320407010024</td></tr>
<tr style="background-color:#f0f5fa;"><td style="padding:3px;"><b>รหัสกลุ่มคิว</b></td><td style="padding:3px;">83_001</td></tr>
<tr style="background-color:#dbe8f5;"><td style="padding:3px;"><b>นักเกษตร</b></td><td style="padding:3px;">8301</td></tr>
<tr style="background-color:#f0f5fa;"><td style="padding:3px;"><b>ศูนย์</b></td><td style="padding:3px;">K2-83</td></tr>
<tr style="background-color:#dbe8f5;"><td style="padding:3px;"><b>สถานที่ส่งอ้อย</b></td><td style="padding:3px;">รถตัด</td></tr>
<tr style="background-color:#f0f5fa;"><td style="padding:3px;"><b>ประเภทคิว</b></td><td style="padding:3px;">รถตัด</td></tr>
<tr style="background-color:#dbe8f5;"><td style="padding:3px;"><b>ประเภทรถ</b></td><td style="padding:3px;">10 ล้อเดี่ยว</td></tr>
<tr style="background-color:#f0f5fa;"><td style="padding:3px;"><b>ประเภทชาวไร่</b></td><td style="padding:3px;">รถตัด</td></tr>
<tr style="background-color:#dbe8f5;"><td style="padding:3px;"><b>สถานีขนถ่าย</b></td><td style="padding:3px;"></td></tr>
<tr style="background-color:#f0f5fa;"><td style="padding:3px;"><b>สถานะยืนยัน</b></td><td style="padding:3px;">N</td></tr>
<tr style="background-color:#dbe8f5;"><td style="padding:3px;"><b>โควตา</b></td><td style="padding:3px;">787085</td></tr>
<tr style="background-color:#f0f5fa;"><td style="padding:3px;"><b>ชาวไร่</b></td><td style="padding:3px;">นาย พงษ์พิชิต ตลับทอง</td></tr>
<tr style="background-color:#dbe8f5;"><td style="padding:3px;"><b>ประเภทอ้อย</b></td><td style="padding:3px;">ตอ1</td></tr>
<tr style="background-color:#f0f5fa;"><td style="padding:3px;"><b>พื้นที่</b></td><td style="padding:3px;">6.17</td></tr>
<tr style="background-color:#dbe8f5;"><td style="padding:3px;"><b>ปีผลิต</b></td><td style="padding:3px;">256970</td></tr>
<tr style="background-color:#f0f5fa;"><td style="padding:3px;"><b>ตันรวม</b></td><td style="padding:3px;">55.53</td></tr>
<tr style="background-color:#dbe8f5;"><td style="padding:3px;"><b>สถานที่ส่งอ้อย_1</b></td><td style="padding:3px;">รถตัด</td></tr>
</table>]]></description>
      <MultiGeometry><Polygon><outerBoundaryIs><LinearRing><coordinates>103.600174370287,15.171730409625 103.599905090308,15.1702523296897 103.59925556005,15.1703618602023 103.59921429971,15.1706543596699 103.599185019747,15.1706943898633 103.599192249836,15.1707991598471 103.599277589926,15.1709833397072 103.599295719803,15.170982270276 103.599922479514,15.171555110038 103.599965230807,15.1717857911116 103.600174370287,15.171730409625</coordinates></LinearRing></outerBoundaryIs></Polygon></MultiGeometry>
    </Placemark>
    <Placemark>
      <name>320407090004</name>
      <styleUrl>#style_83_001</styleUrl>
      <description><![CDATA[<h3 style="margin-bottom:6px; font-family:sans-serif;">320407090004</h3>
<table style="width:100%; border-collapse:collapse; font-family:sans-serif; font-size:12px;">
<tr style="background-color:#99bfe6; color:#000; font-weight:bold;"><td colspan="2" style="padding:4px; text-align:center;">320407090004</td></tr>
<tr style="background-color:#f0f5fa;"><td style="padding:3px; width:45%;"><b>FID</b></td><td style="padding:3px;">11172</td></tr>
<tr style="background-color:#dbe8f5;"><td style="padding:3px;"><b>รหัสแปลง</b></td><td style="padding:3px;">320407090004</td></tr>
<tr style="background-color:#f0f5fa;"><td style="padding:3px;"><b>รหัสกลุ่มคิว</b></td><td style="padding:3px;">83_001</td></tr>
<tr style="background-color:#dbe8f5;"><td style="padding:3px;"><b>นักเกษตร</b></td><td style="padding:3px;">8301</td></tr>
<tr style="background-color:#f0f5fa;"><td style="padding:3px;"><b>ศูนย์</b></td><td style="padding:3px;">K2-83</td></tr>
<tr style="background-color:#dbe8f5;"><td style="padding:3px;"><b>สถานที่ส่งอ้อย</b></td><td style="padding:3px;">รถตัด</td></tr>
<tr style="background-color:#f0f5fa;"><td style="padding:3px;"><b>ประเภทคิว</b></td><td style="padding:3px;">รถตัด</td></tr>
<tr style="background-color:#dbe8f5;"><td style="padding:3px;"><b>ประเภทรถ</b></td><td style="padding:3px;">10 ล้อเดี่ยว</td></tr>
<tr style="background-color:#f0f5fa;"><td style="padding:3px;"><b>ประเภทชาวไร่</b></td><td style="padding:3px;">รถตัด</td></tr>
<tr style="background-color:#dbe8f5;"><td style="padding:3px;"><b>สถานีขนถ่าย</b></td><td style="padding:3px;"></td></tr>
<tr style="background-color:#f0f5fa;"><td style="padding:3px;"><b>สถานะยืนยัน</b></td><td style="padding:3px;">N</td></tr>
<tr style="background-color:#dbe8f5;"><td style="padding:3px;"><b>โควตา</b></td><td style="padding:3px;">787085</td></tr>
<tr style="background-color:#f0f5fa;"><td style="padding:3px;"><b>ชาวไร่</b></td><td style="padding:3px;">นาย พงษ์พิชิต ตลับทอง</td></tr>
<tr style="background-color:#dbe8f5;"><td style="padding:3px;"><b>ประเภทอ้อย</b></td><td style="padding:3px;">ตอ1</td></tr>
<tr style="background-color:#f0f5fa;"><td style="padding:3px;"><b>พื้นที่</b></td><td style="padding:3px;">4.73</td></tr>
<tr style="background-color:#dbe8f5;"><td style="padding:3px;"><b>ปีผลิต</b></td><td style="padding:3px;">256970</td></tr>
<tr style="background-color:#f0f5fa;"><td style="padding:3px;"><b>ตันรวม</b></td><td style="padding:3px;">42.57</td></tr>
<tr style="background-color:#dbe8f5;"><td style="padding:3px;"><b>สถานที่ส่งอ้อย_1</b></td><td style="padding:3px;">รถตัด</td></tr>
</table>]]></description>
      <MultiGeometry><Polygon><outerBoundaryIs><LinearRing><coordinates>103.606853180175,15.164968359998 103.605886829566,15.1650048696043 103.605865139623,15.1650268197123 103.605868470212,15.1653419595672 103.607473419856,15.1653826700168 103.607548839511,15.164957540358 103.606853180175,15.164968359998</coordinates></LinearRing></outerBoundaryIs></Polygon></MultiGeometry>
    </Placemark>
    <Placemark>
      <name>320407090005</name>
      <styleUrl>#style_83_001</styleUrl>
      <description><![CDATA[<h3 style="margin-bottom:6px; font-family:sans-serif;">320407090005</h3>
<table style="width:100%; border-collapse:collapse; font-family:sans-serif; font-size:12px;">
<tr style="background-color:#99bfe6; color:#000; font-weight:bold;"><td colspan="2" style="padding:4px; text-align:center;">320407090005</td></tr>
<tr style="background-color:#f0f5fa;"><td style="padding:3px; width:45%;"><b>FID</b></td><td style="padding:3px;">11173</td></tr>
<tr style="background-color:#dbe8f5;"><td style="padding:3px;"><b>รหัสแปลง</b></td><td style="padding:3px;">320407090005</td></tr>
<tr style="background-color:#f0f5fa;"><td style="padding:3px;"><b>รหัสกลุ่มคิว</b></td><td style="padding:3px;">83_001</td></tr>
<tr style="background-color:#dbe8f5;"><td style="padding:3px;"><b>นักเกษตร</b></td><td style="padding:3px;">8301</td></tr>
<tr style="background-color:#f0f5fa;"><td style="padding:3px;"><b>ศูนย์</b></td><td style="padding:3px;">K2-83</td></tr>
<tr style="background-color:#dbe8f5;"><td style="padding:3px;"><b>สถานที่ส่งอ้อย</b></td><td style="padding:3px;">รถตัด</td></tr>
<tr style="background-color:#f0f5fa;"><td style="padding:3px;"><b>ประเภทคิว</b></td><td style="padding:3px;">รถตัด</td></tr>
<tr style="background-color:#dbe8f5;"><td style="padding:3px;"><b>ประเภทรถ</b></td><td style="padding:3px;">10 ล้อเดี่ยว</td></tr>
<tr style="background-color:#f0f5fa;"><td style="padding:3px;"><b>ประเภทชาวไร่</b></td><td style="padding:3px;">รถตัด</td></tr>
<tr style="background-color:#dbe8f5;"><td style="padding:3px;"><b>สถานีขนถ่าย</b></td><td style="padding:3px;"></td></tr>
<tr style="background-color:#f0f5fa;"><td style="padding:3px;"><b>สถานะยืนยัน</b></td><td style="padding:3px;">N</td></tr>
<tr style="background-color:#dbe8f5;"><td style="padding:3px;"><b>โควตา</b></td><td style="padding:3px;">787085</td></tr>
<tr style="background-color:#f0f5fa;"><td style="padding:3px;"><b>ชาวไร่</b></td><td style="padding:3px;">นาย พงษ์พิชิต ตลับทอง</td></tr>
<tr style="background-color:#dbe8f5;"><td style="padding:3px;"><b>ประเภทอ้อย</b></td><td style="padding:3px;">ตอ1</td></tr>
<tr style="background-color:#f0f5fa;"><td style="padding:3px;"><b>พื้นที่</b></td><td style="padding:3px;">4.78</td></tr>
<tr style="background-color:#dbe8f5;"><td style="padding:3px;"><b>ปีผลิต</b></td><td style="padding:3px;">256970</td></tr>
<tr style="background-color:#f0f5fa;"><td style="padding:3px;"><b>ตันรวม</b></td><td style="padding:3px;">43.02</td></tr>
<tr style="background-color:#dbe8f5;"><td style="padding:3px;"><b>สถานที่ส่งอ้อย_1</b></td><td style="padding:3px;">รถตัด</td></tr>
</table>]]></description>
      <MultiGeometry><Polygon><outerBoundaryIs><LinearRing><coordinates>103.605940209728,15.1657572098864 103.605897640203,15.1660693999315 103.607545610045,15.1663124103977 103.60766086959,15.16588166035 103.605940209728,15.1657572098864</coordinates></LinearRing></outerBoundaryIs></Polygon></MultiGeometry>
    </Placemark>
    <Placemark>
      <name>320409100064</name>
      <styleUrl>#style_83_001</styleUrl>
      <description><![CDATA[<h3 style="margin-bottom:6px; font-family:sans-serif;">320409100064</h3>
<table style="width:100%; border-collapse:collapse; font-family:sans-serif; font-size:12px;">
<tr style="background-color:#99bfe6; color:#000; font-weight:bold;"><td colspan="2" style="padding:4px; text-align:center;">320409100064</td></tr>
<tr style="background-color:#f0f5fa;"><td style="padding:3px; width:45%;"><b>FID</b></td><td style="padding:3px;">11175</td></tr>
<tr style="background-color:#dbe8f5;"><td style="padding:3px;"><b>รหัสแปลง</b></td><td style="padding:3px;">320409100064</td></tr>
<tr style="background-color:#f0f5fa;"><td style="padding:3px;"><b>รหัสกลุ่มคิว</b></td><td style="padding:3px;">83_001</td></tr>
<tr style="background-color:#dbe8f5;"><td style="padding:3px;"><b>นักเกษตร</b></td><td style="padding:3px;">8301</td></tr>
<tr style="background-color:#f0f5fa;"><td style="padding:3px;"><b>ศูนย์</b></td><td style="padding:3px;">K2-83</td></tr>
<tr style="background-color:#dbe8f5;"><td style="padding:3px;"><b>สถานที่ส่งอ้อย</b></td><td style="padding:3px;">รถตัด</td></tr>
<tr style="background-color:#f0f5fa;"><td style="padding:3px;"><b>ประเภทคิว</b></td><td style="padding:3px;">รถตัด</td></tr>
<tr style="background-color:#dbe8f5;"><td style="padding:3px;"><b>ประเภทรถ</b></td><td style="padding:3px;">10 ล้อเดี่ยว</td></tr>
<tr style="background-color:#f0f5fa;"><td style="padding:3px;"><b>ประเภทชาวไร่</b></td><td style="padding:3px;">รถตัด</td></tr>
<tr style="background-color:#dbe8f5;"><td style="padding:3px;"><b>สถานีขนถ่าย</b></td><td style="padding:3px;"></td></tr>
<tr style="background-color:#f0f5fa;"><td style="padding:3px;"><b>สถานะยืนยัน</b></td><td style="padding:3px;">N</td></tr>
<tr style="background-color:#dbe8f5;"><td style="padding:3px;"><b>โควตา</b></td><td style="padding:3px;">788003</td></tr>
<tr style="background-color:#f0f5fa;"><td style="padding:3px;"><b>ชาวไร่</b></td><td style="padding:3px;">นาง อนงค์ กระแสเทพ</td></tr>
<tr style="background-color:#dbe8f5;"><td style="padding:3px;"><b>ประเภทอ้อย</b></td><td style="padding:3px;">ตอ1</td></tr>
<tr style="background-color:#f0f5fa;"><td style="padding:3px;"><b>พื้นที่</b></td><td style="padding:3px;">5.68</td></tr>
<tr style="background-color:#dbe8f5;"><td style="padding:3px;"><b>ปีผลิต</b></td><td style="padding:3px;">256970</td></tr>
<tr style="background-color:#f0f5fa;"><td style="padding:3px;"><b>ตันรวม</b></td><td style="padding:3px;">51.12</td></tr>
<tr style="background-color:#dbe8f5;"><td style="padding:3px;"><b>สถานที่ส่งอ้อย_1</b></td><td style="padding:3px;">รถตัด</td></tr>
</table>]]></description>
      <MultiGeometry><Polygon><outerBoundaryIs><LinearRing><coordinates>103.590701599481,15.1719587899197 103.593418519778,15.1719459496721 103.593433999733,15.1716348502889 103.590711349699,15.1717100902586 103.590701599481,15.1719587899197</coordinates></LinearRing></outerBoundaryIs></Polygon></MultiGeometry>
    </Placemark>
    <Placemark>
      <name>320306140001</name>
      <styleUrl>#style_83_001</styleUrl>
      <description><![CDATA[<h3 style="margin-bottom:6px; font-family:sans-serif;">320306140001</h3>
<table style="width:100%; border-collapse:collapse; font-family:sans-serif; font-size:12px;">
<tr style="background-color:#99bfe6; color:#000; font-weight:bold;"><td colspan="2" style="padding:4px; text-align:center;">320306140001</td></tr>
<tr style="background-color:#f0f5fa;"><td style="padding:3px; width:45%;"><b>FID</b></td><td style="padding:3px;">11177</td></tr>
<tr style="background-color:#dbe8f5;"><td style="padding:3px;"><b>รหัสแปลง</b></td><td style="padding:3px;">320306140001</td></tr>
<tr style="background-color:#f0f5fa;"><td style="padding:3px;"><b>รหัสกลุ่มคิว</b></td><td style="padding:3px;">83_001</td></tr>
<tr style="background-color:#dbe8f5;"><td style="padding:3px;"><b>นักเกษตร</b></td><td style="padding:3px;">8301</td></tr>
<tr style="background-color:#f0f5fa;"><td style="padding:3px;"><b>ศูนย์</b></td><td style="padding:3px;">K2-83</td></tr>
<tr style="background-color:#dbe8f5;"><td style="padding:3px;"><b>สถานที่ส่งอ้อย</b></td><td style="padding:3px;">รถตัด</td></tr>
<tr style="background-color:#f0f5fa;"><td style="padding:3px;"><b>ประเภทคิว</b></td><td style="padding:3px;">รถตัด</td></tr>
<tr style="background-color:#dbe8f5;"><td style="padding:3px;"><b>ประเภทรถ</b></td><td style="padding:3px;">10 ล้อเดี่ยว</td></tr>
<tr style="background-color:#f0f5fa;"><td style="padding:3px;"><b>ประเภทชาวไร่</b></td><td style="padding:3px;">รถตัด</td></tr>
<tr style="background-color:#dbe8f5;"><td style="padding:3px;"><b>สถานีขนถ่าย</b></td><td style="padding:3px;"></td></tr>
<tr style="background-color:#f0f5fa;"><td style="padding:3px;"><b>สถานะยืนยัน</b></td><td style="padding:3px;">N</td></tr>
<tr style="background-color:#dbe8f5;"><td style="padding:3px;"><b>โควตา</b></td><td style="padding:3px;">788004</td></tr>
<tr style="background-color:#f0f5fa;"><td style="padding:3px;"><b>ชาวไร่</b></td><td style="padding:3px;">นาย ฉันทวัฒน์ ชัยหาญ</td></tr>
<tr style="background-color:#dbe8f5;"><td style="padding:3px;"><b>ประเภทอ้อย</b></td><td style="padding:3px;">ตอ1</td></tr>
<tr style="background-color:#f0f5fa;"><td style="padding:3px;"><b>พื้นที่</b></td><td style="padding:3px;">14.36</td></tr>
<tr style="background-color:#dbe8f5;"><td style="padding:3px;"><b>ปีผลิต</b></td><td style="padding:3px;">256970</td></tr>
<tr style="background-color:#f0f5fa;"><td style="padding:3px;"><b>ตันรวม</b></td><td style="padding:3px;">129.24</td></tr>
<tr style="background-color:#dbe8f5;"><td style="padding:3px;"><b>สถานที่ส่งอ้อย_1</b></td><td style="padding:3px;">รถตัด</td></tr>
</table>]]></description>
      <MultiGeometry><Polygon><outerBoundaryIs><LinearRing><coordinates>103.587561289674,15.1819461697093 103.589224820069,15.1817095803549 103.589241300088,15.180964959776 103.589181159882,15.1808175899614 103.588407889708,15.1809975802902 103.586746369992,15.1812855698609 103.586774050182,15.1820775501406 103.587070649585,15.1820347597432 103.58706887963,15.1817439896161 103.587529999784,15.1817315998584 103.587561289674,15.1819461697093</coordinates></LinearRing></outerBoundaryIs></Polygon></MultiGeometry>
    </Placemark>
    <Placemark>
      <name>320407090009</name>
      <styleUrl>#style_83_001</styleUrl>
      <description><![CDATA[<h3 style="margin-bottom:6px; font-family:sans-serif;">320407090009</h3>
<table style="width:100%; border-collapse:collapse; font-family:sans-serif; font-size:12px;">
<tr style="background-color:#99bfe6; color:#000; font-weight:bold;"><td colspan="2" style="padding:4px; text-align:center;">320407090009</td></tr>
<tr style="background-color:#f0f5fa;"><td style="padding:3px; width:45%;"><b>FID</b></td><td style="padding:3px;">11181</td></tr>
<tr style="background-color:#dbe8f5;"><td style="padding:3px;"><b>รหัสแปลง</b></td><td style="padding:3px;">320407090009</td></tr>
<tr style="background-color:#f0f5fa;"><td style="padding:3px;"><b>รหัสกลุ่มคิว</b></td><td style="padding:3px;">83_001</td></tr>
<tr style="background-color:#dbe8f5;"><td style="padding:3px;"><b>นักเกษตร</b></td><td style="padding:3px;">8301</td></tr>
<tr style="background-color:#f0f5fa;"><td style="padding:3px;"><b>ศูนย์</b></td><td style="padding:3px;">K2-83</td></tr>
<tr style="background-color:#dbe8f5;"><td style="padding:3px;"><b>สถานที่ส่งอ้อย</b></td><td style="padding:3px;">รถตัด</td></tr>
<tr style="background-color:#f0f5fa;"><td style="padding:3px;"><b>ประเภทคิว</b></td><td style="padding:3px;">รถตัด</td></tr>
<tr style="background-color:#dbe8f5;"><td style="padding:3px;"><b>ประเภทรถ</b></td><td style="padding:3px;">10 ล้อเดี่ยว</td></tr>
<tr style="background-color:#f0f5fa;"><td style="padding:3px;"><b>ประเภทชาวไร่</b></td><td style="padding:3px;">รถตัด</td></tr>
<tr style="background-color:#dbe8f5;"><td style="padding:3px;"><b>สถานีขนถ่าย</b></td><td style="padding:3px;"></td></tr>
<tr style="background-color:#f0f5fa;"><td style="padding:3px;"><b>สถานะยืนยัน</b></td><td style="padding:3px;">N</td></tr>
<tr style="background-color:#dbe8f5;"><td style="padding:3px;"><b>โควตา</b></td><td style="padding:3px;">788002</td></tr>
<tr style="background-color:#f0f5fa;"><td style="padding:3px;"><b>ชาวไร่</b></td><td style="padding:3px;">นาง ถนอม ขอทัดกลาง</td></tr>
<tr style="background-color:#dbe8f5;"><td style="padding:3px;"><b>ประเภทอ้อย</b></td><td style="padding:3px;">ตอ1</td></tr>
<tr style="background-color:#f0f5fa;"><td style="padding:3px;"><b>พื้นที่</b></td><td style="padding:3px;">9.74</td></tr>
<tr style="background-color:#dbe8f5;"><td style="padding:3px;"><b>ปีผลิต</b></td><td style="padding:3px;">256970</td></tr>
<tr style="background-color:#f0f5fa;"><td style="padding:3px;"><b>ตันรวม</b></td><td style="padding:3px;">87.66</td></tr>
<tr style="background-color:#dbe8f5;"><td style="padding:3px;"><b>สถานที่ส่งอ้อย_1</b></td><td style="padding:3px;">รถตัด</td></tr>
</table>]]></description>
      <MultiGeometry><Polygon><outerBoundaryIs><LinearRing><coordinates>103.603635859657,15.1743582703523 103.602943510165,15.1718641598319 103.602885690298,15.1718155003441 103.602653650339,15.1718785203718 103.602680139548,15.1720844600749 103.602710129669,15.1726437001219 103.602694679416,15.1729568795785 103.602726349885,15.1730911902268 103.602756609696,15.1733168603224 103.602860079852,15.174192410109 103.603104019517,15.174216109886 103.603124200009,15.1743163298357 103.603635859657,15.1743582703523</coordinates></LinearRing></outerBoundaryIs></Polygon></MultiGeometry>
    </Placemark>
    <Placemark>
      <name>320407010027</name>
      <styleUrl>#style_83_001</styleUrl>
      <description><![CDATA[<h3 style="margin-bottom:6px; font-family:sans-serif;">320407010027</h3>
<table style="width:100%; border-collapse:collapse; font-family:sans-serif; font-size:12px;">
<tr style="background-color:#99bfe6; color:#000; font-weight:bold;"><td colspan="2" style="padding:4px; text-align:center;">320407010027</td></tr>
<tr style="background-color:#f0f5fa;"><td style="padding:3px; width:45%;"><b>FID</b></td><td style="padding:3px;">11182</td></tr>
<tr style="background-color:#dbe8f5;"><td style="padding:3px;"><b>รหัสแปลง</b></td><td style="padding:3px;">320407010027</td></tr>
<tr style="background-color:#f0f5fa;"><td style="padding:3px;"><b>รหัสกลุ่มคิว</b></td><td style="padding:3px;">83_001</td></tr>
<tr style="background-color:#dbe8f5;"><td style="padding:3px;"><b>นักเกษตร</b></td><td style="padding:3px;">8301</td></tr>
<tr style="background-color:#f0f5fa;"><td style="padding:3px;"><b>ศูนย์</b></td><td style="padding:3px;">K2-83</td></tr>
<tr style="background-color:#dbe8f5;"><td style="padding:3px;"><b>สถานที่ส่งอ้อย</b></td><td style="padding:3px;">รถตัด</td></tr>
<tr style="background-color:#f0f5fa;"><td style="padding:3px;"><b>ประเภทคิว</b></td><td style="padding:3px;">รถตัด</td></tr>
<tr style="background-color:#dbe8f5;"><td style="padding:3px;"><b>ประเภทรถ</b></td><td style="padding:3px;">10 ล้อเดี่ยว</td></tr>
<tr style="background-color:#f0f5fa;"><td style="padding:3px;"><b>ประเภทชาวไร่</b></td><td style="padding:3px;">รถตัด</td></tr>
<tr style="background-color:#dbe8f5;"><td style="padding:3px;"><b>สถานีขนถ่าย</b></td><td style="padding:3px;"></td></tr>
<tr style="background-color:#f0f5fa;"><td style="padding:3px;"><b>สถานะยืนยัน</b></td><td style="padding:3px;">N</td></tr>
<tr style="background-color:#dbe8f5;"><td style="padding:3px;"><b>โควตา</b></td><td style="padding:3px;">782403</td></tr>
<tr style="background-color:#f0f5fa;"><td style="padding:3px;"><b>ชาวไร่</b></td><td style="padding:3px;">นาย พิทักษ์ แสนกล้า</td></tr>
<tr style="background-color:#dbe8f5;"><td style="padding:3px;"><b>ประเภทอ้อย</b></td><td style="padding:3px;">ตอ1</td></tr>
<tr style="background-color:#f0f5fa;"><td style="padding:3px;"><b>พื้นที่</b></td><td style="padding:3px;">13.92</td></tr>
<tr style="background-color:#dbe8f5;"><td style="padding:3px;"><b>ปีผลิต</b></td><td style="padding:3px;">256970</td></tr>
<tr style="background-color:#f0f5fa;"><td style="padding:3px;"><b>ตันรวม</b></td><td style="padding:3px;">125.28</td></tr>
<tr style="background-color:#dbe8f5;"><td style="padding:3px;"><b>สถานที่ส่งอ้อย_1</b></td><td style="padding:3px;">รถตัด</td></tr>
</table>]]></description>
      <MultiGeometry><Polygon><outerBoundaryIs><LinearRing><coordinates>103.634425639624,15.1834604003872 103.634726190214,15.1850567396152 103.635352539758,15.1847498799109 103.634811269843,15.1821958395334 103.634004700306,15.1823156904003 103.634105649956,15.1828665102021 103.634175140165,15.182878349982 103.634315019618,15.1828536396351 103.634425639624,15.1834604003872</coordinates></LinearRing></outerBoundaryIs></Polygon></MultiGeometry>
    </Placemark>
    <Placemark>
      <name>320409100065</name>
      <styleUrl>#style_83_001</styleUrl>
      <description><![CDATA[<h3 style="margin-bottom:6px; font-family:sans-serif;">320409100065</h3>
<table style="width:100%; border-collapse:collapse; font-family:sans-serif; font-size:12px;">
<tr style="background-color:#99bfe6; color:#000; font-weight:bold;"><td colspan="2" style="padding:4px; text-align:center;">320409100065</td></tr>
<tr style="background-color:#f0f5fa;"><td style="padding:3px; width:45%;"><b>FID</b></td><td style="padding:3px;">11263</td></tr>
<tr style="background-color:#dbe8f5;"><td style="padding:3px;"><b>รหัสแปลง</b></td><td style="padding:3px;">320409100065</td></tr>
<tr style="background-color:#f0f5fa;"><td style="padding:3px;"><b>รหัสกลุ่มคิว</b></td><td style="padding:3px;">83_001</td></tr>
<tr style="background-color:#dbe8f5;"><td style="padding:3px;"><b>นักเกษตร</b></td><td style="padding:3px;">8301</td></tr>
<tr style="background-color:#f0f5fa;"><td style="padding:3px;"><b>ศูนย์</b></td><td style="padding:3px;">K2-83</td></tr>
<tr style="background-color:#dbe8f5;"><td style="padding:3px;"><b>สถานที่ส่งอ้อย</b></td><td style="padding:3px;">รถตัด</td></tr>
<tr style="background-color:#f0f5fa;"><td style="padding:3px;"><b>ประเภทคิว</b></td><td style="padding:3px;">รถตัด</td></tr>
<tr style="background-color:#dbe8f5;"><td style="padding:3px;"><b>ประเภทรถ</b></td><td style="padding:3px;">10 ล้อเดี่ยว</td></tr>
<tr style="background-color:#f0f5fa;"><td style="padding:3px;"><b>ประเภทชาวไร่</b></td><td style="padding:3px;">รถตัด</td></tr>
<tr style="background-color:#dbe8f5;"><td style="padding:3px;"><b>สถานีขนถ่าย</b></td><td style="padding:3px;"></td></tr>
<tr style="background-color:#f0f5fa;"><td style="padding:3px;"><b>สถานะยืนยัน</b></td><td style="padding:3px;">N</td></tr>
<tr style="background-color:#dbe8f5;"><td style="padding:3px;"><b>โควตา</b></td><td style="padding:3px;">788003</td></tr>
<tr style="background-color:#f0f5fa;"><td style="padding:3px;"><b>ชาวไร่</b></td><td style="padding:3px;">นาง อนงค์ กระแสเทพ</td></tr>
<tr style="background-color:#dbe8f5;"><td style="padding:3px;"><b>ประเภทอ้อย</b></td><td style="padding:3px;">ตอ1</td></tr>
<tr style="background-color:#f0f5fa;"><td style="padding:3px;"><b>พื้นที่</b></td><td style="padding:3px;">4.53</td></tr>
<tr style="background-color:#dbe8f5;"><td style="padding:3px;"><b>ปีผลิต</b></td><td style="padding:3px;">256970</td></tr>
<tr style="background-color:#f0f5fa;"><td style="padding:3px;"><b>ตันรวม</b></td><td style="padding:3px;">40.77</td></tr>
<tr style="background-color:#dbe8f5;"><td style="padding:3px;"><b>สถานที่ส่งอ้อย_1</b></td><td style="padding:3px;">รถตัด</td></tr>
</table>]]></description>
      <MultiGeometry><Polygon><outerBoundaryIs><LinearRing><coordinates>103.581765720257,15.1624057495449 103.581815679603,15.1627839804311 103.582447089492,15.1627018095446 103.58318427002,15.1625842302328 103.58309776982,15.1621243698714 103.582585599763,15.1622076899013 103.581765720257,15.1624057495449</coordinates></LinearRing></outerBoundaryIs></Polygon></MultiGeometry>
    </Placemark>
    <Placemark>
      <name>320407010030</name>
      <styleUrl>#style_83_001</styleUrl>
      <description><![CDATA[<h3 style="margin-bottom:6px; font-family:sans-serif;">320407010030</h3>
<table style="width:100%; border-collapse:collapse; font-family:sans-serif; font-size:12px;">
<tr style="background-color:#99bfe6; color:#000; font-weight:bold;"><td colspan="2" style="padding:4px; text-align:center;">320407010030</td></tr>
<tr style="background-color:#f0f5fa;"><td style="padding:3px; width:45%;"><b>FID</b></td><td style="padding:3px;">11302</td></tr>
<tr style="background-color:#dbe8f5;"><td style="padding:3px;"><b>รหัสแปลง</b></td><td style="padding:3px;">320407010030</td></tr>
<tr style="background-color:#f0f5fa;"><td style="padding:3px;"><b>รหัสกลุ่มคิว</b></td><td style="padding:3px;">83_001</td></tr>
<tr style="background-color:#dbe8f5;"><td style="padding:3px;"><b>นักเกษตร</b></td><td style="padding:3px;">8301</td></tr>
<tr style="background-color:#f0f5fa;"><td style="padding:3px;"><b>ศูนย์</b></td><td style="padding:3px;">K2-83</td></tr>
<tr style="background-color:#dbe8f5;"><td style="padding:3px;"><b>สถานที่ส่งอ้อย</b></td><td style="padding:3px;">รถตัด</td></tr>
<tr style="background-color:#f0f5fa;"><td style="padding:3px;"><b>ประเภทคิว</b></td><td style="padding:3px;">รถตัด</td></tr>
<tr style="background-color:#dbe8f5;"><td style="padding:3px;"><b>ประเภทรถ</b></td><td style="padding:3px;">10 ล้อเดี่ยว</td></tr>
<tr style="background-color:#f0f5fa;"><td style="padding:3px;"><b>ประเภทชาวไร่</b></td><td style="padding:3px;">รถตัด</td></tr>
<tr style="background-color:#dbe8f5;"><td style="padding:3px;"><b>สถานีขนถ่าย</b></td><td style="padding:3px;"></td></tr>
<tr style="background-color:#f0f5fa;"><td style="padding:3px;"><b>สถานะยืนยัน</b></td><td style="padding:3px;">N</td></tr>
<tr style="background-color:#dbe8f5;"><td style="padding:3px;"><b>โควตา</b></td><td style="padding:3px;">787085</td></tr>
<tr style="background-color:#f0f5fa;"><td style="padding:3px;"><b>ชาวไร่</b></td><td style="padding:3px;">นาย พงษ์พิชิต ตลับทอง</td></tr>
<tr style="background-color:#dbe8f5;"><td style="padding:3px;"><b>ประเภทอ้อย</b></td><td style="padding:3px;">ตอ1</td></tr>
<tr style="background-color:#f0f5fa;"><td style="padding:3px;"><b>พื้นที่</b></td><td style="padding:3px;">5.59</td></tr>
<tr style="background-color:#dbe8f5;"><td style="padding:3px;"><b>ปีผลิต</b></td><td style="padding:3px;">256970</td></tr>
<tr style="background-color:#f0f5fa;"><td style="padding:3px;"><b>ตันรวม</b></td><td style="padding:3px;">50.31</td></tr>
<tr style="background-color:#dbe8f5;"><td style="padding:3px;"><b>สถานที่ส่งอ้อย_1</b></td><td style="padding:3px;">รถตัด</td></tr>
</table>]]></description>
      <MultiGeometry><Polygon><outerBoundaryIs><LinearRing><coordinates>103.600711449728,15.1762715095735 103.601041530058,15.1762124895696 103.600888949932,15.1739447599814 103.600571820118,15.1739401302429 103.600711449728,15.1762715095735</coordinates></LinearRing></outerBoundaryIs></Polygon></MultiGeometry>
    </Placemark>
    <Placemark>
      <name>320407010031</name>
      <styleUrl>#style_83_001</styleUrl>
      <description><![CDATA[<h3 style="margin-bottom:6px; font-family:sans-serif;">320407010031</h3>
<table style="width:100%; border-collapse:collapse; font-family:sans-serif; font-size:12px;">
<tr style="background-color:#99bfe6; color:#000; font-weight:bold;"><td colspan="2" style="padding:4px; text-align:center;">320407010031</td></tr>
<tr style="background-color:#f0f5fa;"><td style="padding:3px; width:45%;"><b>FID</b></td><td style="padding:3px;">11490</td></tr>
<tr style="background-color:#dbe8f5;"><td style="padding:3px;"><b>รหัสแปลง</b></td><td style="padding:3px;">320407010031</td></tr>
<tr style="background-color:#f0f5fa;"><td style="padding:3px;"><b>รหัสกลุ่มคิว</b></td><td style="padding:3px;">83_001</td></tr>
<tr style="background-color:#dbe8f5;"><td style="padding:3px;"><b>นักเกษตร</b></td><td style="padding:3px;">8301</td></tr>
<tr style="background-color:#f0f5fa;"><td style="padding:3px;"><b>ศูนย์</b></td><td style="padding:3px;">K2-83</td></tr>
<tr style="background-color:#dbe8f5;"><td style="padding:3px;"><b>สถานที่ส่งอ้อย</b></td><td style="padding:3px;">รถตัด</td></tr>
<tr style="background-color:#f0f5fa;"><td style="padding:3px;"><b>ประเภทคิว</b></td><td style="padding:3px;">รถตัด</td></tr>
<tr style="background-color:#dbe8f5;"><td style="padding:3px;"><b>ประเภทรถ</b></td><td style="padding:3px;">10 ล้อเดี่ยว</td></tr>
<tr style="background-color:#f0f5fa;"><td style="padding:3px;"><b>ประเภทชาวไร่</b></td><td style="padding:3px;">รถตัด</td></tr>
<tr style="background-color:#dbe8f5;"><td style="padding:3px;"><b>สถานีขนถ่าย</b></td><td style="padding:3px;"></td></tr>
<tr style="background-color:#f0f5fa;"><td style="padding:3px;"><b>สถานะยืนยัน</b></td><td style="padding:3px;">N</td></tr>
<tr style="background-color:#dbe8f5;"><td style="padding:3px;"><b>โควตา</b></td><td style="padding:3px;">788017</td></tr>
<tr style="background-color:#f0f5fa;"><td style="padding:3px;"><b>ชาวไร่</b></td><td style="padding:3px;">นาง กนกอร เที่ยงธรรม</td></tr>
<tr style="background-color:#dbe8f5;"><td style="padding:3px;"><b>ประเภทอ้อย</b></td><td style="padding:3px;">ตอ1</td></tr>
<tr style="background-color:#f0f5fa;"><td style="padding:3px;"><b>พื้นที่</b></td><td style="padding:3px;">2.79</td></tr>
<tr style="background-color:#dbe8f5;"><td style="padding:3px;"><b>ปีผลิต</b></td><td style="padding:3px;">256970</td></tr>
<tr style="background-color:#f0f5fa;"><td style="padding:3px;"><b>ตันรวม</b></td><td style="padding:3px;">25.11</td></tr>
<tr style="background-color:#dbe8f5;"><td style="padding:3px;"><b>สถานที่ส่งอ้อย_1</b></td><td style="padding:3px;">รถตัด</td></tr>
</table>]]></description>
      <MultiGeometry><Polygon><outerBoundaryIs><LinearRing><coordinates>103.611947389621,15.1708067902634 103.611909130316,15.1708462203576 103.611864559733,15.1710525101425 103.612867050069,15.1711602902554 103.613315679815,15.1712357101288 103.613396859881,15.1709714499296 103.611947389621,15.1708067902634</coordinates></LinearRing></outerBoundaryIs></Polygon></MultiGeometry>
    </Placemark>
    <Placemark>
      <name>320407010034</name>
      <styleUrl>#style_83_001</styleUrl>
      <description><![CDATA[<h3 style="margin-bottom:6px; font-family:sans-serif;">320407010034</h3>
<table style="width:100%; border-collapse:collapse; font-family:sans-serif; font-size:12px;">
<tr style="background-color:#99bfe6; color:#000; font-weight:bold;"><td colspan="2" style="padding:4px; text-align:center;">320407010034</td></tr>
<tr style="background-color:#f0f5fa;"><td style="padding:3px; width:45%;"><b>FID</b></td><td style="padding:3px;">12109</td></tr>
<tr style="background-color:#dbe8f5;"><td style="padding:3px;"><b>รหัสแปลง</b></td><td style="padding:3px;">320407010034</td></tr>
<tr style="background-color:#f0f5fa;"><td style="padding:3px;"><b>รหัสกลุ่มคิว</b></td><td style="padding:3px;">83_001</td></tr>
<tr style="background-color:#dbe8f5;"><td style="padding:3px;"><b>นักเกษตร</b></td><td style="padding:3px;">8301</td></tr>
<tr style="background-color:#f0f5fa;"><td style="padding:3px;"><b>ศูนย์</b></td><td style="padding:3px;">K2-83</td></tr>
<tr style="background-color:#dbe8f5;"><td style="padding:3px;"><b>สถานที่ส่งอ้อย</b></td><td style="padding:3px;">รถตัด</td></tr>
<tr style="background-color:#f0f5fa;"><td style="padding:3px;"><b>ประเภทคิว</b></td><td style="padding:3px;">รถตัด</td></tr>
<tr style="background-color:#dbe8f5;"><td style="padding:3px;"><b>ประเภทรถ</b></td><td style="padding:3px;">10 ล้อเดี่ยว</td></tr>
<tr style="background-color:#f0f5fa;"><td style="padding:3px;"><b>ประเภทชาวไร่</b></td><td style="padding:3px;">รถตัด</td></tr>
<tr style="background-color:#dbe8f5;"><td style="padding:3px;"><b>สถานีขนถ่าย</b></td><td style="padding:3px;"></td></tr>
<tr style="background-color:#f0f5fa;"><td style="padding:3px;"><b>สถานะยืนยัน</b></td><td style="padding:3px;">N</td></tr>
<tr style="background-color:#dbe8f5;"><td style="padding:3px;"><b>โควตา</b></td><td style="padding:3px;">788022</td></tr>
<tr style="background-color:#f0f5fa;"><td style="padding:3px;"><b>ชาวไร่</b></td><td style="padding:3px;">นาง บังอร กระแสเทพ</td></tr>
<tr style="background-color:#dbe8f5;"><td style="padding:3px;"><b>ประเภทอ้อย</b></td><td style="padding:3px;">ตอ1</td></tr>
<tr style="background-color:#f0f5fa;"><td style="padding:3px;"><b>พื้นที่</b></td><td style="padding:3px;">3.38</td></tr>
<tr style="background-color:#dbe8f5;"><td style="padding:3px;"><b>ปีผลิต</b></td><td style="padding:3px;">256970</td></tr>
<tr style="background-color:#f0f5fa;"><td style="padding:3px;"><b>ตันรวม</b></td><td style="padding:3px;">30.42</td></tr>
<tr style="background-color:#dbe8f5;"><td style="padding:3px;"><b>สถานที่ส่งอ้อย_1</b></td><td style="padding:3px;">รถตัด</td></tr>
</table>]]></description>
      <MultiGeometry><Polygon><outerBoundaryIs><LinearRing><coordinates>103.612098709772,15.1700168402818 103.612064100324,15.170289429815 103.613505399646,15.1704596801158 103.613608050313,15.1701313201394 103.612098709772,15.1700168402818</coordinates></LinearRing></outerBoundaryIs></Polygon></MultiGeometry>
    </Placemark>
    <Placemark>
      <name>320407010035</name>
      <styleUrl>#style_83_001</styleUrl>
      <description><![CDATA[<h3 style="margin-bottom:6px; font-family:sans-serif;">320407010035</h3>
<table style="width:100%; border-collapse:collapse; font-family:sans-serif; font-size:12px;">
<tr style="background-color:#99bfe6; color:#000; font-weight:bold;"><td colspan="2" style="padding:4px; text-align:center;">320407010035</td></tr>
<tr style="background-color:#f0f5fa;"><td style="padding:3px; width:45%;"><b>FID</b></td><td style="padding:3px;">12229</td></tr>
<tr style="background-color:#dbe8f5;"><td style="padding:3px;"><b>รหัสแปลง</b></td><td style="padding:3px;">320407010035</td></tr>
<tr style="background-color:#f0f5fa;"><td style="padding:3px;"><b>รหัสกลุ่มคิว</b></td><td style="padding:3px;">83_001</td></tr>
<tr style="background-color:#dbe8f5;"><td style="padding:3px;"><b>นักเกษตร</b></td><td style="padding:3px;">8301</td></tr>
<tr style="background-color:#f0f5fa;"><td style="padding:3px;"><b>ศูนย์</b></td><td style="padding:3px;">K2-83</td></tr>
<tr style="background-color:#dbe8f5;"><td style="padding:3px;"><b>สถานที่ส่งอ้อย</b></td><td style="padding:3px;">รถตัด</td></tr>
<tr style="background-color:#f0f5fa;"><td style="padding:3px;"><b>ประเภทคิว</b></td><td style="padding:3px;">รถตัด</td></tr>
<tr style="background-color:#dbe8f5;"><td style="padding:3px;"><b>ประเภทรถ</b></td><td style="padding:3px;">10 ล้อเดี่ยว</td></tr>
<tr style="background-color:#f0f5fa;"><td style="padding:3px;"><b>ประเภทชาวไร่</b></td><td style="padding:3px;">รถตัด</td></tr>
<tr style="background-color:#dbe8f5;"><td style="padding:3px;"><b>สถานีขนถ่าย</b></td><td style="padding:3px;"></td></tr>
<tr style="background-color:#f0f5fa;"><td style="padding:3px;"><b>สถานะยืนยัน</b></td><td style="padding:3px;">N</td></tr>
<tr style="background-color:#dbe8f5;"><td style="padding:3px;"><b>โควตา</b></td><td style="padding:3px;">788049</td></tr>
<tr style="background-color:#f0f5fa;"><td style="padding:3px;"><b>ชาวไร่</b></td><td style="padding:3px;">นาย มงคล พุฒหล้า</td></tr>
<tr style="background-color:#dbe8f5;"><td style="padding:3px;"><b>ประเภทอ้อย</b></td><td style="padding:3px;">ตอ1</td></tr>
<tr style="background-color:#f0f5fa;"><td style="padding:3px;"><b>พื้นที่</b></td><td style="padding:3px;">8.43</td></tr>
<tr style="background-color:#dbe8f5;"><td style="padding:3px;"><b>ปีผลิต</b></td><td style="padding:3px;">256970</td></tr>
<tr style="background-color:#f0f5fa;"><td style="padding:3px;"><b>ตันรวม</b></td><td style="padding:3px;">75.87</td></tr>
<tr style="background-color:#dbe8f5;"><td style="padding:3px;"><b>สถานที่ส่งอ้อย_1</b></td><td style="padding:3px;">รถตัด</td></tr>
</table>]]></description>
      <MultiGeometry><Polygon><outerBoundaryIs><LinearRing><coordinates>103.61672423967,15.1742627398998 103.616756630195,15.1751531002678 103.617697479582,15.1752303700256 103.61795654994,15.1752415295587 103.617945219834,15.1746078395833 103.617955889945,15.1742747096555 103.61672423967,15.1742627398998</coordinates></LinearRing></outerBoundaryIs></Polygon></MultiGeometry>
    </Placemark>
    <Placemark>
      <name>320409090030</name>
      <styleUrl>#style_83_001</styleUrl>
      <description><![CDATA[<h3 style="margin-bottom:6px; font-family:sans-serif;">320409090030</h3>
<table style="width:100%; border-collapse:collapse; font-family:sans-serif; font-size:12px;">
<tr style="background-color:#99bfe6; color:#000; font-weight:bold;"><td colspan="2" style="padding:4px; text-align:center;">320409090030</td></tr>
<tr style="background-color:#f0f5fa;"><td style="padding:3px; width:45%;"><b>FID</b></td><td style="padding:3px;">12279</td></tr>
<tr style="background-color:#dbe8f5;"><td style="padding:3px;"><b>รหัสแปลง</b></td><td style="padding:3px;">320409090030</td></tr>
<tr style="background-color:#f0f5fa;"><td style="padding:3px;"><b>รหัสกลุ่มคิว</b></td><td style="padding:3px;">83_001</td></tr>
<tr style="background-color:#dbe8f5;"><td style="padding:3px;"><b>นักเกษตร</b></td><td style="padding:3px;">8301</td></tr>
<tr style="background-color:#f0f5fa;"><td style="padding:3px;"><b>ศูนย์</b></td><td style="padding:3px;">K2-83</td></tr>
<tr style="background-color:#dbe8f5;"><td style="padding:3px;"><b>สถานที่ส่งอ้อย</b></td><td style="padding:3px;">รถตัด</td></tr>
<tr style="background-color:#f0f5fa;"><td style="padding:3px;"><b>ประเภทคิว</b></td><td style="padding:3px;">รถตัด</td></tr>
<tr style="background-color:#dbe8f5;"><td style="padding:3px;"><b>ประเภทรถ</b></td><td style="padding:3px;">10 ล้อเดี่ยว</td></tr>
<tr style="background-color:#f0f5fa;"><td style="padding:3px;"><b>ประเภทชาวไร่</b></td><td style="padding:3px;">รถตัด</td></tr>
<tr style="background-color:#dbe8f5;"><td style="padding:3px;"><b>สถานีขนถ่าย</b></td><td style="padding:3px;"></td></tr>
<tr style="background-color:#f0f5fa;"><td style="padding:3px;"><b>สถานะยืนยัน</b></td><td style="padding:3px;">N</td></tr>
<tr style="background-color:#dbe8f5;"><td style="padding:3px;"><b>โควตา</b></td><td style="padding:3px;">787019</td></tr>
<tr style="background-color:#f0f5fa;"><td style="padding:3px;"><b>ชาวไร่</b></td><td style="padding:3px;">นาย อำนาจ สุขแสวง</td></tr>
<tr style="background-color:#dbe8f5;"><td style="padding:3px;"><b>ประเภทอ้อย</b></td><td style="padding:3px;">ตอ1</td></tr>
<tr style="background-color:#f0f5fa;"><td style="padding:3px;"><b>พื้นที่</b></td><td style="padding:3px;">8.03</td></tr>
<tr style="background-color:#dbe8f5;"><td style="padding:3px;"><b>ปีผลิต</b></td><td style="padding:3px;">256970</td></tr>
<tr style="background-color:#f0f5fa;"><td style="padding:3px;"><b>ตันรวม</b></td><td style="padding:3px;">72.27</td></tr>
<tr style="background-color:#dbe8f5;"><td style="padding:3px;"><b>สถานที่ส่งอ้อย_1</b></td><td style="padding:3px;">รถตัด</td></tr>
</table>]]></description>
      <MultiGeometry><Polygon><outerBoundaryIs><LinearRing><coordinates>103.587789850285,15.1581477496698 103.587848909578,15.1585638502335 103.588370620078,15.1584646603602 103.588867970135,15.1583887897941 103.589136510091,15.1583578498682 103.589096119903,15.1580604501422 103.590728559563,15.1578418902619 103.590667459762,15.1574764198879 103.587789850285,15.1581477496698</coordinates></LinearRing></outerBoundaryIs></Polygon></MultiGeometry>
    </Placemark>
    <Placemark>
      <name>320407010036</name>
      <styleUrl>#style_83_001</styleUrl>
      <description><![CDATA[<h3 style="margin-bottom:6px; font-family:sans-serif;">320407010036</h3>
<table style="width:100%; border-collapse:collapse; font-family:sans-serif; font-size:12px;">
<tr style="background-color:#99bfe6; color:#000; font-weight:bold;"><td colspan="2" style="padding:4px; text-align:center;">320407010036</td></tr>
<tr style="background-color:#f0f5fa;"><td style="padding:3px; width:45%;"><b>FID</b></td><td style="padding:3px;">12538</td></tr>
<tr style="background-color:#dbe8f5;"><td style="padding:3px;"><b>รหัสแปลง</b></td><td style="padding:3px;">320407010036</td></tr>
<tr style="background-color:#f0f5fa;"><td style="padding:3px;"><b>รหัสกลุ่มคิว</b></td><td style="padding:3px;">83_001</td></tr>
<tr style="background-color:#dbe8f5;"><td style="padding:3px;"><b>นักเกษตร</b></td><td style="padding:3px;">8301</td></tr>
<tr style="background-color:#f0f5fa;"><td style="padding:3px;"><b>ศูนย์</b></td><td style="padding:3px;">K2-83</td></tr>
<tr style="background-color:#dbe8f5;"><td style="padding:3px;"><b>สถานที่ส่งอ้อย</b></td><td style="padding:3px;">รถตัด</td></tr>
<tr style="background-color:#f0f5fa;"><td style="padding:3px;"><b>ประเภทคิว</b></td><td style="padding:3px;">รถตัด</td></tr>
<tr style="background-color:#dbe8f5;"><td style="padding:3px;"><b>ประเภทรถ</b></td><td style="padding:3px;">10 ล้อเดี่ยว</td></tr>
<tr style="background-color:#f0f5fa;"><td style="padding:3px;"><b>ประเภทชาวไร่</b></td><td style="padding:3px;">รถตัด</td></tr>
<tr style="background-color:#dbe8f5;"><td style="padding:3px;"><b>สถานีขนถ่าย</b></td><td style="padding:3px;"></td></tr>
<tr style="background-color:#f0f5fa;"><td style="padding:3px;"><b>สถานะยืนยัน</b></td><td style="padding:3px;">N</td></tr>
<tr style="background-color:#dbe8f5;"><td style="padding:3px;"><b>โควตา</b></td><td style="padding:3px;">782452</td></tr>
<tr style="background-color:#f0f5fa;"><td style="padding:3px;"><b>ชาวไร่</b></td><td style="padding:3px;">นาย สุคม บุญเลิศ</td></tr>
<tr style="background-color:#dbe8f5;"><td style="padding:3px;"><b>ประเภทอ้อย</b></td><td style="padding:3px;">ตอ1</td></tr>
<tr style="background-color:#f0f5fa;"><td style="padding:3px;"><b>พื้นที่</b></td><td style="padding:3px;">1.4</td></tr>
<tr style="background-color:#dbe8f5;"><td style="padding:3px;"><b>ปีผลิต</b></td><td style="padding:3px;">256970</td></tr>
<tr style="background-color:#f0f5fa;"><td style="padding:3px;"><b>ตันรวม</b></td><td style="padding:3px;">12.6</td></tr>
<tr style="background-color:#dbe8f5;"><td style="padding:3px;"><b>สถานที่ส่งอ้อย_1</b></td><td style="padding:3px;">รถตัด</td></tr>
</table>]]></description>
      <MultiGeometry><Polygon><outerBoundaryIs><LinearRing><coordinates>103.603088530151,15.1672254902439 103.604479499951,15.1673657298266 103.604542920087,15.1671586799072 103.604274589479,15.1671367500214 103.603420439922,15.167189409741 103.603347230292,15.1671871697451 103.6032754398,15.1671809400652 103.60322130989,15.1671765903408 103.603190550086,15.1671778697269 103.603148839501,15.167182839721 103.603096940178,15.1672045503692 103.603088530151,15.1672254902439</coordinates></LinearRing></outerBoundaryIs></Polygon></MultiGeometry>
    </Placemark>
    <Placemark>
      <name>320407090012</name>
      <styleUrl>#style_83_001</styleUrl>
      <description><![CDATA[<h3 style="margin-bottom:6px; font-family:sans-serif;">320407090012</h3>
<table style="width:100%; border-collapse:collapse; font-family:sans-serif; font-size:12px;">
<tr style="background-color:#99bfe6; color:#000; font-weight:bold;"><td colspan="2" style="padding:4px; text-align:center;">320407090012</td></tr>
<tr style="background-color:#f0f5fa;"><td style="padding:3px; width:45%;"><b>FID</b></td><td style="padding:3px;">12650</td></tr>
<tr style="background-color:#dbe8f5;"><td style="padding:3px;"><b>รหัสแปลง</b></td><td style="padding:3px;">320407090012</td></tr>
<tr style="background-color:#f0f5fa;"><td style="padding:3px;"><b>รหัสกลุ่มคิว</b></td><td style="padding:3px;">83_001</td></tr>
<tr style="background-color:#dbe8f5;"><td style="padding:3px;"><b>นักเกษตร</b></td><td style="padding:3px;">8301</td></tr>
<tr style="background-color:#f0f5fa;"><td style="padding:3px;"><b>ศูนย์</b></td><td style="padding:3px;">K2-83</td></tr>
<tr style="background-color:#dbe8f5;"><td style="padding:3px;"><b>สถานที่ส่งอ้อย</b></td><td style="padding:3px;">รถตัด</td></tr>
<tr style="background-color:#f0f5fa;"><td style="padding:3px;"><b>ประเภทคิว</b></td><td style="padding:3px;">รถตัด</td></tr>
<tr style="background-color:#dbe8f5;"><td style="padding:3px;"><b>ประเภทรถ</b></td><td style="padding:3px;">10 ล้อเดี่ยว</td></tr>
<tr style="background-color:#f0f5fa;"><td style="padding:3px;"><b>ประเภทชาวไร่</b></td><td style="padding:3px;">รถตัด</td></tr>
<tr style="background-color:#dbe8f5;"><td style="padding:3px;"><b>สถานีขนถ่าย</b></td><td style="padding:3px;"></td></tr>
<tr style="background-color:#f0f5fa;"><td style="padding:3px;"><b>สถานะยืนยัน</b></td><td style="padding:3px;">N</td></tr>
<tr style="background-color:#dbe8f5;"><td style="padding:3px;"><b>โควตา</b></td><td style="padding:3px;">787085</td></tr>
<tr style="background-color:#f0f5fa;"><td style="padding:3px;"><b>ชาวไร่</b></td><td style="padding:3px;">นาย พงษ์พิชิต ตลับทอง</td></tr>
<tr style="background-color:#dbe8f5;"><td style="padding:3px;"><b>ประเภทอ้อย</b></td><td style="padding:3px;">ตอ1</td></tr>
<tr style="background-color:#f0f5fa;"><td style="padding:3px;"><b>พื้นที่</b></td><td style="padding:3px;">6.12</td></tr>
<tr style="background-color:#dbe8f5;"><td style="padding:3px;"><b>ปีผลิต</b></td><td style="padding:3px;">256970</td></tr>
<tr style="background-color:#f0f5fa;"><td style="padding:3px;"><b>ตันรวม</b></td><td style="padding:3px;">55.08</td></tr>
<tr style="background-color:#dbe8f5;"><td style="padding:3px;"><b>สถานที่ส่งอ้อย_1</b></td><td style="padding:3px;">รถตัด</td></tr>
</table>]]></description>
      <MultiGeometry><Polygon><outerBoundaryIs><LinearRing><coordinates>103.605799819565,15.1646256700967 103.605822840057,15.1649760001614 103.607550510179,15.1649200701998 103.607548180057,15.1643302702411 103.605799819565,15.1646256700967</coordinates></LinearRing></outerBoundaryIs></Polygon></MultiGeometry>
    </Placemark>
    <Placemark>
      <name>320409090033</name>
      <styleUrl>#style_83_001</styleUrl>
      <description><![CDATA[<h3 style="margin-bottom:6px; font-family:sans-serif;">320409090033</h3>
<table style="width:100%; border-collapse:collapse; font-family:sans-serif; font-size:12px;">
<tr style="background-color:#99bfe6; color:#000; font-weight:bold;"><td colspan="2" style="padding:4px; text-align:center;">320409090033</td></tr>
<tr style="background-color:#f0f5fa;"><td style="padding:3px; width:45%;"><b>FID</b></td><td style="padding:3px;">12689</td></tr>
<tr style="background-color:#dbe8f5;"><td style="padding:3px;"><b>รหัสแปลง</b></td><td style="padding:3px;">320409090033</td></tr>
<tr style="background-color:#f0f5fa;"><td style="padding:3px;"><b>รหัสกลุ่มคิว</b></td><td style="padding:3px;">83_001</td></tr>
<tr style="background-color:#dbe8f5;"><td style="padding:3px;"><b>นักเกษตร</b></td><td style="padding:3px;">8301</td></tr>
<tr style="background-color:#f0f5fa;"><td style="padding:3px;"><b>ศูนย์</b></td><td style="padding:3px;">K2-83</td></tr>
<tr style="background-color:#dbe8f5;"><td style="padding:3px;"><b>สถานที่ส่งอ้อย</b></td><td style="padding:3px;">รถตัด</td></tr>
<tr style="background-color:#f0f5fa;"><td style="padding:3px;"><b>ประเภทคิว</b></td><td style="padding:3px;">รถตัด</td></tr>
<tr style="background-color:#dbe8f5;"><td style="padding:3px;"><b>ประเภทรถ</b></td><td style="padding:3px;">10 ล้อเดี่ยว</td></tr>
<tr style="background-color:#f0f5fa;"><td style="padding:3px;"><b>ประเภทชาวไร่</b></td><td style="padding:3px;">รถตัด</td></tr>
<tr style="background-color:#dbe8f5;"><td style="padding:3px;"><b>สถานีขนถ่าย</b></td><td style="padding:3px;"></td></tr>
<tr style="background-color:#f0f5fa;"><td style="padding:3px;"><b>สถานะยืนยัน</b></td><td style="padding:3px;">N</td></tr>
<tr style="background-color:#dbe8f5;"><td style="padding:3px;"><b>โควตา</b></td><td style="padding:3px;">788052</td></tr>
<tr style="background-color:#f0f5fa;"><td style="padding:3px;"><b>ชาวไร่</b></td><td style="padding:3px;">นาง อรสา สุขยา</td></tr>
<tr style="background-color:#dbe8f5;"><td style="padding:3px;"><b>ประเภทอ้อย</b></td><td style="padding:3px;">ตอ1</td></tr>
<tr style="background-color:#f0f5fa;"><td style="padding:3px;"><b>พื้นที่</b></td><td style="padding:3px;">9.88</td></tr>
<tr style="background-color:#dbe8f5;"><td style="padding:3px;"><b>ปีผลิต</b></td><td style="padding:3px;">256970</td></tr>
<tr style="background-color:#f0f5fa;"><td style="padding:3px;"><b>ตันรวม</b></td><td style="padding:3px;">88.92</td></tr>
<tr style="background-color:#dbe8f5;"><td style="padding:3px;"><b>สถานที่ส่งอ้อย_1</b></td><td style="padding:3px;">รถตัด</td></tr>
</table>]]></description>
      <MultiGeometry><Polygon><outerBoundaryIs><LinearRing><coordinates>103.580457880321,15.15411854994 103.580659319705,15.1553302395863 103.580512749471,15.1553242199378 103.580596450125,15.155767190414 103.580861289821,15.1568445697111 103.581070790285,15.1575943902017 103.581632180302,15.1594686203486 103.581905239501,15.1594258198299 103.581147180149,15.1568709998263 103.580941209998,15.1560962097363 103.580888839491,15.1558678999445 103.580862710336,15.1557095803215 103.580853420345,15.1556551801072 103.580780709745,15.1552712998825 103.580674609667,15.1546094599205 103.580628669682,15.1544236503783 103.580607700333,15.1541045900611 103.580457880321,15.15411854994</coordinates></LinearRing></outerBoundaryIs></Polygon></MultiGeometry>
    </Placemark>
    <Placemark>
      <name>320407041551</name>
      <styleUrl>#style_83_001</styleUrl>
      <description><![CDATA[<h3 style="margin-bottom:6px; font-family:sans-serif;">320407041551</h3>
<table style="width:100%; border-collapse:collapse; font-family:sans-serif; font-size:12px;">
<tr style="background-color:#99bfe6; color:#000; font-weight:bold;"><td colspan="2" style="padding:4px; text-align:center;">320407041551</td></tr>
<tr style="background-color:#f0f5fa;"><td style="padding:3px; width:45%;"><b>FID</b></td><td style="padding:3px;">12731</td></tr>
<tr style="background-color:#dbe8f5;"><td style="padding:3px;"><b>รหัสแปลง</b></td><td style="padding:3px;">320407041551</td></tr>
<tr style="background-color:#f0f5fa;"><td style="padding:3px;"><b>รหัสกลุ่มคิว</b></td><td style="padding:3px;">83_001</td></tr>
<tr style="background-color:#dbe8f5;"><td style="padding:3px;"><b>นักเกษตร</b></td><td style="padding:3px;">8301</td></tr>
<tr style="background-color:#f0f5fa;"><td style="padding:3px;"><b>ศูนย์</b></td><td style="padding:3px;">K2-83</td></tr>
<tr style="background-color:#dbe8f5;"><td style="padding:3px;"><b>สถานที่ส่งอ้อย</b></td><td style="padding:3px;">รถตัด</td></tr>
<tr style="background-color:#f0f5fa;"><td style="padding:3px;"><b>ประเภทคิว</b></td><td style="padding:3px;">รถตัด</td></tr>
<tr style="background-color:#dbe8f5;"><td style="padding:3px;"><b>ประเภทรถ</b></td><td style="padding:3px;">10 ล้อเดี่ยว</td></tr>
<tr style="background-color:#f0f5fa;"><td style="padding:3px;"><b>ประเภทชาวไร่</b></td><td style="padding:3px;">รถตัด</td></tr>
<tr style="background-color:#dbe8f5;"><td style="padding:3px;"><b>สถานีขนถ่าย</b></td><td style="padding:3px;"></td></tr>
<tr style="background-color:#f0f5fa;"><td style="padding:3px;"><b>สถานะยืนยัน</b></td><td style="padding:3px;">N</td></tr>
<tr style="background-color:#dbe8f5;"><td style="padding:3px;"><b>โควตา</b></td><td style="padding:3px;">788075</td></tr>
<tr style="background-color:#f0f5fa;"><td style="padding:3px;"><b>ชาวไร่</b></td><td style="padding:3px;">นาย พนาศักดิ์ กระแสเทพ</td></tr>
<tr style="background-color:#dbe8f5;"><td style="padding:3px;"><b>ประเภทอ้อย</b></td><td style="padding:3px;">ตอ1</td></tr>
<tr style="background-color:#f0f5fa;"><td style="padding:3px;"><b>พื้นที่</b></td><td style="padding:3px;">6.32</td></tr>
<tr style="background-color:#dbe8f5;"><td style="padding:3px;"><b>ปีผลิต</b></td><td style="padding:3px;">256970</td></tr>
<tr style="background-color:#f0f5fa;"><td style="padding:3px;"><b>ตันรวม</b></td><td style="padding:3px;">56.88</td></tr>
<tr style="background-color:#dbe8f5;"><td style="padding:3px;"><b>สถานที่ส่งอ้อย_1</b></td><td style="padding:3px;">รถตัด</td></tr>
</table>]]></description>
      <MultiGeometry><Polygon><outerBoundaryIs><LinearRing><coordinates>103.612321130134,15.1674550599369 103.611865860235,15.1696614502539 103.612149459436,15.1697156404121 103.612515290343,15.1684278501832 103.612679119584,15.1677926702895 103.612706400122,15.1676616598143 103.612734340121,15.1674227896446 103.612321130134,15.1674550599369</coordinates></LinearRing></outerBoundaryIs></Polygon></MultiGeometry>
    </Placemark>
    <Placemark>
      <name>320409060002</name>
      <styleUrl>#style_83_001</styleUrl>
      <description><![CDATA[<h3 style="margin-bottom:6px; font-family:sans-serif;">320409060002</h3>
<table style="width:100%; border-collapse:collapse; font-family:sans-serif; font-size:12px;">
<tr style="background-color:#99bfe6; color:#000; font-weight:bold;"><td colspan="2" style="padding:4px; text-align:center;">320409060002</td></tr>
<tr style="background-color:#f0f5fa;"><td style="padding:3px; width:45%;"><b>FID</b></td><td style="padding:3px;">13169</td></tr>
<tr style="background-color:#dbe8f5;"><td style="padding:3px;"><b>รหัสแปลง</b></td><td style="padding:3px;">320409060002</td></tr>
<tr style="background-color:#f0f5fa;"><td style="padding:3px;"><b>รหัสกลุ่มคิว</b></td><td style="padding:3px;">83_001</td></tr>
<tr style="background-color:#dbe8f5;"><td style="padding:3px;"><b>นักเกษตร</b></td><td style="padding:3px;">8301</td></tr>
<tr style="background-color:#f0f5fa;"><td style="padding:3px;"><b>ศูนย์</b></td><td style="padding:3px;">K2-83</td></tr>
<tr style="background-color:#dbe8f5;"><td style="padding:3px;"><b>สถานที่ส่งอ้อย</b></td><td style="padding:3px;">รถตัด</td></tr>
<tr style="background-color:#f0f5fa;"><td style="padding:3px;"><b>ประเภทคิว</b></td><td style="padding:3px;">รถตัด</td></tr>
<tr style="background-color:#dbe8f5;"><td style="padding:3px;"><b>ประเภทรถ</b></td><td style="padding:3px;">10 ล้อเดี่ยว</td></tr>
<tr style="background-color:#f0f5fa;"><td style="padding:3px;"><b>ประเภทชาวไร่</b></td><td style="padding:3px;">รถตัด</td></tr>
<tr style="background-color:#dbe8f5;"><td style="padding:3px;"><b>สถานีขนถ่าย</b></td><td style="padding:3px;"></td></tr>
<tr style="background-color:#f0f5fa;"><td style="padding:3px;"><b>สถานะยืนยัน</b></td><td style="padding:3px;">N</td></tr>
<tr style="background-color:#dbe8f5;"><td style="padding:3px;"><b>โควตา</b></td><td style="padding:3px;">788097</td></tr>
<tr style="background-color:#f0f5fa;"><td style="padding:3px;"><b>ชาวไร่</b></td><td style="padding:3px;">นาย ธนชัย สายน้อย</td></tr>
<tr style="background-color:#dbe8f5;"><td style="padding:3px;"><b>ประเภทอ้อย</b></td><td style="padding:3px;">ตอ1</td></tr>
<tr style="background-color:#f0f5fa;"><td style="padding:3px;"><b>พื้นที่</b></td><td style="padding:3px;">7.91</td></tr>
<tr style="background-color:#dbe8f5;"><td style="padding:3px;"><b>ปีผลิต</b></td><td style="padding:3px;">256970</td></tr>
<tr style="background-color:#f0f5fa;"><td style="padding:3px;"><b>ตันรวม</b></td><td style="padding:3px;">71.19</td></tr>
<tr style="background-color:#dbe8f5;"><td style="padding:3px;"><b>สถานที่ส่งอ้อย_1</b></td><td style="padding:3px;">รถตัด</td></tr>
</table>]]></description>
      <MultiGeometry><Polygon><outerBoundaryIs><LinearRing><coordinates>103.552117859845,15.1382701304077 103.551465580257,15.1384625502431 103.551403759893,15.1385081698605 103.551418079563,15.1394219297367 103.552459589474,15.1393863096311 103.552468289593,15.1391972698493 103.553130079511,15.1391852496337 103.553133629945,15.1389332502899 103.552197429637,15.1389921502843 103.552117859845,15.1382701304077</coordinates></LinearRing></outerBoundaryIs></Polygon></MultiGeometry>
    </Placemark>
    <Placemark>
      <name>320409010011</name>
      <styleUrl>#style_83_001</styleUrl>
      <description><![CDATA[<h3 style="margin-bottom:6px; font-family:sans-serif;">320409010011</h3>
<table style="width:100%; border-collapse:collapse; font-family:sans-serif; font-size:12px;">
<tr style="background-color:#99bfe6; color:#000; font-weight:bold;"><td colspan="2" style="padding:4px; text-align:center;">320409010011</td></tr>
<tr style="background-color:#f0f5fa;"><td style="padding:3px; width:45%;"><b>FID</b></td><td style="padding:3px;">13362</td></tr>
<tr style="background-color:#dbe8f5;"><td style="padding:3px;"><b>รหัสแปลง</b></td><td style="padding:3px;">320409010011</td></tr>
<tr style="background-color:#f0f5fa;"><td style="padding:3px;"><b>รหัสกลุ่มคิว</b></td><td style="padding:3px;">83_001</td></tr>
<tr style="background-color:#dbe8f5;"><td style="padding:3px;"><b>นักเกษตร</b></td><td style="padding:3px;">8301</td></tr>
<tr style="background-color:#f0f5fa;"><td style="padding:3px;"><b>ศูนย์</b></td><td style="padding:3px;">K2-83</td></tr>
<tr style="background-color:#dbe8f5;"><td style="padding:3px;"><b>สถานที่ส่งอ้อย</b></td><td style="padding:3px;">รถตัด</td></tr>
<tr style="background-color:#f0f5fa;"><td style="padding:3px;"><b>ประเภทคิว</b></td><td style="padding:3px;">รถตัด</td></tr>
<tr style="background-color:#dbe8f5;"><td style="padding:3px;"><b>ประเภทรถ</b></td><td style="padding:3px;">10 ล้อเดี่ยว</td></tr>
<tr style="background-color:#f0f5fa;"><td style="padding:3px;"><b>ประเภทชาวไร่</b></td><td style="padding:3px;">รถตัด</td></tr>
<tr style="background-color:#dbe8f5;"><td style="padding:3px;"><b>สถานีขนถ่าย</b></td><td style="padding:3px;"></td></tr>
<tr style="background-color:#f0f5fa;"><td style="padding:3px;"><b>สถานะยืนยัน</b></td><td style="padding:3px;">N</td></tr>
<tr style="background-color:#dbe8f5;"><td style="padding:3px;"><b>โควตา</b></td><td style="padding:3px;">782403</td></tr>
<tr style="background-color:#f0f5fa;"><td style="padding:3px;"><b>ชาวไร่</b></td><td style="padding:3px;">นาย พิทักษ์ แสนกล้า</td></tr>
<tr style="background-color:#dbe8f5;"><td style="padding:3px;"><b>ประเภทอ้อย</b></td><td style="padding:3px;">ตอ1</td></tr>
<tr style="background-color:#f0f5fa;"><td style="padding:3px;"><b>พื้นที่</b></td><td style="padding:3px;">6.16</td></tr>
<tr style="background-color:#dbe8f5;"><td style="padding:3px;"><b>ปีผลิต</b></td><td style="padding:3px;">256970</td></tr>
<tr style="background-color:#f0f5fa;"><td style="padding:3px;"><b>ตันรวม</b></td><td style="padding:3px;">55.44</td></tr>
<tr style="background-color:#dbe8f5;"><td style="padding:3px;"><b>สถานที่ส่งอ้อย_1</b></td><td style="padding:3px;">รถตัด</td></tr>
</table>]]></description>
      <MultiGeometry><Polygon><outerBoundaryIs><LinearRing><coordinates>103.573738080347,15.1167496802266 103.574736510182,15.116487319857 103.574703660263,15.1163326800523 103.574771659726,15.1162546396206 103.574762919753,15.1157064502375 103.574445429624,15.1157729500769 103.574462219461,15.1158524896157 103.573491479455,15.1161214998153 103.573738080347,15.1167496802266</coordinates></LinearRing></outerBoundaryIs></Polygon></MultiGeometry>
    </Placemark>
    <Placemark>
      <name>320409010012</name>
      <styleUrl>#style_83_001</styleUrl>
      <description><![CDATA[<h3 style="margin-bottom:6px; font-family:sans-serif;">320409010012</h3>
<table style="width:100%; border-collapse:collapse; font-family:sans-serif; font-size:12px;">
<tr style="background-color:#99bfe6; color:#000; font-weight:bold;"><td colspan="2" style="padding:4px; text-align:center;">320409010012</td></tr>
<tr style="background-color:#f0f5fa;"><td style="padding:3px; width:45%;"><b>FID</b></td><td style="padding:3px;">13363</td></tr>
<tr style="background-color:#dbe8f5;"><td style="padding:3px;"><b>รหัสแปลง</b></td><td style="padding:3px;">320409010012</td></tr>
<tr style="background-color:#f0f5fa;"><td style="padding:3px;"><b>รหัสกลุ่มคิว</b></td><td style="padding:3px;">83_001</td></tr>
<tr style="background-color:#dbe8f5;"><td style="padding:3px;"><b>นักเกษตร</b></td><td style="padding:3px;">8301</td></tr>
<tr style="background-color:#f0f5fa;"><td style="padding:3px;"><b>ศูนย์</b></td><td style="padding:3px;">K2-83</td></tr>
<tr style="background-color:#dbe8f5;"><td style="padding:3px;"><b>สถานที่ส่งอ้อย</b></td><td style="padding:3px;">รถตัด</td></tr>
<tr style="background-color:#f0f5fa;"><td style="padding:3px;"><b>ประเภทคิว</b></td><td style="padding:3px;">รถตัด</td></tr>
<tr style="background-color:#dbe8f5;"><td style="padding:3px;"><b>ประเภทรถ</b></td><td style="padding:3px;">10 ล้อเดี่ยว</td></tr>
<tr style="background-color:#f0f5fa;"><td style="padding:3px;"><b>ประเภทชาวไร่</b></td><td style="padding:3px;">รถตัด</td></tr>
<tr style="background-color:#dbe8f5;"><td style="padding:3px;"><b>สถานีขนถ่าย</b></td><td style="padding:3px;"></td></tr>
<tr style="background-color:#f0f5fa;"><td style="padding:3px;"><b>สถานะยืนยัน</b></td><td style="padding:3px;">N</td></tr>
<tr style="background-color:#dbe8f5;"><td style="padding:3px;"><b>โควตา</b></td><td style="padding:3px;">782403</td></tr>
<tr style="background-color:#f0f5fa;"><td style="padding:3px;"><b>ชาวไร่</b></td><td style="padding:3px;">นาย พิทักษ์ แสนกล้า</td></tr>
<tr style="background-color:#dbe8f5;"><td style="padding:3px;"><b>ประเภทอ้อย</b></td><td style="padding:3px;">ตอ1</td></tr>
<tr style="background-color:#f0f5fa;"><td style="padding:3px;"><b>พื้นที่</b></td><td style="padding:3px;">3.09</td></tr>
<tr style="background-color:#dbe8f5;"><td style="padding:3px;"><b>ปีผลิต</b></td><td style="padding:3px;">256970</td></tr>
<tr style="background-color:#f0f5fa;"><td style="padding:3px;"><b>ตันรวม</b></td><td style="padding:3px;">27.81</td></tr>
<tr style="background-color:#dbe8f5;"><td style="padding:3px;"><b>สถานที่ส่งอ้อย_1</b></td><td style="padding:3px;">รถตัด</td></tr>
</table>]]></description>
      <MultiGeometry><Polygon><outerBoundaryIs><LinearRing><coordinates>103.572436890155,15.117264299654 103.572217630143,15.1168084100807 103.571798769753,15.1169424500994 103.571628169858,15.116573639587 103.571458069844,15.1166375096412 103.571580280248,15.1172249200646 103.57165553009,15.1172886597022 103.571837580234,15.1172895300525 103.571874029544,15.1173910803671 103.572436890155,15.117264299654</coordinates></LinearRing></outerBoundaryIs></Polygon></MultiGeometry>
    </Placemark>
    <Placemark>
      <name>320405071558</name>
      <styleUrl>#style_83_001</styleUrl>
      <description><![CDATA[<h3 style="margin-bottom:6px; font-family:sans-serif;">320405071558</h3>
<table style="width:100%; border-collapse:collapse; font-family:sans-serif; font-size:12px;">
<tr style="background-color:#99bfe6; color:#000; font-weight:bold;"><td colspan="2" style="padding:4px; text-align:center;">320405071558</td></tr>
<tr style="background-color:#f0f5fa;"><td style="padding:3px; width:45%;"><b>FID</b></td><td style="padding:3px;">13738</td></tr>
<tr style="background-color:#dbe8f5;"><td style="padding:3px;"><b>รหัสแปลง</b></td><td style="padding:3px;">320405071558</td></tr>
<tr style="background-color:#f0f5fa;"><td style="padding:3px;"><b>รหัสกลุ่มคิว</b></td><td style="padding:3px;">83_001</td></tr>
<tr style="background-color:#dbe8f5;"><td style="padding:3px;"><b>นักเกษตร</b></td><td style="padding:3px;">8301</td></tr>
<tr style="background-color:#f0f5fa;"><td style="padding:3px;"><b>ศูนย์</b></td><td style="padding:3px;">K2-83</td></tr>
<tr style="background-color:#dbe8f5;"><td style="padding:3px;"><b>สถานที่ส่งอ้อย</b></td><td style="padding:3px;">รถตัด</td></tr>
<tr style="background-color:#f0f5fa;"><td style="padding:3px;"><b>ประเภทคิว</b></td><td style="padding:3px;">รถตัด</td></tr>
<tr style="background-color:#dbe8f5;"><td style="padding:3px;"><b>ประเภทรถ</b></td><td style="padding:3px;">10 ล้อเดี่ยว</td></tr>
<tr style="background-color:#f0f5fa;"><td style="padding:3px;"><b>ประเภทชาวไร่</b></td><td style="padding:3px;">รถตัด</td></tr>
<tr style="background-color:#dbe8f5;"><td style="padding:3px;"><b>สถานีขนถ่าย</b></td><td style="padding:3px;"></td></tr>
<tr style="background-color:#f0f5fa;"><td style="padding:3px;"><b>สถานะยืนยัน</b></td><td style="padding:3px;">N</td></tr>
<tr style="background-color:#dbe8f5;"><td style="padding:3px;"><b>โควตา</b></td><td style="padding:3px;">782305</td></tr>
<tr style="background-color:#f0f5fa;"><td style="padding:3px;"><b>ชาวไร่</b></td><td style="padding:3px;">นาย เหมียน หวังผล</td></tr>
<tr style="background-color:#dbe8f5;"><td style="padding:3px;"><b>ประเภทอ้อย</b></td><td style="padding:3px;">ปลายฝน</td></tr>
<tr style="background-color:#f0f5fa;"><td style="padding:3px;"><b>พื้นที่</b></td><td style="padding:3px;">15.5</td></tr>
<tr style="background-color:#dbe8f5;"><td style="padding:3px;"><b>ปีผลิต</b></td><td style="padding:3px;">256970</td></tr>
<tr style="background-color:#f0f5fa;"><td style="padding:3px;"><b>ตันรวม</b></td><td style="padding:3px;">201.5</td></tr>
<tr style="background-color:#dbe8f5;"><td style="padding:3px;"><b>สถานที่ส่งอ้อย_1</b></td><td style="padding:3px;">รถตัด</td></tr>
</table>]]></description>
      <MultiGeometry><Polygon><outerBoundaryIs><LinearRing><coordinates>103.655725169922,15.1391583197568 103.655342290302,15.1393784103946 103.655343479599,15.1394217497991 103.65535329001,15.1394656800979 103.65567335947,15.1403074995877 103.657412640057,15.1397770598824 103.656874289494,15.1385547000884 103.655725169922,15.1391583197568</coordinates></LinearRing></outerBoundaryIs></Polygon></MultiGeometry>
    </Placemark>
    <Placemark>
      <name>320407030013</name>
      <styleUrl>#style_83_001</styleUrl>
      <description><![CDATA[<h3 style="margin-bottom:6px; font-family:sans-serif;">320407030013</h3>
<table style="width:100%; border-collapse:collapse; font-family:sans-serif; font-size:12px;">
<tr style="background-color:#99bfe6; color:#000; font-weight:bold;"><td colspan="2" style="padding:4px; text-align:center;">320407030013</td></tr>
<tr style="background-color:#f0f5fa;"><td style="padding:3px; width:45%;"><b>FID</b></td><td style="padding:3px;">13879</td></tr>
<tr style="background-color:#dbe8f5;"><td style="padding:3px;"><b>รหัสแปลง</b></td><td style="padding:3px;">320407030013</td></tr>
<tr style="background-color:#f0f5fa;"><td style="padding:3px;"><b>รหัสกลุ่มคิว</b></td><td style="padding:3px;">83_001</td></tr>
<tr style="background-color:#dbe8f5;"><td style="padding:3px;"><b>นักเกษตร</b></td><td style="padding:3px;">8301</td></tr>
<tr style="background-color:#f0f5fa;"><td style="padding:3px;"><b>ศูนย์</b></td><td style="padding:3px;">K2-83</td></tr>
<tr style="background-color:#dbe8f5;"><td style="padding:3px;"><b>สถานที่ส่งอ้อย</b></td><td style="padding:3px;">รถตัด</td></tr>
<tr style="background-color:#f0f5fa;"><td style="padding:3px;"><b>ประเภทคิว</b></td><td style="padding:3px;">รถตัด</td></tr>
<tr style="background-color:#dbe8f5;"><td style="padding:3px;"><b>ประเภทรถ</b></td><td style="padding:3px;">10 ล้อเดี่ยว</td></tr>
<tr style="background-color:#f0f5fa;"><td style="padding:3px;"><b>ประเภทชาวไร่</b></td><td style="padding:3px;">รถตัด</td></tr>
<tr style="background-color:#dbe8f5;"><td style="padding:3px;"><b>สถานีขนถ่าย</b></td><td style="padding:3px;"></td></tr>
<tr style="background-color:#f0f5fa;"><td style="padding:3px;"><b>สถานะยืนยัน</b></td><td style="padding:3px;">N</td></tr>
<tr style="background-color:#dbe8f5;"><td style="padding:3px;"><b>โควตา</b></td><td style="padding:3px;">782244</td></tr>
<tr style="background-color:#f0f5fa;"><td style="padding:3px;"><b>ชาวไร่</b></td><td style="padding:3px;">นาย สมยศ บุญเลิศ</td></tr>
<tr style="background-color:#dbe8f5;"><td style="padding:3px;"><b>ประเภทอ้อย</b></td><td style="padding:3px;">ปลายฝน</td></tr>
<tr style="background-color:#f0f5fa;"><td style="padding:3px;"><b>พื้นที่</b></td><td style="padding:3px;">4.04</td></tr>
<tr style="background-color:#dbe8f5;"><td style="padding:3px;"><b>ปีผลิต</b></td><td style="padding:3px;">256970</td></tr>
<tr style="background-color:#f0f5fa;"><td style="padding:3px;"><b>ตันรวม</b></td><td style="padding:3px;">52.52</td></tr>
<tr style="background-color:#dbe8f5;"><td style="padding:3px;"><b>สถานที่ส่งอ้อย_1</b></td><td style="padding:3px;">รถตัด</td></tr>
</table>]]></description>
      <MultiGeometry><Polygon><outerBoundaryIs><LinearRing><coordinates>103.601747990094,15.1856488796421 103.601705589849,15.186268219886 103.602404309932,15.1866060499463 103.602431419426,15.1856784596052 103.601747990094,15.1856488796421</coordinates></LinearRing></outerBoundaryIs></Polygon></MultiGeometry>
    </Placemark>
    <Placemark>
      <name>320309100002</name>
      <styleUrl>#style_83_001</styleUrl>
      <description><![CDATA[<h3 style="margin-bottom:6px; font-family:sans-serif;">320309100002</h3>
<table style="width:100%; border-collapse:collapse; font-family:sans-serif; font-size:12px;">
<tr style="background-color:#99bfe6; color:#000; font-weight:bold;"><td colspan="2" style="padding:4px; text-align:center;">320309100002</td></tr>
<tr style="background-color:#f0f5fa;"><td style="padding:3px; width:45%;"><b>FID</b></td><td style="padding:3px;">13969</td></tr>
<tr style="background-color:#dbe8f5;"><td style="padding:3px;"><b>รหัสแปลง</b></td><td style="padding:3px;">320309100002</td></tr>
<tr style="background-color:#f0f5fa;"><td style="padding:3px;"><b>รหัสกลุ่มคิว</b></td><td style="padding:3px;">83_001</td></tr>
<tr style="background-color:#dbe8f5;"><td style="padding:3px;"><b>นักเกษตร</b></td><td style="padding:3px;">8301</td></tr>
<tr style="background-color:#f0f5fa;"><td style="padding:3px;"><b>ศูนย์</b></td><td style="padding:3px;">K2-83</td></tr>
<tr style="background-color:#dbe8f5;"><td style="padding:3px;"><b>สถานที่ส่งอ้อย</b></td><td style="padding:3px;">รถตัด</td></tr>
<tr style="background-color:#f0f5fa;"><td style="padding:3px;"><b>ประเภทคิว</b></td><td style="padding:3px;">รถตัด</td></tr>
<tr style="background-color:#dbe8f5;"><td style="padding:3px;"><b>ประเภทรถ</b></td><td style="padding:3px;">10 ล้อเดี่ยว</td></tr>
<tr style="background-color:#f0f5fa;"><td style="padding:3px;"><b>ประเภทชาวไร่</b></td><td style="padding:3px;">รถตัด</td></tr>
<tr style="background-color:#dbe8f5;"><td style="padding:3px;"><b>สถานีขนถ่าย</b></td><td style="padding:3px;"></td></tr>
<tr style="background-color:#f0f5fa;"><td style="padding:3px;"><b>สถานะยืนยัน</b></td><td style="padding:3px;">N</td></tr>
<tr style="background-color:#dbe8f5;"><td style="padding:3px;"><b>โควตา</b></td><td style="padding:3px;">701538</td></tr>
<tr style="background-color:#f0f5fa;"><td style="padding:3px;"><b>ชาวไร่</b></td><td style="padding:3px;">นาย ธนพล สังข์เสาวภาคย์</td></tr>
<tr style="background-color:#dbe8f5;"><td style="padding:3px;"><b>ประเภทอ้อย</b></td><td style="padding:3px;">ปลายฝน</td></tr>
<tr style="background-color:#f0f5fa;"><td style="padding:3px;"><b>พื้นที่</b></td><td style="padding:3px;">7.99</td></tr>
<tr style="background-color:#dbe8f5;"><td style="padding:3px;"><b>ปีผลิต</b></td><td style="padding:3px;">256970</td></tr>
<tr style="background-color:#f0f5fa;"><td style="padding:3px;"><b>ตันรวม</b></td><td style="padding:3px;">103.87</td></tr>
<tr style="background-color:#dbe8f5;"><td style="padding:3px;"><b>สถานที่ส่งอ้อย_1</b></td><td style="padding:3px;">รถตัด</td></tr>
</table>]]></description>
      <MultiGeometry><Polygon><outerBoundaryIs><LinearRing><coordinates>103.613137900243,15.2415022499619 103.612753613348,15.2404479185176 103.611783100239,15.2404251402211 103.61164711995,15.2411479798171 103.613137900243,15.2415022499619</coordinates></LinearRing></outerBoundaryIs></Polygon></MultiGeometry>
    </Placemark>
    <Placemark>
      <name>320309100003</name>
      <styleUrl>#style_83_001</styleUrl>
      <description><![CDATA[<h3 style="margin-bottom:6px; font-family:sans-serif;">320309100003</h3>
<table style="width:100%; border-collapse:collapse; font-family:sans-serif; font-size:12px;">
<tr style="background-color:#99bfe6; color:#000; font-weight:bold;"><td colspan="2" style="padding:4px; text-align:center;">320309100003</td></tr>
<tr style="background-color:#f0f5fa;"><td style="padding:3px; width:45%;"><b>FID</b></td><td style="padding:3px;">13970</td></tr>
<tr style="background-color:#dbe8f5;"><td style="padding:3px;"><b>รหัสแปลง</b></td><td style="padding:3px;">320309100003</td></tr>
<tr style="background-color:#f0f5fa;"><td style="padding:3px;"><b>รหัสกลุ่มคิว</b></td><td style="padding:3px;">83_001</td></tr>
<tr style="background-color:#dbe8f5;"><td style="padding:3px;"><b>นักเกษตร</b></td><td style="padding:3px;">8301</td></tr>
<tr style="background-color:#f0f5fa;"><td style="padding:3px;"><b>ศูนย์</b></td><td style="padding:3px;">K2-83</td></tr>
<tr style="background-color:#dbe8f5;"><td style="padding:3px;"><b>สถานที่ส่งอ้อย</b></td><td style="padding:3px;">รถตัด</td></tr>
<tr style="background-color:#f0f5fa;"><td style="padding:3px;"><b>ประเภทคิว</b></td><td style="padding:3px;">รถตัด</td></tr>
<tr style="background-color:#dbe8f5;"><td style="padding:3px;"><b>ประเภทรถ</b></td><td style="padding:3px;">10 ล้อเดี่ยว</td></tr>
<tr style="background-color:#f0f5fa;"><td style="padding:3px;"><b>ประเภทชาวไร่</b></td><td style="padding:3px;">รถตัด</td></tr>
<tr style="background-color:#dbe8f5;"><td style="padding:3px;"><b>สถานีขนถ่าย</b></td><td style="padding:3px;"></td></tr>
<tr style="background-color:#f0f5fa;"><td style="padding:3px;"><b>สถานะยืนยัน</b></td><td style="padding:3px;">N</td></tr>
<tr style="background-color:#dbe8f5;"><td style="padding:3px;"><b>โควตา</b></td><td style="padding:3px;">782244</td></tr>
<tr style="background-color:#f0f5fa;"><td style="padding:3px;"><b>ชาวไร่</b></td><td style="padding:3px;">นาย สมยศ บุญเลิศ</td></tr>
<tr style="background-color:#dbe8f5;"><td style="padding:3px;"><b>ประเภทอ้อย</b></td><td style="padding:3px;">ปลายฝน</td></tr>
<tr style="background-color:#f0f5fa;"><td style="padding:3px;"><b>พื้นที่</b></td><td style="padding:3px;">10.96</td></tr>
<tr style="background-color:#dbe8f5;"><td style="padding:3px;"><b>ปีผลิต</b></td><td style="padding:3px;">256970</td></tr>
<tr style="background-color:#f0f5fa;"><td style="padding:3px;"><b>ตันรวม</b></td><td style="padding:3px;">142.48</td></tr>
<tr style="background-color:#dbe8f5;"><td style="padding:3px;"><b>สถานที่ส่งอ้อย_1</b></td><td style="padding:3px;">รถตัด</td></tr>
</table>]]></description>
      <MultiGeometry><Polygon><outerBoundaryIs><LinearRing><coordinates>103.611653439483,15.241184900414 103.611471049771,15.241802889792 103.612022140156,15.24194320976 103.611964139427,15.2421672004208 103.612921849493,15.2423894796168 103.612924700158,15.2424343097431 103.613441309887,15.2424383296736 103.61316467961,15.2417155699266 103.613112660065,15.2415053203097 103.611653439483,15.241184900414</coordinates></LinearRing></outerBoundaryIs></Polygon></MultiGeometry>
    </Placemark>
    <Placemark>
      <name>320407090017</name>
      <styleUrl>#style_83_001</styleUrl>
      <description><![CDATA[<h3 style="margin-bottom:6px; font-family:sans-serif;">320407090017</h3>
<table style="width:100%; border-collapse:collapse; font-family:sans-serif; font-size:12px;">
<tr style="background-color:#99bfe6; color:#000; font-weight:bold;"><td colspan="2" style="padding:4px; text-align:center;">320407090017</td></tr>
<tr style="background-color:#f0f5fa;"><td style="padding:3px; width:45%;"><b>FID</b></td><td style="padding:3px;">14243</td></tr>
<tr style="background-color:#dbe8f5;"><td style="padding:3px;"><b>รหัสแปลง</b></td><td style="padding:3px;">320407090017</td></tr>
<tr style="background-color:#f0f5fa;"><td style="padding:3px;"><b>รหัสกลุ่มคิว</b></td><td style="padding:3px;">83_001</td></tr>
<tr style="background-color:#dbe8f5;"><td style="padding:3px;"><b>นักเกษตร</b></td><td style="padding:3px;">8301</td></tr>
<tr style="background-color:#f0f5fa;"><td style="padding:3px;"><b>ศูนย์</b></td><td style="padding:3px;">K2-83</td></tr>
<tr style="background-color:#dbe8f5;"><td style="padding:3px;"><b>สถานที่ส่งอ้อย</b></td><td style="padding:3px;">รถตัด</td></tr>
<tr style="background-color:#f0f5fa;"><td style="padding:3px;"><b>ประเภทคิว</b></td><td style="padding:3px;">รถตัด</td></tr>
<tr style="background-color:#dbe8f5;"><td style="padding:3px;"><b>ประเภทรถ</b></td><td style="padding:3px;">10 ล้อเดี่ยว</td></tr>
<tr style="background-color:#f0f5fa;"><td style="padding:3px;"><b>ประเภทชาวไร่</b></td><td style="padding:3px;">รถตัด</td></tr>
<tr style="background-color:#dbe8f5;"><td style="padding:3px;"><b>สถานีขนถ่าย</b></td><td style="padding:3px;"></td></tr>
<tr style="background-color:#f0f5fa;"><td style="padding:3px;"><b>สถานะยืนยัน</b></td><td style="padding:3px;">N</td></tr>
<tr style="background-color:#dbe8f5;"><td style="padding:3px;"><b>โควตา</b></td><td style="padding:3px;">782244</td></tr>
<tr style="background-color:#f0f5fa;"><td style="padding:3px;"><b>ชาวไร่</b></td><td style="padding:3px;">นาย สมยศ บุญเลิศ</td></tr>
<tr style="background-color:#dbe8f5;"><td style="padding:3px;"><b>ประเภทอ้อย</b></td><td style="padding:3px;">ปลายฝน</td></tr>
<tr style="background-color:#f0f5fa;"><td style="padding:3px;"><b>พื้นที่</b></td><td style="padding:3px;">4.73</td></tr>
<tr style="background-color:#dbe8f5;"><td style="padding:3px;"><b>ปีผลิต</b></td><td style="padding:3px;">256970</td></tr>
<tr style="background-color:#f0f5fa;"><td style="padding:3px;"><b>ตันรวม</b></td><td style="padding:3px;">61.49</td></tr>
<tr style="background-color:#dbe8f5;"><td style="padding:3px;"><b>สถานที่ส่งอ้อย_1</b></td><td style="padding:3px;">รถตัด</td></tr>
</table>]]></description>
      <MultiGeometry><Polygon><outerBoundaryIs><LinearRing><coordinates>103.613449600261,15.2403483103098 103.61345552953,15.2403459802679 103.613061309856,15.2393482203755 103.612523650119,15.239499639599 103.612765339787,15.2404385703507 103.613449600261,15.2403483103098</coordinates></LinearRing></outerBoundaryIs></Polygon></MultiGeometry>
    </Placemark>
    <Placemark>
      <name>320407010038</name>
      <styleUrl>#style_83_001</styleUrl>
      <description><![CDATA[<h3 style="margin-bottom:6px; font-family:sans-serif;">320407010038</h3>
<table style="width:100%; border-collapse:collapse; font-family:sans-serif; font-size:12px;">
<tr style="background-color:#99bfe6; color:#000; font-weight:bold;"><td colspan="2" style="padding:4px; text-align:center;">320407010038</td></tr>
<tr style="background-color:#f0f5fa;"><td style="padding:3px; width:45%;"><b>FID</b></td><td style="padding:3px;">14249</td></tr>
<tr style="background-color:#dbe8f5;"><td style="padding:3px;"><b>รหัสแปลง</b></td><td style="padding:3px;">320407010038</td></tr>
<tr style="background-color:#f0f5fa;"><td style="padding:3px;"><b>รหัสกลุ่มคิว</b></td><td style="padding:3px;">83_001</td></tr>
<tr style="background-color:#dbe8f5;"><td style="padding:3px;"><b>นักเกษตร</b></td><td style="padding:3px;">8301</td></tr>
<tr style="background-color:#f0f5fa;"><td style="padding:3px;"><b>ศูนย์</b></td><td style="padding:3px;">K2-83</td></tr>
<tr style="background-color:#dbe8f5;"><td style="padding:3px;"><b>สถานที่ส่งอ้อย</b></td><td style="padding:3px;">รถตัด</td></tr>
<tr style="background-color:#f0f5fa;"><td style="padding:3px;"><b>ประเภทคิว</b></td><td style="padding:3px;">รถตัด</td></tr>
<tr style="background-color:#dbe8f5;"><td style="padding:3px;"><b>ประเภทรถ</b></td><td style="padding:3px;">10 ล้อเดี่ยว</td></tr>
<tr style="background-color:#f0f5fa;"><td style="padding:3px;"><b>ประเภทชาวไร่</b></td><td style="padding:3px;">รถตัด</td></tr>
<tr style="background-color:#dbe8f5;"><td style="padding:3px;"><b>สถานีขนถ่าย</b></td><td style="padding:3px;"></td></tr>
<tr style="background-color:#f0f5fa;"><td style="padding:3px;"><b>สถานะยืนยัน</b></td><td style="padding:3px;">N</td></tr>
<tr style="background-color:#dbe8f5;"><td style="padding:3px;"><b>โควตา</b></td><td style="padding:3px;">788049</td></tr>
<tr style="background-color:#f0f5fa;"><td style="padding:3px;"><b>ชาวไร่</b></td><td style="padding:3px;">นาย มงคล พุฒหล้า</td></tr>
<tr style="background-color:#dbe8f5;"><td style="padding:3px;"><b>ประเภทอ้อย</b></td><td style="padding:3px;">ปลายฝน</td></tr>
<tr style="background-color:#f0f5fa;"><td style="padding:3px;"><b>พื้นที่</b></td><td style="padding:3px;">6.38</td></tr>
<tr style="background-color:#dbe8f5;"><td style="padding:3px;"><b>ปีผลิต</b></td><td style="padding:3px;">256970</td></tr>
<tr style="background-color:#f0f5fa;"><td style="padding:3px;"><b>ตันรวม</b></td><td style="padding:3px;">82.94</td></tr>
<tr style="background-color:#dbe8f5;"><td style="padding:3px;"><b>สถานที่ส่งอ้อย_1</b></td><td style="padding:3px;">รถตัด</td></tr>
</table>]]></description>
      <MultiGeometry><Polygon><outerBoundaryIs><LinearRing><coordinates>103.617426859913,15.167804269744 103.616544720178,15.1687117898344 103.616852939568,15.1692857298858 103.617928480233,15.1681143096731 103.617426859913,15.167804269744</coordinates></LinearRing></outerBoundaryIs></Polygon></MultiGeometry>
    </Placemark>
    <Placemark>
      <name>320407010039</name>
      <styleUrl>#style_83_001</styleUrl>
      <description><![CDATA[<h3 style="margin-bottom:6px; font-family:sans-serif;">320407010039</h3>
<table style="width:100%; border-collapse:collapse; font-family:sans-serif; font-size:12px;">
<tr style="background-color:#99bfe6; color:#000; font-weight:bold;"><td colspan="2" style="padding:4px; text-align:center;">320407010039</td></tr>
<tr style="background-color:#f0f5fa;"><td style="padding:3px; width:45%;"><b>FID</b></td><td style="padding:3px;">14303</td></tr>
<tr style="background-color:#dbe8f5;"><td style="padding:3px;"><b>รหัสแปลง</b></td><td style="padding:3px;">320407010039</td></tr>
<tr style="background-color:#f0f5fa;"><td style="padding:3px;"><b>รหัสกลุ่มคิว</b></td><td style="padding:3px;">83_001</td></tr>
<tr style="background-color:#dbe8f5;"><td style="padding:3px;"><b>นักเกษตร</b></td><td style="padding:3px;">8301</td></tr>
<tr style="background-color:#f0f5fa;"><td style="padding:3px;"><b>ศูนย์</b></td><td style="padding:3px;">K2-83</td></tr>
<tr style="background-color:#dbe8f5;"><td style="padding:3px;"><b>สถานที่ส่งอ้อย</b></td><td style="padding:3px;">รถตัด</td></tr>
<tr style="background-color:#f0f5fa;"><td style="padding:3px;"><b>ประเภทคิว</b></td><td style="padding:3px;">รถตัด</td></tr>
<tr style="background-color:#dbe8f5;"><td style="padding:3px;"><b>ประเภทรถ</b></td><td style="padding:3px;">10 ล้อเดี่ยว</td></tr>
<tr style="background-color:#f0f5fa;"><td style="padding:3px;"><b>ประเภทชาวไร่</b></td><td style="padding:3px;">รถตัด</td></tr>
<tr style="background-color:#dbe8f5;"><td style="padding:3px;"><b>สถานีขนถ่าย</b></td><td style="padding:3px;"></td></tr>
<tr style="background-color:#f0f5fa;"><td style="padding:3px;"><b>สถานะยืนยัน</b></td><td style="padding:3px;">N</td></tr>
<tr style="background-color:#dbe8f5;"><td style="padding:3px;"><b>โควตา</b></td><td style="padding:3px;">788022</td></tr>
<tr style="background-color:#f0f5fa;"><td style="padding:3px;"><b>ชาวไร่</b></td><td style="padding:3px;">นาง บังอร กระแสเทพ</td></tr>
<tr style="background-color:#dbe8f5;"><td style="padding:3px;"><b>ประเภทอ้อย</b></td><td style="padding:3px;">ปลายฝน</td></tr>
<tr style="background-color:#f0f5fa;"><td style="padding:3px;"><b>พื้นที่</b></td><td style="padding:3px;">4.5</td></tr>
<tr style="background-color:#dbe8f5;"><td style="padding:3px;"><b>ปีผลิต</b></td><td style="padding:3px;">256970</td></tr>
<tr style="background-color:#f0f5fa;"><td style="padding:3px;"><b>ตันรวม</b></td><td style="padding:3px;">58.5</td></tr>
<tr style="background-color:#dbe8f5;"><td style="padding:3px;"><b>สถานที่ส่งอ้อย_1</b></td><td style="padding:3px;">รถตัด</td></tr>
</table>]]></description>
      <MultiGeometry><Polygon><outerBoundaryIs><LinearRing><coordinates>103.608672850292,15.1742960096764 103.608772609543,15.1746769899677 103.608692140114,15.1746788500723 103.60883140973,15.1749252501363 103.608273269646,15.1750520199381 103.608368509967,15.1753930101922 103.608620189677,15.1753462701196 103.608685819472,15.1755656798584 103.609342749437,15.1753299198404 103.609282840013,15.1751552201222 103.609229480077,15.1751444798367 103.609221010218,15.1751373498286 103.608962660093,15.1751646901845 103.608928059964,15.1750461397079 103.608814039414,15.1750599697732 103.60881398007,15.175002809667 103.609187029651,15.1749122798407 103.608936560347,15.1742426002772 103.608672850292,15.1742960096764</coordinates></LinearRing></outerBoundaryIs></Polygon></MultiGeometry>
    </Placemark>
    <Placemark>
      <name>320407090018</name>
      <styleUrl>#style_83_001</styleUrl>
      <description><![CDATA[<h3 style="margin-bottom:6px; font-family:sans-serif;">320407090018</h3>
<table style="width:100%; border-collapse:collapse; font-family:sans-serif; font-size:12px;">
<tr style="background-color:#99bfe6; color:#000; font-weight:bold;"><td colspan="2" style="padding:4px; text-align:center;">320407090018</td></tr>
<tr style="background-color:#f0f5fa;"><td style="padding:3px; width:45%;"><b>FID</b></td><td style="padding:3px;">14304</td></tr>
<tr style="background-color:#dbe8f5;"><td style="padding:3px;"><b>รหัสแปลง</b></td><td style="padding:3px;">320407090018</td></tr>
<tr style="background-color:#f0f5fa;"><td style="padding:3px;"><b>รหัสกลุ่มคิว</b></td><td style="padding:3px;">83_001</td></tr>
<tr style="background-color:#dbe8f5;"><td style="padding:3px;"><b>นักเกษตร</b></td><td style="padding:3px;">8301</td></tr>
<tr style="background-color:#f0f5fa;"><td style="padding:3px;"><b>ศูนย์</b></td><td style="padding:3px;">K2-83</td></tr>
<tr style="background-color:#dbe8f5;"><td style="padding:3px;"><b>สถานที่ส่งอ้อย</b></td><td style="padding:3px;">รถตัด</td></tr>
<tr style="background-color:#f0f5fa;"><td style="padding:3px;"><b>ประเภทคิว</b></td><td style="padding:3px;">รถตัด</td></tr>
<tr style="background-color:#dbe8f5;"><td style="padding:3px;"><b>ประเภทรถ</b></td><td style="padding:3px;">10 ล้อเดี่ยว</td></tr>
<tr style="background-color:#f0f5fa;"><td style="padding:3px;"><b>ประเภทชาวไร่</b></td><td style="padding:3px;">รถตัด</td></tr>
<tr style="background-color:#dbe8f5;"><td style="padding:3px;"><b>สถานีขนถ่าย</b></td><td style="padding:3px;"></td></tr>
<tr style="background-color:#f0f5fa;"><td style="padding:3px;"><b>สถานะยืนยัน</b></td><td style="padding:3px;">N</td></tr>
<tr style="background-color:#dbe8f5;"><td style="padding:3px;"><b>โควตา</b></td><td style="padding:3px;">788017</td></tr>
<tr style="background-color:#f0f5fa;"><td style="padding:3px;"><b>ชาวไร่</b></td><td style="padding:3px;">นาง กนกอร เที่ยงธรรม</td></tr>
<tr style="background-color:#dbe8f5;"><td style="padding:3px;"><b>ประเภทอ้อย</b></td><td style="padding:3px;">ปลายฝน</td></tr>
<tr style="background-color:#f0f5fa;"><td style="padding:3px;"><b>พื้นที่</b></td><td style="padding:3px;">2.0</td></tr>
<tr style="background-color:#dbe8f5;"><td style="padding:3px;"><b>ปีผลิต</b></td><td style="padding:3px;">256970</td></tr>
<tr style="background-color:#f0f5fa;"><td style="padding:3px;"><b>ตันรวม</b></td><td style="padding:3px;">26.0</td></tr>
<tr style="background-color:#dbe8f5;"><td style="padding:3px;"><b>สถานที่ส่งอ้อย_1</b></td><td style="padding:3px;">รถตัด</td></tr>
</table>]]></description>
      <MultiGeometry><Polygon><outerBoundaryIs><LinearRing><coordinates>103.613361379824,15.1709472096963 103.613451529906,15.1707594102665 103.612010110247,15.1706186997182 103.612028049418,15.1707294301095 103.611972223544,15.1708007797196 103.613361379824,15.1709472096963</coordinates></LinearRing></outerBoundaryIs></Polygon></MultiGeometry>
    </Placemark>
    <Placemark>
      <name>320407090019</name>
      <styleUrl>#style_83_001</styleUrl>
      <description><![CDATA[<h3 style="margin-bottom:6px; font-family:sans-serif;">320407090019</h3>
<table style="width:100%; border-collapse:collapse; font-family:sans-serif; font-size:12px;">
<tr style="background-color:#99bfe6; color:#000; font-weight:bold;"><td colspan="2" style="padding:4px; text-align:center;">320407090019</td></tr>
<tr style="background-color:#f0f5fa;"><td style="padding:3px; width:45%;"><b>FID</b></td><td style="padding:3px;">14305</td></tr>
<tr style="background-color:#dbe8f5;"><td style="padding:3px;"><b>รหัสแปลง</b></td><td style="padding:3px;">320407090019</td></tr>
<tr style="background-color:#f0f5fa;"><td style="padding:3px;"><b>รหัสกลุ่มคิว</b></td><td style="padding:3px;">83_001</td></tr>
<tr style="background-color:#dbe8f5;"><td style="padding:3px;"><b>นักเกษตร</b></td><td style="padding:3px;">8301</td></tr>
<tr style="background-color:#f0f5fa;"><td style="padding:3px;"><b>ศูนย์</b></td><td style="padding:3px;">K2-83</td></tr>
<tr style="background-color:#dbe8f5;"><td style="padding:3px;"><b>สถานที่ส่งอ้อย</b></td><td style="padding:3px;">รถตัด</td></tr>
<tr style="background-color:#f0f5fa;"><td style="padding:3px;"><b>ประเภทคิว</b></td><td style="padding:3px;">รถตัด</td></tr>
<tr style="background-color:#dbe8f5;"><td style="padding:3px;"><b>ประเภทรถ</b></td><td style="padding:3px;">10 ล้อเดี่ยว</td></tr>
<tr style="background-color:#f0f5fa;"><td style="padding:3px;"><b>ประเภทชาวไร่</b></td><td style="padding:3px;">รถตัด</td></tr>
<tr style="background-color:#dbe8f5;"><td style="padding:3px;"><b>สถานีขนถ่าย</b></td><td style="padding:3px;"></td></tr>
<tr style="background-color:#f0f5fa;"><td style="padding:3px;"><b>สถานะยืนยัน</b></td><td style="padding:3px;">N</td></tr>
<tr style="background-color:#dbe8f5;"><td style="padding:3px;"><b>โควตา</b></td><td style="padding:3px;">787105</td></tr>
<tr style="background-color:#f0f5fa;"><td style="padding:3px;"><b>ชาวไร่</b></td><td style="padding:3px;">นาง ทองอยู่ กระแสเทพ</td></tr>
<tr style="background-color:#dbe8f5;"><td style="padding:3px;"><b>ประเภทอ้อย</b></td><td style="padding:3px;">ปลายฝน</td></tr>
<tr style="background-color:#f0f5fa;"><td style="padding:3px;"><b>พื้นที่</b></td><td style="padding:3px;">3.29</td></tr>
<tr style="background-color:#dbe8f5;"><td style="padding:3px;"><b>ปีผลิต</b></td><td style="padding:3px;">256970</td></tr>
<tr style="background-color:#f0f5fa;"><td style="padding:3px;"><b>ตันรวม</b></td><td style="padding:3px;">42.77</td></tr>
<tr style="background-color:#dbe8f5;"><td style="padding:3px;"><b>สถานที่ส่งอ้อย_1</b></td><td style="padding:3px;">รถตัด</td></tr>
</table>]]></description>
      <MultiGeometry><Polygon><outerBoundaryIs><LinearRing><coordinates>103.612113249822,15.1702881597182 103.61200857981,15.1705959097497 103.613459190083,15.1707334503723 103.613579699618,15.170461800326 103.612113249822,15.1702881597182</coordinates></LinearRing></outerBoundaryIs></Polygon></MultiGeometry>
    </Placemark>
    <Placemark>
      <name>320407090020</name>
      <styleUrl>#style_83_001</styleUrl>
      <description><![CDATA[<h3 style="margin-bottom:6px; font-family:sans-serif;">320407090020</h3>
<table style="width:100%; border-collapse:collapse; font-family:sans-serif; font-size:12px;">
<tr style="background-color:#99bfe6; color:#000; font-weight:bold;"><td colspan="2" style="padding:4px; text-align:center;">320407090020</td></tr>
<tr style="background-color:#f0f5fa;"><td style="padding:3px; width:45%;"><b>FID</b></td><td style="padding:3px;">14306</td></tr>
<tr style="background-color:#dbe8f5;"><td style="padding:3px;"><b>รหัสแปลง</b></td><td style="padding:3px;">320407090020</td></tr>
<tr style="background-color:#f0f5fa;"><td style="padding:3px;"><b>รหัสกลุ่มคิว</b></td><td style="padding:3px;">83_001</td></tr>
<tr style="background-color:#dbe8f5;"><td style="padding:3px;"><b>นักเกษตร</b></td><td style="padding:3px;">8301</td></tr>
<tr style="background-color:#f0f5fa;"><td style="padding:3px;"><b>ศูนย์</b></td><td style="padding:3px;">K2-83</td></tr>
<tr style="background-color:#dbe8f5;"><td style="padding:3px;"><b>สถานที่ส่งอ้อย</b></td><td style="padding:3px;">รถตัด</td></tr>
<tr style="background-color:#f0f5fa;"><td style="padding:3px;"><b>ประเภทคิว</b></td><td style="padding:3px;">รถตัด</td></tr>
<tr style="background-color:#dbe8f5;"><td style="padding:3px;"><b>ประเภทรถ</b></td><td style="padding:3px;">10 ล้อเดี่ยว</td></tr>
<tr style="background-color:#f0f5fa;"><td style="padding:3px;"><b>ประเภทชาวไร่</b></td><td style="padding:3px;">รถตัด</td></tr>
<tr style="background-color:#dbe8f5;"><td style="padding:3px;"><b>สถานีขนถ่าย</b></td><td style="padding:3px;"></td></tr>
<tr style="background-color:#f0f5fa;"><td style="padding:3px;"><b>สถานะยืนยัน</b></td><td style="padding:3px;">N</td></tr>
<tr style="background-color:#dbe8f5;"><td style="padding:3px;"><b>โควตา</b></td><td style="padding:3px;">788017</td></tr>
<tr style="background-color:#f0f5fa;"><td style="padding:3px;"><b>ชาวไร่</b></td><td style="padding:3px;">นาง กนกอร เที่ยงธรรม</td></tr>
<tr style="background-color:#dbe8f5;"><td style="padding:3px;"><b>ประเภทอ้อย</b></td><td style="padding:3px;">ปลายฝน</td></tr>
<tr style="background-color:#f0f5fa;"><td style="padding:3px;"><b>พื้นที่</b></td><td style="padding:3px;">11.1</td></tr>
<tr style="background-color:#dbe8f5;"><td style="padding:3px;"><b>ปีผลิต</b></td><td style="padding:3px;">256970</td></tr>
<tr style="background-color:#f0f5fa;"><td style="padding:3px;"><b>ตันรวม</b></td><td style="padding:3px;">144.3</td></tr>
<tr style="background-color:#dbe8f5;"><td style="padding:3px;"><b>สถานที่ส่งอ้อย_1</b></td><td style="padding:3px;">รถตัด</td></tr>
</table>]]></description>
      <MultiGeometry><Polygon><outerBoundaryIs><LinearRing><coordinates>103.611240810328,15.1675798503945 103.611226920101,15.1702130900316 103.611600459622,15.1702107398165 103.611987949549,15.1675159103374 103.611240810328,15.1675798503945</coordinates></LinearRing></outerBoundaryIs></Polygon></MultiGeometry>
    </Placemark>
    <Placemark>
      <name>320407090021</name>
      <styleUrl>#style_83_001</styleUrl>
      <description><![CDATA[<h3 style="margin-bottom:6px; font-family:sans-serif;">320407090021</h3>
<table style="width:100%; border-collapse:collapse; font-family:sans-serif; font-size:12px;">
<tr style="background-color:#99bfe6; color:#000; font-weight:bold;"><td colspan="2" style="padding:4px; text-align:center;">320407090021</td></tr>
<tr style="background-color:#f0f5fa;"><td style="padding:3px; width:45%;"><b>FID</b></td><td style="padding:3px;">14307</td></tr>
<tr style="background-color:#dbe8f5;"><td style="padding:3px;"><b>รหัสแปลง</b></td><td style="padding:3px;">320407090021</td></tr>
<tr style="background-color:#f0f5fa;"><td style="padding:3px;"><b>รหัสกลุ่มคิว</b></td><td style="padding:3px;">83_001</td></tr>
<tr style="background-color:#dbe8f5;"><td style="padding:3px;"><b>นักเกษตร</b></td><td style="padding:3px;">8301</td></tr>
<tr style="background-color:#f0f5fa;"><td style="padding:3px;"><b>ศูนย์</b></td><td style="padding:3px;">K2-83</td></tr>
<tr style="background-color:#dbe8f5;"><td style="padding:3px;"><b>สถานที่ส่งอ้อย</b></td><td style="padding:3px;">รถตัด</td></tr>
<tr style="background-color:#f0f5fa;"><td style="padding:3px;"><b>ประเภทคิว</b></td><td style="padding:3px;">รถตัด</td></tr>
<tr style="background-color:#dbe8f5;"><td style="padding:3px;"><b>ประเภทรถ</b></td><td style="padding:3px;">10 ล้อเดี่ยว</td></tr>
<tr style="background-color:#f0f5fa;"><td style="padding:3px;"><b>ประเภทชาวไร่</b></td><td style="padding:3px;">รถตัด</td></tr>
<tr style="background-color:#dbe8f5;"><td style="padding:3px;"><b>สถานีขนถ่าย</b></td><td style="padding:3px;"></td></tr>
<tr style="background-color:#f0f5fa;"><td style="padding:3px;"><b>สถานะยืนยัน</b></td><td style="padding:3px;">N</td></tr>
<tr style="background-color:#dbe8f5;"><td style="padding:3px;"><b>โควตา</b></td><td style="padding:3px;">788002</td></tr>
<tr style="background-color:#f0f5fa;"><td style="padding:3px;"><b>ชาวไร่</b></td><td style="padding:3px;">นาง ถนอม ขอทัดกลาง</td></tr>
<tr style="background-color:#dbe8f5;"><td style="padding:3px;"><b>ประเภทอ้อย</b></td><td style="padding:3px;">ปลายฝน</td></tr>
<tr style="background-color:#f0f5fa;"><td style="padding:3px;"><b>พื้นที่</b></td><td style="padding:3px;">4.39</td></tr>
<tr style="background-color:#dbe8f5;"><td style="padding:3px;"><b>ปีผลิต</b></td><td style="padding:3px;">256970</td></tr>
<tr style="background-color:#f0f5fa;"><td style="padding:3px;"><b>ตันรวม</b></td><td style="padding:3px;">57.07</td></tr>
<tr style="background-color:#dbe8f5;"><td style="padding:3px;"><b>สถานที่ส่งอ้อย_1</b></td><td style="padding:3px;">รถตัด</td></tr>
</table>]]></description>
      <MultiGeometry><Polygon><outerBoundaryIs><LinearRing><coordinates>103.608680480273,15.1679277896962 103.608780800027,15.1688057497685 103.608797440235,15.1689174595727 103.60880834996,15.1691716103974 103.608885270251,15.1694993003815 103.609260610079,15.16943548008 103.609031529608,15.1679183603096 103.608680480273,15.1679277896962</coordinates></LinearRing></outerBoundaryIs></Polygon></MultiGeometry>
    </Placemark>
    <Placemark>
      <name>320401071517</name>
      <styleUrl>#style_83_001</styleUrl>
      <description><![CDATA[<h3 style="margin-bottom:6px; font-family:sans-serif;">320401071517</h3>
<table style="width:100%; border-collapse:collapse; font-family:sans-serif; font-size:12px;">
<tr style="background-color:#99bfe6; color:#000; font-weight:bold;"><td colspan="2" style="padding:4px; text-align:center;">320401071517</td></tr>
<tr style="background-color:#f0f5fa;"><td style="padding:3px; width:45%;"><b>FID</b></td><td style="padding:3px;">14384</td></tr>
<tr style="background-color:#dbe8f5;"><td style="padding:3px;"><b>รหัสแปลง</b></td><td style="padding:3px;">320401071517</td></tr>
<tr style="background-color:#f0f5fa;"><td style="padding:3px;"><b>รหัสกลุ่มคิว</b></td><td style="padding:3px;">83_001</td></tr>
<tr style="background-color:#dbe8f5;"><td style="padding:3px;"><b>นักเกษตร</b></td><td style="padding:3px;">8301</td></tr>
<tr style="background-color:#f0f5fa;"><td style="padding:3px;"><b>ศูนย์</b></td><td style="padding:3px;">K2-83</td></tr>
<tr style="background-color:#dbe8f5;"><td style="padding:3px;"><b>สถานที่ส่งอ้อย</b></td><td style="padding:3px;">รถตัด</td></tr>
<tr style="background-color:#f0f5fa;"><td style="padding:3px;"><b>ประเภทคิว</b></td><td style="padding:3px;">รถตัด</td></tr>
<tr style="background-color:#dbe8f5;"><td style="padding:3px;"><b>ประเภทรถ</b></td><td style="padding:3px;">10 ล้อเดี่ยว</td></tr>
<tr style="background-color:#f0f5fa;"><td style="padding:3px;"><b>ประเภทชาวไร่</b></td><td style="padding:3px;">รถตัด</td></tr>
<tr style="background-color:#dbe8f5;"><td style="padding:3px;"><b>สถานีขนถ่าย</b></td><td style="padding:3px;"></td></tr>
<tr style="background-color:#f0f5fa;"><td style="padding:3px;"><b>สถานะยืนยัน</b></td><td style="padding:3px;">N</td></tr>
<tr style="background-color:#dbe8f5;"><td style="padding:3px;"><b>โควตา</b></td><td style="padding:3px;">787028</td></tr>
<tr style="background-color:#f0f5fa;"><td style="padding:3px;"><b>ชาวไร่</b></td><td style="padding:3px;">นาง เง็ก ธนาศุภวัฒน์</td></tr>
<tr style="background-color:#dbe8f5;"><td style="padding:3px;"><b>ประเภทอ้อย</b></td><td style="padding:3px;">ปลายฝน</td></tr>
<tr style="background-color:#f0f5fa;"><td style="padding:3px;"><b>พื้นที่</b></td><td style="padding:3px;">5.34</td></tr>
<tr style="background-color:#dbe8f5;"><td style="padding:3px;"><b>ปีผลิต</b></td><td style="padding:3px;">256970</td></tr>
<tr style="background-color:#f0f5fa;"><td style="padding:3px;"><b>ตันรวม</b></td><td style="padding:3px;">69.42</td></tr>
<tr style="background-color:#dbe8f5;"><td style="padding:3px;"><b>สถานที่ส่งอ้อย_1</b></td><td style="padding:3px;">รถตัด</td></tr>
</table>]]></description>
      <MultiGeometry><Polygon><outerBoundaryIs><LinearRing><coordinates>103.611361059784,15.1300281802832 103.611893399758,15.1297758195403 103.611886379997,15.129590819903 103.612016839495,15.129549310255 103.611901949928,15.1291561099665 103.611131269885,15.1292048801012 103.610994190038,15.1292174796655 103.610846409463,15.1292461601577 103.610516519596,15.1293274003228 103.610563620002,15.1294578103136 103.610638940244,15.1294702003778 103.610624059516,15.1295728101871 103.610809670249,15.1295569798296 103.610836339782,15.1296105700831 103.611103429584,15.1295476802862 103.611169639638,15.1295887703559 103.611240889509,15.1296355201589 103.611361059784,15.1300281802832</coordinates></LinearRing></outerBoundaryIs></Polygon></MultiGeometry>
    </Placemark>
    <Placemark>
      <name>320401071518</name>
      <styleUrl>#style_83_001</styleUrl>
      <description><![CDATA[<h3 style="margin-bottom:6px; font-family:sans-serif;">320401071518</h3>
<table style="width:100%; border-collapse:collapse; font-family:sans-serif; font-size:12px;">
<tr style="background-color:#99bfe6; color:#000; font-weight:bold;"><td colspan="2" style="padding:4px; text-align:center;">320401071518</td></tr>
<tr style="background-color:#f0f5fa;"><td style="padding:3px; width:45%;"><b>FID</b></td><td style="padding:3px;">14385</td></tr>
<tr style="background-color:#dbe8f5;"><td style="padding:3px;"><b>รหัสแปลง</b></td><td style="padding:3px;">320401071518</td></tr>
<tr style="background-color:#f0f5fa;"><td style="padding:3px;"><b>รหัสกลุ่มคิว</b></td><td style="padding:3px;">83_001</td></tr>
<tr style="background-color:#dbe8f5;"><td style="padding:3px;"><b>นักเกษตร</b></td><td style="padding:3px;">8301</td></tr>
<tr style="background-color:#f0f5fa;"><td style="padding:3px;"><b>ศูนย์</b></td><td style="padding:3px;">K2-83</td></tr>
<tr style="background-color:#dbe8f5;"><td style="padding:3px;"><b>สถานที่ส่งอ้อย</b></td><td style="padding:3px;">รถตัด</td></tr>
<tr style="background-color:#f0f5fa;"><td style="padding:3px;"><b>ประเภทคิว</b></td><td style="padding:3px;">รถตัด</td></tr>
<tr style="background-color:#dbe8f5;"><td style="padding:3px;"><b>ประเภทรถ</b></td><td style="padding:3px;">10 ล้อเดี่ยว</td></tr>
<tr style="background-color:#f0f5fa;"><td style="padding:3px;"><b>ประเภทชาวไร่</b></td><td style="padding:3px;">รถตัด</td></tr>
<tr style="background-color:#dbe8f5;"><td style="padding:3px;"><b>สถานีขนถ่าย</b></td><td style="padding:3px;"></td></tr>
<tr style="background-color:#f0f5fa;"><td style="padding:3px;"><b>สถานะยืนยัน</b></td><td style="padding:3px;">N</td></tr>
<tr style="background-color:#dbe8f5;"><td style="padding:3px;"><b>โควตา</b></td><td style="padding:3px;">787028</td></tr>
<tr style="background-color:#f0f5fa;"><td style="padding:3px;"><b>ชาวไร่</b></td><td style="padding:3px;">นาง เง็ก ธนาศุภวัฒน์</td></tr>
<tr style="background-color:#dbe8f5;"><td style="padding:3px;"><b>ประเภทอ้อย</b></td><td style="padding:3px;">ปลายฝน</td></tr>
<tr style="background-color:#f0f5fa;"><td style="padding:3px;"><b>พื้นที่</b></td><td style="padding:3px;">7.49</td></tr>
<tr style="background-color:#dbe8f5;"><td style="padding:3px;"><b>ปีผลิต</b></td><td style="padding:3px;">256970</td></tr>
<tr style="background-color:#f0f5fa;"><td style="padding:3px;"><b>ตันรวม</b></td><td style="padding:3px;">97.37</td></tr>
<tr style="background-color:#dbe8f5;"><td style="padding:3px;"><b>สถานที่ส่งอ้อย_1</b></td><td style="padding:3px;">รถตัด</td></tr>
</table>]]></description>
      <MultiGeometry><Polygon><outerBoundaryIs><LinearRing><coordinates>103.61146311971,15.1307224803917 103.611359239637,15.1300629900894 103.611206020326,15.1300713499448 103.61114804954,15.1298951302515 103.610094289756,15.129998839954 103.610265039975,15.1304830798105 103.610330160052,15.1305000699934 103.610433969461,15.1309268499573 103.61146311971,15.1307224803917</coordinates></LinearRing></outerBoundaryIs></Polygon></MultiGeometry>
    </Placemark>
    <Placemark>
      <name>320407041552</name>
      <styleUrl>#style_83_001</styleUrl>
      <description><![CDATA[<h3 style="margin-bottom:6px; font-family:sans-serif;">320407041552</h3>
<table style="width:100%; border-collapse:collapse; font-family:sans-serif; font-size:12px;">
<tr style="background-color:#99bfe6; color:#000; font-weight:bold;"><td colspan="2" style="padding:4px; text-align:center;">320407041552</td></tr>
<tr style="background-color:#f0f5fa;"><td style="padding:3px; width:45%;"><b>FID</b></td><td style="padding:3px;">14399</td></tr>
<tr style="background-color:#dbe8f5;"><td style="padding:3px;"><b>รหัสแปลง</b></td><td style="padding:3px;">320407041552</td></tr>
<tr style="background-color:#f0f5fa;"><td style="padding:3px;"><b>รหัสกลุ่มคิว</b></td><td style="padding:3px;">83_001</td></tr>
<tr style="background-color:#dbe8f5;"><td style="padding:3px;"><b>นักเกษตร</b></td><td style="padding:3px;">8301</td></tr>
<tr style="background-color:#f0f5fa;"><td style="padding:3px;"><b>ศูนย์</b></td><td style="padding:3px;">K2-83</td></tr>
<tr style="background-color:#dbe8f5;"><td style="padding:3px;"><b>สถานที่ส่งอ้อย</b></td><td style="padding:3px;">รถตัด</td></tr>
<tr style="background-color:#f0f5fa;"><td style="padding:3px;"><b>ประเภทคิว</b></td><td style="padding:3px;">รถตัด</td></tr>
<tr style="background-color:#dbe8f5;"><td style="padding:3px;"><b>ประเภทรถ</b></td><td style="padding:3px;">10 ล้อเดี่ยว</td></tr>
<tr style="background-color:#f0f5fa;"><td style="padding:3px;"><b>ประเภทชาวไร่</b></td><td style="padding:3px;">รถตัด</td></tr>
<tr style="background-color:#dbe8f5;"><td style="padding:3px;"><b>สถานีขนถ่าย</b></td><td style="padding:3px;"></td></tr>
<tr style="background-color:#f0f5fa;"><td style="padding:3px;"><b>สถานะยืนยัน</b></td><td style="padding:3px;">N</td></tr>
<tr style="background-color:#dbe8f5;"><td style="padding:3px;"><b>โควตา</b></td><td style="padding:3px;">788022</td></tr>
<tr style="background-color:#f0f5fa;"><td style="padding:3px;"><b>ชาวไร่</b></td><td style="padding:3px;">นาง บังอร กระแสเทพ</td></tr>
<tr style="background-color:#dbe8f5;"><td style="padding:3px;"><b>ประเภทอ้อย</b></td><td style="padding:3px;">ปลายฝน</td></tr>
<tr style="background-color:#f0f5fa;"><td style="padding:3px;"><b>พื้นที่</b></td><td style="padding:3px;">4.26</td></tr>
<tr style="background-color:#dbe8f5;"><td style="padding:3px;"><b>ปีผลิต</b></td><td style="padding:3px;">256970</td></tr>
<tr style="background-color:#f0f5fa;"><td style="padding:3px;"><b>ตันรวม</b></td><td style="padding:3px;">55.38</td></tr>
<tr style="background-color:#dbe8f5;"><td style="padding:3px;"><b>สถานที่ส่งอ้อย_1</b></td><td style="padding:3px;">รถตัด</td></tr>
</table>]]></description>
      <MultiGeometry><Polygon><outerBoundaryIs><LinearRing><coordinates>103.608630839659,15.1679461401898 103.608292950228,15.1679822797952 103.608405870296,15.1694590803117 103.608826379756,15.1694401197929 103.608768169634,15.1692496404329 103.608766829774,15.1691710699193 103.608764799898,15.1689022498305 103.608736749831,15.1686057995622 103.608630839659,15.1679461401898</coordinates></LinearRing></outerBoundaryIs></Polygon></MultiGeometry>
    </Placemark>
    <Placemark>
      <name>320402100001</name>
      <styleUrl>#style_83_001</styleUrl>
      <description><![CDATA[<h3 style="margin-bottom:6px; font-family:sans-serif;">320402100001</h3>
<table style="width:100%; border-collapse:collapse; font-family:sans-serif; font-size:12px;">
<tr style="background-color:#99bfe6; color:#000; font-weight:bold;"><td colspan="2" style="padding:4px; text-align:center;">320402100001</td></tr>
<tr style="background-color:#f0f5fa;"><td style="padding:3px; width:45%;"><b>FID</b></td><td style="padding:3px;">14412</td></tr>
<tr style="background-color:#dbe8f5;"><td style="padding:3px;"><b>รหัสแปลง</b></td><td style="padding:3px;">320402100001</td></tr>
<tr style="background-color:#f0f5fa;"><td style="padding:3px;"><b>รหัสกลุ่มคิว</b></td><td style="padding:3px;">83_001</td></tr>
<tr style="background-color:#dbe8f5;"><td style="padding:3px;"><b>นักเกษตร</b></td><td style="padding:3px;">8301</td></tr>
<tr style="background-color:#f0f5fa;"><td style="padding:3px;"><b>ศูนย์</b></td><td style="padding:3px;">K2-83</td></tr>
<tr style="background-color:#dbe8f5;"><td style="padding:3px;"><b>สถานที่ส่งอ้อย</b></td><td style="padding:3px;">รถตัด</td></tr>
<tr style="background-color:#f0f5fa;"><td style="padding:3px;"><b>ประเภทคิว</b></td><td style="padding:3px;">รถตัด</td></tr>
<tr style="background-color:#dbe8f5;"><td style="padding:3px;"><b>ประเภทรถ</b></td><td style="padding:3px;">10 ล้อเดี่ยว</td></tr>
<tr style="background-color:#f0f5fa;"><td style="padding:3px;"><b>ประเภทชาวไร่</b></td><td style="padding:3px;">รถตัด</td></tr>
<tr style="background-color:#dbe8f5;"><td style="padding:3px;"><b>สถานีขนถ่าย</b></td><td style="padding:3px;"></td></tr>
<tr style="background-color:#f0f5fa;"><td style="padding:3px;"><b>สถานะยืนยัน</b></td><td style="padding:3px;">N</td></tr>
<tr style="background-color:#dbe8f5;"><td style="padding:3px;"><b>โควตา</b></td><td style="padding:3px;">787085</td></tr>
<tr style="background-color:#f0f5fa;"><td style="padding:3px;"><b>ชาวไร่</b></td><td style="padding:3px;">นาย พงษ์พิชิต ตลับทอง</td></tr>
<tr style="background-color:#dbe8f5;"><td style="padding:3px;"><b>ประเภทอ้อย</b></td><td style="padding:3px;">ปลายฝน</td></tr>
<tr style="background-color:#f0f5fa;"><td style="padding:3px;"><b>พื้นที่</b></td><td style="padding:3px;">16.22</td></tr>
<tr style="background-color:#dbe8f5;"><td style="padding:3px;"><b>ปีผลิต</b></td><td style="padding:3px;">256970</td></tr>
<tr style="background-color:#f0f5fa;"><td style="padding:3px;"><b>ตันรวม</b></td><td style="padding:3px;">210.86</td></tr>
<tr style="background-color:#dbe8f5;"><td style="padding:3px;"><b>สถานที่ส่งอ้อย_1</b></td><td style="padding:3px;">รถตัด</td></tr>
</table>]]></description>
      <MultiGeometry><Polygon><outerBoundaryIs><LinearRing><coordinates>103.488699560037,15.1815074196958 103.488560069465,15.1821442297989 103.489470789868,15.1823637800317 103.489782769885,15.1827159602745 103.489742830061,15.1831351498472 103.490454459903,15.1833674003335 103.490625450002,15.1820611302228 103.490697860337,15.1820639001307 103.490788610315,15.1817490403946 103.488699560037,15.1815074196958</coordinates></LinearRing></outerBoundaryIs></Polygon></MultiGeometry>
    </Placemark>
    <Placemark>
      <name>320402100002</name>
      <styleUrl>#style_83_001</styleUrl>
      <description><![CDATA[<h3 style="margin-bottom:6px; font-family:sans-serif;">320402100002</h3>
<table style="width:100%; border-collapse:collapse; font-family:sans-serif; font-size:12px;">
<tr style="background-color:#99bfe6; color:#000; font-weight:bold;"><td colspan="2" style="padding:4px; text-align:center;">320402100002</td></tr>
<tr style="background-color:#f0f5fa;"><td style="padding:3px; width:45%;"><b>FID</b></td><td style="padding:3px;">14413</td></tr>
<tr style="background-color:#dbe8f5;"><td style="padding:3px;"><b>รหัสแปลง</b></td><td style="padding:3px;">320402100002</td></tr>
<tr style="background-color:#f0f5fa;"><td style="padding:3px;"><b>รหัสกลุ่มคิว</b></td><td style="padding:3px;">83_001</td></tr>
<tr style="background-color:#dbe8f5;"><td style="padding:3px;"><b>นักเกษตร</b></td><td style="padding:3px;">8301</td></tr>
<tr style="background-color:#f0f5fa;"><td style="padding:3px;"><b>ศูนย์</b></td><td style="padding:3px;">K2-83</td></tr>
<tr style="background-color:#dbe8f5;"><td style="padding:3px;"><b>สถานที่ส่งอ้อย</b></td><td style="padding:3px;">รถตัด</td></tr>
<tr style="background-color:#f0f5fa;"><td style="padding:3px;"><b>ประเภทคิว</b></td><td style="padding:3px;">รถตัด</td></tr>
<tr style="background-color:#dbe8f5;"><td style="padding:3px;"><b>ประเภทรถ</b></td><td style="padding:3px;">10 ล้อเดี่ยว</td></tr>
<tr style="background-color:#f0f5fa;"><td style="padding:3px;"><b>ประเภทชาวไร่</b></td><td style="padding:3px;">รถตัด</td></tr>
<tr style="background-color:#dbe8f5;"><td style="padding:3px;"><b>สถานีขนถ่าย</b></td><td style="padding:3px;"></td></tr>
<tr style="background-color:#f0f5fa;"><td style="padding:3px;"><b>สถานะยืนยัน</b></td><td style="padding:3px;">N</td></tr>
<tr style="background-color:#dbe8f5;"><td style="padding:3px;"><b>โควตา</b></td><td style="padding:3px;">782492</td></tr>
<tr style="background-color:#f0f5fa;"><td style="padding:3px;"><b>ชาวไร่</b></td><td style="padding:3px;">นาย วิทยา แสนกล้า</td></tr>
<tr style="background-color:#dbe8f5;"><td style="padding:3px;"><b>ประเภทอ้อย</b></td><td style="padding:3px;">ปลายฝน</td></tr>
<tr style="background-color:#f0f5fa;"><td style="padding:3px;"><b>พื้นที่</b></td><td style="padding:3px;">9.51</td></tr>
<tr style="background-color:#dbe8f5;"><td style="padding:3px;"><b>ปีผลิต</b></td><td style="padding:3px;">256970</td></tr>
<tr style="background-color:#f0f5fa;"><td style="padding:3px;"><b>ตันรวม</b></td><td style="padding:3px;">123.63</td></tr>
<tr style="background-color:#dbe8f5;"><td style="padding:3px;"><b>สถานที่ส่งอ้อย_1</b></td><td style="padding:3px;">รถตัด</td></tr>
</table>]]></description>
      <MultiGeometry><Polygon><outerBoundaryIs><LinearRing><coordinates>103.490883070124,15.1810987201191 103.488785989951,15.180949740088 103.488700300003,15.1815131198965 103.490790489894,15.1817362997303 103.490883070124,15.1810987201191</coordinates></LinearRing></outerBoundaryIs></Polygon></MultiGeometry>
    </Placemark>
    <Placemark>
      <name>320402100003</name>
      <styleUrl>#style_83_001</styleUrl>
      <description><![CDATA[<h3 style="margin-bottom:6px; font-family:sans-serif;">320402100003</h3>
<table style="width:100%; border-collapse:collapse; font-family:sans-serif; font-size:12px;">
<tr style="background-color:#99bfe6; color:#000; font-weight:bold;"><td colspan="2" style="padding:4px; text-align:center;">320402100003</td></tr>
<tr style="background-color:#f0f5fa;"><td style="padding:3px; width:45%;"><b>FID</b></td><td style="padding:3px;">14414</td></tr>
<tr style="background-color:#dbe8f5;"><td style="padding:3px;"><b>รหัสแปลง</b></td><td style="padding:3px;">320402100003</td></tr>
<tr style="background-color:#f0f5fa;"><td style="padding:3px;"><b>รหัสกลุ่มคิว</b></td><td style="padding:3px;">83_001</td></tr>
<tr style="background-color:#dbe8f5;"><td style="padding:3px;"><b>นักเกษตร</b></td><td style="padding:3px;">8301</td></tr>
<tr style="background-color:#f0f5fa;"><td style="padding:3px;"><b>ศูนย์</b></td><td style="padding:3px;">K2-83</td></tr>
<tr style="background-color:#dbe8f5;"><td style="padding:3px;"><b>สถานที่ส่งอ้อย</b></td><td style="padding:3px;">รถตัด</td></tr>
<tr style="background-color:#f0f5fa;"><td style="padding:3px;"><b>ประเภทคิว</b></td><td style="padding:3px;">รถตัด</td></tr>
<tr style="background-color:#dbe8f5;"><td style="padding:3px;"><b>ประเภทรถ</b></td><td style="padding:3px;">10 ล้อเดี่ยว</td></tr>
<tr style="background-color:#f0f5fa;"><td style="padding:3px;"><b>ประเภทชาวไร่</b></td><td style="padding:3px;">รถตัด</td></tr>
<tr style="background-color:#dbe8f5;"><td style="padding:3px;"><b>สถานีขนถ่าย</b></td><td style="padding:3px;"></td></tr>
<tr style="background-color:#f0f5fa;"><td style="padding:3px;"><b>สถานะยืนยัน</b></td><td style="padding:3px;">N</td></tr>
<tr style="background-color:#dbe8f5;"><td style="padding:3px;"><b>โควตา</b></td><td style="padding:3px;">782452</td></tr>
<tr style="background-color:#f0f5fa;"><td style="padding:3px;"><b>ชาวไร่</b></td><td style="padding:3px;">นาย สุคม บุญเลิศ</td></tr>
<tr style="background-color:#dbe8f5;"><td style="padding:3px;"><b>ประเภทอ้อย</b></td><td style="padding:3px;">ปลายฝน</td></tr>
<tr style="background-color:#f0f5fa;"><td style="padding:3px;"><b>พื้นที่</b></td><td style="padding:3px;">10.69</td></tr>
<tr style="background-color:#dbe8f5;"><td style="padding:3px;"><b>ปีผลิต</b></td><td style="padding:3px;">256970</td></tr>
<tr style="background-color:#f0f5fa;"><td style="padding:3px;"><b>ตันรวม</b></td><td style="padding:3px;">138.97</td></tr>
<tr style="background-color:#dbe8f5;"><td style="padding:3px;"><b>สถานที่ส่งอ้อย_1</b></td><td style="padding:3px;">รถตัด</td></tr>
</table>]]></description>
      <MultiGeometry><Polygon><outerBoundaryIs><LinearRing><coordinates>103.488823500162,15.1809343800186 103.490889759445,15.1811162399352 103.490822169991,15.1803717299891 103.488914110233,15.1802395198841 103.488823500162,15.1809343800186</coordinates></LinearRing></outerBoundaryIs></Polygon></MultiGeometry>
    </Placemark>
    <Placemark>
      <name>320409060003</name>
      <styleUrl>#style_83_001</styleUrl>
      <description><![CDATA[<h3 style="margin-bottom:6px; font-family:sans-serif;">320409060003</h3>
<table style="width:100%; border-collapse:collapse; font-family:sans-serif; font-size:12px;">
<tr style="background-color:#99bfe6; color:#000; font-weight:bold;"><td colspan="2" style="padding:4px; text-align:center;">320409060003</td></tr>
<tr style="background-color:#f0f5fa;"><td style="padding:3px; width:45%;"><b>FID</b></td><td style="padding:3px;">14452</td></tr>
<tr style="background-color:#dbe8f5;"><td style="padding:3px;"><b>รหัสแปลง</b></td><td style="padding:3px;">320409060003</td></tr>
<tr style="background-color:#f0f5fa;"><td style="padding:3px;"><b>รหัสกลุ่มคิว</b></td><td style="padding:3px;">83_001</td></tr>
<tr style="background-color:#dbe8f5;"><td style="padding:3px;"><b>นักเกษตร</b></td><td style="padding:3px;">8301</td></tr>
<tr style="background-color:#f0f5fa;"><td style="padding:3px;"><b>ศูนย์</b></td><td style="padding:3px;">K2-83</td></tr>
<tr style="background-color:#dbe8f5;"><td style="padding:3px;"><b>สถานที่ส่งอ้อย</b></td><td style="padding:3px;">รถตัด</td></tr>
<tr style="background-color:#f0f5fa;"><td style="padding:3px;"><b>ประเภทคิว</b></td><td style="padding:3px;">รถตัด</td></tr>
<tr style="background-color:#dbe8f5;"><td style="padding:3px;"><b>ประเภทรถ</b></td><td style="padding:3px;">10 ล้อเดี่ยว</td></tr>
<tr style="background-color:#f0f5fa;"><td style="padding:3px;"><b>ประเภทชาวไร่</b></td><td style="padding:3px;">รถตัด</td></tr>
<tr style="background-color:#dbe8f5;"><td style="padding:3px;"><b>สถานีขนถ่าย</b></td><td style="padding:3px;"></td></tr>
<tr style="background-color:#f0f5fa;"><td style="padding:3px;"><b>สถานะยืนยัน</b></td><td style="padding:3px;">N</td></tr>
<tr style="background-color:#dbe8f5;"><td style="padding:3px;"><b>โควตา</b></td><td style="padding:3px;">782403</td></tr>
<tr style="background-color:#f0f5fa;"><td style="padding:3px;"><b>ชาวไร่</b></td><td style="padding:3px;">นาย พิทักษ์ แสนกล้า</td></tr>
<tr style="background-color:#dbe8f5;"><td style="padding:3px;"><b>ประเภทอ้อย</b></td><td style="padding:3px;">ปลายฝน</td></tr>
<tr style="background-color:#f0f5fa;"><td style="padding:3px;"><b>พื้นที่</b></td><td style="padding:3px;">7.75</td></tr>
<tr style="background-color:#dbe8f5;"><td style="padding:3px;"><b>ปีผลิต</b></td><td style="padding:3px;">256970</td></tr>
<tr style="background-color:#f0f5fa;"><td style="padding:3px;"><b>ตันรวม</b></td><td style="padding:3px;">100.75</td></tr>
<tr style="background-color:#dbe8f5;"><td style="padding:3px;"><b>สถานที่ส่งอ้อย_1</b></td><td style="padding:3px;">รถตัด</td></tr>
</table>]]></description>
      <MultiGeometry><Polygon><outerBoundaryIs><LinearRing><coordinates>103.556047319935,15.1540291803679 103.556145419922,15.1542200500328 103.556186309486,15.1542310700435 103.559365409958,15.1533104100316 103.559223340317,15.1529499399491 103.556047319935,15.1540291803679</coordinates></LinearRing></outerBoundaryIs></Polygon></MultiGeometry>
    </Placemark>
    <Placemark>
      <name>320402100004</name>
      <styleUrl>#style_83_001</styleUrl>
      <description><![CDATA[<h3 style="margin-bottom:6px; font-family:sans-serif;">320402100004</h3>
<table style="width:100%; border-collapse:collapse; font-family:sans-serif; font-size:12px;">
<tr style="background-color:#99bfe6; color:#000; font-weight:bold;"><td colspan="2" style="padding:4px; text-align:center;">320402100004</td></tr>
<tr style="background-color:#f0f5fa;"><td style="padding:3px; width:45%;"><b>FID</b></td><td style="padding:3px;">14493</td></tr>
<tr style="background-color:#dbe8f5;"><td style="padding:3px;"><b>รหัสแปลง</b></td><td style="padding:3px;">320402100004</td></tr>
<tr style="background-color:#f0f5fa;"><td style="padding:3px;"><b>รหัสกลุ่มคิว</b></td><td style="padding:3px;">83_001</td></tr>
<tr style="background-color:#dbe8f5;"><td style="padding:3px;"><b>นักเกษตร</b></td><td style="padding:3px;">8301</td></tr>
<tr style="background-color:#f0f5fa;"><td style="padding:3px;"><b>ศูนย์</b></td><td style="padding:3px;">K2-83</td></tr>
<tr style="background-color:#dbe8f5;"><td style="padding:3px;"><b>สถานที่ส่งอ้อย</b></td><td style="padding:3px;">รถตัด</td></tr>
<tr style="background-color:#f0f5fa;"><td style="padding:3px;"><b>ประเภทคิว</b></td><td style="padding:3px;">รถตัด</td></tr>
<tr style="background-color:#dbe8f5;"><td style="padding:3px;"><b>ประเภทรถ</b></td><td style="padding:3px;">10 ล้อเดี่ยว</td></tr>
<tr style="background-color:#f0f5fa;"><td style="padding:3px;"><b>ประเภทชาวไร่</b></td><td style="padding:3px;">รถตัด</td></tr>
<tr style="background-color:#dbe8f5;"><td style="padding:3px;"><b>สถานีขนถ่าย</b></td><td style="padding:3px;"></td></tr>
<tr style="background-color:#f0f5fa;"><td style="padding:3px;"><b>สถานะยืนยัน</b></td><td style="padding:3px;">N</td></tr>
<tr style="background-color:#dbe8f5;"><td style="padding:3px;"><b>โควตา</b></td><td style="padding:3px;">788049</td></tr>
<tr style="background-color:#f0f5fa;"><td style="padding:3px;"><b>ชาวไร่</b></td><td style="padding:3px;">นาย มงคล พุฒหล้า</td></tr>
<tr style="background-color:#dbe8f5;"><td style="padding:3px;"><b>ประเภทอ้อย</b></td><td style="padding:3px;">ปลายฝน</td></tr>
<tr style="background-color:#f0f5fa;"><td style="padding:3px;"><b>พื้นที่</b></td><td style="padding:3px;">17.94</td></tr>
<tr style="background-color:#dbe8f5;"><td style="padding:3px;"><b>ปีผลิต</b></td><td style="padding:3px;">256970</td></tr>
<tr style="background-color:#f0f5fa;"><td style="padding:3px;"><b>ตันรวม</b></td><td style="padding:3px;">233.22</td></tr>
<tr style="background-color:#dbe8f5;"><td style="padding:3px;"><b>สถานที่ส่งอ้อย_1</b></td><td style="padding:3px;">รถตัด</td></tr>
</table>]]></description>
      <MultiGeometry><Polygon><outerBoundaryIs><LinearRing><coordinates>103.492748290008,15.1860771395655 103.493593699935,15.1859787298998 103.493663729586,15.1859624797613 103.493708829452,15.1859080498571 103.493791470342,15.1847984900767 103.493765529686,15.184278679571 103.493738039852,15.1840540101928 103.493678959743,15.183174039969 103.492917849772,15.1832321200892 103.492928379739,15.1835063000589 103.49301019947,15.1835691701683 103.492748290008,15.1860771395655</coordinates></LinearRing></outerBoundaryIs></Polygon></MultiGeometry>
    </Placemark>
    <Placemark>
      <name>320402100005</name>
      <styleUrl>#style_83_001</styleUrl>
      <description><![CDATA[<h3 style="margin-bottom:6px; font-family:sans-serif;">320402100005</h3>
<table style="width:100%; border-collapse:collapse; font-family:sans-serif; font-size:12px;">
<tr style="background-color:#99bfe6; color:#000; font-weight:bold;"><td colspan="2" style="padding:4px; text-align:center;">320402100005</td></tr>
<tr style="background-color:#f0f5fa;"><td style="padding:3px; width:45%;"><b>FID</b></td><td style="padding:3px;">14494</td></tr>
<tr style="background-color:#dbe8f5;"><td style="padding:3px;"><b>รหัสแปลง</b></td><td style="padding:3px;">320402100005</td></tr>
<tr style="background-color:#f0f5fa;"><td style="padding:3px;"><b>รหัสกลุ่มคิว</b></td><td style="padding:3px;">83_001</td></tr>
<tr style="background-color:#dbe8f5;"><td style="padding:3px;"><b>นักเกษตร</b></td><td style="padding:3px;">8301</td></tr>
<tr style="background-color:#f0f5fa;"><td style="padding:3px;"><b>ศูนย์</b></td><td style="padding:3px;">K2-83</td></tr>
<tr style="background-color:#dbe8f5;"><td style="padding:3px;"><b>สถานที่ส่งอ้อย</b></td><td style="padding:3px;">รถตัด</td></tr>
<tr style="background-color:#f0f5fa;"><td style="padding:3px;"><b>ประเภทคิว</b></td><td style="padding:3px;">รถตัด</td></tr>
<tr style="background-color:#dbe8f5;"><td style="padding:3px;"><b>ประเภทรถ</b></td><td style="padding:3px;">10 ล้อเดี่ยว</td></tr>
<tr style="background-color:#f0f5fa;"><td style="padding:3px;"><b>ประเภทชาวไร่</b></td><td style="padding:3px;">รถตัด</td></tr>
<tr style="background-color:#dbe8f5;"><td style="padding:3px;"><b>สถานีขนถ่าย</b></td><td style="padding:3px;"></td></tr>
<tr style="background-color:#f0f5fa;"><td style="padding:3px;"><b>สถานะยืนยัน</b></td><td style="padding:3px;">N</td></tr>
<tr style="background-color:#dbe8f5;"><td style="padding:3px;"><b>โควตา</b></td><td style="padding:3px;">787114</td></tr>
<tr style="background-color:#f0f5fa;"><td style="padding:3px;"><b>ชาวไร่</b></td><td style="padding:3px;">นาย สมปอง สมานมิตร</td></tr>
<tr style="background-color:#dbe8f5;"><td style="padding:3px;"><b>ประเภทอ้อย</b></td><td style="padding:3px;">ปลายฝน</td></tr>
<tr style="background-color:#f0f5fa;"><td style="padding:3px;"><b>พื้นที่</b></td><td style="padding:3px;">4.59</td></tr>
<tr style="background-color:#dbe8f5;"><td style="padding:3px;"><b>ปีผลิต</b></td><td style="padding:3px;">256970</td></tr>
<tr style="background-color:#f0f5fa;"><td style="padding:3px;"><b>ตันรวม</b></td><td style="padding:3px;">59.67</td></tr>
<tr style="background-color:#dbe8f5;"><td style="padding:3px;"><b>สถานที่ส่งอ้อย_1</b></td><td style="padding:3px;">รถตัด</td></tr>
</table>]]></description>
      <MultiGeometry><Polygon><outerBoundaryIs><LinearRing><coordinates>103.489178690122,15.1783150300892 103.488323350062,15.1782551798458 103.488295939448,15.17902378018 103.489078200229,15.179041650296 103.489178690122,15.1783150300892</coordinates></LinearRing></outerBoundaryIs></Polygon></MultiGeometry>
    </Placemark>
    <Placemark>
      <name>320409060004</name>
      <styleUrl>#style_83_001</styleUrl>
      <description><![CDATA[<h3 style="margin-bottom:6px; font-family:sans-serif;">320409060004</h3>
<table style="width:100%; border-collapse:collapse; font-family:sans-serif; font-size:12px;">
<tr style="background-color:#99bfe6; color:#000; font-weight:bold;"><td colspan="2" style="padding:4px; text-align:center;">320409060004</td></tr>
<tr style="background-color:#f0f5fa;"><td style="padding:3px; width:45%;"><b>FID</b></td><td style="padding:3px;">14620</td></tr>
<tr style="background-color:#dbe8f5;"><td style="padding:3px;"><b>รหัสแปลง</b></td><td style="padding:3px;">320409060004</td></tr>
<tr style="background-color:#f0f5fa;"><td style="padding:3px;"><b>รหัสกลุ่มคิว</b></td><td style="padding:3px;">83_001</td></tr>
<tr style="background-color:#dbe8f5;"><td style="padding:3px;"><b>นักเกษตร</b></td><td style="padding:3px;">8301</td></tr>
<tr style="background-color:#f0f5fa;"><td style="padding:3px;"><b>ศูนย์</b></td><td style="padding:3px;">K2-83</td></tr>
<tr style="background-color:#dbe8f5;"><td style="padding:3px;"><b>สถานที่ส่งอ้อย</b></td><td style="padding:3px;">รถตัด</td></tr>
<tr style="background-color:#f0f5fa;"><td style="padding:3px;"><b>ประเภทคิว</b></td><td style="padding:3px;">รถตัด</td></tr>
<tr style="background-color:#dbe8f5;"><td style="padding:3px;"><b>ประเภทรถ</b></td><td style="padding:3px;">10 ล้อเดี่ยว</td></tr>
<tr style="background-color:#f0f5fa;"><td style="padding:3px;"><b>ประเภทชาวไร่</b></td><td style="padding:3px;">รถตัด</td></tr>
<tr style="background-color:#dbe8f5;"><td style="padding:3px;"><b>สถานีขนถ่าย</b></td><td style="padding:3px;"></td></tr>
<tr style="background-color:#f0f5fa;"><td style="padding:3px;"><b>สถานะยืนยัน</b></td><td style="padding:3px;">N</td></tr>
<tr style="background-color:#dbe8f5;"><td style="padding:3px;"><b>โควตา</b></td><td style="padding:3px;">788097</td></tr>
<tr style="background-color:#f0f5fa;"><td style="padding:3px;"><b>ชาวไร่</b></td><td style="padding:3px;">นาย ธนชัย สายน้อย</td></tr>
<tr style="background-color:#dbe8f5;"><td style="padding:3px;"><b>ประเภทอ้อย</b></td><td style="padding:3px;">ปลายฝน</td></tr>
<tr style="background-color:#f0f5fa;"><td style="padding:3px;"><b>พื้นที่</b></td><td style="padding:3px;">6.75</td></tr>
<tr style="background-color:#dbe8f5;"><td style="padding:3px;"><b>ปีผลิต</b></td><td style="padding:3px;">256970</td></tr>
<tr style="background-color:#f0f5fa;"><td style="padding:3px;"><b>ตันรวม</b></td><td style="padding:3px;">87.75</td></tr>
<tr style="background-color:#dbe8f5;"><td style="padding:3px;"><b>สถานที่ส่งอ้อย_1</b></td><td style="padding:3px;">รถตัด</td></tr>
</table>]]></description>
      <MultiGeometry><Polygon><outerBoundaryIs><LinearRing><coordinates>103.55311786005,15.138912770041 103.553382849602,15.1389087373385 103.55331847989,15.1381635996504 103.552119489833,15.1382079497397 103.552173040002,15.1389667101548 103.55311786005,15.138912770041</coordinates></LinearRing></outerBoundaryIs></Polygon></MultiGeometry>
    </Placemark>
    <Placemark>
      <name>320407090025</name>
      <styleUrl>#style_83_001</styleUrl>
      <description><![CDATA[<h3 style="margin-bottom:6px; font-family:sans-serif;">320407090025</h3>
<table style="width:100%; border-collapse:collapse; font-family:sans-serif; font-size:12px;">
<tr style="background-color:#99bfe6; color:#000; font-weight:bold;"><td colspan="2" style="padding:4px; text-align:center;">320407090025</td></tr>
<tr style="background-color:#f0f5fa;"><td style="padding:3px; width:45%;"><b>FID</b></td><td style="padding:3px;">14707</td></tr>
<tr style="background-color:#dbe8f5;"><td style="padding:3px;"><b>รหัสแปลง</b></td><td style="padding:3px;">320407090025</td></tr>
<tr style="background-color:#f0f5fa;"><td style="padding:3px;"><b>รหัสกลุ่มคิว</b></td><td style="padding:3px;">83_001</td></tr>
<tr style="background-color:#dbe8f5;"><td style="padding:3px;"><b>นักเกษตร</b></td><td style="padding:3px;">8301</td></tr>
<tr style="background-color:#f0f5fa;"><td style="padding:3px;"><b>ศูนย์</b></td><td style="padding:3px;">K2-83</td></tr>
<tr style="background-color:#dbe8f5;"><td style="padding:3px;"><b>สถานที่ส่งอ้อย</b></td><td style="padding:3px;">รถตัด</td></tr>
<tr style="background-color:#f0f5fa;"><td style="padding:3px;"><b>ประเภทคิว</b></td><td style="padding:3px;">รถตัด</td></tr>
<tr style="background-color:#dbe8f5;"><td style="padding:3px;"><b>ประเภทรถ</b></td><td style="padding:3px;">10 ล้อเดี่ยว</td></tr>
<tr style="background-color:#f0f5fa;"><td style="padding:3px;"><b>ประเภทชาวไร่</b></td><td style="padding:3px;">รถตัด</td></tr>
<tr style="background-color:#dbe8f5;"><td style="padding:3px;"><b>สถานีขนถ่าย</b></td><td style="padding:3px;"></td></tr>
<tr style="background-color:#f0f5fa;"><td style="padding:3px;"><b>สถานะยืนยัน</b></td><td style="padding:3px;">N</td></tr>
<tr style="background-color:#dbe8f5;"><td style="padding:3px;"><b>โควตา</b></td><td style="padding:3px;">788075</td></tr>
<tr style="background-color:#f0f5fa;"><td style="padding:3px;"><b>ชาวไร่</b></td><td style="padding:3px;">นาย พนาศักดิ์ กระแสเทพ</td></tr>
<tr style="background-color:#dbe8f5;"><td style="padding:3px;"><b>ประเภทอ้อย</b></td><td style="padding:3px;">ปลายฝน</td></tr>
<tr style="background-color:#f0f5fa;"><td style="padding:3px;"><b>พื้นที่</b></td><td style="padding:3px;">1.86</td></tr>
<tr style="background-color:#dbe8f5;"><td style="padding:3px;"><b>ปีผลิต</b></td><td style="padding:3px;">256970</td></tr>
<tr style="background-color:#f0f5fa;"><td style="padding:3px;"><b>ตันรวม</b></td><td style="padding:3px;">24.18</td></tr>
<tr style="background-color:#dbe8f5;"><td style="padding:3px;"><b>สถานที่ส่งอ้อย_1</b></td><td style="padding:3px;">รถตัด</td></tr>
</table>]]></description>
      <MultiGeometry><Polygon><outerBoundaryIs><LinearRing><coordinates>103.61211788005,15.1699321201333 103.612023799674,15.1699115703175 103.612004579905,15.1698643995398 103.612037170315,15.1697022004167 103.611895959634,15.1696537901221 103.611700520016,15.1708025900474 103.611738300096,15.1708632103412 103.611833579463,15.170823250397 103.611865549729,15.1708012503191 103.611893240138,15.1707770101451 103.61190913972,15.1707509498387 103.611920320091,15.1707316903397 103.61211788005,15.1699321201333</coordinates></LinearRing></outerBoundaryIs></Polygon></MultiGeometry>
    </Placemark>
    <Placemark>
      <name>320801080001</name>
      <styleUrl>#style_83_001</styleUrl>
      <description><![CDATA[<h3 style="margin-bottom:6px; font-family:sans-serif;">320801080001</h3>
<table style="width:100%; border-collapse:collapse; font-family:sans-serif; font-size:12px;">
<tr style="background-color:#99bfe6; color:#000; font-weight:bold;"><td colspan="2" style="padding:4px; text-align:center;">320801080001</td></tr>
<tr style="background-color:#f0f5fa;"><td style="padding:3px; width:45%;"><b>FID</b></td><td style="padding:3px;">14729</td></tr>
<tr style="background-color:#dbe8f5;"><td style="padding:3px;"><b>รหัสแปลง</b></td><td style="padding:3px;">320801080001</td></tr>
<tr style="background-color:#f0f5fa;"><td style="padding:3px;"><b>รหัสกลุ่มคิว</b></td><td style="padding:3px;">83_001</td></tr>
<tr style="background-color:#dbe8f5;"><td style="padding:3px;"><b>นักเกษตร</b></td><td style="padding:3px;">8301</td></tr>
<tr style="background-color:#f0f5fa;"><td style="padding:3px;"><b>ศูนย์</b></td><td style="padding:3px;">K2-83</td></tr>
<tr style="background-color:#dbe8f5;"><td style="padding:3px;"><b>สถานที่ส่งอ้อย</b></td><td style="padding:3px;">รถตัด</td></tr>
<tr style="background-color:#f0f5fa;"><td style="padding:3px;"><b>ประเภทคิว</b></td><td style="padding:3px;">รถตัด</td></tr>
<tr style="background-color:#dbe8f5;"><td style="padding:3px;"><b>ประเภทรถ</b></td><td style="padding:3px;">10 ล้อเดี่ยว</td></tr>
<tr style="background-color:#f0f5fa;"><td style="padding:3px;"><b>ประเภทชาวไร่</b></td><td style="padding:3px;">รถตัด</td></tr>
<tr style="background-color:#dbe8f5;"><td style="padding:3px;"><b>สถานีขนถ่าย</b></td><td style="padding:3px;"></td></tr>
<tr style="background-color:#f0f5fa;"><td style="padding:3px;"><b>สถานะยืนยัน</b></td><td style="padding:3px;">N</td></tr>
<tr style="background-color:#dbe8f5;"><td style="padding:3px;"><b>โควตา</b></td><td style="padding:3px;">787110</td></tr>
<tr style="background-color:#f0f5fa;"><td style="padding:3px;"><b>ชาวไร่</b></td><td style="padding:3px;">นาง ปรียนันท์ เอี่ยมอาจิณ</td></tr>
<tr style="background-color:#dbe8f5;"><td style="padding:3px;"><b>ประเภทอ้อย</b></td><td style="padding:3px;">ปลายฝน</td></tr>
<tr style="background-color:#f0f5fa;"><td style="padding:3px;"><b>พื้นที่</b></td><td style="padding:3px;">20.26</td></tr>
<tr style="background-color:#dbe8f5;"><td style="padding:3px;"><b>ปีผลิต</b></td><td style="padding:3px;">256970</td></tr>
<tr style="background-color:#f0f5fa;"><td style="padding:3px;"><b>ตันรวม</b></td><td style="padding:3px;">263.38</td></tr>
<tr style="background-color:#dbe8f5;"><td style="padding:3px;"><b>สถานที่ส่งอ้อย_1</b></td><td style="padding:3px;">รถตัด</td></tr>
</table>]]></description>
      <MultiGeometry><Polygon><outerBoundaryIs><LinearRing><coordinates>103.754640610053,15.199244039868 103.754626859611,15.199533000029 103.754379850255,15.1995519502163 103.75440039025,15.2003148098721 103.754501250172,15.2015435097695 103.754515719527,15.2018198601799 103.755495899588,15.2019942201575 103.755514429764,15.2017949398194 103.755569000031,15.1999665702156 103.755415610278,15.1999541302734 103.755436090129,15.1994790697411 103.755279889676,15.1994007801888 103.754640610053,15.199244039868</coordinates></LinearRing></outerBoundaryIs></Polygon></MultiGeometry>
    </Placemark>
    <Placemark>
      <name>320401071519</name>
      <styleUrl>#style_83_001</styleUrl>
      <description><![CDATA[<h3 style="margin-bottom:6px; font-family:sans-serif;">320401071519</h3>
<table style="width:100%; border-collapse:collapse; font-family:sans-serif; font-size:12px;">
<tr style="background-color:#99bfe6; color:#000; font-weight:bold;"><td colspan="2" style="padding:4px; text-align:center;">320401071519</td></tr>
<tr style="background-color:#f0f5fa;"><td style="padding:3px; width:45%;"><b>FID</b></td><td style="padding:3px;">14733</td></tr>
<tr style="background-color:#dbe8f5;"><td style="padding:3px;"><b>รหัสแปลง</b></td><td style="padding:3px;">320401071519</td></tr>
<tr style="background-color:#f0f5fa;"><td style="padding:3px;"><b>รหัสกลุ่มคิว</b></td><td style="padding:3px;">83_001</td></tr>
<tr style="background-color:#dbe8f5;"><td style="padding:3px;"><b>นักเกษตร</b></td><td style="padding:3px;">8301</td></tr>
<tr style="background-color:#f0f5fa;"><td style="padding:3px;"><b>ศูนย์</b></td><td style="padding:3px;">K2-83</td></tr>
<tr style="background-color:#dbe8f5;"><td style="padding:3px;"><b>สถานที่ส่งอ้อย</b></td><td style="padding:3px;">รถตัด</td></tr>
<tr style="background-color:#f0f5fa;"><td style="padding:3px;"><b>ประเภทคิว</b></td><td style="padding:3px;">รถตัด</td></tr>
<tr style="background-color:#dbe8f5;"><td style="padding:3px;"><b>ประเภทรถ</b></td><td style="padding:3px;">10 ล้อเดี่ยว</td></tr>
<tr style="background-color:#f0f5fa;"><td style="padding:3px;"><b>ประเภทชาวไร่</b></td><td style="padding:3px;">รถตัด</td></tr>
<tr style="background-color:#dbe8f5;"><td style="padding:3px;"><b>สถานีขนถ่าย</b></td><td style="padding:3px;"></td></tr>
<tr style="background-color:#f0f5fa;"><td style="padding:3px;"><b>สถานะยืนยัน</b></td><td style="padding:3px;">N</td></tr>
<tr style="background-color:#dbe8f5;"><td style="padding:3px;"><b>โควตา</b></td><td style="padding:3px;">787028</td></tr>
<tr style="background-color:#f0f5fa;"><td style="padding:3px;"><b>ชาวไร่</b></td><td style="padding:3px;">นาง เง็ก ธนาศุภวัฒน์</td></tr>
<tr style="background-color:#dbe8f5;"><td style="padding:3px;"><b>ประเภทอ้อย</b></td><td style="padding:3px;">ปลายฝน</td></tr>
<tr style="background-color:#f0f5fa;"><td style="padding:3px;"><b>พื้นที่</b></td><td style="padding:3px;">1.43</td></tr>
<tr style="background-color:#dbe8f5;"><td style="padding:3px;"><b>ปีผลิต</b></td><td style="padding:3px;">256970</td></tr>
<tr style="background-color:#f0f5fa;"><td style="padding:3px;"><b>ตันรวม</b></td><td style="padding:3px;">18.59</td></tr>
<tr style="background-color:#dbe8f5;"><td style="padding:3px;"><b>สถานที่ส่งอ้อย_1</b></td><td style="padding:3px;">รถตัด</td></tr>
</table>]]></description>
      <MultiGeometry><Polygon><outerBoundaryIs><LinearRing><coordinates>103.612468539615,15.1298284101017 103.612174120009,15.1290927104104 103.611961239788,15.1291268396508 103.612064364544,15.1294711775522 103.6122462297,15.1293629002302 103.61225541982,15.1294161201911 103.612075973653,15.1295099419086 103.612197999958,15.1299173904125 103.612468539615,15.1298284101017</coordinates></LinearRing></outerBoundaryIs></Polygon></MultiGeometry>
    </Placemark>
    <Placemark>
      <name>320401071520</name>
      <styleUrl>#style_83_001</styleUrl>
      <description><![CDATA[<h3 style="margin-bottom:6px; font-family:sans-serif;">320401071520</h3>
<table style="width:100%; border-collapse:collapse; font-family:sans-serif; font-size:12px;">
<tr style="background-color:#99bfe6; color:#000; font-weight:bold;"><td colspan="2" style="padding:4px; text-align:center;">320401071520</td></tr>
<tr style="background-color:#f0f5fa;"><td style="padding:3px; width:45%;"><b>FID</b></td><td style="padding:3px;">14734</td></tr>
<tr style="background-color:#dbe8f5;"><td style="padding:3px;"><b>รหัสแปลง</b></td><td style="padding:3px;">320401071520</td></tr>
<tr style="background-color:#f0f5fa;"><td style="padding:3px;"><b>รหัสกลุ่มคิว</b></td><td style="padding:3px;">83_001</td></tr>
<tr style="background-color:#dbe8f5;"><td style="padding:3px;"><b>นักเกษตร</b></td><td style="padding:3px;">8301</td></tr>
<tr style="background-color:#f0f5fa;"><td style="padding:3px;"><b>ศูนย์</b></td><td style="padding:3px;">K2-83</td></tr>
<tr style="background-color:#dbe8f5;"><td style="padding:3px;"><b>สถานที่ส่งอ้อย</b></td><td style="padding:3px;">รถตัด</td></tr>
<tr style="background-color:#f0f5fa;"><td style="padding:3px;"><b>ประเภทคิว</b></td><td style="padding:3px;">รถตัด</td></tr>
<tr style="background-color:#dbe8f5;"><td style="padding:3px;"><b>ประเภทรถ</b></td><td style="padding:3px;">10 ล้อเดี่ยว</td></tr>
<tr style="background-color:#f0f5fa;"><td style="padding:3px;"><b>ประเภทชาวไร่</b></td><td style="padding:3px;">รถตัด</td></tr>
<tr style="background-color:#dbe8f5;"><td style="padding:3px;"><b>สถานีขนถ่าย</b></td><td style="padding:3px;"></td></tr>
<tr style="background-color:#f0f5fa;"><td style="padding:3px;"><b>สถานะยืนยัน</b></td><td style="padding:3px;">N</td></tr>
<tr style="background-color:#dbe8f5;"><td style="padding:3px;"><b>โควตา</b></td><td style="padding:3px;">787028</td></tr>
<tr style="background-color:#f0f5fa;"><td style="padding:3px;"><b>ชาวไร่</b></td><td style="padding:3px;">นาง เง็ก ธนาศุภวัฒน์</td></tr>
<tr style="background-color:#dbe8f5;"><td style="padding:3px;"><b>ประเภทอ้อย</b></td><td style="padding:3px;">ปลายฝน</td></tr>
<tr style="background-color:#f0f5fa;"><td style="padding:3px;"><b>พื้นที่</b></td><td style="padding:3px;">6.31</td></tr>
<tr style="background-color:#dbe8f5;"><td style="padding:3px;"><b>ปีผลิต</b></td><td style="padding:3px;">256970</td></tr>
<tr style="background-color:#f0f5fa;"><td style="padding:3px;"><b>ตันรวม</b></td><td style="padding:3px;">82.03</td></tr>
<tr style="background-color:#dbe8f5;"><td style="padding:3px;"><b>สถานที่ส่งอ้อย_1</b></td><td style="padding:3px;">รถตัด</td></tr>
</table>]]></description>
      <MultiGeometry><Polygon><outerBoundaryIs><LinearRing><coordinates>103.612690439733,15.1298763095654 103.612191060047,15.1299684501794 103.612371570329,15.1305558395812 103.612883090267,15.1304947495388 103.612909279612,15.1306478199262 103.613439819751,15.1304876297216 103.613426389716,15.1304337303217 103.61363740944,15.1303236598348 103.613444760128,15.1299969803481 103.613246640235,15.129767039609 103.613137559756,15.1298037399637 103.612945530006,15.1296075902544 103.612743170426,15.129765132438 103.612899139967,15.1304718396509 103.612842449763,15.13049049975 103.612690439733,15.1298763095654</coordinates></LinearRing></outerBoundaryIs></Polygon></MultiGeometry>
    </Placemark>
    <Placemark>
      <name>320409060005</name>
      <styleUrl>#style_83_001</styleUrl>
      <description><![CDATA[<h3 style="margin-bottom:6px; font-family:sans-serif;">320409060005</h3>
<table style="width:100%; border-collapse:collapse; font-family:sans-serif; font-size:12px;">
<tr style="background-color:#99bfe6; color:#000; font-weight:bold;"><td colspan="2" style="padding:4px; text-align:center;">320409060005</td></tr>
<tr style="background-color:#f0f5fa;"><td style="padding:3px; width:45%;"><b>FID</b></td><td style="padding:3px;">14849</td></tr>
<tr style="background-color:#dbe8f5;"><td style="padding:3px;"><b>รหัสแปลง</b></td><td style="padding:3px;">320409060005</td></tr>
<tr style="background-color:#f0f5fa;"><td style="padding:3px;"><b>รหัสกลุ่มคิว</b></td><td style="padding:3px;">83_001</td></tr>
<tr style="background-color:#dbe8f5;"><td style="padding:3px;"><b>นักเกษตร</b></td><td style="padding:3px;">8301</td></tr>
<tr style="background-color:#f0f5fa;"><td style="padding:3px;"><b>ศูนย์</b></td><td style="padding:3px;">K2-83</td></tr>
<tr style="background-color:#dbe8f5;"><td style="padding:3px;"><b>สถานที่ส่งอ้อย</b></td><td style="padding:3px;">รถตัด</td></tr>
<tr style="background-color:#f0f5fa;"><td style="padding:3px;"><b>ประเภทคิว</b></td><td style="padding:3px;">รถตัด</td></tr>
<tr style="background-color:#dbe8f5;"><td style="padding:3px;"><b>ประเภทรถ</b></td><td style="padding:3px;">10 ล้อเดี่ยว</td></tr>
<tr style="background-color:#f0f5fa;"><td style="padding:3px;"><b>ประเภทชาวไร่</b></td><td style="padding:3px;">รถตัด</td></tr>
<tr style="background-color:#dbe8f5;"><td style="padding:3px;"><b>สถานีขนถ่าย</b></td><td style="padding:3px;"></td></tr>
<tr style="background-color:#f0f5fa;"><td style="padding:3px;"><b>สถานะยืนยัน</b></td><td style="padding:3px;">N</td></tr>
<tr style="background-color:#dbe8f5;"><td style="padding:3px;"><b>โควตา</b></td><td style="padding:3px;">782403</td></tr>
<tr style="background-color:#f0f5fa;"><td style="padding:3px;"><b>ชาวไร่</b></td><td style="padding:3px;">นาย พิทักษ์ แสนกล้า</td></tr>
<tr style="background-color:#dbe8f5;"><td style="padding:3px;"><b>ประเภทอ้อย</b></td><td style="padding:3px;">ปลายฝน</td></tr>
<tr style="background-color:#f0f5fa;"><td style="padding:3px;"><b>พื้นที่</b></td><td style="padding:3px;">4.59</td></tr>
<tr style="background-color:#dbe8f5;"><td style="padding:3px;"><b>ปีผลิต</b></td><td style="padding:3px;">256970</td></tr>
<tr style="background-color:#f0f5fa;"><td style="padding:3px;"><b>ตันรวม</b></td><td style="padding:3px;">59.67</td></tr>
<tr style="background-color:#dbe8f5;"><td style="padding:3px;"><b>สถานที่ส่งอ้อย_1</b></td><td style="padding:3px;">รถตัด</td></tr>
</table>]]></description>
      <MultiGeometry><Polygon><outerBoundaryIs><LinearRing><coordinates>103.557400559985,15.1539345302358 103.556993190139,15.1540023499066 103.557601620228,15.1553825696939 103.558018319748,15.1552856902549 103.557628839926,15.1544086003721 103.5575173803,15.1542003203353 103.557481129985,15.1541869499137 103.557400559985,15.1539345302358</coordinates></LinearRing></outerBoundaryIs></Polygon></MultiGeometry>
    </Placemark>
    <Placemark>
      <name>320401071521</name>
      <styleUrl>#style_83_001</styleUrl>
      <description><![CDATA[<h3 style="margin-bottom:6px; font-family:sans-serif;">320401071521</h3>
<table style="width:100%; border-collapse:collapse; font-family:sans-serif; font-size:12px;">
<tr style="background-color:#99bfe6; color:#000; font-weight:bold;"><td colspan="2" style="padding:4px; text-align:center;">320401071521</td></tr>
<tr style="background-color:#f0f5fa;"><td style="padding:3px; width:45%;"><b>FID</b></td><td style="padding:3px;">14881</td></tr>
<tr style="background-color:#dbe8f5;"><td style="padding:3px;"><b>รหัสแปลง</b></td><td style="padding:3px;">320401071521</td></tr>
<tr style="background-color:#f0f5fa;"><td style="padding:3px;"><b>รหัสกลุ่มคิว</b></td><td style="padding:3px;">83_001</td></tr>
<tr style="background-color:#dbe8f5;"><td style="padding:3px;"><b>นักเกษตร</b></td><td style="padding:3px;">8301</td></tr>
<tr style="background-color:#f0f5fa;"><td style="padding:3px;"><b>ศูนย์</b></td><td style="padding:3px;">K2-83</td></tr>
<tr style="background-color:#dbe8f5;"><td style="padding:3px;"><b>สถานที่ส่งอ้อย</b></td><td style="padding:3px;">รถตัด</td></tr>
<tr style="background-color:#f0f5fa;"><td style="padding:3px;"><b>ประเภทคิว</b></td><td style="padding:3px;">รถตัด</td></tr>
<tr style="background-color:#dbe8f5;"><td style="padding:3px;"><b>ประเภทรถ</b></td><td style="padding:3px;">10 ล้อเดี่ยว</td></tr>
<tr style="background-color:#f0f5fa;"><td style="padding:3px;"><b>ประเภทชาวไร่</b></td><td style="padding:3px;">รถตัด</td></tr>
<tr style="background-color:#dbe8f5;"><td style="padding:3px;"><b>สถานีขนถ่าย</b></td><td style="padding:3px;"></td></tr>
<tr style="background-color:#f0f5fa;"><td style="padding:3px;"><b>สถานะยืนยัน</b></td><td style="padding:3px;">N</td></tr>
<tr style="background-color:#dbe8f5;"><td style="padding:3px;"><b>โควตา</b></td><td style="padding:3px;">787028</td></tr>
<tr style="background-color:#f0f5fa;"><td style="padding:3px;"><b>ชาวไร่</b></td><td style="padding:3px;">นาง เง็ก ธนาศุภวัฒน์</td></tr>
<tr style="background-color:#dbe8f5;"><td style="padding:3px;"><b>ประเภทอ้อย</b></td><td style="padding:3px;">ปลายฝน</td></tr>
<tr style="background-color:#f0f5fa;"><td style="padding:3px;"><b>พื้นที่</b></td><td style="padding:3px;">8.0</td></tr>
<tr style="background-color:#dbe8f5;"><td style="padding:3px;"><b>ปีผลิต</b></td><td style="padding:3px;">256970</td></tr>
<tr style="background-color:#f0f5fa;"><td style="padding:3px;"><b>ตันรวม</b></td><td style="padding:3px;">104.0</td></tr>
<tr style="background-color:#dbe8f5;"><td style="padding:3px;"><b>สถานที่ส่งอ้อย_1</b></td><td style="padding:3px;">รถตัด</td></tr>
</table>]]></description>
      <MultiGeometry><Polygon><outerBoundaryIs><LinearRing><coordinates>103.615162549428,15.1301351699748 103.614306729677,15.1304707602512 103.615063750109,15.1316329302214 103.61567798994,15.1313603299439 103.615162549428,15.1301351699748</coordinates></LinearRing></outerBoundaryIs></Polygon></MultiGeometry>
    </Placemark>
    <Placemark>
      <name>320401071522</name>
      <styleUrl>#style_83_001</styleUrl>
      <description><![CDATA[<h3 style="margin-bottom:6px; font-family:sans-serif;">320401071522</h3>
<table style="width:100%; border-collapse:collapse; font-family:sans-serif; font-size:12px;">
<tr style="background-color:#99bfe6; color:#000; font-weight:bold;"><td colspan="2" style="padding:4px; text-align:center;">320401071522</td></tr>
<tr style="background-color:#f0f5fa;"><td style="padding:3px; width:45%;"><b>FID</b></td><td style="padding:3px;">14882</td></tr>
<tr style="background-color:#dbe8f5;"><td style="padding:3px;"><b>รหัสแปลง</b></td><td style="padding:3px;">320401071522</td></tr>
<tr style="background-color:#f0f5fa;"><td style="padding:3px;"><b>รหัสกลุ่มคิว</b></td><td style="padding:3px;">83_001</td></tr>
<tr style="background-color:#dbe8f5;"><td style="padding:3px;"><b>นักเกษตร</b></td><td style="padding:3px;">8301</td></tr>
<tr style="background-color:#f0f5fa;"><td style="padding:3px;"><b>ศูนย์</b></td><td style="padding:3px;">K2-83</td></tr>
<tr style="background-color:#dbe8f5;"><td style="padding:3px;"><b>สถานที่ส่งอ้อย</b></td><td style="padding:3px;">รถตัด</td></tr>
<tr style="background-color:#f0f5fa;"><td style="padding:3px;"><b>ประเภทคิว</b></td><td style="padding:3px;">รถตัด</td></tr>
<tr style="background-color:#dbe8f5;"><td style="padding:3px;"><b>ประเภทรถ</b></td><td style="padding:3px;">10 ล้อเดี่ยว</td></tr>
<tr style="background-color:#f0f5fa;"><td style="padding:3px;"><b>ประเภทชาวไร่</b></td><td style="padding:3px;">รถตัด</td></tr>
<tr style="background-color:#dbe8f5;"><td style="padding:3px;"><b>สถานีขนถ่าย</b></td><td style="padding:3px;"></td></tr>
<tr style="background-color:#f0f5fa;"><td style="padding:3px;"><b>สถานะยืนยัน</b></td><td style="padding:3px;">N</td></tr>
<tr style="background-color:#dbe8f5;"><td style="padding:3px;"><b>โควตา</b></td><td style="padding:3px;">787028</td></tr>
<tr style="background-color:#f0f5fa;"><td style="padding:3px;"><b>ชาวไร่</b></td><td style="padding:3px;">นาง เง็ก ธนาศุภวัฒน์</td></tr>
<tr style="background-color:#dbe8f5;"><td style="padding:3px;"><b>ประเภทอ้อย</b></td><td style="padding:3px;">ปลายฝน</td></tr>
<tr style="background-color:#f0f5fa;"><td style="padding:3px;"><b>พื้นที่</b></td><td style="padding:3px;">4.48</td></tr>
<tr style="background-color:#dbe8f5;"><td style="padding:3px;"><b>ปีผลิต</b></td><td style="padding:3px;">256970</td></tr>
<tr style="background-color:#f0f5fa;"><td style="padding:3px;"><b>ตันรวม</b></td><td style="padding:3px;">58.24</td></tr>
<tr style="background-color:#dbe8f5;"><td style="padding:3px;"><b>สถานที่ส่งอ้อย_1</b></td><td style="padding:3px;">รถตัด</td></tr>
</table>]]></description>
      <MultiGeometry><Polygon><outerBoundaryIs><LinearRing><coordinates>103.616056279727,15.129753630014 103.616099549933,15.1297891799584 103.616342270246,15.12967509023 103.616100909594,15.1290435595726 103.615240550158,15.1293762300156 103.615504730118,15.129977070144 103.616056279727,15.129753630014</coordinates></LinearRing></outerBoundaryIs></Polygon></MultiGeometry>
    </Placemark>
    <Placemark>
      <name>320407010041</name>
      <styleUrl>#style_83_001</styleUrl>
      <description><![CDATA[<h3 style="margin-bottom:6px; font-family:sans-serif;">320407010041</h3>
<table style="width:100%; border-collapse:collapse; font-family:sans-serif; font-size:12px;">
<tr style="background-color:#99bfe6; color:#000; font-weight:bold;"><td colspan="2" style="padding:4px; text-align:center;">320407010041</td></tr>
<tr style="background-color:#f0f5fa;"><td style="padding:3px; width:45%;"><b>FID</b></td><td style="padding:3px;">14892</td></tr>
<tr style="background-color:#dbe8f5;"><td style="padding:3px;"><b>รหัสแปลง</b></td><td style="padding:3px;">320407010041</td></tr>
<tr style="background-color:#f0f5fa;"><td style="padding:3px;"><b>รหัสกลุ่มคิว</b></td><td style="padding:3px;">83_001</td></tr>
<tr style="background-color:#dbe8f5;"><td style="padding:3px;"><b>นักเกษตร</b></td><td style="padding:3px;">8301</td></tr>
<tr style="background-color:#f0f5fa;"><td style="padding:3px;"><b>ศูนย์</b></td><td style="padding:3px;">K2-83</td></tr>
<tr style="background-color:#dbe8f5;"><td style="padding:3px;"><b>สถานที่ส่งอ้อย</b></td><td style="padding:3px;">รถตัด</td></tr>
<tr style="background-color:#f0f5fa;"><td style="padding:3px;"><b>ประเภทคิว</b></td><td style="padding:3px;">รถตัด</td></tr>
<tr style="background-color:#dbe8f5;"><td style="padding:3px;"><b>ประเภทรถ</b></td><td style="padding:3px;">10 ล้อเดี่ยว</td></tr>
<tr style="background-color:#f0f5fa;"><td style="padding:3px;"><b>ประเภทชาวไร่</b></td><td style="padding:3px;">รถตัด</td></tr>
<tr style="background-color:#dbe8f5;"><td style="padding:3px;"><b>สถานีขนถ่าย</b></td><td style="padding:3px;"></td></tr>
<tr style="background-color:#f0f5fa;"><td style="padding:3px;"><b>สถานะยืนยัน</b></td><td style="padding:3px;">N</td></tr>
<tr style="background-color:#dbe8f5;"><td style="padding:3px;"><b>โควตา</b></td><td style="padding:3px;">782244</td></tr>
<tr style="background-color:#f0f5fa;"><td style="padding:3px;"><b>ชาวไร่</b></td><td style="padding:3px;">นาย สมยศ บุญเลิศ</td></tr>
<tr style="background-color:#dbe8f5;"><td style="padding:3px;"><b>ประเภทอ้อย</b></td><td style="padding:3px;">ปลายฝน</td></tr>
<tr style="background-color:#f0f5fa;"><td style="padding:3px;"><b>พื้นที่</b></td><td style="padding:3px;">11.03</td></tr>
<tr style="background-color:#dbe8f5;"><td style="padding:3px;"><b>ปีผลิต</b></td><td style="padding:3px;">256970</td></tr>
<tr style="background-color:#f0f5fa;"><td style="padding:3px;"><b>ตันรวม</b></td><td style="padding:3px;">143.39</td></tr>
<tr style="background-color:#dbe8f5;"><td style="padding:3px;"><b>สถานที่ส่งอ้อย_1</b></td><td style="padding:3px;">รถตัด</td></tr>
</table>]]></description>
      <MultiGeometry><Polygon><outerBoundaryIs><LinearRing><coordinates>103.61341096013,15.1499256799188 103.613231500258,15.1472200099163 103.61299570027,15.1472353802024 103.613003170103,15.1473184101984 103.613087960038,15.1473225997103 103.613127520142,15.147531979647 103.61306806944,15.147552750373 103.613060420156,15.1476065799477 103.612793829737,15.1476243000145 103.612746730044,15.1473963100422 103.612523720066,15.1474435795452 103.61270613977,15.1485696001238 103.612711404526,15.1486244193184 103.613314937801,15.148630425806 103.613319647707,15.1486890095269 103.612717874861,15.1486848756573 103.612733099751,15.1488336197775 103.61277708013,15.1491066995616 103.612932949831,15.1499659198487 103.613410920046,15.149925330031 103.61341096013,15.1499256799188</coordinates></LinearRing></outerBoundaryIs></Polygon></MultiGeometry>
    </Placemark>
    <Placemark>
      <name>320409010013</name>
      <styleUrl>#style_83_001</styleUrl>
      <description><![CDATA[<h3 style="margin-bottom:6px; font-family:sans-serif;">320409010013</h3>
<table style="width:100%; border-collapse:collapse; font-family:sans-serif; font-size:12px;">
<tr style="background-color:#99bfe6; color:#000; font-weight:bold;"><td colspan="2" style="padding:4px; text-align:center;">320409010013</td></tr>
<tr style="background-color:#f0f5fa;"><td style="padding:3px; width:45%;"><b>FID</b></td><td style="padding:3px;">15076</td></tr>
<tr style="background-color:#dbe8f5;"><td style="padding:3px;"><b>รหัสแปลง</b></td><td style="padding:3px;">320409010013</td></tr>
<tr style="background-color:#f0f5fa;"><td style="padding:3px;"><b>รหัสกลุ่มคิว</b></td><td style="padding:3px;">83_001</td></tr>
<tr style="background-color:#dbe8f5;"><td style="padding:3px;"><b>นักเกษตร</b></td><td style="padding:3px;">8301</td></tr>
<tr style="background-color:#f0f5fa;"><td style="padding:3px;"><b>ศูนย์</b></td><td style="padding:3px;">K2-83</td></tr>
<tr style="background-color:#dbe8f5;"><td style="padding:3px;"><b>สถานที่ส่งอ้อย</b></td><td style="padding:3px;">รถตัด</td></tr>
<tr style="background-color:#f0f5fa;"><td style="padding:3px;"><b>ประเภทคิว</b></td><td style="padding:3px;">รถตัด</td></tr>
<tr style="background-color:#dbe8f5;"><td style="padding:3px;"><b>ประเภทรถ</b></td><td style="padding:3px;">10 ล้อเดี่ยว</td></tr>
<tr style="background-color:#f0f5fa;"><td style="padding:3px;"><b>ประเภทชาวไร่</b></td><td style="padding:3px;">รถตัด</td></tr>
<tr style="background-color:#dbe8f5;"><td style="padding:3px;"><b>สถานีขนถ่าย</b></td><td style="padding:3px;"></td></tr>
<tr style="background-color:#f0f5fa;"><td style="padding:3px;"><b>สถานะยืนยัน</b></td><td style="padding:3px;">N</td></tr>
<tr style="background-color:#dbe8f5;"><td style="padding:3px;"><b>โควตา</b></td><td style="padding:3px;">782403</td></tr>
<tr style="background-color:#f0f5fa;"><td style="padding:3px;"><b>ชาวไร่</b></td><td style="padding:3px;">นาย พิทักษ์ แสนกล้า</td></tr>
<tr style="background-color:#dbe8f5;"><td style="padding:3px;"><b>ประเภทอ้อย</b></td><td style="padding:3px;">ปลายฝน</td></tr>
<tr style="background-color:#f0f5fa;"><td style="padding:3px;"><b>พื้นที่</b></td><td style="padding:3px;">3.9</td></tr>
<tr style="background-color:#dbe8f5;"><td style="padding:3px;"><b>ปีผลิต</b></td><td style="padding:3px;">256970</td></tr>
<tr style="background-color:#f0f5fa;"><td style="padding:3px;"><b>ตันรวม</b></td><td style="padding:3px;">50.7</td></tr>
<tr style="background-color:#dbe8f5;"><td style="padding:3px;"><b>สถานที่ส่งอ้อย_1</b></td><td style="padding:3px;">รถตัด</td></tr>
</table>]]></description>
      <MultiGeometry><Polygon><outerBoundaryIs><LinearRing><coordinates>103.572570670193,15.1162338000275 103.574134910094,15.1158311099009 103.57408685949,15.1155886501288 103.572913829874,15.1157744698956 103.572452999648,15.1158926297279 103.572570670193,15.1162338000275</coordinates></LinearRing></outerBoundaryIs></Polygon></MultiGeometry>
    </Placemark>
  </Folder>
</Document>
</kml>
