<?xml version="1.0" encoding="UTF-8"?>
<kml xmlns="http://www.opengis.net/kml/2.2">
<Document>
  <name>กลุ่มคิว 42</name>
  <Style id="style_42_001">
    <LineStyle>
      <color>ff333333</color>
      <width>1.2</width>
    </LineStyle>
    <PolyStyle>
      <color>b3009933</color>
      <fill>1</fill>
      <outline>1</outline>
    </PolyStyle>
  </Style>
  <Folder>
    <name>42_001</name>
    <Placemark>
      <name>320908131563</name>
      <styleUrl>#style_42_001</styleUrl>
      <description><![CDATA[<h3 style="margin-bottom:6px; font-family:sans-serif;">320908131563</h3>
<table style="width:100%; border-collapse:collapse; font-family:sans-serif; font-size:12px;">
<tr style="background-color:#99bfe6; color:#000; font-weight:bold;"><td colspan="2" style="padding:4px; text-align:center;">320908131563</td></tr>
<tr style="background-color:#f0f5fa;"><td style="padding:3px; width:45%;"><b>FID</b></td><td style="padding:3px;">2959</td></tr>
<tr style="background-color:#dbe8f5;"><td style="padding:3px;"><b>รหัสแปลง</b></td><td style="padding:3px;">320908131563</td></tr>
<tr style="background-color:#f0f5fa;"><td style="padding:3px;"><b>รหัสกลุ่มคิว</b></td><td style="padding:3px;">42_001</td></tr>
<tr style="background-color:#dbe8f5;"><td style="padding:3px;"><b>นักเกษตร</b></td><td style="padding:3px;">4201</td></tr>
<tr style="background-color:#f0f5fa;"><td style="padding:3px;"><b>ศูนย์</b></td><td style="padding:3px;">K2-42</td></tr>
<tr style="background-color:#dbe8f5;"><td style="padding:3px;"><b>สถานที่ส่งอ้อย</b></td><td style="padding:3px;">รถตัด</td></tr>
<tr style="background-color:#f0f5fa;"><td style="padding:3px;"><b>ประเภทคิว</b></td><td style="padding:3px;">รถตัด</td></tr>
<tr style="background-color:#dbe8f5;"><td style="padding:3px;"><b>ประเภทรถ</b></td><td style="padding:3px;">10 ล้อเดี่ยว</td></tr>
<tr style="background-color:#f0f5fa;"><td style="padding:3px;"><b>ประเภทชาวไร่</b></td><td style="padding:3px;">รถตัด</td></tr>
<tr style="background-color:#dbe8f5;"><td style="padding:3px;"><b>สถานีขนถ่าย</b></td><td style="padding:3px;"></td></tr>
<tr style="background-color:#f0f5fa;"><td style="padding:3px;"><b>สถานะยืนยัน</b></td><td style="padding:3px;">N</td></tr>
<tr style="background-color:#dbe8f5;"><td style="padding:3px;"><b>โควตา</b></td><td style="padding:3px;">740288</td></tr>
<tr style="background-color:#f0f5fa;"><td style="padding:3px;"><b>ชาวไร่</b></td><td style="padding:3px;">นาง สุพิณ สุขแสงงาม</td></tr>
<tr style="background-color:#dbe8f5;"><td style="padding:3px;"><b>ประเภทอ้อย</b></td><td style="padding:3px;">ปลายฝน</td></tr>
<tr style="background-color:#f0f5fa;"><td style="padding:3px;"><b>พื้นที่</b></td><td style="padding:3px;">7.35</td></tr>
<tr style="background-color:#dbe8f5;"><td style="padding:3px;"><b>ปีผลิต</b></td><td style="padding:3px;">256970</td></tr>
<tr style="background-color:#f0f5fa;"><td style="padding:3px;"><b>ตันรวม</b></td><td style="padding:3px;">95.55</td></tr>
<tr style="background-color:#dbe8f5;"><td style="padding:3px;"><b>สถานที่ส่งอ้อย_1</b></td><td style="padding:3px;">รถตัด</td></tr>
</table>]]></description>
      <MultiGeometry><Polygon><outerBoundaryIs><LinearRing><coordinates>103.793318333182,14.7979016670673 103.793280000263,14.7977583329726 103.792736666408,14.7978900001146 103.792053333449,14.7980300000368 103.792061666709,14.79814166696 103.792139999833,14.7985316670216 103.792186666589,14.7988366665939 103.7926449997,14.7987300004076 103.792948332971,14.7986466666063 103.793333332754,14.7985699998406 103.793478332793,14.7985449999647 103.793360000141,14.798143333464 103.793305000109,14.7981600003086 103.793296666474,14.7982699997582 103.793186666678,14.7982933336055 103.793166666589,14.7979733335387 103.79332999939,14.7979549996701 103.793318333182,14.7979016670673</coordinates></LinearRing></outerBoundaryIs></Polygon></MultiGeometry>
    </Placemark>
    <Placemark>
      <name>320911111539</name>
      <styleUrl>#style_42_001</styleUrl>
      <description><![CDATA[<h3 style="margin-bottom:6px; font-family:sans-serif;">320911111539</h3>
<table style="width:100%; border-collapse:collapse; font-family:sans-serif; font-size:12px;">
<tr style="background-color:#99bfe6; color:#000; font-weight:bold;"><td colspan="2" style="padding:4px; text-align:center;">320911111539</td></tr>
<tr style="background-color:#f0f5fa;"><td style="padding:3px; width:45%;"><b>FID</b></td><td style="padding:3px;">2961</td></tr>
<tr style="background-color:#dbe8f5;"><td style="padding:3px;"><b>รหัสแปลง</b></td><td style="padding:3px;">320911111539</td></tr>
<tr style="background-color:#f0f5fa;"><td style="padding:3px;"><b>รหัสกลุ่มคิว</b></td><td style="padding:3px;">42_001</td></tr>
<tr style="background-color:#dbe8f5;"><td style="padding:3px;"><b>นักเกษตร</b></td><td style="padding:3px;">4201</td></tr>
<tr style="background-color:#f0f5fa;"><td style="padding:3px;"><b>ศูนย์</b></td><td style="padding:3px;">K2-42</td></tr>
<tr style="background-color:#dbe8f5;"><td style="padding:3px;"><b>สถานที่ส่งอ้อย</b></td><td style="padding:3px;">รถตัด</td></tr>
<tr style="background-color:#f0f5fa;"><td style="padding:3px;"><b>ประเภทคิว</b></td><td style="padding:3px;">รถตัด</td></tr>
<tr style="background-color:#dbe8f5;"><td style="padding:3px;"><b>ประเภทรถ</b></td><td style="padding:3px;">10 ล้อเดี่ยว</td></tr>
<tr style="background-color:#f0f5fa;"><td style="padding:3px;"><b>ประเภทชาวไร่</b></td><td style="padding:3px;">รถตัด</td></tr>
<tr style="background-color:#dbe8f5;"><td style="padding:3px;"><b>สถานีขนถ่าย</b></td><td style="padding:3px;"></td></tr>
<tr style="background-color:#f0f5fa;"><td style="padding:3px;"><b>สถานะยืนยัน</b></td><td style="padding:3px;">N</td></tr>
<tr style="background-color:#dbe8f5;"><td style="padding:3px;"><b>โควตา</b></td><td style="padding:3px;">741371</td></tr>
<tr style="background-color:#f0f5fa;"><td style="padding:3px;"><b>ชาวไร่</b></td><td style="padding:3px;">นาง เปียก สร้อยเพ็ช</td></tr>
<tr style="background-color:#dbe8f5;"><td style="padding:3px;"><b>ประเภทอ้อย</b></td><td style="padding:3px;">ปลายฝน</td></tr>
<tr style="background-color:#f0f5fa;"><td style="padding:3px;"><b>พื้นที่</b></td><td style="padding:3px;">51.95</td></tr>
<tr style="background-color:#dbe8f5;"><td style="padding:3px;"><b>ปีผลิต</b></td><td style="padding:3px;">256970</td></tr>
<tr style="background-color:#f0f5fa;"><td style="padding:3px;"><b>ตันรวม</b></td><td style="padding:3px;">675.35</td></tr>
<tr style="background-color:#dbe8f5;"><td style="padding:3px;"><b>สถานที่ส่งอ้อย_1</b></td><td style="padding:3px;">รถตัด</td></tr>
</table>]]></description>
      <MultiGeometry><Polygon><outerBoundaryIs><LinearRing><coordinates>103.874411940025,14.9052468300567 103.874659130012,14.9051822800079 103.875160839534,14.9050284496153 103.87538895965,14.9049895801715 103.875562719983,14.9049128903208 103.875746749573,14.9048758896252 103.875791369653,14.9048660401695 103.875798899429,14.9048567703341 103.87578231982,14.9045944796063 103.875686089648,14.904131200114 103.875619679565,14.9039653299115 103.875593500183,14.9038988003854 103.875610969943,14.903736960036 103.875623629338,14.9036695099307 103.87557738994,14.9034364799352 103.875556489746,14.9030514899642 103.875533609364,14.9027456704136 103.875374919575,14.9023883102422 103.875319270219,14.9021637796993 103.875292569524,14.9020995098469 103.875227590225,14.9018667198034 103.875185599524,14.9016058197973 103.875187787654,14.901573110958 103.875170199891,14.9015813803765 103.874997879499,14.9015926303407 103.874995739931,14.9016017301771 103.87499650942,14.9016352700004 103.874982410214,14.9016724697995 103.874965109627,14.9016994300125 103.874957459908,14.901702970255 103.874396599693,14.9016638529475 103.874391359425,14.9018478698292 103.874366499542,14.9018502900044 103.874278069466,14.9018450901613 103.874241320175,14.9017118399092 103.874253240259,14.9016395702177 103.874118819979,14.9016006195682 103.87396960019,14.9015785895274 103.87387174003,14.9013246997848 103.873626969697,14.9013645003545 103.873343440088,14.901414330061 103.873302600223,14.9014062701204 103.87295927997,14.9015052996283 103.872921189926,14.9015499399154 103.873052689766,14.9020405597618 103.873141049332,14.9024498397629 103.873205519531,14.9027795299285 103.873223550098,14.9029585003013 103.873257270075,14.9030751301054 103.873292942718,14.9032228230929 103.873414959852,14.9031849298313 103.873687940206,14.9031502395756 103.873734419913,14.9031788399119 103.874003410076,14.9055846099968 103.874083498319,14.9055771893544 103.874137090078,14.9053409801337 103.874240630017,14.9049458003175 103.874312779828,14.904351490126 103.874361840008,14.9032644300643 103.874387679524,14.9025492302204 103.874391707864,14.9025104985408 103.873820009647,14.9024783602713 103.873820119543,14.9023168700978 103.874409808599,14.9023364764897 103.874421079441,14.9022281101701 103.874424669758,14.9018199219712 103.874476819976,14.9017479100428 103.874495210142,14.9031054800511 103.874424350224,14.9031373500023 103.874392539833,14.9036221599481 103.874375290211,14.9044026496807 103.874329089447,14.9048904903071 103.874232319376,14.9051995197409 103.874241649819,14.9052136996496 103.874248740244,14.9052269395432 103.874265659682,14.9052559998434 103.874411940025,14.9052468300567</coordinates></LinearRing></outerBoundaryIs></Polygon></MultiGeometry>
    </Placemark>
    <Placemark>
      <name>320915011538</name>
      <styleUrl>#style_42_001</styleUrl>
      <description><![CDATA[<h3 style="margin-bottom:6px; font-family:sans-serif;">320915011538</h3>
<table style="width:100%; border-collapse:collapse; font-family:sans-serif; font-size:12px;">
<tr style="background-color:#99bfe6; color:#000; font-weight:bold;"><td colspan="2" style="padding:4px; text-align:center;">320915011538</td></tr>
<tr style="background-color:#f0f5fa;"><td style="padding:3px; width:45%;"><b>FID</b></td><td style="padding:3px;">2962</td></tr>
<tr style="background-color:#dbe8f5;"><td style="padding:3px;"><b>รหัสแปลง</b></td><td style="padding:3px;">320915011538</td></tr>
<tr style="background-color:#f0f5fa;"><td style="padding:3px;"><b>รหัสกลุ่มคิว</b></td><td style="padding:3px;">42_001</td></tr>
<tr style="background-color:#dbe8f5;"><td style="padding:3px;"><b>นักเกษตร</b></td><td style="padding:3px;">4201</td></tr>
<tr style="background-color:#f0f5fa;"><td style="padding:3px;"><b>ศูนย์</b></td><td style="padding:3px;">K2-42</td></tr>
<tr style="background-color:#dbe8f5;"><td style="padding:3px;"><b>สถานที่ส่งอ้อย</b></td><td style="padding:3px;">รถตัด</td></tr>
<tr style="background-color:#f0f5fa;"><td style="padding:3px;"><b>ประเภทคิว</b></td><td style="padding:3px;">รถตัด</td></tr>
<tr style="background-color:#dbe8f5;"><td style="padding:3px;"><b>ประเภทรถ</b></td><td style="padding:3px;">10 ล้อเดี่ยว</td></tr>
<tr style="background-color:#f0f5fa;"><td style="padding:3px;"><b>ประเภทชาวไร่</b></td><td style="padding:3px;">รถตัด</td></tr>
<tr style="background-color:#dbe8f5;"><td style="padding:3px;"><b>สถานีขนถ่าย</b></td><td style="padding:3px;"></td></tr>
<tr style="background-color:#f0f5fa;"><td style="padding:3px;"><b>สถานะยืนยัน</b></td><td style="padding:3px;">N</td></tr>
<tr style="background-color:#dbe8f5;"><td style="padding:3px;"><b>โควตา</b></td><td style="padding:3px;">742292</td></tr>
<tr style="background-color:#f0f5fa;"><td style="padding:3px;"><b>ชาวไร่</b></td><td style="padding:3px;">นาง มล ศิลานิล</td></tr>
<tr style="background-color:#dbe8f5;"><td style="padding:3px;"><b>ประเภทอ้อย</b></td><td style="padding:3px;">ตอ1</td></tr>
<tr style="background-color:#f0f5fa;"><td style="padding:3px;"><b>พื้นที่</b></td><td style="padding:3px;">6.67</td></tr>
<tr style="background-color:#dbe8f5;"><td style="padding:3px;"><b>ปีผลิต</b></td><td style="padding:3px;">256970</td></tr>
<tr style="background-color:#f0f5fa;"><td style="padding:3px;"><b>ตันรวม</b></td><td style="padding:3px;">60.03</td></tr>
<tr style="background-color:#dbe8f5;"><td style="padding:3px;"><b>สถานที่ส่งอ้อย_1</b></td><td style="padding:3px;">รถตัด</td></tr>
</table>]]></description>
      <MultiGeometry><Polygon><outerBoundaryIs><LinearRing><coordinates>103.844004569641,14.8809640500362 103.84557794977,14.880691819972 103.845438109662,14.8801232301414 103.845327010188,14.8801608298459 103.845275920221,14.880167779935 103.844618770241,14.8802512595615 103.844618919486,14.8802594601258 103.844658769507,14.8804265702451 103.844391830188,14.8804469997882 103.84435984963,14.8804452098685 103.844333399396,14.880432629562 103.844309880065,14.8803616003254 103.844308009978,14.880357049537 103.84430560023,14.8803523199955 103.844280589671,14.8802778901263 103.843876690083,14.8803347098922 103.843866919391,14.880338149698 103.843954239828,14.8806255600534 103.843997180198,14.8808886198283 103.844000999399,14.8809633703094 103.844004569641,14.8809640500362</coordinates></LinearRing></outerBoundaryIs></Polygon></MultiGeometry>
    </Placemark>
    <Placemark>
      <name>321501020093</name>
      <styleUrl>#style_42_001</styleUrl>
      <description><![CDATA[<h3 style="margin-bottom:6px; font-family:sans-serif;">321501020093</h3>
<table style="width:100%; border-collapse:collapse; font-family:sans-serif; font-size:12px;">
<tr style="background-color:#99bfe6; color:#000; font-weight:bold;"><td colspan="2" style="padding:4px; text-align:center;">321501020093</td></tr>
<tr style="background-color:#f0f5fa;"><td style="padding:3px; width:45%;"><b>FID</b></td><td style="padding:3px;">3691</td></tr>
<tr style="background-color:#dbe8f5;"><td style="padding:3px;"><b>รหัสแปลง</b></td><td style="padding:3px;">321501020093</td></tr>
<tr style="background-color:#f0f5fa;"><td style="padding:3px;"><b>รหัสกลุ่มคิว</b></td><td style="padding:3px;">42_001</td></tr>
<tr style="background-color:#dbe8f5;"><td style="padding:3px;"><b>นักเกษตร</b></td><td style="padding:3px;">4201</td></tr>
<tr style="background-color:#f0f5fa;"><td style="padding:3px;"><b>ศูนย์</b></td><td style="padding:3px;">K2-42</td></tr>
<tr style="background-color:#dbe8f5;"><td style="padding:3px;"><b>สถานที่ส่งอ้อย</b></td><td style="padding:3px;">รถตัด</td></tr>
<tr style="background-color:#f0f5fa;"><td style="padding:3px;"><b>ประเภทคิว</b></td><td style="padding:3px;">รถตัด</td></tr>
<tr style="background-color:#dbe8f5;"><td style="padding:3px;"><b>ประเภทรถ</b></td><td style="padding:3px;">10 ล้อเดี่ยว</td></tr>
<tr style="background-color:#f0f5fa;"><td style="padding:3px;"><b>ประเภทชาวไร่</b></td><td style="padding:3px;">รถตัด</td></tr>
<tr style="background-color:#dbe8f5;"><td style="padding:3px;"><b>สถานีขนถ่าย</b></td><td style="padding:3px;"></td></tr>
<tr style="background-color:#f0f5fa;"><td style="padding:3px;"><b>สถานะยืนยัน</b></td><td style="padding:3px;">N</td></tr>
<tr style="background-color:#dbe8f5;"><td style="padding:3px;"><b>โควตา</b></td><td style="padding:3px;">743424</td></tr>
<tr style="background-color:#f0f5fa;"><td style="padding:3px;"><b>ชาวไร่</b></td><td style="padding:3px;">นาย เสถียร จอกทอง</td></tr>
<tr style="background-color:#dbe8f5;"><td style="padding:3px;"><b>ประเภทอ้อย</b></td><td style="padding:3px;">ตอ1</td></tr>
<tr style="background-color:#f0f5fa;"><td style="padding:3px;"><b>พื้นที่</b></td><td style="padding:3px;">6.75</td></tr>
<tr style="background-color:#dbe8f5;"><td style="padding:3px;"><b>ปีผลิต</b></td><td style="padding:3px;">256970</td></tr>
<tr style="background-color:#f0f5fa;"><td style="padding:3px;"><b>ตันรวม</b></td><td style="padding:3px;">60.75</td></tr>
<tr style="background-color:#dbe8f5;"><td style="padding:3px;"><b>สถานที่ส่งอ้อย_1</b></td><td style="padding:3px;">รถตัด</td></tr>
</table>]]></description>
      <MultiGeometry><Polygon><outerBoundaryIs><LinearRing><coordinates>103.8793514762,14.7765518584196 103.879155842696,14.7747337395321 103.878656700489,14.7748042731699 103.878863397334,14.7765925948466 103.8793514762,14.7765518584196</coordinates></LinearRing></outerBoundaryIs></Polygon></MultiGeometry>
    </Placemark>
    <Placemark>
      <name>321501031506</name>
      <styleUrl>#style_42_001</styleUrl>
      <description><![CDATA[<h3 style="margin-bottom:6px; font-family:sans-serif;">321501031506</h3>
<table style="width:100%; border-collapse:collapse; font-family:sans-serif; font-size:12px;">
<tr style="background-color:#99bfe6; color:#000; font-weight:bold;"><td colspan="2" style="padding:4px; text-align:center;">321501031506</td></tr>
<tr style="background-color:#f0f5fa;"><td style="padding:3px; width:45%;"><b>FID</b></td><td style="padding:3px;">3692</td></tr>
<tr style="background-color:#dbe8f5;"><td style="padding:3px;"><b>รหัสแปลง</b></td><td style="padding:3px;">321501031506</td></tr>
<tr style="background-color:#f0f5fa;"><td style="padding:3px;"><b>รหัสกลุ่มคิว</b></td><td style="padding:3px;">42_001</td></tr>
<tr style="background-color:#dbe8f5;"><td style="padding:3px;"><b>นักเกษตร</b></td><td style="padding:3px;">4201</td></tr>
<tr style="background-color:#f0f5fa;"><td style="padding:3px;"><b>ศูนย์</b></td><td style="padding:3px;">K2-42</td></tr>
<tr style="background-color:#dbe8f5;"><td style="padding:3px;"><b>สถานที่ส่งอ้อย</b></td><td style="padding:3px;">รถตัด</td></tr>
<tr style="background-color:#f0f5fa;"><td style="padding:3px;"><b>ประเภทคิว</b></td><td style="padding:3px;">รถตัด</td></tr>
<tr style="background-color:#dbe8f5;"><td style="padding:3px;"><b>ประเภทรถ</b></td><td style="padding:3px;">10 ล้อเดี่ยว</td></tr>
<tr style="background-color:#f0f5fa;"><td style="padding:3px;"><b>ประเภทชาวไร่</b></td><td style="padding:3px;">รถตัด</td></tr>
<tr style="background-color:#dbe8f5;"><td style="padding:3px;"><b>สถานีขนถ่าย</b></td><td style="padding:3px;"></td></tr>
<tr style="background-color:#f0f5fa;"><td style="padding:3px;"><b>สถานะยืนยัน</b></td><td style="padding:3px;">N</td></tr>
<tr style="background-color:#dbe8f5;"><td style="padding:3px;"><b>โควตา</b></td><td style="padding:3px;">742560</td></tr>
<tr style="background-color:#f0f5fa;"><td style="padding:3px;"><b>ชาวไร่</b></td><td style="padding:3px;">น.ส. สำเนียง นุราฤทธิ์</td></tr>
<tr style="background-color:#dbe8f5;"><td style="padding:3px;"><b>ประเภทอ้อย</b></td><td style="padding:3px;">ตอ1</td></tr>
<tr style="background-color:#f0f5fa;"><td style="padding:3px;"><b>พื้นที่</b></td><td style="padding:3px;">4.71</td></tr>
<tr style="background-color:#dbe8f5;"><td style="padding:3px;"><b>ปีผลิต</b></td><td style="padding:3px;">256970</td></tr>
<tr style="background-color:#f0f5fa;"><td style="padding:3px;"><b>ตันรวม</b></td><td style="padding:3px;">42.39</td></tr>
<tr style="background-color:#dbe8f5;"><td style="padding:3px;"><b>สถานที่ส่งอ้อย_1</b></td><td style="padding:3px;">รถตัด</td></tr>
</table>]]></description>
      <MultiGeometry><Polygon><outerBoundaryIs><LinearRing><coordinates>103.884282047011,14.7973717931144 103.884135195822,14.7968661551603 103.883391888767,14.7970667337474 103.882919316891,14.797297152253 103.883064910724,14.7976739606787 103.884282047011,14.7973717931144</coordinates></LinearRing></outerBoundaryIs></Polygon></MultiGeometry>
    </Placemark>
    <Placemark>
      <name>321503010055</name>
      <styleUrl>#style_42_001</styleUrl>
      <description><![CDATA[<h3 style="margin-bottom:6px; font-family:sans-serif;">321503010055</h3>
<table style="width:100%; border-collapse:collapse; font-family:sans-serif; font-size:12px;">
<tr style="background-color:#99bfe6; color:#000; font-weight:bold;"><td colspan="2" style="padding:4px; text-align:center;">321503010055</td></tr>
<tr style="background-color:#f0f5fa;"><td style="padding:3px; width:45%;"><b>FID</b></td><td style="padding:3px;">3693</td></tr>
<tr style="background-color:#dbe8f5;"><td style="padding:3px;"><b>รหัสแปลง</b></td><td style="padding:3px;">321503010055</td></tr>
<tr style="background-color:#f0f5fa;"><td style="padding:3px;"><b>รหัสกลุ่มคิว</b></td><td style="padding:3px;">42_001</td></tr>
<tr style="background-color:#dbe8f5;"><td style="padding:3px;"><b>นักเกษตร</b></td><td style="padding:3px;">4201</td></tr>
<tr style="background-color:#f0f5fa;"><td style="padding:3px;"><b>ศูนย์</b></td><td style="padding:3px;">K2-42</td></tr>
<tr style="background-color:#dbe8f5;"><td style="padding:3px;"><b>สถานที่ส่งอ้อย</b></td><td style="padding:3px;">รถตัด</td></tr>
<tr style="background-color:#f0f5fa;"><td style="padding:3px;"><b>ประเภทคิว</b></td><td style="padding:3px;">รถตัด</td></tr>
<tr style="background-color:#dbe8f5;"><td style="padding:3px;"><b>ประเภทรถ</b></td><td style="padding:3px;">10 ล้อเดี่ยว</td></tr>
<tr style="background-color:#f0f5fa;"><td style="padding:3px;"><b>ประเภทชาวไร่</b></td><td style="padding:3px;">รถตัด</td></tr>
<tr style="background-color:#dbe8f5;"><td style="padding:3px;"><b>สถานีขนถ่าย</b></td><td style="padding:3px;"></td></tr>
<tr style="background-color:#f0f5fa;"><td style="padding:3px;"><b>สถานะยืนยัน</b></td><td style="padding:3px;">N</td></tr>
<tr style="background-color:#dbe8f5;"><td style="padding:3px;"><b>โควตา</b></td><td style="padding:3px;">742563</td></tr>
<tr style="background-color:#f0f5fa;"><td style="padding:3px;"><b>ชาวไร่</b></td><td style="padding:3px;">นาย สมร ตาเลิศ</td></tr>
<tr style="background-color:#dbe8f5;"><td style="padding:3px;"><b>ประเภทอ้อย</b></td><td style="padding:3px;">ตอ1</td></tr>
<tr style="background-color:#f0f5fa;"><td style="padding:3px;"><b>พื้นที่</b></td><td style="padding:3px;">3.16</td></tr>
<tr style="background-color:#dbe8f5;"><td style="padding:3px;"><b>ปีผลิต</b></td><td style="padding:3px;">256970</td></tr>
<tr style="background-color:#f0f5fa;"><td style="padding:3px;"><b>ตันรวม</b></td><td style="padding:3px;">28.44</td></tr>
<tr style="background-color:#dbe8f5;"><td style="padding:3px;"><b>สถานที่ส่งอ้อย_1</b></td><td style="padding:3px;">รถตัด</td></tr>
</table>]]></description>
      <MultiGeometry><Polygon><outerBoundaryIs><LinearRing><coordinates>103.841296666383,14.8011150003321 103.841411666106,14.8020699998783 103.841793332765,14.8020333337378 103.841794999369,14.8012949999611 103.841781666245,14.8010750001854 103.841296666383,14.8011150003321</coordinates></LinearRing></outerBoundaryIs></Polygon></MultiGeometry>
    </Placemark>
    <Placemark>
      <name>321503010066</name>
      <styleUrl>#style_42_001</styleUrl>
      <description><![CDATA[<h3 style="margin-bottom:6px; font-family:sans-serif;">321503010066</h3>
<table style="width:100%; border-collapse:collapse; font-family:sans-serif; font-size:12px;">
<tr style="background-color:#99bfe6; color:#000; font-weight:bold;"><td colspan="2" style="padding:4px; text-align:center;">321503010066</td></tr>
<tr style="background-color:#f0f5fa;"><td style="padding:3px; width:45%;"><b>FID</b></td><td style="padding:3px;">3694</td></tr>
<tr style="background-color:#dbe8f5;"><td style="padding:3px;"><b>รหัสแปลง</b></td><td style="padding:3px;">321503010066</td></tr>
<tr style="background-color:#f0f5fa;"><td style="padding:3px;"><b>รหัสกลุ่มคิว</b></td><td style="padding:3px;">42_001</td></tr>
<tr style="background-color:#dbe8f5;"><td style="padding:3px;"><b>นักเกษตร</b></td><td style="padding:3px;">4201</td></tr>
<tr style="background-color:#f0f5fa;"><td style="padding:3px;"><b>ศูนย์</b></td><td style="padding:3px;">K2-42</td></tr>
<tr style="background-color:#dbe8f5;"><td style="padding:3px;"><b>สถานที่ส่งอ้อย</b></td><td style="padding:3px;">รถตัด</td></tr>
<tr style="background-color:#f0f5fa;"><td style="padding:3px;"><b>ประเภทคิว</b></td><td style="padding:3px;">รถตัด</td></tr>
<tr style="background-color:#dbe8f5;"><td style="padding:3px;"><b>ประเภทรถ</b></td><td style="padding:3px;">10 ล้อเดี่ยว</td></tr>
<tr style="background-color:#f0f5fa;"><td style="padding:3px;"><b>ประเภทชาวไร่</b></td><td style="padding:3px;">รถตัด</td></tr>
<tr style="background-color:#dbe8f5;"><td style="padding:3px;"><b>สถานีขนถ่าย</b></td><td style="padding:3px;"></td></tr>
<tr style="background-color:#f0f5fa;"><td style="padding:3px;"><b>สถานะยืนยัน</b></td><td style="padding:3px;">N</td></tr>
<tr style="background-color:#dbe8f5;"><td style="padding:3px;"><b>โควตา</b></td><td style="padding:3px;">743149</td></tr>
<tr style="background-color:#f0f5fa;"><td style="padding:3px;"><b>ชาวไร่</b></td><td style="padding:3px;">นาย ธนชาติ บุญเสก</td></tr>
<tr style="background-color:#dbe8f5;"><td style="padding:3px;"><b>ประเภทอ้อย</b></td><td style="padding:3px;">ปลายฝน</td></tr>
<tr style="background-color:#f0f5fa;"><td style="padding:3px;"><b>พื้นที่</b></td><td style="padding:3px;">6.21</td></tr>
<tr style="background-color:#dbe8f5;"><td style="padding:3px;"><b>ปีผลิต</b></td><td style="padding:3px;">256970</td></tr>
<tr style="background-color:#f0f5fa;"><td style="padding:3px;"><b>ตันรวม</b></td><td style="padding:3px;">80.73</td></tr>
<tr style="background-color:#dbe8f5;"><td style="padding:3px;"><b>สถานที่ส่งอ้อย_1</b></td><td style="padding:3px;">รถตัด</td></tr>
</table>]]></description>
      <MultiGeometry><Polygon><outerBoundaryIs><LinearRing><coordinates>103.886881666372,14.8179199997261 103.886921666203,14.8183233331943 103.88889166602,14.8181249997195 103.888844999642,14.817694999728 103.886881666372,14.8179199997261</coordinates></LinearRing></outerBoundaryIs></Polygon></MultiGeometry>
    </Placemark>
    <Placemark>
      <name>321503010155</name>
      <styleUrl>#style_42_001</styleUrl>
      <description><![CDATA[<h3 style="margin-bottom:6px; font-family:sans-serif;">321503010155</h3>
<table style="width:100%; border-collapse:collapse; font-family:sans-serif; font-size:12px;">
<tr style="background-color:#99bfe6; color:#000; font-weight:bold;"><td colspan="2" style="padding:4px; text-align:center;">321503010155</td></tr>
<tr style="background-color:#f0f5fa;"><td style="padding:3px; width:45%;"><b>FID</b></td><td style="padding:3px;">3695</td></tr>
<tr style="background-color:#dbe8f5;"><td style="padding:3px;"><b>รหัสแปลง</b></td><td style="padding:3px;">321503010155</td></tr>
<tr style="background-color:#f0f5fa;"><td style="padding:3px;"><b>รหัสกลุ่มคิว</b></td><td style="padding:3px;">42_001</td></tr>
<tr style="background-color:#dbe8f5;"><td style="padding:3px;"><b>นักเกษตร</b></td><td style="padding:3px;">4201</td></tr>
<tr style="background-color:#f0f5fa;"><td style="padding:3px;"><b>ศูนย์</b></td><td style="padding:3px;">K2-42</td></tr>
<tr style="background-color:#dbe8f5;"><td style="padding:3px;"><b>สถานที่ส่งอ้อย</b></td><td style="padding:3px;">รถตัด</td></tr>
<tr style="background-color:#f0f5fa;"><td style="padding:3px;"><b>ประเภทคิว</b></td><td style="padding:3px;">รถตัด</td></tr>
<tr style="background-color:#dbe8f5;"><td style="padding:3px;"><b>ประเภทรถ</b></td><td style="padding:3px;">10 ล้อเดี่ยว</td></tr>
<tr style="background-color:#f0f5fa;"><td style="padding:3px;"><b>ประเภทชาวไร่</b></td><td style="padding:3px;">รถตัด</td></tr>
<tr style="background-color:#dbe8f5;"><td style="padding:3px;"><b>สถานีขนถ่าย</b></td><td style="padding:3px;"></td></tr>
<tr style="background-color:#f0f5fa;"><td style="padding:3px;"><b>สถานะยืนยัน</b></td><td style="padding:3px;">N</td></tr>
<tr style="background-color:#dbe8f5;"><td style="padding:3px;"><b>โควตา</b></td><td style="padding:3px;">742563</td></tr>
<tr style="background-color:#f0f5fa;"><td style="padding:3px;"><b>ชาวไร่</b></td><td style="padding:3px;">นาย สมร ตาเลิศ</td></tr>
<tr style="background-color:#dbe8f5;"><td style="padding:3px;"><b>ประเภทอ้อย</b></td><td style="padding:3px;">ตอ1</td></tr>
<tr style="background-color:#f0f5fa;"><td style="padding:3px;"><b>พื้นที่</b></td><td style="padding:3px;">5.7</td></tr>
<tr style="background-color:#dbe8f5;"><td style="padding:3px;"><b>ปีผลิต</b></td><td style="padding:3px;">256970</td></tr>
<tr style="background-color:#f0f5fa;"><td style="padding:3px;"><b>ตันรวม</b></td><td style="padding:3px;">51.3</td></tr>
<tr style="background-color:#dbe8f5;"><td style="padding:3px;"><b>สถานที่ส่งอ้อย_1</b></td><td style="padding:3px;">รถตัด</td></tr>
</table>]]></description>
      <MultiGeometry><Polygon><outerBoundaryIs><LinearRing><coordinates>103.841282359464,14.8011777996501 103.84126075009,14.8011703500342 103.841249849529,14.8009348196673 103.840859669378,14.8009066498545 103.841089280224,14.8025087598563 103.84177475962,14.802521579594 103.841769590196,14.802051850034 103.841419200192,14.802081099588 103.841282359464,14.8011777996501</coordinates></LinearRing></outerBoundaryIs></Polygon></MultiGeometry>
    </Placemark>
    <Placemark>
      <name>321503011560</name>
      <styleUrl>#style_42_001</styleUrl>
      <description><![CDATA[<h3 style="margin-bottom:6px; font-family:sans-serif;">321503011560</h3>
<table style="width:100%; border-collapse:collapse; font-family:sans-serif; font-size:12px;">
<tr style="background-color:#99bfe6; color:#000; font-weight:bold;"><td colspan="2" style="padding:4px; text-align:center;">321503011560</td></tr>
<tr style="background-color:#f0f5fa;"><td style="padding:3px; width:45%;"><b>FID</b></td><td style="padding:3px;">3696</td></tr>
<tr style="background-color:#dbe8f5;"><td style="padding:3px;"><b>รหัสแปลง</b></td><td style="padding:3px;">321503011560</td></tr>
<tr style="background-color:#f0f5fa;"><td style="padding:3px;"><b>รหัสกลุ่มคิว</b></td><td style="padding:3px;">42_001</td></tr>
<tr style="background-color:#dbe8f5;"><td style="padding:3px;"><b>นักเกษตร</b></td><td style="padding:3px;">4201</td></tr>
<tr style="background-color:#f0f5fa;"><td style="padding:3px;"><b>ศูนย์</b></td><td style="padding:3px;">K2-42</td></tr>
<tr style="background-color:#dbe8f5;"><td style="padding:3px;"><b>สถานที่ส่งอ้อย</b></td><td style="padding:3px;">รถตัด</td></tr>
<tr style="background-color:#f0f5fa;"><td style="padding:3px;"><b>ประเภทคิว</b></td><td style="padding:3px;">รถตัด</td></tr>
<tr style="background-color:#dbe8f5;"><td style="padding:3px;"><b>ประเภทรถ</b></td><td style="padding:3px;">10 ล้อเดี่ยว</td></tr>
<tr style="background-color:#f0f5fa;"><td style="padding:3px;"><b>ประเภทชาวไร่</b></td><td style="padding:3px;">รถตัด</td></tr>
<tr style="background-color:#dbe8f5;"><td style="padding:3px;"><b>สถานีขนถ่าย</b></td><td style="padding:3px;"></td></tr>
<tr style="background-color:#f0f5fa;"><td style="padding:3px;"><b>สถานะยืนยัน</b></td><td style="padding:3px;">N</td></tr>
<tr style="background-color:#dbe8f5;"><td style="padding:3px;"><b>โควตา</b></td><td style="padding:3px;">741203</td></tr>
<tr style="background-color:#f0f5fa;"><td style="padding:3px;"><b>ชาวไร่</b></td><td style="padding:3px;">นาง มาริสา บุญศรี</td></tr>
<tr style="background-color:#dbe8f5;"><td style="padding:3px;"><b>ประเภทอ้อย</b></td><td style="padding:3px;">ตอ6</td></tr>
<tr style="background-color:#f0f5fa;"><td style="padding:3px;"><b>พื้นที่</b></td><td style="padding:3px;">8.59</td></tr>
<tr style="background-color:#dbe8f5;"><td style="padding:3px;"><b>ปีผลิต</b></td><td style="padding:3px;">256970</td></tr>
<tr style="background-color:#f0f5fa;"><td style="padding:3px;"><b>ตันรวม</b></td><td style="padding:3px;">60.13</td></tr>
<tr style="background-color:#dbe8f5;"><td style="padding:3px;"><b>สถานที่ส่งอ้อย_1</b></td><td style="padding:3px;">รถตัด</td></tr>
</table>]]></description>
      <MultiGeometry><Polygon><outerBoundaryIs><LinearRing><coordinates>103.841881666112,14.8136033336564 103.838259999798,14.813853333185 103.838289999813,14.8142350004155 103.838858333038,14.8142099998757 103.841888333262,14.8138116663524 103.841881666112,14.8136033336564</coordinates></LinearRing></outerBoundaryIs></Polygon></MultiGeometry>
    </Placemark>
    <Placemark>
      <name>321503050245</name>
      <styleUrl>#style_42_001</styleUrl>
      <description><![CDATA[<h3 style="margin-bottom:6px; font-family:sans-serif;">321503050245</h3>
<table style="width:100%; border-collapse:collapse; font-family:sans-serif; font-size:12px;">
<tr style="background-color:#99bfe6; color:#000; font-weight:bold;"><td colspan="2" style="padding:4px; text-align:center;">321503050245</td></tr>
<tr style="background-color:#f0f5fa;"><td style="padding:3px; width:45%;"><b>FID</b></td><td style="padding:3px;">3697</td></tr>
<tr style="background-color:#dbe8f5;"><td style="padding:3px;"><b>รหัสแปลง</b></td><td style="padding:3px;">321503050245</td></tr>
<tr style="background-color:#f0f5fa;"><td style="padding:3px;"><b>รหัสกลุ่มคิว</b></td><td style="padding:3px;">42_001</td></tr>
<tr style="background-color:#dbe8f5;"><td style="padding:3px;"><b>นักเกษตร</b></td><td style="padding:3px;">4201</td></tr>
<tr style="background-color:#f0f5fa;"><td style="padding:3px;"><b>ศูนย์</b></td><td style="padding:3px;">K2-42</td></tr>
<tr style="background-color:#dbe8f5;"><td style="padding:3px;"><b>สถานที่ส่งอ้อย</b></td><td style="padding:3px;">รถตัด</td></tr>
<tr style="background-color:#f0f5fa;"><td style="padding:3px;"><b>ประเภทคิว</b></td><td style="padding:3px;">รถตัด</td></tr>
<tr style="background-color:#dbe8f5;"><td style="padding:3px;"><b>ประเภทรถ</b></td><td style="padding:3px;">10 ล้อเดี่ยว</td></tr>
<tr style="background-color:#f0f5fa;"><td style="padding:3px;"><b>ประเภทชาวไร่</b></td><td style="padding:3px;">รถตัด</td></tr>
<tr style="background-color:#dbe8f5;"><td style="padding:3px;"><b>สถานีขนถ่าย</b></td><td style="padding:3px;"></td></tr>
<tr style="background-color:#f0f5fa;"><td style="padding:3px;"><b>สถานะยืนยัน</b></td><td style="padding:3px;">N</td></tr>
<tr style="background-color:#dbe8f5;"><td style="padding:3px;"><b>โควตา</b></td><td style="padding:3px;">743023</td></tr>
<tr style="background-color:#f0f5fa;"><td style="padding:3px;"><b>ชาวไร่</b></td><td style="padding:3px;">นาย ไนย์ คำพา</td></tr>
<tr style="background-color:#dbe8f5;"><td style="padding:3px;"><b>ประเภทอ้อย</b></td><td style="padding:3px;">ตอ1</td></tr>
<tr style="background-color:#f0f5fa;"><td style="padding:3px;"><b>พื้นที่</b></td><td style="padding:3px;">6.09</td></tr>
<tr style="background-color:#dbe8f5;"><td style="padding:3px;"><b>ปีผลิต</b></td><td style="padding:3px;">256970</td></tr>
<tr style="background-color:#f0f5fa;"><td style="padding:3px;"><b>ตันรวม</b></td><td style="padding:3px;">54.81</td></tr>
<tr style="background-color:#dbe8f5;"><td style="padding:3px;"><b>สถานที่ส่งอ้อย_1</b></td><td style="padding:3px;">รถตัด</td></tr>
</table>]]></description>
      <MultiGeometry><Polygon><outerBoundaryIs><LinearRing><coordinates>103.865843590205,14.8015204798052 103.865858910117,14.801602460257 103.865880120062,14.8017122902123 103.865917880078,14.8019219101288 103.865916949709,14.8019262902418 103.865958529483,14.8019288100326 103.866104489494,14.801919709754 103.866198530183,14.8018938301866 103.866257819858,14.8018779196755 103.86644576954,14.8018538795427 103.866673629846,14.801816629862 103.866915600169,14.8017985797523 103.86698242936,14.8017817902751 103.867991239592,14.8016360203697 103.868013969883,14.8016245299922 103.868022199936,14.8016191896037 103.868018399626,14.8015871996521 103.868009169986,14.8014969799901 103.868002070169,14.8014393201037 103.867974229408,14.801292179936 103.865843590205,14.8015204798052</coordinates></LinearRing></outerBoundaryIs></Polygon></MultiGeometry>
    </Placemark>
    <Placemark>
      <name>321503050269</name>
      <styleUrl>#style_42_001</styleUrl>
      <description><![CDATA[<h3 style="margin-bottom:6px; font-family:sans-serif;">321503050269</h3>
<table style="width:100%; border-collapse:collapse; font-family:sans-serif; font-size:12px;">
<tr style="background-color:#99bfe6; color:#000; font-weight:bold;"><td colspan="2" style="padding:4px; text-align:center;">321503050269</td></tr>
<tr style="background-color:#f0f5fa;"><td style="padding:3px; width:45%;"><b>FID</b></td><td style="padding:3px;">3698</td></tr>
<tr style="background-color:#dbe8f5;"><td style="padding:3px;"><b>รหัสแปลง</b></td><td style="padding:3px;">321503050269</td></tr>
<tr style="background-color:#f0f5fa;"><td style="padding:3px;"><b>รหัสกลุ่มคิว</b></td><td style="padding:3px;">42_001</td></tr>
<tr style="background-color:#dbe8f5;"><td style="padding:3px;"><b>นักเกษตร</b></td><td style="padding:3px;">4201</td></tr>
<tr style="background-color:#f0f5fa;"><td style="padding:3px;"><b>ศูนย์</b></td><td style="padding:3px;">K2-42</td></tr>
<tr style="background-color:#dbe8f5;"><td style="padding:3px;"><b>สถานที่ส่งอ้อย</b></td><td style="padding:3px;">รถตัด</td></tr>
<tr style="background-color:#f0f5fa;"><td style="padding:3px;"><b>ประเภทคิว</b></td><td style="padding:3px;">รถตัด</td></tr>
<tr style="background-color:#dbe8f5;"><td style="padding:3px;"><b>ประเภทรถ</b></td><td style="padding:3px;">10 ล้อเดี่ยว</td></tr>
<tr style="background-color:#f0f5fa;"><td style="padding:3px;"><b>ประเภทชาวไร่</b></td><td style="padding:3px;">รถตัด</td></tr>
<tr style="background-color:#dbe8f5;"><td style="padding:3px;"><b>สถานีขนถ่าย</b></td><td style="padding:3px;"></td></tr>
<tr style="background-color:#f0f5fa;"><td style="padding:3px;"><b>สถานะยืนยัน</b></td><td style="padding:3px;">N</td></tr>
<tr style="background-color:#dbe8f5;"><td style="padding:3px;"><b>โควตา</b></td><td style="padding:3px;">741510</td></tr>
<tr style="background-color:#f0f5fa;"><td style="padding:3px;"><b>ชาวไร่</b></td><td style="padding:3px;">นาง สา นามเงี้ยว</td></tr>
<tr style="background-color:#dbe8f5;"><td style="padding:3px;"><b>ประเภทอ้อย</b></td><td style="padding:3px;">ตอ1</td></tr>
<tr style="background-color:#f0f5fa;"><td style="padding:3px;"><b>พื้นที่</b></td><td style="padding:3px;">7.88</td></tr>
<tr style="background-color:#dbe8f5;"><td style="padding:3px;"><b>ปีผลิต</b></td><td style="padding:3px;">256970</td></tr>
<tr style="background-color:#f0f5fa;"><td style="padding:3px;"><b>ตันรวม</b></td><td style="padding:3px;">70.92</td></tr>
<tr style="background-color:#dbe8f5;"><td style="padding:3px;"><b>สถานที่ส่งอ้อย_1</b></td><td style="padding:3px;">รถตัด</td></tr>
</table>]]></description>
      <MultiGeometry><Polygon><outerBoundaryIs><LinearRing><coordinates>103.86031587007,14.8249634898381 103.861727409691,14.824827420308 103.861561649653,14.8238919201404 103.86108008013,14.8239564498583 103.861077819917,14.8239749002836 103.861041169905,14.824051319737 103.860995509962,14.824086700306 103.860988439719,14.8241403299402 103.860982809864,14.8242013602384 103.860671320082,14.8241480699928 103.860621320188,14.82407246978 103.860602479395,14.8240532203914 103.860590029578,14.8240484303591 103.860567209821,14.824056989848 103.860554230174,14.8240770596662 103.860534759582,14.8241049603058 103.86031587007,14.8249634898381</coordinates></LinearRing></outerBoundaryIs></Polygon></MultiGeometry>
    </Placemark>
    <Placemark>
      <name>321503060024</name>
      <styleUrl>#style_42_001</styleUrl>
      <description><![CDATA[<h3 style="margin-bottom:6px; font-family:sans-serif;">321503060024</h3>
<table style="width:100%; border-collapse:collapse; font-family:sans-serif; font-size:12px;">
<tr style="background-color:#99bfe6; color:#000; font-weight:bold;"><td colspan="2" style="padding:4px; text-align:center;">321503060024</td></tr>
<tr style="background-color:#f0f5fa;"><td style="padding:3px; width:45%;"><b>FID</b></td><td style="padding:3px;">3699</td></tr>
<tr style="background-color:#dbe8f5;"><td style="padding:3px;"><b>รหัสแปลง</b></td><td style="padding:3px;">321503060024</td></tr>
<tr style="background-color:#f0f5fa;"><td style="padding:3px;"><b>รหัสกลุ่มคิว</b></td><td style="padding:3px;">42_001</td></tr>
<tr style="background-color:#dbe8f5;"><td style="padding:3px;"><b>นักเกษตร</b></td><td style="padding:3px;">4201</td></tr>
<tr style="background-color:#f0f5fa;"><td style="padding:3px;"><b>ศูนย์</b></td><td style="padding:3px;">K2-42</td></tr>
<tr style="background-color:#dbe8f5;"><td style="padding:3px;"><b>สถานที่ส่งอ้อย</b></td><td style="padding:3px;">รถตัด</td></tr>
<tr style="background-color:#f0f5fa;"><td style="padding:3px;"><b>ประเภทคิว</b></td><td style="padding:3px;">รถตัด</td></tr>
<tr style="background-color:#dbe8f5;"><td style="padding:3px;"><b>ประเภทรถ</b></td><td style="padding:3px;">10 ล้อเดี่ยว</td></tr>
<tr style="background-color:#f0f5fa;"><td style="padding:3px;"><b>ประเภทชาวไร่</b></td><td style="padding:3px;">รถตัด</td></tr>
<tr style="background-color:#dbe8f5;"><td style="padding:3px;"><b>สถานีขนถ่าย</b></td><td style="padding:3px;"></td></tr>
<tr style="background-color:#f0f5fa;"><td style="padding:3px;"><b>สถานะยืนยัน</b></td><td style="padding:3px;">N</td></tr>
<tr style="background-color:#dbe8f5;"><td style="padding:3px;"><b>โควตา</b></td><td style="padding:3px;">743472</td></tr>
<tr style="background-color:#f0f5fa;"><td style="padding:3px;"><b>ชาวไร่</b></td><td style="padding:3px;">นาง เซียง อยู่นาน</td></tr>
<tr style="background-color:#dbe8f5;"><td style="padding:3px;"><b>ประเภทอ้อย</b></td><td style="padding:3px;">ตอ1</td></tr>
<tr style="background-color:#f0f5fa;"><td style="padding:3px;"><b>พื้นที่</b></td><td style="padding:3px;">2.83</td></tr>
<tr style="background-color:#dbe8f5;"><td style="padding:3px;"><b>ปีผลิต</b></td><td style="padding:3px;">256970</td></tr>
<tr style="background-color:#f0f5fa;"><td style="padding:3px;"><b>ตันรวม</b></td><td style="padding:3px;">25.47</td></tr>
<tr style="background-color:#dbe8f5;"><td style="padding:3px;"><b>สถานที่ส่งอ้อย_1</b></td><td style="padding:3px;">รถตัด</td></tr>
</table>]]></description>
      <MultiGeometry><Polygon><outerBoundaryIs><LinearRing><coordinates>103.859850978096,14.8266044352108 103.86041482876,14.8266159182066 103.860279544783,14.8255318028655 103.860162198452,14.8255455915929 103.860161276425,14.8255592539819 103.860132778176,14.8255586251135 103.859850978096,14.8266044352108</coordinates></LinearRing></outerBoundaryIs></Polygon></MultiGeometry>
    </Placemark>
    <Placemark>
      <name>321503060067</name>
      <styleUrl>#style_42_001</styleUrl>
      <description><![CDATA[<h3 style="margin-bottom:6px; font-family:sans-serif;">321503060067</h3>
<table style="width:100%; border-collapse:collapse; font-family:sans-serif; font-size:12px;">
<tr style="background-color:#99bfe6; color:#000; font-weight:bold;"><td colspan="2" style="padding:4px; text-align:center;">321503060067</td></tr>
<tr style="background-color:#f0f5fa;"><td style="padding:3px; width:45%;"><b>FID</b></td><td style="padding:3px;">3700</td></tr>
<tr style="background-color:#dbe8f5;"><td style="padding:3px;"><b>รหัสแปลง</b></td><td style="padding:3px;">321503060067</td></tr>
<tr style="background-color:#f0f5fa;"><td style="padding:3px;"><b>รหัสกลุ่มคิว</b></td><td style="padding:3px;">42_001</td></tr>
<tr style="background-color:#dbe8f5;"><td style="padding:3px;"><b>นักเกษตร</b></td><td style="padding:3px;">4201</td></tr>
<tr style="background-color:#f0f5fa;"><td style="padding:3px;"><b>ศูนย์</b></td><td style="padding:3px;">K2-42</td></tr>
<tr style="background-color:#dbe8f5;"><td style="padding:3px;"><b>สถานที่ส่งอ้อย</b></td><td style="padding:3px;">รถตัด</td></tr>
<tr style="background-color:#f0f5fa;"><td style="padding:3px;"><b>ประเภทคิว</b></td><td style="padding:3px;">รถตัด</td></tr>
<tr style="background-color:#dbe8f5;"><td style="padding:3px;"><b>ประเภทรถ</b></td><td style="padding:3px;">10 ล้อเดี่ยว</td></tr>
<tr style="background-color:#f0f5fa;"><td style="padding:3px;"><b>ประเภทชาวไร่</b></td><td style="padding:3px;">รถตัด</td></tr>
<tr style="background-color:#dbe8f5;"><td style="padding:3px;"><b>สถานีขนถ่าย</b></td><td style="padding:3px;"></td></tr>
<tr style="background-color:#f0f5fa;"><td style="padding:3px;"><b>สถานะยืนยัน</b></td><td style="padding:3px;">N</td></tr>
<tr style="background-color:#dbe8f5;"><td style="padding:3px;"><b>โควตา</b></td><td style="padding:3px;">744075</td></tr>
<tr style="background-color:#f0f5fa;"><td style="padding:3px;"><b>ชาวไร่</b></td><td style="padding:3px;">นาย สฤษดิ์ สมใจ</td></tr>
<tr style="background-color:#dbe8f5;"><td style="padding:3px;"><b>ประเภทอ้อย</b></td><td style="padding:3px;">ปลายฝน</td></tr>
<tr style="background-color:#f0f5fa;"><td style="padding:3px;"><b>พื้นที่</b></td><td style="padding:3px;">3.19</td></tr>
<tr style="background-color:#dbe8f5;"><td style="padding:3px;"><b>ปีผลิต</b></td><td style="padding:3px;">256970</td></tr>
<tr style="background-color:#f0f5fa;"><td style="padding:3px;"><b>ตันรวม</b></td><td style="padding:3px;">41.47</td></tr>
<tr style="background-color:#dbe8f5;"><td style="padding:3px;"><b>สถานที่ส่งอ้อย_1</b></td><td style="padding:3px;">รถตัด</td></tr>
</table>]]></description>
      <MultiGeometry><Polygon><outerBoundaryIs><LinearRing><coordinates>103.821346289369,14.8536204597316 103.822860319371,14.8531885403894 103.82281136016,14.8528825798965 103.821297990196,14.8533928395535 103.821346289369,14.8536204597316</coordinates></LinearRing></outerBoundaryIs></Polygon></MultiGeometry>
    </Placemark>
    <Placemark>
      <name>321503060146</name>
      <styleUrl>#style_42_001</styleUrl>
      <description><![CDATA[<h3 style="margin-bottom:6px; font-family:sans-serif;">321503060146</h3>
<table style="width:100%; border-collapse:collapse; font-family:sans-serif; font-size:12px;">
<tr style="background-color:#99bfe6; color:#000; font-weight:bold;"><td colspan="2" style="padding:4px; text-align:center;">321503060146</td></tr>
<tr style="background-color:#f0f5fa;"><td style="padding:3px; width:45%;"><b>FID</b></td><td style="padding:3px;">3701</td></tr>
<tr style="background-color:#dbe8f5;"><td style="padding:3px;"><b>รหัสแปลง</b></td><td style="padding:3px;">321503060146</td></tr>
<tr style="background-color:#f0f5fa;"><td style="padding:3px;"><b>รหัสกลุ่มคิว</b></td><td style="padding:3px;">42_001</td></tr>
<tr style="background-color:#dbe8f5;"><td style="padding:3px;"><b>นักเกษตร</b></td><td style="padding:3px;">4201</td></tr>
<tr style="background-color:#f0f5fa;"><td style="padding:3px;"><b>ศูนย์</b></td><td style="padding:3px;">K2-42</td></tr>
<tr style="background-color:#dbe8f5;"><td style="padding:3px;"><b>สถานที่ส่งอ้อย</b></td><td style="padding:3px;">รถตัด</td></tr>
<tr style="background-color:#f0f5fa;"><td style="padding:3px;"><b>ประเภทคิว</b></td><td style="padding:3px;">รถตัด</td></tr>
<tr style="background-color:#dbe8f5;"><td style="padding:3px;"><b>ประเภทรถ</b></td><td style="padding:3px;">10 ล้อเดี่ยว</td></tr>
<tr style="background-color:#f0f5fa;"><td style="padding:3px;"><b>ประเภทชาวไร่</b></td><td style="padding:3px;">รถตัด</td></tr>
<tr style="background-color:#dbe8f5;"><td style="padding:3px;"><b>สถานีขนถ่าย</b></td><td style="padding:3px;"></td></tr>
<tr style="background-color:#f0f5fa;"><td style="padding:3px;"><b>สถานะยืนยัน</b></td><td style="padding:3px;">N</td></tr>
<tr style="background-color:#dbe8f5;"><td style="padding:3px;"><b>โควตา</b></td><td style="padding:3px;">742823</td></tr>
<tr style="background-color:#f0f5fa;"><td style="padding:3px;"><b>ชาวไร่</b></td><td style="padding:3px;">นาง คำมี สายเพชร</td></tr>
<tr style="background-color:#dbe8f5;"><td style="padding:3px;"><b>ประเภทอ้อย</b></td><td style="padding:3px;">ปลายฝน</td></tr>
<tr style="background-color:#f0f5fa;"><td style="padding:3px;"><b>พื้นที่</b></td><td style="padding:3px;">17.79</td></tr>
<tr style="background-color:#dbe8f5;"><td style="padding:3px;"><b>ปีผลิต</b></td><td style="padding:3px;">256970</td></tr>
<tr style="background-color:#f0f5fa;"><td style="padding:3px;"><b>ตันรวม</b></td><td style="padding:3px;">231.27</td></tr>
<tr style="background-color:#dbe8f5;"><td style="padding:3px;"><b>สถานที่ส่งอ้อย_1</b></td><td style="padding:3px;">รถตัด</td></tr>
</table>]]></description>
      <MultiGeometry><Polygon><outerBoundaryIs><LinearRing><coordinates>103.846219153891,14.8176810608273 103.846332476986,14.8183654851158 103.846418559125,14.8185906232547 103.846417972236,14.8185883598304 103.847563862416,14.8181663735453 103.848303816857,14.8178507103324 103.848470533245,14.8177582166112 103.848654515993,14.8176743137729 103.848724421235,14.8176499641036 103.848904044818,14.8175856754167 103.84935398541,14.8173889094029 103.84926388009,14.8168593409691 103.846219153891,14.8176810608273</coordinates></LinearRing></outerBoundaryIs></Polygon></MultiGeometry>
    </Placemark>
    <Placemark>
      <name>321503060219</name>
      <styleUrl>#style_42_001</styleUrl>
      <description><![CDATA[<h3 style="margin-bottom:6px; font-family:sans-serif;">321503060219</h3>
<table style="width:100%; border-collapse:collapse; font-family:sans-serif; font-size:12px;">
<tr style="background-color:#99bfe6; color:#000; font-weight:bold;"><td colspan="2" style="padding:4px; text-align:center;">321503060219</td></tr>
<tr style="background-color:#f0f5fa;"><td style="padding:3px; width:45%;"><b>FID</b></td><td style="padding:3px;">3702</td></tr>
<tr style="background-color:#dbe8f5;"><td style="padding:3px;"><b>รหัสแปลง</b></td><td style="padding:3px;">321503060219</td></tr>
<tr style="background-color:#f0f5fa;"><td style="padding:3px;"><b>รหัสกลุ่มคิว</b></td><td style="padding:3px;">42_001</td></tr>
<tr style="background-color:#dbe8f5;"><td style="padding:3px;"><b>นักเกษตร</b></td><td style="padding:3px;">4201</td></tr>
<tr style="background-color:#f0f5fa;"><td style="padding:3px;"><b>ศูนย์</b></td><td style="padding:3px;">K2-42</td></tr>
<tr style="background-color:#dbe8f5;"><td style="padding:3px;"><b>สถานที่ส่งอ้อย</b></td><td style="padding:3px;">รถตัด</td></tr>
<tr style="background-color:#f0f5fa;"><td style="padding:3px;"><b>ประเภทคิว</b></td><td style="padding:3px;">รถตัด</td></tr>
<tr style="background-color:#dbe8f5;"><td style="padding:3px;"><b>ประเภทรถ</b></td><td style="padding:3px;">10 ล้อเดี่ยว</td></tr>
<tr style="background-color:#f0f5fa;"><td style="padding:3px;"><b>ประเภทชาวไร่</b></td><td style="padding:3px;">รถตัด</td></tr>
<tr style="background-color:#dbe8f5;"><td style="padding:3px;"><b>สถานีขนถ่าย</b></td><td style="padding:3px;"></td></tr>
<tr style="background-color:#f0f5fa;"><td style="padding:3px;"><b>สถานะยืนยัน</b></td><td style="padding:3px;">N</td></tr>
<tr style="background-color:#dbe8f5;"><td style="padding:3px;"><b>โควตา</b></td><td style="padding:3px;">742664</td></tr>
<tr style="background-color:#f0f5fa;"><td style="padding:3px;"><b>ชาวไร่</b></td><td style="padding:3px;">นาย มนเฑียร สุขทุน</td></tr>
<tr style="background-color:#dbe8f5;"><td style="padding:3px;"><b>ประเภทอ้อย</b></td><td style="padding:3px;">ตอ1</td></tr>
<tr style="background-color:#f0f5fa;"><td style="padding:3px;"><b>พื้นที่</b></td><td style="padding:3px;">9.43</td></tr>
<tr style="background-color:#dbe8f5;"><td style="padding:3px;"><b>ปีผลิต</b></td><td style="padding:3px;">256970</td></tr>
<tr style="background-color:#f0f5fa;"><td style="padding:3px;"><b>ตันรวม</b></td><td style="padding:3px;">84.87</td></tr>
<tr style="background-color:#dbe8f5;"><td style="padding:3px;"><b>สถานที่ส่งอ้อย_1</b></td><td style="padding:3px;">รถตัด</td></tr>
</table>]]></description>
      <MultiGeometry><Polygon><outerBoundaryIs><LinearRing><coordinates>103.853311109558,14.8259386997796 103.853308279898,14.8259368695611 103.853158929542,14.8254837695757 103.852953369854,14.8255957403058 103.852923709851,14.8254609195673 103.85312035947,14.8253901103683 103.853092290234,14.8253536502169 103.853074480252,14.8253464403775 103.852592229802,14.8255005403888 103.852086469588,14.8256441999502 103.851437669765,14.8258461297996 103.85129349946,14.8259252602782 103.85129306942,14.8259262499822 103.85137124963,14.8265547101528 103.851393129759,14.8265651103523 103.853311109558,14.8259386997796</coordinates></LinearRing></outerBoundaryIs></Polygon></MultiGeometry>
    </Placemark>
    <Placemark>
      <name>321503061523</name>
      <styleUrl>#style_42_001</styleUrl>
      <description><![CDATA[<h3 style="margin-bottom:6px; font-family:sans-serif;">321503061523</h3>
<table style="width:100%; border-collapse:collapse; font-family:sans-serif; font-size:12px;">
<tr style="background-color:#99bfe6; color:#000; font-weight:bold;"><td colspan="2" style="padding:4px; text-align:center;">321503061523</td></tr>
<tr style="background-color:#f0f5fa;"><td style="padding:3px; width:45%;"><b>FID</b></td><td style="padding:3px;">3703</td></tr>
<tr style="background-color:#dbe8f5;"><td style="padding:3px;"><b>รหัสแปลง</b></td><td style="padding:3px;">321503061523</td></tr>
<tr style="background-color:#f0f5fa;"><td style="padding:3px;"><b>รหัสกลุ่มคิว</b></td><td style="padding:3px;">42_001</td></tr>
<tr style="background-color:#dbe8f5;"><td style="padding:3px;"><b>นักเกษตร</b></td><td style="padding:3px;">4201</td></tr>
<tr style="background-color:#f0f5fa;"><td style="padding:3px;"><b>ศูนย์</b></td><td style="padding:3px;">K2-42</td></tr>
<tr style="background-color:#dbe8f5;"><td style="padding:3px;"><b>สถานที่ส่งอ้อย</b></td><td style="padding:3px;">รถตัด</td></tr>
<tr style="background-color:#f0f5fa;"><td style="padding:3px;"><b>ประเภทคิว</b></td><td style="padding:3px;">รถตัด</td></tr>
<tr style="background-color:#dbe8f5;"><td style="padding:3px;"><b>ประเภทรถ</b></td><td style="padding:3px;">10 ล้อเดี่ยว</td></tr>
<tr style="background-color:#f0f5fa;"><td style="padding:3px;"><b>ประเภทชาวไร่</b></td><td style="padding:3px;">รถตัด</td></tr>
<tr style="background-color:#dbe8f5;"><td style="padding:3px;"><b>สถานีขนถ่าย</b></td><td style="padding:3px;"></td></tr>
<tr style="background-color:#f0f5fa;"><td style="padding:3px;"><b>สถานะยืนยัน</b></td><td style="padding:3px;">N</td></tr>
<tr style="background-color:#dbe8f5;"><td style="padding:3px;"><b>โควตา</b></td><td style="padding:3px;">743410</td></tr>
<tr style="background-color:#f0f5fa;"><td style="padding:3px;"><b>ชาวไร่</b></td><td style="padding:3px;">นาง สุมิง อยู่นาน</td></tr>
<tr style="background-color:#dbe8f5;"><td style="padding:3px;"><b>ประเภทอ้อย</b></td><td style="padding:3px;">ตอ1</td></tr>
<tr style="background-color:#f0f5fa;"><td style="padding:3px;"><b>พื้นที่</b></td><td style="padding:3px;">4.4</td></tr>
<tr style="background-color:#dbe8f5;"><td style="padding:3px;"><b>ปีผลิต</b></td><td style="padding:3px;">256970</td></tr>
<tr style="background-color:#f0f5fa;"><td style="padding:3px;"><b>ตันรวม</b></td><td style="padding:3px;">39.6</td></tr>
<tr style="background-color:#dbe8f5;"><td style="padding:3px;"><b>สถานที่ส่งอ้อย_1</b></td><td style="padding:3px;">รถตัด</td></tr>
</table>]]></description>
      <MultiGeometry><Polygon><outerBoundaryIs><LinearRing><coordinates>103.855247637196,14.8489399439545 103.855199190028,14.8490092620975 103.855190472812,14.8490204524379 103.854966926839,14.8490711629336 103.85495929963,14.8491420313099 103.854949408624,14.849219312592 103.854925017957,14.8492823025583 103.854920323597,14.8492987316863 103.854889730244,14.8493377910182 103.8548721282,14.8493608413002 103.854893669125,14.8495876972334 103.854938764238,14.8498306049437 103.854989976959,14.8500904437536 103.855043957097,14.8501471892981 103.855056193974,14.8502735049297 103.855392028647,14.8502110101123 103.855401509953,14.8500397195107 103.855423960243,14.849981079707 103.855505659354,14.8499058703192 103.855559839217,14.8498699499488 103.855564389019,14.8498428425977 103.855247637196,14.8489399439545</coordinates></LinearRing></outerBoundaryIs></Polygon></MultiGeometry>
    </Placemark>
    <Placemark>
      <name>321503061603</name>
      <styleUrl>#style_42_001</styleUrl>
      <description><![CDATA[<h3 style="margin-bottom:6px; font-family:sans-serif;">321503061603</h3>
<table style="width:100%; border-collapse:collapse; font-family:sans-serif; font-size:12px;">
<tr style="background-color:#99bfe6; color:#000; font-weight:bold;"><td colspan="2" style="padding:4px; text-align:center;">321503061603</td></tr>
<tr style="background-color:#f0f5fa;"><td style="padding:3px; width:45%;"><b>FID</b></td><td style="padding:3px;">3704</td></tr>
<tr style="background-color:#dbe8f5;"><td style="padding:3px;"><b>รหัสแปลง</b></td><td style="padding:3px;">321503061603</td></tr>
<tr style="background-color:#f0f5fa;"><td style="padding:3px;"><b>รหัสกลุ่มคิว</b></td><td style="padding:3px;">42_001</td></tr>
<tr style="background-color:#dbe8f5;"><td style="padding:3px;"><b>นักเกษตร</b></td><td style="padding:3px;">4201</td></tr>
<tr style="background-color:#f0f5fa;"><td style="padding:3px;"><b>ศูนย์</b></td><td style="padding:3px;">K2-42</td></tr>
<tr style="background-color:#dbe8f5;"><td style="padding:3px;"><b>สถานที่ส่งอ้อย</b></td><td style="padding:3px;">รถตัด</td></tr>
<tr style="background-color:#f0f5fa;"><td style="padding:3px;"><b>ประเภทคิว</b></td><td style="padding:3px;">รถตัด</td></tr>
<tr style="background-color:#dbe8f5;"><td style="padding:3px;"><b>ประเภทรถ</b></td><td style="padding:3px;">10 ล้อเดี่ยว</td></tr>
<tr style="background-color:#f0f5fa;"><td style="padding:3px;"><b>ประเภทชาวไร่</b></td><td style="padding:3px;">รถตัด</td></tr>
<tr style="background-color:#dbe8f5;"><td style="padding:3px;"><b>สถานีขนถ่าย</b></td><td style="padding:3px;"></td></tr>
<tr style="background-color:#f0f5fa;"><td style="padding:3px;"><b>สถานะยืนยัน</b></td><td style="padding:3px;">N</td></tr>
<tr style="background-color:#dbe8f5;"><td style="padding:3px;"><b>โควตา</b></td><td style="padding:3px;">741101</td></tr>
<tr style="background-color:#f0f5fa;"><td style="padding:3px;"><b>ชาวไร่</b></td><td style="padding:3px;">นาย กฤติคุณ ป้องภัย</td></tr>
<tr style="background-color:#dbe8f5;"><td style="padding:3px;"><b>ประเภทอ้อย</b></td><td style="padding:3px;">ตอ1</td></tr>
<tr style="background-color:#f0f5fa;"><td style="padding:3px;"><b>พื้นที่</b></td><td style="padding:3px;">9.55</td></tr>
<tr style="background-color:#dbe8f5;"><td style="padding:3px;"><b>ปีผลิต</b></td><td style="padding:3px;">256970</td></tr>
<tr style="background-color:#f0f5fa;"><td style="padding:3px;"><b>ตันรวม</b></td><td style="padding:3px;">85.95</td></tr>
<tr style="background-color:#dbe8f5;"><td style="padding:3px;"><b>สถานที่ส่งอ้อย_1</b></td><td style="padding:3px;">รถตัด</td></tr>
</table>]]></description>
      <MultiGeometry><Polygon><outerBoundaryIs><LinearRing><coordinates>103.842529999425,14.8184297903372 103.842922081048,14.8183131981067 103.842240409751,14.8165486302443 103.842246169507,14.8165560699752 103.841843439506,14.8151926503812 103.841422219891,14.8152557601636 103.841420219426,14.8152616599625 103.842529999425,14.8184297903372</coordinates></LinearRing></outerBoundaryIs></Polygon><Polygon><outerBoundaryIs><LinearRing><coordinates>103.842922259538,14.8183136601374 103.842922949475,14.8183129398642 103.842922081048,14.8183131981067 103.842922259538,14.8183136601374</coordinates></LinearRing></outerBoundaryIs></Polygon></MultiGeometry>
    </Placemark>
    <Placemark>
      <name>321503070125</name>
      <styleUrl>#style_42_001</styleUrl>
      <description><![CDATA[<h3 style="margin-bottom:6px; font-family:sans-serif;">321503070125</h3>
<table style="width:100%; border-collapse:collapse; font-family:sans-serif; font-size:12px;">
<tr style="background-color:#99bfe6; color:#000; font-weight:bold;"><td colspan="2" style="padding:4px; text-align:center;">321503070125</td></tr>
<tr style="background-color:#f0f5fa;"><td style="padding:3px; width:45%;"><b>FID</b></td><td style="padding:3px;">3705</td></tr>
<tr style="background-color:#dbe8f5;"><td style="padding:3px;"><b>รหัสแปลง</b></td><td style="padding:3px;">321503070125</td></tr>
<tr style="background-color:#f0f5fa;"><td style="padding:3px;"><b>รหัสกลุ่มคิว</b></td><td style="padding:3px;">42_001</td></tr>
<tr style="background-color:#dbe8f5;"><td style="padding:3px;"><b>นักเกษตร</b></td><td style="padding:3px;">4201</td></tr>
<tr style="background-color:#f0f5fa;"><td style="padding:3px;"><b>ศูนย์</b></td><td style="padding:3px;">K2-42</td></tr>
<tr style="background-color:#dbe8f5;"><td style="padding:3px;"><b>สถานที่ส่งอ้อย</b></td><td style="padding:3px;">รถตัด</td></tr>
<tr style="background-color:#f0f5fa;"><td style="padding:3px;"><b>ประเภทคิว</b></td><td style="padding:3px;">รถตัด</td></tr>
<tr style="background-color:#dbe8f5;"><td style="padding:3px;"><b>ประเภทรถ</b></td><td style="padding:3px;">10 ล้อเดี่ยว</td></tr>
<tr style="background-color:#f0f5fa;"><td style="padding:3px;"><b>ประเภทชาวไร่</b></td><td style="padding:3px;">รถตัด</td></tr>
<tr style="background-color:#dbe8f5;"><td style="padding:3px;"><b>สถานีขนถ่าย</b></td><td style="padding:3px;"></td></tr>
<tr style="background-color:#f0f5fa;"><td style="padding:3px;"><b>สถานะยืนยัน</b></td><td style="padding:3px;">N</td></tr>
<tr style="background-color:#dbe8f5;"><td style="padding:3px;"><b>โควตา</b></td><td style="padding:3px;">741305</td></tr>
<tr style="background-color:#f0f5fa;"><td style="padding:3px;"><b>ชาวไร่</b></td><td style="padding:3px;">นาย จรูณ ระยับศรี</td></tr>
<tr style="background-color:#dbe8f5;"><td style="padding:3px;"><b>ประเภทอ้อย</b></td><td style="padding:3px;">ปลายฝน</td></tr>
<tr style="background-color:#f0f5fa;"><td style="padding:3px;"><b>พื้นที่</b></td><td style="padding:3px;">4.41</td></tr>
<tr style="background-color:#dbe8f5;"><td style="padding:3px;"><b>ปีผลิต</b></td><td style="padding:3px;">256970</td></tr>
<tr style="background-color:#f0f5fa;"><td style="padding:3px;"><b>ตันรวม</b></td><td style="padding:3px;">57.33</td></tr>
<tr style="background-color:#dbe8f5;"><td style="padding:3px;"><b>สถานที่ส่งอ้อย_1</b></td><td style="padding:3px;">รถตัด</td></tr>
</table>]]></description>
      <MultiGeometry><Polygon><outerBoundaryIs><LinearRing><coordinates>103.898221969911,14.8565778302261 103.8984420197,14.8579144400306 103.898912929565,14.8579009395978 103.898602740167,14.8565184899113 103.898221969911,14.8565778302261</coordinates></LinearRing></outerBoundaryIs></Polygon></MultiGeometry>
    </Placemark>
    <Placemark>
      <name>321503070130</name>
      <styleUrl>#style_42_001</styleUrl>
      <description><![CDATA[<h3 style="margin-bottom:6px; font-family:sans-serif;">321503070130</h3>
<table style="width:100%; border-collapse:collapse; font-family:sans-serif; font-size:12px;">
<tr style="background-color:#99bfe6; color:#000; font-weight:bold;"><td colspan="2" style="padding:4px; text-align:center;">321503070130</td></tr>
<tr style="background-color:#f0f5fa;"><td style="padding:3px; width:45%;"><b>FID</b></td><td style="padding:3px;">3706</td></tr>
<tr style="background-color:#dbe8f5;"><td style="padding:3px;"><b>รหัสแปลง</b></td><td style="padding:3px;">321503070130</td></tr>
<tr style="background-color:#f0f5fa;"><td style="padding:3px;"><b>รหัสกลุ่มคิว</b></td><td style="padding:3px;">42_001</td></tr>
<tr style="background-color:#dbe8f5;"><td style="padding:3px;"><b>นักเกษตร</b></td><td style="padding:3px;">4201</td></tr>
<tr style="background-color:#f0f5fa;"><td style="padding:3px;"><b>ศูนย์</b></td><td style="padding:3px;">K2-42</td></tr>
<tr style="background-color:#dbe8f5;"><td style="padding:3px;"><b>สถานที่ส่งอ้อย</b></td><td style="padding:3px;">รถตัด</td></tr>
<tr style="background-color:#f0f5fa;"><td style="padding:3px;"><b>ประเภทคิว</b></td><td style="padding:3px;">รถตัด</td></tr>
<tr style="background-color:#dbe8f5;"><td style="padding:3px;"><b>ประเภทรถ</b></td><td style="padding:3px;">10 ล้อเดี่ยว</td></tr>
<tr style="background-color:#f0f5fa;"><td style="padding:3px;"><b>ประเภทชาวไร่</b></td><td style="padding:3px;">รถตัด</td></tr>
<tr style="background-color:#dbe8f5;"><td style="padding:3px;"><b>สถานีขนถ่าย</b></td><td style="padding:3px;"></td></tr>
<tr style="background-color:#f0f5fa;"><td style="padding:3px;"><b>สถานะยืนยัน</b></td><td style="padding:3px;">N</td></tr>
<tr style="background-color:#dbe8f5;"><td style="padding:3px;"><b>โควตา</b></td><td style="padding:3px;">741305</td></tr>
<tr style="background-color:#f0f5fa;"><td style="padding:3px;"><b>ชาวไร่</b></td><td style="padding:3px;">นาย จรูณ ระยับศรี</td></tr>
<tr style="background-color:#dbe8f5;"><td style="padding:3px;"><b>ประเภทอ้อย</b></td><td style="padding:3px;">ตอ1</td></tr>
<tr style="background-color:#f0f5fa;"><td style="padding:3px;"><b>พื้นที่</b></td><td style="padding:3px;">12.54</td></tr>
<tr style="background-color:#dbe8f5;"><td style="padding:3px;"><b>ปีผลิต</b></td><td style="padding:3px;">256970</td></tr>
<tr style="background-color:#f0f5fa;"><td style="padding:3px;"><b>ตันรวม</b></td><td style="padding:3px;">112.86</td></tr>
<tr style="background-color:#dbe8f5;"><td style="padding:3px;"><b>สถานที่ส่งอ้อย_1</b></td><td style="padding:3px;">รถตัด</td></tr>
</table>]]></description>
      <MultiGeometry><Polygon><outerBoundaryIs><LinearRing><coordinates>103.899530879846,14.858393139806 103.899970489632,14.8581203400244 103.899974250153,14.8581113399847 103.899964040177,14.8580814999591 103.899845979842,14.8578893895589 103.89963261978,14.8575751195443 103.899548369911,14.8573923402375 103.899485759603,14.8572072200146 103.899525759627,14.8571788596889 103.899663709986,14.8571662101776 103.899629809688,14.8570466402556 103.899626809513,14.8570370096955 103.899656159947,14.8570149496456 103.899669879896,14.8570153196268 103.899682189959,14.8570154601922 103.899649639669,14.8567620597103 103.899650539542,14.856753579573 103.899782029775,14.85669490006 103.899797569852,14.8566926202149 103.899812249921,14.8566946802302 103.899830799653,14.8566987195594 103.900089870087,14.8566540698888 103.900193979349,14.8566385495667 103.900317209805,14.8566052497393 103.900407000033,14.8565848695703 103.900477329447,14.8565711799747 103.900559789481,14.856566420058 103.900617710147,14.8565472395148 103.900659829529,14.8565385403658 103.900674279572,14.8565351797506 103.900589929756,14.8558959702834 103.900580479947,14.8558804897828 103.900347230125,14.8559302798995 103.899733499755,14.8560523101225 103.899720719946,14.8560481501164 103.899515319542,14.8560871897393 103.899472379503,14.8561133300026 103.899455369418,14.8561246095428 103.899376920042,14.8561168803247 103.89936705937,14.8561144198297 103.899355409636,14.8561145499102 103.899058029887,14.8561979500988 103.899006729703,14.8562089802553 103.898981929451,14.8562156100307 103.898975409762,14.8562168696467 103.898961459508,14.8562280395907 103.899530879846,14.858393139806</coordinates></LinearRing></outerBoundaryIs></Polygon></MultiGeometry>
    </Placemark>
    <Placemark>
      <name>321503071533</name>
      <styleUrl>#style_42_001</styleUrl>
      <description><![CDATA[<h3 style="margin-bottom:6px; font-family:sans-serif;">321503071533</h3>
<table style="width:100%; border-collapse:collapse; font-family:sans-serif; font-size:12px;">
<tr style="background-color:#99bfe6; color:#000; font-weight:bold;"><td colspan="2" style="padding:4px; text-align:center;">321503071533</td></tr>
<tr style="background-color:#f0f5fa;"><td style="padding:3px; width:45%;"><b>FID</b></td><td style="padding:3px;">3707</td></tr>
<tr style="background-color:#dbe8f5;"><td style="padding:3px;"><b>รหัสแปลง</b></td><td style="padding:3px;">321503071533</td></tr>
<tr style="background-color:#f0f5fa;"><td style="padding:3px;"><b>รหัสกลุ่มคิว</b></td><td style="padding:3px;">42_001</td></tr>
<tr style="background-color:#dbe8f5;"><td style="padding:3px;"><b>นักเกษตร</b></td><td style="padding:3px;">4201</td></tr>
<tr style="background-color:#f0f5fa;"><td style="padding:3px;"><b>ศูนย์</b></td><td style="padding:3px;">K2-42</td></tr>
<tr style="background-color:#dbe8f5;"><td style="padding:3px;"><b>สถานที่ส่งอ้อย</b></td><td style="padding:3px;">รถตัด</td></tr>
<tr style="background-color:#f0f5fa;"><td style="padding:3px;"><b>ประเภทคิว</b></td><td style="padding:3px;">รถตัด</td></tr>
<tr style="background-color:#dbe8f5;"><td style="padding:3px;"><b>ประเภทรถ</b></td><td style="padding:3px;">10 ล้อเดี่ยว</td></tr>
<tr style="background-color:#f0f5fa;"><td style="padding:3px;"><b>ประเภทชาวไร่</b></td><td style="padding:3px;">รถตัด</td></tr>
<tr style="background-color:#dbe8f5;"><td style="padding:3px;"><b>สถานีขนถ่าย</b></td><td style="padding:3px;"></td></tr>
<tr style="background-color:#f0f5fa;"><td style="padding:3px;"><b>สถานะยืนยัน</b></td><td style="padding:3px;">N</td></tr>
<tr style="background-color:#dbe8f5;"><td style="padding:3px;"><b>โควตา</b></td><td style="padding:3px;">741305</td></tr>
<tr style="background-color:#f0f5fa;"><td style="padding:3px;"><b>ชาวไร่</b></td><td style="padding:3px;">นาย จรูณ ระยับศรี</td></tr>
<tr style="background-color:#dbe8f5;"><td style="padding:3px;"><b>ประเภทอ้อย</b></td><td style="padding:3px;">ปลายฝน</td></tr>
<tr style="background-color:#f0f5fa;"><td style="padding:3px;"><b>พื้นที่</b></td><td style="padding:3px;">10.13</td></tr>
<tr style="background-color:#dbe8f5;"><td style="padding:3px;"><b>ปีผลิต</b></td><td style="padding:3px;">256970</td></tr>
<tr style="background-color:#f0f5fa;"><td style="padding:3px;"><b>ตันรวม</b></td><td style="padding:3px;">131.69</td></tr>
<tr style="background-color:#dbe8f5;"><td style="padding:3px;"><b>สถานที่ส่งอ้อย_1</b></td><td style="padding:3px;">รถตัด</td></tr>
</table>]]></description>
      <MultiGeometry><Polygon><outerBoundaryIs><LinearRing><coordinates>103.898569600157,14.8589526399505 103.898414869562,14.8580724800465 103.898275359747,14.8571835496381 103.898116929734,14.8560359801976 103.897713919797,14.856138049798 103.89784744954,14.857198210291 103.897942319548,14.8580865003878 103.898079929528,14.859150830318 103.898569600157,14.8589526399505</coordinates></LinearRing></outerBoundaryIs></Polygon></MultiGeometry>
    </Placemark>
    <Placemark>
      <name>321503071566</name>
      <styleUrl>#style_42_001</styleUrl>
      <description><![CDATA[<h3 style="margin-bottom:6px; font-family:sans-serif;">321503071566</h3>
<table style="width:100%; border-collapse:collapse; font-family:sans-serif; font-size:12px;">
<tr style="background-color:#99bfe6; color:#000; font-weight:bold;"><td colspan="2" style="padding:4px; text-align:center;">321503071566</td></tr>
<tr style="background-color:#f0f5fa;"><td style="padding:3px; width:45%;"><b>FID</b></td><td style="padding:3px;">3708</td></tr>
<tr style="background-color:#dbe8f5;"><td style="padding:3px;"><b>รหัสแปลง</b></td><td style="padding:3px;">321503071566</td></tr>
<tr style="background-color:#f0f5fa;"><td style="padding:3px;"><b>รหัสกลุ่มคิว</b></td><td style="padding:3px;">42_001</td></tr>
<tr style="background-color:#dbe8f5;"><td style="padding:3px;"><b>นักเกษตร</b></td><td style="padding:3px;">4201</td></tr>
<tr style="background-color:#f0f5fa;"><td style="padding:3px;"><b>ศูนย์</b></td><td style="padding:3px;">K2-42</td></tr>
<tr style="background-color:#dbe8f5;"><td style="padding:3px;"><b>สถานที่ส่งอ้อย</b></td><td style="padding:3px;">รถตัด</td></tr>
<tr style="background-color:#f0f5fa;"><td style="padding:3px;"><b>ประเภทคิว</b></td><td style="padding:3px;">รถตัด</td></tr>
<tr style="background-color:#dbe8f5;"><td style="padding:3px;"><b>ประเภทรถ</b></td><td style="padding:3px;">10 ล้อเดี่ยว</td></tr>
<tr style="background-color:#f0f5fa;"><td style="padding:3px;"><b>ประเภทชาวไร่</b></td><td style="padding:3px;">รถตัด</td></tr>
<tr style="background-color:#dbe8f5;"><td style="padding:3px;"><b>สถานีขนถ่าย</b></td><td style="padding:3px;"></td></tr>
<tr style="background-color:#f0f5fa;"><td style="padding:3px;"><b>สถานะยืนยัน</b></td><td style="padding:3px;">N</td></tr>
<tr style="background-color:#dbe8f5;"><td style="padding:3px;"><b>โควตา</b></td><td style="padding:3px;">741030</td></tr>
<tr style="background-color:#f0f5fa;"><td style="padding:3px;"><b>ชาวไร่</b></td><td style="padding:3px;">นาย วิเชียร นาคนวน</td></tr>
<tr style="background-color:#dbe8f5;"><td style="padding:3px;"><b>ประเภทอ้อย</b></td><td style="padding:3px;">ปลายฝน</td></tr>
<tr style="background-color:#f0f5fa;"><td style="padding:3px;"><b>พื้นที่</b></td><td style="padding:3px;">4.03</td></tr>
<tr style="background-color:#dbe8f5;"><td style="padding:3px;"><b>ปีผลิต</b></td><td style="padding:3px;">256970</td></tr>
<tr style="background-color:#f0f5fa;"><td style="padding:3px;"><b>ตันรวม</b></td><td style="padding:3px;">52.39</td></tr>
<tr style="background-color:#dbe8f5;"><td style="padding:3px;"><b>สถานที่ส่งอ้อย_1</b></td><td style="padding:3px;">รถตัด</td></tr>
</table>]]></description>
      <MultiGeometry><Polygon><outerBoundaryIs><LinearRing><coordinates>103.916042590222,14.8779428001569 103.916106929796,14.8785220701077 103.916612320089,14.8785692803604 103.916938540164,14.8785416600777 103.916927770163,14.8782126098931 103.91715736001,14.8781852395309 103.917047709474,14.8779923701292 103.916922810105,14.8779824398819 103.916042590222,14.8779428001569</coordinates></LinearRing></outerBoundaryIs></Polygon></MultiGeometry>
    </Placemark>
    <Placemark>
      <name>321503071637</name>
      <styleUrl>#style_42_001</styleUrl>
      <description><![CDATA[<h3 style="margin-bottom:6px; font-family:sans-serif;">321503071637</h3>
<table style="width:100%; border-collapse:collapse; font-family:sans-serif; font-size:12px;">
<tr style="background-color:#99bfe6; color:#000; font-weight:bold;"><td colspan="2" style="padding:4px; text-align:center;">321503071637</td></tr>
<tr style="background-color:#f0f5fa;"><td style="padding:3px; width:45%;"><b>FID</b></td><td style="padding:3px;">3709</td></tr>
<tr style="background-color:#dbe8f5;"><td style="padding:3px;"><b>รหัสแปลง</b></td><td style="padding:3px;">321503071637</td></tr>
<tr style="background-color:#f0f5fa;"><td style="padding:3px;"><b>รหัสกลุ่มคิว</b></td><td style="padding:3px;">42_001</td></tr>
<tr style="background-color:#dbe8f5;"><td style="padding:3px;"><b>นักเกษตร</b></td><td style="padding:3px;">4201</td></tr>
<tr style="background-color:#f0f5fa;"><td style="padding:3px;"><b>ศูนย์</b></td><td style="padding:3px;">K2-42</td></tr>
<tr style="background-color:#dbe8f5;"><td style="padding:3px;"><b>สถานที่ส่งอ้อย</b></td><td style="padding:3px;">รถตัด</td></tr>
<tr style="background-color:#f0f5fa;"><td style="padding:3px;"><b>ประเภทคิว</b></td><td style="padding:3px;">รถตัด</td></tr>
<tr style="background-color:#dbe8f5;"><td style="padding:3px;"><b>ประเภทรถ</b></td><td style="padding:3px;">10 ล้อเดี่ยว</td></tr>
<tr style="background-color:#f0f5fa;"><td style="padding:3px;"><b>ประเภทชาวไร่</b></td><td style="padding:3px;">รถตัด</td></tr>
<tr style="background-color:#dbe8f5;"><td style="padding:3px;"><b>สถานีขนถ่าย</b></td><td style="padding:3px;"></td></tr>
<tr style="background-color:#f0f5fa;"><td style="padding:3px;"><b>สถานะยืนยัน</b></td><td style="padding:3px;">N</td></tr>
<tr style="background-color:#dbe8f5;"><td style="padding:3px;"><b>โควตา</b></td><td style="padding:3px;">741305</td></tr>
<tr style="background-color:#f0f5fa;"><td style="padding:3px;"><b>ชาวไร่</b></td><td style="padding:3px;">นาย จรูณ ระยับศรี</td></tr>
<tr style="background-color:#dbe8f5;"><td style="padding:3px;"><b>ประเภทอ้อย</b></td><td style="padding:3px;">ตอ1</td></tr>
<tr style="background-color:#f0f5fa;"><td style="padding:3px;"><b>พื้นที่</b></td><td style="padding:3px;">13.39</td></tr>
<tr style="background-color:#dbe8f5;"><td style="padding:3px;"><b>ปีผลิต</b></td><td style="padding:3px;">256970</td></tr>
<tr style="background-color:#f0f5fa;"><td style="padding:3px;"><b>ตันรวม</b></td><td style="padding:3px;">120.51</td></tr>
<tr style="background-color:#dbe8f5;"><td style="padding:3px;"><b>สถานที่ส่งอ้อย_1</b></td><td style="padding:3px;">รถตัด</td></tr>
</table>]]></description>
      <MultiGeometry><Polygon><outerBoundaryIs><LinearRing><coordinates>103.895533199526,14.8625469401888 103.896625349841,14.8616207903599 103.896538299574,14.8603420201764 103.895542880242,14.8604368402852 103.895533199526,14.8625469401888</coordinates></LinearRing></outerBoundaryIs></Polygon></MultiGeometry>
    </Placemark>
    <Placemark>
      <name>321503091514</name>
      <styleUrl>#style_42_001</styleUrl>
      <description><![CDATA[<h3 style="margin-bottom:6px; font-family:sans-serif;">321503091514</h3>
<table style="width:100%; border-collapse:collapse; font-family:sans-serif; font-size:12px;">
<tr style="background-color:#99bfe6; color:#000; font-weight:bold;"><td colspan="2" style="padding:4px; text-align:center;">321503091514</td></tr>
<tr style="background-color:#f0f5fa;"><td style="padding:3px; width:45%;"><b>FID</b></td><td style="padding:3px;">3710</td></tr>
<tr style="background-color:#dbe8f5;"><td style="padding:3px;"><b>รหัสแปลง</b></td><td style="padding:3px;">321503091514</td></tr>
<tr style="background-color:#f0f5fa;"><td style="padding:3px;"><b>รหัสกลุ่มคิว</b></td><td style="padding:3px;">42_001</td></tr>
<tr style="background-color:#dbe8f5;"><td style="padding:3px;"><b>นักเกษตร</b></td><td style="padding:3px;">4201</td></tr>
<tr style="background-color:#f0f5fa;"><td style="padding:3px;"><b>ศูนย์</b></td><td style="padding:3px;">K2-42</td></tr>
<tr style="background-color:#dbe8f5;"><td style="padding:3px;"><b>สถานที่ส่งอ้อย</b></td><td style="padding:3px;">รถตัด</td></tr>
<tr style="background-color:#f0f5fa;"><td style="padding:3px;"><b>ประเภทคิว</b></td><td style="padding:3px;">รถตัด</td></tr>
<tr style="background-color:#dbe8f5;"><td style="padding:3px;"><b>ประเภทรถ</b></td><td style="padding:3px;">10 ล้อเดี่ยว</td></tr>
<tr style="background-color:#f0f5fa;"><td style="padding:3px;"><b>ประเภทชาวไร่</b></td><td style="padding:3px;">รถตัด</td></tr>
<tr style="background-color:#dbe8f5;"><td style="padding:3px;"><b>สถานีขนถ่าย</b></td><td style="padding:3px;"></td></tr>
<tr style="background-color:#f0f5fa;"><td style="padding:3px;"><b>สถานะยืนยัน</b></td><td style="padding:3px;">N</td></tr>
<tr style="background-color:#dbe8f5;"><td style="padding:3px;"><b>โควตา</b></td><td style="padding:3px;">741030</td></tr>
<tr style="background-color:#f0f5fa;"><td style="padding:3px;"><b>ชาวไร่</b></td><td style="padding:3px;">นาย วิเชียร นาคนวน</td></tr>
<tr style="background-color:#dbe8f5;"><td style="padding:3px;"><b>ประเภทอ้อย</b></td><td style="padding:3px;">ปลายฝน</td></tr>
<tr style="background-color:#f0f5fa;"><td style="padding:3px;"><b>พื้นที่</b></td><td style="padding:3px;">1.36</td></tr>
<tr style="background-color:#dbe8f5;"><td style="padding:3px;"><b>ปีผลิต</b></td><td style="padding:3px;">256970</td></tr>
<tr style="background-color:#f0f5fa;"><td style="padding:3px;"><b>ตันรวม</b></td><td style="padding:3px;">17.68</td></tr>
<tr style="background-color:#dbe8f5;"><td style="padding:3px;"><b>สถานที่ส่งอ้อย_1</b></td><td style="padding:3px;">รถตัด</td></tr>
</table>]]></description>
      <MultiGeometry><Polygon><outerBoundaryIs><LinearRing><coordinates>103.915006666718,14.8772216669004 103.915099999996,14.8776649996674 103.915513333198,14.8776133336115 103.91543333288,14.8771583333163 103.915426092332,14.8771594080643 103.915371579457,14.8772197398172 103.915157700069,14.8772406099745 103.915148918693,14.8772005515398 103.915006666718,14.8772216669004</coordinates></LinearRing></outerBoundaryIs></Polygon></MultiGeometry>
    </Placemark>
    <Placemark>
      <name>321503110061</name>
      <styleUrl>#style_42_001</styleUrl>
      <description><![CDATA[<h3 style="margin-bottom:6px; font-family:sans-serif;">321503110061</h3>
<table style="width:100%; border-collapse:collapse; font-family:sans-serif; font-size:12px;">
<tr style="background-color:#99bfe6; color:#000; font-weight:bold;"><td colspan="2" style="padding:4px; text-align:center;">321503110061</td></tr>
<tr style="background-color:#f0f5fa;"><td style="padding:3px; width:45%;"><b>FID</b></td><td style="padding:3px;">3711</td></tr>
<tr style="background-color:#dbe8f5;"><td style="padding:3px;"><b>รหัสแปลง</b></td><td style="padding:3px;">321503110061</td></tr>
<tr style="background-color:#f0f5fa;"><td style="padding:3px;"><b>รหัสกลุ่มคิว</b></td><td style="padding:3px;">42_001</td></tr>
<tr style="background-color:#dbe8f5;"><td style="padding:3px;"><b>นักเกษตร</b></td><td style="padding:3px;">4201</td></tr>
<tr style="background-color:#f0f5fa;"><td style="padding:3px;"><b>ศูนย์</b></td><td style="padding:3px;">K2-42</td></tr>
<tr style="background-color:#dbe8f5;"><td style="padding:3px;"><b>สถานที่ส่งอ้อย</b></td><td style="padding:3px;">รถตัด</td></tr>
<tr style="background-color:#f0f5fa;"><td style="padding:3px;"><b>ประเภทคิว</b></td><td style="padding:3px;">รถตัด</td></tr>
<tr style="background-color:#dbe8f5;"><td style="padding:3px;"><b>ประเภทรถ</b></td><td style="padding:3px;">10 ล้อเดี่ยว</td></tr>
<tr style="background-color:#f0f5fa;"><td style="padding:3px;"><b>ประเภทชาวไร่</b></td><td style="padding:3px;">รถตัด</td></tr>
<tr style="background-color:#dbe8f5;"><td style="padding:3px;"><b>สถานีขนถ่าย</b></td><td style="padding:3px;"></td></tr>
<tr style="background-color:#f0f5fa;"><td style="padding:3px;"><b>สถานะยืนยัน</b></td><td style="padding:3px;">N</td></tr>
<tr style="background-color:#dbe8f5;"><td style="padding:3px;"><b>โควตา</b></td><td style="padding:3px;">741277</td></tr>
<tr style="background-color:#f0f5fa;"><td style="padding:3px;"><b>ชาวไร่</b></td><td style="padding:3px;">นาย ประหยัด ม่วงอ่อน</td></tr>
<tr style="background-color:#dbe8f5;"><td style="padding:3px;"><b>ประเภทอ้อย</b></td><td style="padding:3px;">ตอ3</td></tr>
<tr style="background-color:#f0f5fa;"><td style="padding:3px;"><b>พื้นที่</b></td><td style="padding:3px;">4.58</td></tr>
<tr style="background-color:#dbe8f5;"><td style="padding:3px;"><b>ปีผลิต</b></td><td style="padding:3px;">256970</td></tr>
<tr style="background-color:#f0f5fa;"><td style="padding:3px;"><b>ตันรวม</b></td><td style="padding:3px;">32.06</td></tr>
<tr style="background-color:#dbe8f5;"><td style="padding:3px;"><b>สถานที่ส่งอ้อย_1</b></td><td style="padding:3px;">รถตัด</td></tr>
</table>]]></description>
      <MultiGeometry><Polygon><outerBoundaryIs><LinearRing><coordinates>103.855207219737,14.8281250495635 103.855712874639,14.8297221146276 103.856001299859,14.8295876120313 103.855591740087,14.8280301602697 103.855207219737,14.8281250495635</coordinates></LinearRing></outerBoundaryIs></Polygon></MultiGeometry>
    </Placemark>
    <Placemark>
      <name>321503121503</name>
      <styleUrl>#style_42_001</styleUrl>
      <description><![CDATA[<h3 style="margin-bottom:6px; font-family:sans-serif;">321503121503</h3>
<table style="width:100%; border-collapse:collapse; font-family:sans-serif; font-size:12px;">
<tr style="background-color:#99bfe6; color:#000; font-weight:bold;"><td colspan="2" style="padding:4px; text-align:center;">321503121503</td></tr>
<tr style="background-color:#f0f5fa;"><td style="padding:3px; width:45%;"><b>FID</b></td><td style="padding:3px;">3712</td></tr>
<tr style="background-color:#dbe8f5;"><td style="padding:3px;"><b>รหัสแปลง</b></td><td style="padding:3px;">321503121503</td></tr>
<tr style="background-color:#f0f5fa;"><td style="padding:3px;"><b>รหัสกลุ่มคิว</b></td><td style="padding:3px;">42_001</td></tr>
<tr style="background-color:#dbe8f5;"><td style="padding:3px;"><b>นักเกษตร</b></td><td style="padding:3px;">4201</td></tr>
<tr style="background-color:#f0f5fa;"><td style="padding:3px;"><b>ศูนย์</b></td><td style="padding:3px;">K2-42</td></tr>
<tr style="background-color:#dbe8f5;"><td style="padding:3px;"><b>สถานที่ส่งอ้อย</b></td><td style="padding:3px;">รถตัด</td></tr>
<tr style="background-color:#f0f5fa;"><td style="padding:3px;"><b>ประเภทคิว</b></td><td style="padding:3px;">รถตัด</td></tr>
<tr style="background-color:#dbe8f5;"><td style="padding:3px;"><b>ประเภทรถ</b></td><td style="padding:3px;">10 ล้อเดี่ยว</td></tr>
<tr style="background-color:#f0f5fa;"><td style="padding:3px;"><b>ประเภทชาวไร่</b></td><td style="padding:3px;">รถตัด</td></tr>
<tr style="background-color:#dbe8f5;"><td style="padding:3px;"><b>สถานีขนถ่าย</b></td><td style="padding:3px;"></td></tr>
<tr style="background-color:#f0f5fa;"><td style="padding:3px;"><b>สถานะยืนยัน</b></td><td style="padding:3px;">N</td></tr>
<tr style="background-color:#dbe8f5;"><td style="padding:3px;"><b>โควตา</b></td><td style="padding:3px;">744443</td></tr>
<tr style="background-color:#f0f5fa;"><td style="padding:3px;"><b>ชาวไร่</b></td><td style="padding:3px;">นาง ลัดดา สายสุด</td></tr>
<tr style="background-color:#dbe8f5;"><td style="padding:3px;"><b>ประเภทอ้อย</b></td><td style="padding:3px;">ตอ1</td></tr>
<tr style="background-color:#f0f5fa;"><td style="padding:3px;"><b>พื้นที่</b></td><td style="padding:3px;">6.95</td></tr>
<tr style="background-color:#dbe8f5;"><td style="padding:3px;"><b>ปีผลิต</b></td><td style="padding:3px;">256970</td></tr>
<tr style="background-color:#f0f5fa;"><td style="padding:3px;"><b>ตันรวม</b></td><td style="padding:3px;">62.55</td></tr>
<tr style="background-color:#dbe8f5;"><td style="padding:3px;"><b>สถานที่ส่งอ้อย_1</b></td><td style="padding:3px;">รถตัด</td></tr>
</table>]]></description>
      <MultiGeometry><Polygon><outerBoundaryIs><LinearRing><coordinates>103.805076666537,14.7804883336592 103.805701666931,14.7802433335611 103.805718332721,14.7801966667945 103.8057,14.7800149995314 103.805683333478,14.77993833357 103.805641666148,14.7797450002548 103.805386666086,14.7798316665234 103.805154999804,14.7799433333599 103.804869999773,14.7800683335089 103.803793333605,14.7804866666004 103.803878332728,14.7809099997374 103.804411666028,14.7807449995634 103.805076666537,14.7804883336592</coordinates></LinearRing></outerBoundaryIs></Polygon></MultiGeometry>
    </Placemark>
    <Placemark>
      <name>321503121505</name>
      <styleUrl>#style_42_001</styleUrl>
      <description><![CDATA[<h3 style="margin-bottom:6px; font-family:sans-serif;">321503121505</h3>
<table style="width:100%; border-collapse:collapse; font-family:sans-serif; font-size:12px;">
<tr style="background-color:#99bfe6; color:#000; font-weight:bold;"><td colspan="2" style="padding:4px; text-align:center;">321503121505</td></tr>
<tr style="background-color:#f0f5fa;"><td style="padding:3px; width:45%;"><b>FID</b></td><td style="padding:3px;">3713</td></tr>
<tr style="background-color:#dbe8f5;"><td style="padding:3px;"><b>รหัสแปลง</b></td><td style="padding:3px;">321503121505</td></tr>
<tr style="background-color:#f0f5fa;"><td style="padding:3px;"><b>รหัสกลุ่มคิว</b></td><td style="padding:3px;">42_001</td></tr>
<tr style="background-color:#dbe8f5;"><td style="padding:3px;"><b>นักเกษตร</b></td><td style="padding:3px;">4201</td></tr>
<tr style="background-color:#f0f5fa;"><td style="padding:3px;"><b>ศูนย์</b></td><td style="padding:3px;">K2-42</td></tr>
<tr style="background-color:#dbe8f5;"><td style="padding:3px;"><b>สถานที่ส่งอ้อย</b></td><td style="padding:3px;">รถตัด</td></tr>
<tr style="background-color:#f0f5fa;"><td style="padding:3px;"><b>ประเภทคิว</b></td><td style="padding:3px;">รถตัด</td></tr>
<tr style="background-color:#dbe8f5;"><td style="padding:3px;"><b>ประเภทรถ</b></td><td style="padding:3px;">10 ล้อเดี่ยว</td></tr>
<tr style="background-color:#f0f5fa;"><td style="padding:3px;"><b>ประเภทชาวไร่</b></td><td style="padding:3px;">รถตัด</td></tr>
<tr style="background-color:#dbe8f5;"><td style="padding:3px;"><b>สถานีขนถ่าย</b></td><td style="padding:3px;"></td></tr>
<tr style="background-color:#f0f5fa;"><td style="padding:3px;"><b>สถานะยืนยัน</b></td><td style="padding:3px;">N</td></tr>
<tr style="background-color:#dbe8f5;"><td style="padding:3px;"><b>โควตา</b></td><td style="padding:3px;">743427</td></tr>
<tr style="background-color:#f0f5fa;"><td style="padding:3px;"><b>ชาวไร่</b></td><td style="padding:3px;">นาง ละม้าย บุญร่วม</td></tr>
<tr style="background-color:#dbe8f5;"><td style="padding:3px;"><b>ประเภทอ้อย</b></td><td style="padding:3px;">ตอ1</td></tr>
<tr style="background-color:#f0f5fa;"><td style="padding:3px;"><b>พื้นที่</b></td><td style="padding:3px;">1.63</td></tr>
<tr style="background-color:#dbe8f5;"><td style="padding:3px;"><b>ปีผลิต</b></td><td style="padding:3px;">256970</td></tr>
<tr style="background-color:#f0f5fa;"><td style="padding:3px;"><b>ตันรวม</b></td><td style="padding:3px;">14.67</td></tr>
<tr style="background-color:#dbe8f5;"><td style="padding:3px;"><b>สถานที่ส่งอ้อย_1</b></td><td style="padding:3px;">รถตัด</td></tr>
</table>]]></description>
      <MultiGeometry><Polygon><outerBoundaryIs><LinearRing><coordinates>103.809799999653,14.7948749999235 103.809720000069,14.794565000069 103.809073332697,14.7946933334881 103.809120000014,14.7950133334481 103.809799999653,14.7948749999235</coordinates></LinearRing></outerBoundaryIs></Polygon></MultiGeometry>
    </Placemark>
    <Placemark>
      <name>321503121508</name>
      <styleUrl>#style_42_001</styleUrl>
      <description><![CDATA[<h3 style="margin-bottom:6px; font-family:sans-serif;">321503121508</h3>
<table style="width:100%; border-collapse:collapse; font-family:sans-serif; font-size:12px;">
<tr style="background-color:#99bfe6; color:#000; font-weight:bold;"><td colspan="2" style="padding:4px; text-align:center;">321503121508</td></tr>
<tr style="background-color:#f0f5fa;"><td style="padding:3px; width:45%;"><b>FID</b></td><td style="padding:3px;">3714</td></tr>
<tr style="background-color:#dbe8f5;"><td style="padding:3px;"><b>รหัสแปลง</b></td><td style="padding:3px;">321503121508</td></tr>
<tr style="background-color:#f0f5fa;"><td style="padding:3px;"><b>รหัสกลุ่มคิว</b></td><td style="padding:3px;">42_001</td></tr>
<tr style="background-color:#dbe8f5;"><td style="padding:3px;"><b>นักเกษตร</b></td><td style="padding:3px;">4201</td></tr>
<tr style="background-color:#f0f5fa;"><td style="padding:3px;"><b>ศูนย์</b></td><td style="padding:3px;">K2-42</td></tr>
<tr style="background-color:#dbe8f5;"><td style="padding:3px;"><b>สถานที่ส่งอ้อย</b></td><td style="padding:3px;">รถตัด</td></tr>
<tr style="background-color:#f0f5fa;"><td style="padding:3px;"><b>ประเภทคิว</b></td><td style="padding:3px;">รถตัด</td></tr>
<tr style="background-color:#dbe8f5;"><td style="padding:3px;"><b>ประเภทรถ</b></td><td style="padding:3px;">10 ล้อเดี่ยว</td></tr>
<tr style="background-color:#f0f5fa;"><td style="padding:3px;"><b>ประเภทชาวไร่</b></td><td style="padding:3px;">รถตัด</td></tr>
<tr style="background-color:#dbe8f5;"><td style="padding:3px;"><b>สถานีขนถ่าย</b></td><td style="padding:3px;"></td></tr>
<tr style="background-color:#f0f5fa;"><td style="padding:3px;"><b>สถานะยืนยัน</b></td><td style="padding:3px;">N</td></tr>
<tr style="background-color:#dbe8f5;"><td style="padding:3px;"><b>โควตา</b></td><td style="padding:3px;">743427</td></tr>
<tr style="background-color:#f0f5fa;"><td style="padding:3px;"><b>ชาวไร่</b></td><td style="padding:3px;">นาง ละม้าย บุญร่วม</td></tr>
<tr style="background-color:#dbe8f5;"><td style="padding:3px;"><b>ประเภทอ้อย</b></td><td style="padding:3px;">ตอ2</td></tr>
<tr style="background-color:#f0f5fa;"><td style="padding:3px;"><b>พื้นที่</b></td><td style="padding:3px;">1.78</td></tr>
<tr style="background-color:#dbe8f5;"><td style="padding:3px;"><b>ปีผลิต</b></td><td style="padding:3px;">256970</td></tr>
<tr style="background-color:#f0f5fa;"><td style="padding:3px;"><b>ตันรวม</b></td><td style="padding:3px;">14.24</td></tr>
<tr style="background-color:#dbe8f5;"><td style="padding:3px;"><b>สถานที่ส่งอ้อย_1</b></td><td style="padding:3px;">รถตัด</td></tr>
</table>]]></description>
      <MultiGeometry><Polygon><outerBoundaryIs><LinearRing><coordinates>103.808463399765,14.792802109915 103.808997850036,14.7926810500698 103.808781999623,14.7922352297076 103.808333189482,14.7923712598622 103.808463399765,14.792802109915</coordinates></LinearRing></outerBoundaryIs></Polygon></MultiGeometry>
    </Placemark>
    <Placemark>
      <name>321503121551</name>
      <styleUrl>#style_42_001</styleUrl>
      <description><![CDATA[<h3 style="margin-bottom:6px; font-family:sans-serif;">321503121551</h3>
<table style="width:100%; border-collapse:collapse; font-family:sans-serif; font-size:12px;">
<tr style="background-color:#99bfe6; color:#000; font-weight:bold;"><td colspan="2" style="padding:4px; text-align:center;">321503121551</td></tr>
<tr style="background-color:#f0f5fa;"><td style="padding:3px; width:45%;"><b>FID</b></td><td style="padding:3px;">3715</td></tr>
<tr style="background-color:#dbe8f5;"><td style="padding:3px;"><b>รหัสแปลง</b></td><td style="padding:3px;">321503121551</td></tr>
<tr style="background-color:#f0f5fa;"><td style="padding:3px;"><b>รหัสกลุ่มคิว</b></td><td style="padding:3px;">42_001</td></tr>
<tr style="background-color:#dbe8f5;"><td style="padding:3px;"><b>นักเกษตร</b></td><td style="padding:3px;">4201</td></tr>
<tr style="background-color:#f0f5fa;"><td style="padding:3px;"><b>ศูนย์</b></td><td style="padding:3px;">K2-42</td></tr>
<tr style="background-color:#dbe8f5;"><td style="padding:3px;"><b>สถานที่ส่งอ้อย</b></td><td style="padding:3px;">รถตัด</td></tr>
<tr style="background-color:#f0f5fa;"><td style="padding:3px;"><b>ประเภทคิว</b></td><td style="padding:3px;">รถตัด</td></tr>
<tr style="background-color:#dbe8f5;"><td style="padding:3px;"><b>ประเภทรถ</b></td><td style="padding:3px;">10 ล้อเดี่ยว</td></tr>
<tr style="background-color:#f0f5fa;"><td style="padding:3px;"><b>ประเภทชาวไร่</b></td><td style="padding:3px;">รถตัด</td></tr>
<tr style="background-color:#dbe8f5;"><td style="padding:3px;"><b>สถานีขนถ่าย</b></td><td style="padding:3px;"></td></tr>
<tr style="background-color:#f0f5fa;"><td style="padding:3px;"><b>สถานะยืนยัน</b></td><td style="padding:3px;">N</td></tr>
<tr style="background-color:#dbe8f5;"><td style="padding:3px;"><b>โควตา</b></td><td style="padding:3px;">743427</td></tr>
<tr style="background-color:#f0f5fa;"><td style="padding:3px;"><b>ชาวไร่</b></td><td style="padding:3px;">นาง ละม้าย บุญร่วม</td></tr>
<tr style="background-color:#dbe8f5;"><td style="padding:3px;"><b>ประเภทอ้อย</b></td><td style="padding:3px;">ตอ2</td></tr>
<tr style="background-color:#f0f5fa;"><td style="padding:3px;"><b>พื้นที่</b></td><td style="padding:3px;">0.69</td></tr>
<tr style="background-color:#dbe8f5;"><td style="padding:3px;"><b>ปีผลิต</b></td><td style="padding:3px;">256970</td></tr>
<tr style="background-color:#f0f5fa;"><td style="padding:3px;"><b>ตันรวม</b></td><td style="padding:3px;">5.52</td></tr>
<tr style="background-color:#dbe8f5;"><td style="padding:3px;"><b>สถานที่ส่งอ้อย_1</b></td><td style="padding:3px;">รถตัด</td></tr>
</table>]]></description>
      <MultiGeometry><Polygon><outerBoundaryIs><LinearRing><coordinates>103.808358190888,14.7923661513204 103.808765507845,14.7922306664925 103.808718184739,14.7920461073157 103.808355331864,14.7921172832091 103.808309374439,14.7921406638426 103.808358190888,14.7923661513204</coordinates></LinearRing></outerBoundaryIs></Polygon></MultiGeometry>
    </Placemark>
    <Placemark>
      <name>321503150058</name>
      <styleUrl>#style_42_001</styleUrl>
      <description><![CDATA[<h3 style="margin-bottom:6px; font-family:sans-serif;">321503150058</h3>
<table style="width:100%; border-collapse:collapse; font-family:sans-serif; font-size:12px;">
<tr style="background-color:#99bfe6; color:#000; font-weight:bold;"><td colspan="2" style="padding:4px; text-align:center;">321503150058</td></tr>
<tr style="background-color:#f0f5fa;"><td style="padding:3px; width:45%;"><b>FID</b></td><td style="padding:3px;">3716</td></tr>
<tr style="background-color:#dbe8f5;"><td style="padding:3px;"><b>รหัสแปลง</b></td><td style="padding:3px;">321503150058</td></tr>
<tr style="background-color:#f0f5fa;"><td style="padding:3px;"><b>รหัสกลุ่มคิว</b></td><td style="padding:3px;">42_001</td></tr>
<tr style="background-color:#dbe8f5;"><td style="padding:3px;"><b>นักเกษตร</b></td><td style="padding:3px;">4201</td></tr>
<tr style="background-color:#f0f5fa;"><td style="padding:3px;"><b>ศูนย์</b></td><td style="padding:3px;">K2-42</td></tr>
<tr style="background-color:#dbe8f5;"><td style="padding:3px;"><b>สถานที่ส่งอ้อย</b></td><td style="padding:3px;">รถตัด</td></tr>
<tr style="background-color:#f0f5fa;"><td style="padding:3px;"><b>ประเภทคิว</b></td><td style="padding:3px;">รถตัด</td></tr>
<tr style="background-color:#dbe8f5;"><td style="padding:3px;"><b>ประเภทรถ</b></td><td style="padding:3px;">10 ล้อเดี่ยว</td></tr>
<tr style="background-color:#f0f5fa;"><td style="padding:3px;"><b>ประเภทชาวไร่</b></td><td style="padding:3px;">รถตัด</td></tr>
<tr style="background-color:#dbe8f5;"><td style="padding:3px;"><b>สถานีขนถ่าย</b></td><td style="padding:3px;"></td></tr>
<tr style="background-color:#f0f5fa;"><td style="padding:3px;"><b>สถานะยืนยัน</b></td><td style="padding:3px;">N</td></tr>
<tr style="background-color:#dbe8f5;"><td style="padding:3px;"><b>โควตา</b></td><td style="padding:3px;">742322</td></tr>
<tr style="background-color:#f0f5fa;"><td style="padding:3px;"><b>ชาวไร่</b></td><td style="padding:3px;">นาง รุ่งเรือง แสงศรี</td></tr>
<tr style="background-color:#dbe8f5;"><td style="padding:3px;"><b>ประเภทอ้อย</b></td><td style="padding:3px;">ตอ1</td></tr>
<tr style="background-color:#f0f5fa;"><td style="padding:3px;"><b>พื้นที่</b></td><td style="padding:3px;">4.44</td></tr>
<tr style="background-color:#dbe8f5;"><td style="padding:3px;"><b>ปีผลิต</b></td><td style="padding:3px;">256970</td></tr>
<tr style="background-color:#f0f5fa;"><td style="padding:3px;"><b>ตันรวม</b></td><td style="padding:3px;">39.96</td></tr>
<tr style="background-color:#dbe8f5;"><td style="padding:3px;"><b>สถานที่ส่งอ้อย_1</b></td><td style="padding:3px;">รถตัด</td></tr>
</table>]]></description>
      <MultiGeometry><Polygon><outerBoundaryIs><LinearRing><coordinates>103.83599166651,14.7971883329036 103.83464166662,14.7978399997613 103.834856666862,14.7982533331407 103.835030000234,14.7981633329031 103.835274999683,14.7980249996112 103.83552999986,14.79786499992 103.83607999948,14.797491666946 103.83599166651,14.7971883329036</coordinates></LinearRing></outerBoundaryIs></Polygon></MultiGeometry>
    </Placemark>
    <Placemark>
      <name>321503150170</name>
      <styleUrl>#style_42_001</styleUrl>
      <description><![CDATA[<h3 style="margin-bottom:6px; font-family:sans-serif;">321503150170</h3>
<table style="width:100%; border-collapse:collapse; font-family:sans-serif; font-size:12px;">
<tr style="background-color:#99bfe6; color:#000; font-weight:bold;"><td colspan="2" style="padding:4px; text-align:center;">321503150170</td></tr>
<tr style="background-color:#f0f5fa;"><td style="padding:3px; width:45%;"><b>FID</b></td><td style="padding:3px;">3717</td></tr>
<tr style="background-color:#dbe8f5;"><td style="padding:3px;"><b>รหัสแปลง</b></td><td style="padding:3px;">321503150170</td></tr>
<tr style="background-color:#f0f5fa;"><td style="padding:3px;"><b>รหัสกลุ่มคิว</b></td><td style="padding:3px;">42_001</td></tr>
<tr style="background-color:#dbe8f5;"><td style="padding:3px;"><b>นักเกษตร</b></td><td style="padding:3px;">4201</td></tr>
<tr style="background-color:#f0f5fa;"><td style="padding:3px;"><b>ศูนย์</b></td><td style="padding:3px;">K2-42</td></tr>
<tr style="background-color:#dbe8f5;"><td style="padding:3px;"><b>สถานที่ส่งอ้อย</b></td><td style="padding:3px;">รถตัด</td></tr>
<tr style="background-color:#f0f5fa;"><td style="padding:3px;"><b>ประเภทคิว</b></td><td style="padding:3px;">รถตัด</td></tr>
<tr style="background-color:#dbe8f5;"><td style="padding:3px;"><b>ประเภทรถ</b></td><td style="padding:3px;">10 ล้อเดี่ยว</td></tr>
<tr style="background-color:#f0f5fa;"><td style="padding:3px;"><b>ประเภทชาวไร่</b></td><td style="padding:3px;">รถตัด</td></tr>
<tr style="background-color:#dbe8f5;"><td style="padding:3px;"><b>สถานีขนถ่าย</b></td><td style="padding:3px;"></td></tr>
<tr style="background-color:#f0f5fa;"><td style="padding:3px;"><b>สถานะยืนยัน</b></td><td style="padding:3px;">N</td></tr>
<tr style="background-color:#dbe8f5;"><td style="padding:3px;"><b>โควตา</b></td><td style="padding:3px;">742143</td></tr>
<tr style="background-color:#f0f5fa;"><td style="padding:3px;"><b>ชาวไร่</b></td><td style="padding:3px;">นาย จรุง บุญร่วม</td></tr>
<tr style="background-color:#dbe8f5;"><td style="padding:3px;"><b>ประเภทอ้อย</b></td><td style="padding:3px;">ตอ1</td></tr>
<tr style="background-color:#f0f5fa;"><td style="padding:3px;"><b>พื้นที่</b></td><td style="padding:3px;">3.09</td></tr>
<tr style="background-color:#dbe8f5;"><td style="padding:3px;"><b>ปีผลิต</b></td><td style="padding:3px;">256970</td></tr>
<tr style="background-color:#f0f5fa;"><td style="padding:3px;"><b>ตันรวม</b></td><td style="padding:3px;">27.81</td></tr>
<tr style="background-color:#dbe8f5;"><td style="padding:3px;"><b>สถานที่ส่งอ้อย_1</b></td><td style="padding:3px;">รถตัด</td></tr>
</table>]]></description>
      <MultiGeometry><Polygon><outerBoundaryIs><LinearRing><coordinates>103.839674999429,14.7759533335015 103.840624999979,14.7757483328774 103.840603333406,14.7756199999466 103.840601666557,14.7755233335786 103.840519999815,14.775471666664 103.840440000219,14.7754799996088 103.840422374373,14.7753796694536 103.839815000229,14.7754633330134 103.83981999998,14.7754016670418 103.839594999364,14.7754583332023 103.839674999429,14.7759533335015</coordinates></LinearRing></outerBoundaryIs></Polygon></MultiGeometry>
    </Placemark>
    <Placemark>
      <name>321503151622</name>
      <styleUrl>#style_42_001</styleUrl>
      <description><![CDATA[<h3 style="margin-bottom:6px; font-family:sans-serif;">321503151622</h3>
<table style="width:100%; border-collapse:collapse; font-family:sans-serif; font-size:12px;">
<tr style="background-color:#99bfe6; color:#000; font-weight:bold;"><td colspan="2" style="padding:4px; text-align:center;">321503151622</td></tr>
<tr style="background-color:#f0f5fa;"><td style="padding:3px; width:45%;"><b>FID</b></td><td style="padding:3px;">3718</td></tr>
<tr style="background-color:#dbe8f5;"><td style="padding:3px;"><b>รหัสแปลง</b></td><td style="padding:3px;">321503151622</td></tr>
<tr style="background-color:#f0f5fa;"><td style="padding:3px;"><b>รหัสกลุ่มคิว</b></td><td style="padding:3px;">42_001</td></tr>
<tr style="background-color:#dbe8f5;"><td style="padding:3px;"><b>นักเกษตร</b></td><td style="padding:3px;">4201</td></tr>
<tr style="background-color:#f0f5fa;"><td style="padding:3px;"><b>ศูนย์</b></td><td style="padding:3px;">K2-42</td></tr>
<tr style="background-color:#dbe8f5;"><td style="padding:3px;"><b>สถานที่ส่งอ้อย</b></td><td style="padding:3px;">รถตัด</td></tr>
<tr style="background-color:#f0f5fa;"><td style="padding:3px;"><b>ประเภทคิว</b></td><td style="padding:3px;">รถตัด</td></tr>
<tr style="background-color:#dbe8f5;"><td style="padding:3px;"><b>ประเภทรถ</b></td><td style="padding:3px;">10 ล้อเดี่ยว</td></tr>
<tr style="background-color:#f0f5fa;"><td style="padding:3px;"><b>ประเภทชาวไร่</b></td><td style="padding:3px;">รถตัด</td></tr>
<tr style="background-color:#dbe8f5;"><td style="padding:3px;"><b>สถานีขนถ่าย</b></td><td style="padding:3px;"></td></tr>
<tr style="background-color:#f0f5fa;"><td style="padding:3px;"><b>สถานะยืนยัน</b></td><td style="padding:3px;">N</td></tr>
<tr style="background-color:#dbe8f5;"><td style="padding:3px;"><b>โควตา</b></td><td style="padding:3px;">743424</td></tr>
<tr style="background-color:#f0f5fa;"><td style="padding:3px;"><b>ชาวไร่</b></td><td style="padding:3px;">นาย เสถียร จอกทอง</td></tr>
<tr style="background-color:#dbe8f5;"><td style="padding:3px;"><b>ประเภทอ้อย</b></td><td style="padding:3px;">ตอ5</td></tr>
<tr style="background-color:#f0f5fa;"><td style="padding:3px;"><b>พื้นที่</b></td><td style="padding:3px;">13.58</td></tr>
<tr style="background-color:#dbe8f5;"><td style="padding:3px;"><b>ปีผลิต</b></td><td style="padding:3px;">256970</td></tr>
<tr style="background-color:#f0f5fa;"><td style="padding:3px;"><b>ตันรวม</b></td><td style="padding:3px;">95.06</td></tr>
<tr style="background-color:#dbe8f5;"><td style="padding:3px;"><b>สถานที่ส่งอ้อย_1</b></td><td style="padding:3px;">รถตัด</td></tr>
</table>]]></description>
      <MultiGeometry><Polygon><outerBoundaryIs><LinearRing><coordinates>103.842140609552,14.814807699898 103.842060829392,14.8144447002981 103.837929229566,14.8150995798313 103.837867400028,14.8154757899424 103.83883023964,14.8154032896148 103.840390909895,14.8151751602667 103.842140609552,14.814807699898</coordinates></LinearRing></outerBoundaryIs></Polygon></MultiGeometry>
    </Placemark>
    <Placemark>
      <name>321503151673</name>
      <styleUrl>#style_42_001</styleUrl>
      <description><![CDATA[<h3 style="margin-bottom:6px; font-family:sans-serif;">321503151673</h3>
<table style="width:100%; border-collapse:collapse; font-family:sans-serif; font-size:12px;">
<tr style="background-color:#99bfe6; color:#000; font-weight:bold;"><td colspan="2" style="padding:4px; text-align:center;">321503151673</td></tr>
<tr style="background-color:#f0f5fa;"><td style="padding:3px; width:45%;"><b>FID</b></td><td style="padding:3px;">3719</td></tr>
<tr style="background-color:#dbe8f5;"><td style="padding:3px;"><b>รหัสแปลง</b></td><td style="padding:3px;">321503151673</td></tr>
<tr style="background-color:#f0f5fa;"><td style="padding:3px;"><b>รหัสกลุ่มคิว</b></td><td style="padding:3px;">42_001</td></tr>
<tr style="background-color:#dbe8f5;"><td style="padding:3px;"><b>นักเกษตร</b></td><td style="padding:3px;">4201</td></tr>
<tr style="background-color:#f0f5fa;"><td style="padding:3px;"><b>ศูนย์</b></td><td style="padding:3px;">K2-42</td></tr>
<tr style="background-color:#dbe8f5;"><td style="padding:3px;"><b>สถานที่ส่งอ้อย</b></td><td style="padding:3px;">รถตัด</td></tr>
<tr style="background-color:#f0f5fa;"><td style="padding:3px;"><b>ประเภทคิว</b></td><td style="padding:3px;">รถตัด</td></tr>
<tr style="background-color:#dbe8f5;"><td style="padding:3px;"><b>ประเภทรถ</b></td><td style="padding:3px;">10 ล้อเดี่ยว</td></tr>
<tr style="background-color:#f0f5fa;"><td style="padding:3px;"><b>ประเภทชาวไร่</b></td><td style="padding:3px;">รถตัด</td></tr>
<tr style="background-color:#dbe8f5;"><td style="padding:3px;"><b>สถานีขนถ่าย</b></td><td style="padding:3px;"></td></tr>
<tr style="background-color:#f0f5fa;"><td style="padding:3px;"><b>สถานะยืนยัน</b></td><td style="padding:3px;">N</td></tr>
<tr style="background-color:#dbe8f5;"><td style="padding:3px;"><b>โควตา</b></td><td style="padding:3px;">741192</td></tr>
<tr style="background-color:#f0f5fa;"><td style="padding:3px;"><b>ชาวไร่</b></td><td style="padding:3px;">นาย สมพงษ์ สวัสดี</td></tr>
<tr style="background-color:#dbe8f5;"><td style="padding:3px;"><b>ประเภทอ้อย</b></td><td style="padding:3px;">ตอ1</td></tr>
<tr style="background-color:#f0f5fa;"><td style="padding:3px;"><b>พื้นที่</b></td><td style="padding:3px;">2.46</td></tr>
<tr style="background-color:#dbe8f5;"><td style="padding:3px;"><b>ปีผลิต</b></td><td style="padding:3px;">256970</td></tr>
<tr style="background-color:#f0f5fa;"><td style="padding:3px;"><b>ตันรวม</b></td><td style="padding:3px;">22.14</td></tr>
<tr style="background-color:#dbe8f5;"><td style="padding:3px;"><b>สถานที่ส่งอ้อย_1</b></td><td style="padding:3px;">รถตัด</td></tr>
</table>]]></description>
      <MultiGeometry><Polygon><outerBoundaryIs><LinearRing><coordinates>103.840606666742,14.8025749997221 103.84100333313,14.8024866663866 103.840856666661,14.8016916665746 103.840701666227,14.8017100003366 103.840658332947,14.8016783335294 103.840484999589,14.8016966663897 103.840606666742,14.8025749997221</coordinates></LinearRing></outerBoundaryIs></Polygon></MultiGeometry>
    </Placemark>
    <Placemark>
      <name>321505021508</name>
      <styleUrl>#style_42_001</styleUrl>
      <description><![CDATA[<h3 style="margin-bottom:6px; font-family:sans-serif;">321505021508</h3>
<table style="width:100%; border-collapse:collapse; font-family:sans-serif; font-size:12px;">
<tr style="background-color:#99bfe6; color:#000; font-weight:bold;"><td colspan="2" style="padding:4px; text-align:center;">321505021508</td></tr>
<tr style="background-color:#f0f5fa;"><td style="padding:3px; width:45%;"><b>FID</b></td><td style="padding:3px;">3721</td></tr>
<tr style="background-color:#dbe8f5;"><td style="padding:3px;"><b>รหัสแปลง</b></td><td style="padding:3px;">321505021508</td></tr>
<tr style="background-color:#f0f5fa;"><td style="padding:3px;"><b>รหัสกลุ่มคิว</b></td><td style="padding:3px;">42_001</td></tr>
<tr style="background-color:#dbe8f5;"><td style="padding:3px;"><b>นักเกษตร</b></td><td style="padding:3px;">4201</td></tr>
<tr style="background-color:#f0f5fa;"><td style="padding:3px;"><b>ศูนย์</b></td><td style="padding:3px;">K2-42</td></tr>
<tr style="background-color:#dbe8f5;"><td style="padding:3px;"><b>สถานที่ส่งอ้อย</b></td><td style="padding:3px;">รถตัด</td></tr>
<tr style="background-color:#f0f5fa;"><td style="padding:3px;"><b>ประเภทคิว</b></td><td style="padding:3px;">รถตัด</td></tr>
<tr style="background-color:#dbe8f5;"><td style="padding:3px;"><b>ประเภทรถ</b></td><td style="padding:3px;">10 ล้อเดี่ยว</td></tr>
<tr style="background-color:#f0f5fa;"><td style="padding:3px;"><b>ประเภทชาวไร่</b></td><td style="padding:3px;">รถตัด</td></tr>
<tr style="background-color:#dbe8f5;"><td style="padding:3px;"><b>สถานีขนถ่าย</b></td><td style="padding:3px;"></td></tr>
<tr style="background-color:#f0f5fa;"><td style="padding:3px;"><b>สถานะยืนยัน</b></td><td style="padding:3px;">N</td></tr>
<tr style="background-color:#dbe8f5;"><td style="padding:3px;"><b>โควตา</b></td><td style="padding:3px;">744314</td></tr>
<tr style="background-color:#f0f5fa;"><td style="padding:3px;"><b>ชาวไร่</b></td><td style="padding:3px;">นาง สุภาภรณ์ โสมพิมาย</td></tr>
<tr style="background-color:#dbe8f5;"><td style="padding:3px;"><b>ประเภทอ้อย</b></td><td style="padding:3px;">ปลายฝน</td></tr>
<tr style="background-color:#f0f5fa;"><td style="padding:3px;"><b>พื้นที่</b></td><td style="padding:3px;">2.73</td></tr>
<tr style="background-color:#dbe8f5;"><td style="padding:3px;"><b>ปีผลิต</b></td><td style="padding:3px;">256970</td></tr>
<tr style="background-color:#f0f5fa;"><td style="padding:3px;"><b>ตันรวม</b></td><td style="padding:3px;">35.49</td></tr>
<tr style="background-color:#dbe8f5;"><td style="padding:3px;"><b>สถานที่ส่งอ้อย_1</b></td><td style="padding:3px;">รถตัด</td></tr>
</table>]]></description>
      <MultiGeometry><Polygon><outerBoundaryIs><LinearRing><coordinates>103.839616666426,14.7553766670442 103.839856666838,14.7554100003736 103.839879999928,14.7538183332854 103.83964999976,14.7538649997867 103.839616666426,14.7553766670442</coordinates></LinearRing></outerBoundaryIs></Polygon></MultiGeometry>
    </Placemark>
    <Placemark>
      <name>321505021534</name>
      <styleUrl>#style_42_001</styleUrl>
      <description><![CDATA[<h3 style="margin-bottom:6px; font-family:sans-serif;">321505021534</h3>
<table style="width:100%; border-collapse:collapse; font-family:sans-serif; font-size:12px;">
<tr style="background-color:#99bfe6; color:#000; font-weight:bold;"><td colspan="2" style="padding:4px; text-align:center;">321505021534</td></tr>
<tr style="background-color:#f0f5fa;"><td style="padding:3px; width:45%;"><b>FID</b></td><td style="padding:3px;">3722</td></tr>
<tr style="background-color:#dbe8f5;"><td style="padding:3px;"><b>รหัสแปลง</b></td><td style="padding:3px;">321505021534</td></tr>
<tr style="background-color:#f0f5fa;"><td style="padding:3px;"><b>รหัสกลุ่มคิว</b></td><td style="padding:3px;">42_001</td></tr>
<tr style="background-color:#dbe8f5;"><td style="padding:3px;"><b>นักเกษตร</b></td><td style="padding:3px;">4201</td></tr>
<tr style="background-color:#f0f5fa;"><td style="padding:3px;"><b>ศูนย์</b></td><td style="padding:3px;">K2-42</td></tr>
<tr style="background-color:#dbe8f5;"><td style="padding:3px;"><b>สถานที่ส่งอ้อย</b></td><td style="padding:3px;">รถตัด</td></tr>
<tr style="background-color:#f0f5fa;"><td style="padding:3px;"><b>ประเภทคิว</b></td><td style="padding:3px;">รถตัด</td></tr>
<tr style="background-color:#dbe8f5;"><td style="padding:3px;"><b>ประเภทรถ</b></td><td style="padding:3px;">10 ล้อเดี่ยว</td></tr>
<tr style="background-color:#f0f5fa;"><td style="padding:3px;"><b>ประเภทชาวไร่</b></td><td style="padding:3px;">รถตัด</td></tr>
<tr style="background-color:#dbe8f5;"><td style="padding:3px;"><b>สถานีขนถ่าย</b></td><td style="padding:3px;"></td></tr>
<tr style="background-color:#f0f5fa;"><td style="padding:3px;"><b>สถานะยืนยัน</b></td><td style="padding:3px;">N</td></tr>
<tr style="background-color:#dbe8f5;"><td style="padding:3px;"><b>โควตา</b></td><td style="padding:3px;">741195</td></tr>
<tr style="background-color:#f0f5fa;"><td style="padding:3px;"><b>ชาวไร่</b></td><td style="padding:3px;">นาง เลียบ บุญธรรม</td></tr>
<tr style="background-color:#dbe8f5;"><td style="padding:3px;"><b>ประเภทอ้อย</b></td><td style="padding:3px;">ปลายฝน</td></tr>
<tr style="background-color:#f0f5fa;"><td style="padding:3px;"><b>พื้นที่</b></td><td style="padding:3px;">8.17</td></tr>
<tr style="background-color:#dbe8f5;"><td style="padding:3px;"><b>ปีผลิต</b></td><td style="padding:3px;">256970</td></tr>
<tr style="background-color:#f0f5fa;"><td style="padding:3px;"><b>ตันรวม</b></td><td style="padding:3px;">106.21</td></tr>
<tr style="background-color:#dbe8f5;"><td style="padding:3px;"><b>สถานที่ส่งอ้อย_1</b></td><td style="padding:3px;">รถตัด</td></tr>
</table>]]></description>
      <MultiGeometry><Polygon><outerBoundaryIs><LinearRing><coordinates>103.838201666287,14.7523500002288 103.838881666919,14.752290000162 103.838844999566,14.7507533336158 103.838146666458,14.7507249997545 103.838201666287,14.7523500002288</coordinates></LinearRing></outerBoundaryIs></Polygon></MultiGeometry>
    </Placemark>
    <Placemark>
      <name>321505021556</name>
      <styleUrl>#style_42_001</styleUrl>
      <description><![CDATA[<h3 style="margin-bottom:6px; font-family:sans-serif;">321505021556</h3>
<table style="width:100%; border-collapse:collapse; font-family:sans-serif; font-size:12px;">
<tr style="background-color:#99bfe6; color:#000; font-weight:bold;"><td colspan="2" style="padding:4px; text-align:center;">321505021556</td></tr>
<tr style="background-color:#f0f5fa;"><td style="padding:3px; width:45%;"><b>FID</b></td><td style="padding:3px;">3723</td></tr>
<tr style="background-color:#dbe8f5;"><td style="padding:3px;"><b>รหัสแปลง</b></td><td style="padding:3px;">321505021556</td></tr>
<tr style="background-color:#f0f5fa;"><td style="padding:3px;"><b>รหัสกลุ่มคิว</b></td><td style="padding:3px;">42_001</td></tr>
<tr style="background-color:#dbe8f5;"><td style="padding:3px;"><b>นักเกษตร</b></td><td style="padding:3px;">4201</td></tr>
<tr style="background-color:#f0f5fa;"><td style="padding:3px;"><b>ศูนย์</b></td><td style="padding:3px;">K2-42</td></tr>
<tr style="background-color:#dbe8f5;"><td style="padding:3px;"><b>สถานที่ส่งอ้อย</b></td><td style="padding:3px;">รถตัด</td></tr>
<tr style="background-color:#f0f5fa;"><td style="padding:3px;"><b>ประเภทคิว</b></td><td style="padding:3px;">รถตัด</td></tr>
<tr style="background-color:#dbe8f5;"><td style="padding:3px;"><b>ประเภทรถ</b></td><td style="padding:3px;">10 ล้อเดี่ยว</td></tr>
<tr style="background-color:#f0f5fa;"><td style="padding:3px;"><b>ประเภทชาวไร่</b></td><td style="padding:3px;">รถตัด</td></tr>
<tr style="background-color:#dbe8f5;"><td style="padding:3px;"><b>สถานีขนถ่าย</b></td><td style="padding:3px;"></td></tr>
<tr style="background-color:#f0f5fa;"><td style="padding:3px;"><b>สถานะยืนยัน</b></td><td style="padding:3px;">N</td></tr>
<tr style="background-color:#dbe8f5;"><td style="padding:3px;"><b>โควตา</b></td><td style="padding:3px;">744314</td></tr>
<tr style="background-color:#f0f5fa;"><td style="padding:3px;"><b>ชาวไร่</b></td><td style="padding:3px;">นาง สุภาภรณ์ โสมพิมาย</td></tr>
<tr style="background-color:#dbe8f5;"><td style="padding:3px;"><b>ประเภทอ้อย</b></td><td style="padding:3px;">ตอ3</td></tr>
<tr style="background-color:#f0f5fa;"><td style="padding:3px;"><b>พื้นที่</b></td><td style="padding:3px;">7.91</td></tr>
<tr style="background-color:#dbe8f5;"><td style="padding:3px;"><b>ปีผลิต</b></td><td style="padding:3px;">256970</td></tr>
<tr style="background-color:#f0f5fa;"><td style="padding:3px;"><b>ตันรวม</b></td><td style="padding:3px;">55.37</td></tr>
<tr style="background-color:#dbe8f5;"><td style="padding:3px;"><b>สถานที่ส่งอ้อย_1</b></td><td style="padding:3px;">รถตัด</td></tr>
</table>]]></description>
      <MultiGeometry><Polygon><outerBoundaryIs><LinearRing><coordinates>103.838893333519,14.7523616662888 103.83912105296,14.7523602670832 103.839146175842,14.7519567187374 103.839077888478,14.751938357468 103.839105945269,14.7517667831956 103.839265166982,14.7517748896174 103.839248125813,14.7519569638761 103.839168920896,14.7519436023646 103.83914849795,14.7519564311718 103.839122767497,14.7523602311129 103.83959499971,14.7523583334018 103.839513333337,14.7507966661829 103.838841666165,14.7507533332354 103.838893333519,14.7523616662888</coordinates></LinearRing></outerBoundaryIs></Polygon></MultiGeometry>
    </Placemark>
    <Placemark>
      <name>321505021579</name>
      <styleUrl>#style_42_001</styleUrl>
      <description><![CDATA[<h3 style="margin-bottom:6px; font-family:sans-serif;">321505021579</h3>
<table style="width:100%; border-collapse:collapse; font-family:sans-serif; font-size:12px;">
<tr style="background-color:#99bfe6; color:#000; font-weight:bold;"><td colspan="2" style="padding:4px; text-align:center;">321505021579</td></tr>
<tr style="background-color:#f0f5fa;"><td style="padding:3px; width:45%;"><b>FID</b></td><td style="padding:3px;">3724</td></tr>
<tr style="background-color:#dbe8f5;"><td style="padding:3px;"><b>รหัสแปลง</b></td><td style="padding:3px;">321505021579</td></tr>
<tr style="background-color:#f0f5fa;"><td style="padding:3px;"><b>รหัสกลุ่มคิว</b></td><td style="padding:3px;">42_001</td></tr>
<tr style="background-color:#dbe8f5;"><td style="padding:3px;"><b>นักเกษตร</b></td><td style="padding:3px;">4201</td></tr>
<tr style="background-color:#f0f5fa;"><td style="padding:3px;"><b>ศูนย์</b></td><td style="padding:3px;">K2-42</td></tr>
<tr style="background-color:#dbe8f5;"><td style="padding:3px;"><b>สถานที่ส่งอ้อย</b></td><td style="padding:3px;">รถตัด</td></tr>
<tr style="background-color:#f0f5fa;"><td style="padding:3px;"><b>ประเภทคิว</b></td><td style="padding:3px;">รถตัด</td></tr>
<tr style="background-color:#dbe8f5;"><td style="padding:3px;"><b>ประเภทรถ</b></td><td style="padding:3px;">10 ล้อเดี่ยว</td></tr>
<tr style="background-color:#f0f5fa;"><td style="padding:3px;"><b>ประเภทชาวไร่</b></td><td style="padding:3px;">รถตัด</td></tr>
<tr style="background-color:#dbe8f5;"><td style="padding:3px;"><b>สถานีขนถ่าย</b></td><td style="padding:3px;"></td></tr>
<tr style="background-color:#f0f5fa;"><td style="padding:3px;"><b>สถานะยืนยัน</b></td><td style="padding:3px;">N</td></tr>
<tr style="background-color:#dbe8f5;"><td style="padding:3px;"><b>โควตา</b></td><td style="padding:3px;">741195</td></tr>
<tr style="background-color:#f0f5fa;"><td style="padding:3px;"><b>ชาวไร่</b></td><td style="padding:3px;">นาง เลียบ บุญธรรม</td></tr>
<tr style="background-color:#dbe8f5;"><td style="padding:3px;"><b>ประเภทอ้อย</b></td><td style="padding:3px;">ตอ2</td></tr>
<tr style="background-color:#f0f5fa;"><td style="padding:3px;"><b>พื้นที่</b></td><td style="padding:3px;">4.76</td></tr>
<tr style="background-color:#dbe8f5;"><td style="padding:3px;"><b>ปีผลิต</b></td><td style="padding:3px;">256970</td></tr>
<tr style="background-color:#f0f5fa;"><td style="padding:3px;"><b>ตันรวม</b></td><td style="padding:3px;">38.08</td></tr>
<tr style="background-color:#dbe8f5;"><td style="padding:3px;"><b>สถานที่ส่งอ้อย_1</b></td><td style="padding:3px;">รถตัด</td></tr>
</table>]]></description>
      <MultiGeometry><Polygon><outerBoundaryIs><LinearRing><coordinates>103.839101979714,14.7482666803074 103.83926735936,14.748894319707 103.84024254973,14.7485065797127 103.840186550176,14.7479734099299 103.839101979714,14.7482666803074</coordinates></LinearRing></outerBoundaryIs></Polygon></MultiGeometry>
    </Placemark>
    <Placemark>
      <name>321505030098</name>
      <styleUrl>#style_42_001</styleUrl>
      <description><![CDATA[<h3 style="margin-bottom:6px; font-family:sans-serif;">321505030098</h3>
<table style="width:100%; border-collapse:collapse; font-family:sans-serif; font-size:12px;">
<tr style="background-color:#99bfe6; color:#000; font-weight:bold;"><td colspan="2" style="padding:4px; text-align:center;">321505030098</td></tr>
<tr style="background-color:#f0f5fa;"><td style="padding:3px; width:45%;"><b>FID</b></td><td style="padding:3px;">3725</td></tr>
<tr style="background-color:#dbe8f5;"><td style="padding:3px;"><b>รหัสแปลง</b></td><td style="padding:3px;">321505030098</td></tr>
<tr style="background-color:#f0f5fa;"><td style="padding:3px;"><b>รหัสกลุ่มคิว</b></td><td style="padding:3px;">42_001</td></tr>
<tr style="background-color:#dbe8f5;"><td style="padding:3px;"><b>นักเกษตร</b></td><td style="padding:3px;">4201</td></tr>
<tr style="background-color:#f0f5fa;"><td style="padding:3px;"><b>ศูนย์</b></td><td style="padding:3px;">K2-42</td></tr>
<tr style="background-color:#dbe8f5;"><td style="padding:3px;"><b>สถานที่ส่งอ้อย</b></td><td style="padding:3px;">รถตัด</td></tr>
<tr style="background-color:#f0f5fa;"><td style="padding:3px;"><b>ประเภทคิว</b></td><td style="padding:3px;">รถตัด</td></tr>
<tr style="background-color:#dbe8f5;"><td style="padding:3px;"><b>ประเภทรถ</b></td><td style="padding:3px;">10 ล้อเดี่ยว</td></tr>
<tr style="background-color:#f0f5fa;"><td style="padding:3px;"><b>ประเภทชาวไร่</b></td><td style="padding:3px;">รถตัด</td></tr>
<tr style="background-color:#dbe8f5;"><td style="padding:3px;"><b>สถานีขนถ่าย</b></td><td style="padding:3px;"></td></tr>
<tr style="background-color:#f0f5fa;"><td style="padding:3px;"><b>สถานะยืนยัน</b></td><td style="padding:3px;">N</td></tr>
<tr style="background-color:#dbe8f5;"><td style="padding:3px;"><b>โควตา</b></td><td style="padding:3px;">744443</td></tr>
<tr style="background-color:#f0f5fa;"><td style="padding:3px;"><b>ชาวไร่</b></td><td style="padding:3px;">นาง ลัดดา สายสุด</td></tr>
<tr style="background-color:#dbe8f5;"><td style="padding:3px;"><b>ประเภทอ้อย</b></td><td style="padding:3px;">ตอ1</td></tr>
<tr style="background-color:#f0f5fa;"><td style="padding:3px;"><b>พื้นที่</b></td><td style="padding:3px;">8.54</td></tr>
<tr style="background-color:#dbe8f5;"><td style="padding:3px;"><b>ปีผลิต</b></td><td style="padding:3px;">256970</td></tr>
<tr style="background-color:#f0f5fa;"><td style="padding:3px;"><b>ตันรวม</b></td><td style="padding:3px;">76.86</td></tr>
<tr style="background-color:#dbe8f5;"><td style="padding:3px;"><b>สถานที่ส่งอ้อย_1</b></td><td style="padding:3px;">รถตัด</td></tr>
</table>]]></description>
      <MultiGeometry><Polygon><outerBoundaryIs><LinearRing><coordinates>103.81761833296,14.7868416663299 103.81741499937,14.7860266664387 103.816129999824,14.786273333496 103.816319999481,14.7871399995999 103.81761833296,14.7868416663299</coordinates></LinearRing></outerBoundaryIs></Polygon></MultiGeometry>
    </Placemark>
    <Placemark>
      <name>321505031519</name>
      <styleUrl>#style_42_001</styleUrl>
      <description><![CDATA[<h3 style="margin-bottom:6px; font-family:sans-serif;">321505031519</h3>
<table style="width:100%; border-collapse:collapse; font-family:sans-serif; font-size:12px;">
<tr style="background-color:#99bfe6; color:#000; font-weight:bold;"><td colspan="2" style="padding:4px; text-align:center;">321505031519</td></tr>
<tr style="background-color:#f0f5fa;"><td style="padding:3px; width:45%;"><b>FID</b></td><td style="padding:3px;">3726</td></tr>
<tr style="background-color:#dbe8f5;"><td style="padding:3px;"><b>รหัสแปลง</b></td><td style="padding:3px;">321505031519</td></tr>
<tr style="background-color:#f0f5fa;"><td style="padding:3px;"><b>รหัสกลุ่มคิว</b></td><td style="padding:3px;">42_001</td></tr>
<tr style="background-color:#dbe8f5;"><td style="padding:3px;"><b>นักเกษตร</b></td><td style="padding:3px;">4201</td></tr>
<tr style="background-color:#f0f5fa;"><td style="padding:3px;"><b>ศูนย์</b></td><td style="padding:3px;">K2-42</td></tr>
<tr style="background-color:#dbe8f5;"><td style="padding:3px;"><b>สถานที่ส่งอ้อย</b></td><td style="padding:3px;">รถตัด</td></tr>
<tr style="background-color:#f0f5fa;"><td style="padding:3px;"><b>ประเภทคิว</b></td><td style="padding:3px;">รถตัด</td></tr>
<tr style="background-color:#dbe8f5;"><td style="padding:3px;"><b>ประเภทรถ</b></td><td style="padding:3px;">10 ล้อเดี่ยว</td></tr>
<tr style="background-color:#f0f5fa;"><td style="padding:3px;"><b>ประเภทชาวไร่</b></td><td style="padding:3px;">รถตัด</td></tr>
<tr style="background-color:#dbe8f5;"><td style="padding:3px;"><b>สถานีขนถ่าย</b></td><td style="padding:3px;"></td></tr>
<tr style="background-color:#f0f5fa;"><td style="padding:3px;"><b>สถานะยืนยัน</b></td><td style="padding:3px;">N</td></tr>
<tr style="background-color:#dbe8f5;"><td style="padding:3px;"><b>โควตา</b></td><td style="padding:3px;">744443</td></tr>
<tr style="background-color:#f0f5fa;"><td style="padding:3px;"><b>ชาวไร่</b></td><td style="padding:3px;">นาง ลัดดา สายสุด</td></tr>
<tr style="background-color:#dbe8f5;"><td style="padding:3px;"><b>ประเภทอ้อย</b></td><td style="padding:3px;">ปลายฝน</td></tr>
<tr style="background-color:#f0f5fa;"><td style="padding:3px;"><b>พื้นที่</b></td><td style="padding:3px;">3.27</td></tr>
<tr style="background-color:#dbe8f5;"><td style="padding:3px;"><b>ปีผลิต</b></td><td style="padding:3px;">256970</td></tr>
<tr style="background-color:#f0f5fa;"><td style="padding:3px;"><b>ตันรวม</b></td><td style="padding:3px;">42.51</td></tr>
<tr style="background-color:#dbe8f5;"><td style="padding:3px;"><b>สถานที่ส่งอ้อย_1</b></td><td style="padding:3px;">รถตัด</td></tr>
</table>]]></description>
      <MultiGeometry><Polygon><outerBoundaryIs><LinearRing><coordinates>103.816148333592,14.7866983334435 103.816081666227,14.7863416662554 103.814893333146,14.7866066669951 103.815060000103,14.7869633333757 103.816148333592,14.7866983334435</coordinates></LinearRing></outerBoundaryIs></Polygon></MultiGeometry>
    </Placemark>
    <Placemark>
      <name>321505041595</name>
      <styleUrl>#style_42_001</styleUrl>
      <description><![CDATA[<h3 style="margin-bottom:6px; font-family:sans-serif;">321505041595</h3>
<table style="width:100%; border-collapse:collapse; font-family:sans-serif; font-size:12px;">
<tr style="background-color:#99bfe6; color:#000; font-weight:bold;"><td colspan="2" style="padding:4px; text-align:center;">321505041595</td></tr>
<tr style="background-color:#f0f5fa;"><td style="padding:3px; width:45%;"><b>FID</b></td><td style="padding:3px;">3727</td></tr>
<tr style="background-color:#dbe8f5;"><td style="padding:3px;"><b>รหัสแปลง</b></td><td style="padding:3px;">321505041595</td></tr>
<tr style="background-color:#f0f5fa;"><td style="padding:3px;"><b>รหัสกลุ่มคิว</b></td><td style="padding:3px;">42_001</td></tr>
<tr style="background-color:#dbe8f5;"><td style="padding:3px;"><b>นักเกษตร</b></td><td style="padding:3px;">4201</td></tr>
<tr style="background-color:#f0f5fa;"><td style="padding:3px;"><b>ศูนย์</b></td><td style="padding:3px;">K2-42</td></tr>
<tr style="background-color:#dbe8f5;"><td style="padding:3px;"><b>สถานที่ส่งอ้อย</b></td><td style="padding:3px;">รถตัด</td></tr>
<tr style="background-color:#f0f5fa;"><td style="padding:3px;"><b>ประเภทคิว</b></td><td style="padding:3px;">รถตัด</td></tr>
<tr style="background-color:#dbe8f5;"><td style="padding:3px;"><b>ประเภทรถ</b></td><td style="padding:3px;">10 ล้อเดี่ยว</td></tr>
<tr style="background-color:#f0f5fa;"><td style="padding:3px;"><b>ประเภทชาวไร่</b></td><td style="padding:3px;">รถตัด</td></tr>
<tr style="background-color:#dbe8f5;"><td style="padding:3px;"><b>สถานีขนถ่าย</b></td><td style="padding:3px;"></td></tr>
<tr style="background-color:#f0f5fa;"><td style="padding:3px;"><b>สถานะยืนยัน</b></td><td style="padding:3px;">N</td></tr>
<tr style="background-color:#dbe8f5;"><td style="padding:3px;"><b>โควตา</b></td><td style="padding:3px;">741195</td></tr>
<tr style="background-color:#f0f5fa;"><td style="padding:3px;"><b>ชาวไร่</b></td><td style="padding:3px;">นาง เลียบ บุญธรรม</td></tr>
<tr style="background-color:#dbe8f5;"><td style="padding:3px;"><b>ประเภทอ้อย</b></td><td style="padding:3px;">ปลายฝน</td></tr>
<tr style="background-color:#f0f5fa;"><td style="padding:3px;"><b>พื้นที่</b></td><td style="padding:3px;">12.07</td></tr>
<tr style="background-color:#dbe8f5;"><td style="padding:3px;"><b>ปีผลิต</b></td><td style="padding:3px;">256970</td></tr>
<tr style="background-color:#f0f5fa;"><td style="padding:3px;"><b>ตันรวม</b></td><td style="padding:3px;">156.91</td></tr>
<tr style="background-color:#dbe8f5;"><td style="padding:3px;"><b>สถานที่ส่งอ้อย_1</b></td><td style="padding:3px;">รถตัด</td></tr>
</table>]]></description>
      <MultiGeometry><Polygon><outerBoundaryIs><LinearRing><coordinates>103.839522849037,14.7487994811472 103.839463613448,14.7497750936011 103.839469321115,14.7500527396141 103.839449366741,14.750384277543 103.83947281004,14.7508038048309 103.840189976813,14.7508421378466 103.840246456792,14.7484674652671 103.839522849037,14.7487994811472</coordinates></LinearRing></outerBoundaryIs></Polygon></MultiGeometry>
    </Placemark>
    <Placemark>
      <name>321505050037</name>
      <styleUrl>#style_42_001</styleUrl>
      <description><![CDATA[<h3 style="margin-bottom:6px; font-family:sans-serif;">321505050037</h3>
<table style="width:100%; border-collapse:collapse; font-family:sans-serif; font-size:12px;">
<tr style="background-color:#99bfe6; color:#000; font-weight:bold;"><td colspan="2" style="padding:4px; text-align:center;">321505050037</td></tr>
<tr style="background-color:#f0f5fa;"><td style="padding:3px; width:45%;"><b>FID</b></td><td style="padding:3px;">3728</td></tr>
<tr style="background-color:#dbe8f5;"><td style="padding:3px;"><b>รหัสแปลง</b></td><td style="padding:3px;">321505050037</td></tr>
<tr style="background-color:#f0f5fa;"><td style="padding:3px;"><b>รหัสกลุ่มคิว</b></td><td style="padding:3px;">42_001</td></tr>
<tr style="background-color:#dbe8f5;"><td style="padding:3px;"><b>นักเกษตร</b></td><td style="padding:3px;">4201</td></tr>
<tr style="background-color:#f0f5fa;"><td style="padding:3px;"><b>ศูนย์</b></td><td style="padding:3px;">K2-42</td></tr>
<tr style="background-color:#dbe8f5;"><td style="padding:3px;"><b>สถานที่ส่งอ้อย</b></td><td style="padding:3px;">รถตัด</td></tr>
<tr style="background-color:#f0f5fa;"><td style="padding:3px;"><b>ประเภทคิว</b></td><td style="padding:3px;">รถตัด</td></tr>
<tr style="background-color:#dbe8f5;"><td style="padding:3px;"><b>ประเภทรถ</b></td><td style="padding:3px;">10 ล้อเดี่ยว</td></tr>
<tr style="background-color:#f0f5fa;"><td style="padding:3px;"><b>ประเภทชาวไร่</b></td><td style="padding:3px;">รถตัด</td></tr>
<tr style="background-color:#dbe8f5;"><td style="padding:3px;"><b>สถานีขนถ่าย</b></td><td style="padding:3px;"></td></tr>
<tr style="background-color:#f0f5fa;"><td style="padding:3px;"><b>สถานะยืนยัน</b></td><td style="padding:3px;">N</td></tr>
<tr style="background-color:#dbe8f5;"><td style="padding:3px;"><b>โควตา</b></td><td style="padding:3px;">742143</td></tr>
<tr style="background-color:#f0f5fa;"><td style="padding:3px;"><b>ชาวไร่</b></td><td style="padding:3px;">นาย จรุง บุญร่วม</td></tr>
<tr style="background-color:#dbe8f5;"><td style="padding:3px;"><b>ประเภทอ้อย</b></td><td style="padding:3px;">ตอ1</td></tr>
<tr style="background-color:#f0f5fa;"><td style="padding:3px;"><b>พื้นที่</b></td><td style="padding:3px;">3.58</td></tr>
<tr style="background-color:#dbe8f5;"><td style="padding:3px;"><b>ปีผลิต</b></td><td style="padding:3px;">256970</td></tr>
<tr style="background-color:#f0f5fa;"><td style="padding:3px;"><b>ตันรวม</b></td><td style="padding:3px;">32.22</td></tr>
<tr style="background-color:#dbe8f5;"><td style="padding:3px;"><b>สถานที่ส่งอ้อย_1</b></td><td style="padding:3px;">รถตัด</td></tr>
</table>]]></description>
      <MultiGeometry><Polygon><outerBoundaryIs><LinearRing><coordinates>103.840391666121,14.7738533337329 103.840336666073,14.7738350002536 103.839806666042,14.7738950004089 103.839935853883,14.7747521973368 103.84047366919,14.7746528851635 103.840404282292,14.7742320058385 103.840455686924,14.7742323677505 103.840391666121,14.7738533337329</coordinates></LinearRing></outerBoundaryIs></Polygon></MultiGeometry>
    </Placemark>
    <Placemark>
      <name>321505050043</name>
      <styleUrl>#style_42_001</styleUrl>
      <description><![CDATA[<h3 style="margin-bottom:6px; font-family:sans-serif;">321505050043</h3>
<table style="width:100%; border-collapse:collapse; font-family:sans-serif; font-size:12px;">
<tr style="background-color:#99bfe6; color:#000; font-weight:bold;"><td colspan="2" style="padding:4px; text-align:center;">321505050043</td></tr>
<tr style="background-color:#f0f5fa;"><td style="padding:3px; width:45%;"><b>FID</b></td><td style="padding:3px;">3729</td></tr>
<tr style="background-color:#dbe8f5;"><td style="padding:3px;"><b>รหัสแปลง</b></td><td style="padding:3px;">321505050043</td></tr>
<tr style="background-color:#f0f5fa;"><td style="padding:3px;"><b>รหัสกลุ่มคิว</b></td><td style="padding:3px;">42_001</td></tr>
<tr style="background-color:#dbe8f5;"><td style="padding:3px;"><b>นักเกษตร</b></td><td style="padding:3px;">4201</td></tr>
<tr style="background-color:#f0f5fa;"><td style="padding:3px;"><b>ศูนย์</b></td><td style="padding:3px;">K2-42</td></tr>
<tr style="background-color:#dbe8f5;"><td style="padding:3px;"><b>สถานที่ส่งอ้อย</b></td><td style="padding:3px;">รถตัด</td></tr>
<tr style="background-color:#f0f5fa;"><td style="padding:3px;"><b>ประเภทคิว</b></td><td style="padding:3px;">รถตัด</td></tr>
<tr style="background-color:#dbe8f5;"><td style="padding:3px;"><b>ประเภทรถ</b></td><td style="padding:3px;">10 ล้อเดี่ยว</td></tr>
<tr style="background-color:#f0f5fa;"><td style="padding:3px;"><b>ประเภทชาวไร่</b></td><td style="padding:3px;">รถตัด</td></tr>
<tr style="background-color:#dbe8f5;"><td style="padding:3px;"><b>สถานีขนถ่าย</b></td><td style="padding:3px;"></td></tr>
<tr style="background-color:#f0f5fa;"><td style="padding:3px;"><b>สถานะยืนยัน</b></td><td style="padding:3px;">N</td></tr>
<tr style="background-color:#dbe8f5;"><td style="padding:3px;"><b>โควตา</b></td><td style="padding:3px;">743024</td></tr>
<tr style="background-color:#f0f5fa;"><td style="padding:3px;"><b>ชาวไร่</b></td><td style="padding:3px;">นาย พิทักษ์ เทศศรีเมือง</td></tr>
<tr style="background-color:#dbe8f5;"><td style="padding:3px;"><b>ประเภทอ้อย</b></td><td style="padding:3px;">ปลายฝน</td></tr>
<tr style="background-color:#f0f5fa;"><td style="padding:3px;"><b>พื้นที่</b></td><td style="padding:3px;">8.16</td></tr>
<tr style="background-color:#dbe8f5;"><td style="padding:3px;"><b>ปีผลิต</b></td><td style="padding:3px;">256970</td></tr>
<tr style="background-color:#f0f5fa;"><td style="padding:3px;"><b>ตันรวม</b></td><td style="padding:3px;">106.08</td></tr>
<tr style="background-color:#dbe8f5;"><td style="padding:3px;"><b>สถานที่ส่งอ้อย_1</b></td><td style="padding:3px;">รถตัด</td></tr>
</table>]]></description>
      <MultiGeometry><Polygon><outerBoundaryIs><LinearRing><coordinates>103.826836666621,14.783536666408 103.825203332661,14.7839066662652 103.825019999809,14.7842733330465 103.824924999774,14.7845700003289 103.826941666671,14.7840966666937 103.826836666621,14.783536666408</coordinates></LinearRing></outerBoundaryIs></Polygon></MultiGeometry>
    </Placemark>
    <Placemark>
      <name>321505051505</name>
      <styleUrl>#style_42_001</styleUrl>
      <description><![CDATA[<h3 style="margin-bottom:6px; font-family:sans-serif;">321505051505</h3>
<table style="width:100%; border-collapse:collapse; font-family:sans-serif; font-size:12px;">
<tr style="background-color:#99bfe6; color:#000; font-weight:bold;"><td colspan="2" style="padding:4px; text-align:center;">321505051505</td></tr>
<tr style="background-color:#f0f5fa;"><td style="padding:3px; width:45%;"><b>FID</b></td><td style="padding:3px;">3730</td></tr>
<tr style="background-color:#dbe8f5;"><td style="padding:3px;"><b>รหัสแปลง</b></td><td style="padding:3px;">321505051505</td></tr>
<tr style="background-color:#f0f5fa;"><td style="padding:3px;"><b>รหัสกลุ่มคิว</b></td><td style="padding:3px;">42_001</td></tr>
<tr style="background-color:#dbe8f5;"><td style="padding:3px;"><b>นักเกษตร</b></td><td style="padding:3px;">4201</td></tr>
<tr style="background-color:#f0f5fa;"><td style="padding:3px;"><b>ศูนย์</b></td><td style="padding:3px;">K2-42</td></tr>
<tr style="background-color:#dbe8f5;"><td style="padding:3px;"><b>สถานที่ส่งอ้อย</b></td><td style="padding:3px;">รถตัด</td></tr>
<tr style="background-color:#f0f5fa;"><td style="padding:3px;"><b>ประเภทคิว</b></td><td style="padding:3px;">รถตัด</td></tr>
<tr style="background-color:#dbe8f5;"><td style="padding:3px;"><b>ประเภทรถ</b></td><td style="padding:3px;">10 ล้อเดี่ยว</td></tr>
<tr style="background-color:#f0f5fa;"><td style="padding:3px;"><b>ประเภทชาวไร่</b></td><td style="padding:3px;">รถตัด</td></tr>
<tr style="background-color:#dbe8f5;"><td style="padding:3px;"><b>สถานีขนถ่าย</b></td><td style="padding:3px;"></td></tr>
<tr style="background-color:#f0f5fa;"><td style="padding:3px;"><b>สถานะยืนยัน</b></td><td style="padding:3px;">N</td></tr>
<tr style="background-color:#dbe8f5;"><td style="padding:3px;"><b>โควตา</b></td><td style="padding:3px;">743024</td></tr>
<tr style="background-color:#f0f5fa;"><td style="padding:3px;"><b>ชาวไร่</b></td><td style="padding:3px;">นาย พิทักษ์ เทศศรีเมือง</td></tr>
<tr style="background-color:#dbe8f5;"><td style="padding:3px;"><b>ประเภทอ้อย</b></td><td style="padding:3px;">ปลายฝน</td></tr>
<tr style="background-color:#f0f5fa;"><td style="padding:3px;"><b>พื้นที่</b></td><td style="padding:3px;">3.76</td></tr>
<tr style="background-color:#dbe8f5;"><td style="padding:3px;"><b>ปีผลิต</b></td><td style="padding:3px;">256970</td></tr>
<tr style="background-color:#f0f5fa;"><td style="padding:3px;"><b>ตันรวม</b></td><td style="padding:3px;">48.88</td></tr>
<tr style="background-color:#dbe8f5;"><td style="padding:3px;"><b>สถานที่ส่งอ้อย_1</b></td><td style="padding:3px;">รถตัด</td></tr>
</table>]]></description>
      <MultiGeometry><Polygon><outerBoundaryIs><LinearRing><coordinates>103.827963577267,14.7828207156663 103.827506206851,14.7829159662923 103.827676259642,14.7839569296542 103.828155209881,14.7838410798593 103.827963577267,14.7828207156663</coordinates></LinearRing></outerBoundaryIs></Polygon></MultiGeometry>
    </Placemark>
    <Placemark>
      <name>321505051524</name>
      <styleUrl>#style_42_001</styleUrl>
      <description><![CDATA[<h3 style="margin-bottom:6px; font-family:sans-serif;">321505051524</h3>
<table style="width:100%; border-collapse:collapse; font-family:sans-serif; font-size:12px;">
<tr style="background-color:#99bfe6; color:#000; font-weight:bold;"><td colspan="2" style="padding:4px; text-align:center;">321505051524</td></tr>
<tr style="background-color:#f0f5fa;"><td style="padding:3px; width:45%;"><b>FID</b></td><td style="padding:3px;">3731</td></tr>
<tr style="background-color:#dbe8f5;"><td style="padding:3px;"><b>รหัสแปลง</b></td><td style="padding:3px;">321505051524</td></tr>
<tr style="background-color:#f0f5fa;"><td style="padding:3px;"><b>รหัสกลุ่มคิว</b></td><td style="padding:3px;">42_001</td></tr>
<tr style="background-color:#dbe8f5;"><td style="padding:3px;"><b>นักเกษตร</b></td><td style="padding:3px;">4201</td></tr>
<tr style="background-color:#f0f5fa;"><td style="padding:3px;"><b>ศูนย์</b></td><td style="padding:3px;">K2-42</td></tr>
<tr style="background-color:#dbe8f5;"><td style="padding:3px;"><b>สถานที่ส่งอ้อย</b></td><td style="padding:3px;">รถตัด</td></tr>
<tr style="background-color:#f0f5fa;"><td style="padding:3px;"><b>ประเภทคิว</b></td><td style="padding:3px;">รถตัด</td></tr>
<tr style="background-color:#dbe8f5;"><td style="padding:3px;"><b>ประเภทรถ</b></td><td style="padding:3px;">10 ล้อเดี่ยว</td></tr>
<tr style="background-color:#f0f5fa;"><td style="padding:3px;"><b>ประเภทชาวไร่</b></td><td style="padding:3px;">รถตัด</td></tr>
<tr style="background-color:#dbe8f5;"><td style="padding:3px;"><b>สถานีขนถ่าย</b></td><td style="padding:3px;"></td></tr>
<tr style="background-color:#f0f5fa;"><td style="padding:3px;"><b>สถานะยืนยัน</b></td><td style="padding:3px;">N</td></tr>
<tr style="background-color:#dbe8f5;"><td style="padding:3px;"><b>โควตา</b></td><td style="padding:3px;">742143</td></tr>
<tr style="background-color:#f0f5fa;"><td style="padding:3px;"><b>ชาวไร่</b></td><td style="padding:3px;">นาย จรุง บุญร่วม</td></tr>
<tr style="background-color:#dbe8f5;"><td style="padding:3px;"><b>ประเภทอ้อย</b></td><td style="padding:3px;">ปลายฝน</td></tr>
<tr style="background-color:#f0f5fa;"><td style="padding:3px;"><b>พื้นที่</b></td><td style="padding:3px;">5.12</td></tr>
<tr style="background-color:#dbe8f5;"><td style="padding:3px;"><b>ปีผลิต</b></td><td style="padding:3px;">256970</td></tr>
<tr style="background-color:#f0f5fa;"><td style="padding:3px;"><b>ตันรวม</b></td><td style="padding:3px;">66.56</td></tr>
<tr style="background-color:#dbe8f5;"><td style="padding:3px;"><b>สถานที่ส่งอ้อย_1</b></td><td style="padding:3px;">รถตัด</td></tr>
</table>]]></description>
      <MultiGeometry><Polygon><outerBoundaryIs><LinearRing><coordinates>103.840260239988,14.7731514796222 103.839223070127,14.7731677401402 103.839314429567,14.7738510501605 103.840394699823,14.7737995803187 103.840370329914,14.7735295403789 103.83928971458,14.7736338648919 103.839285190477,14.7735996710711 103.840341439575,14.773508499593 103.840260239988,14.7731514796222</coordinates></LinearRing></outerBoundaryIs></Polygon></MultiGeometry>
    </Placemark>
    <Placemark>
      <name>321505060132</name>
      <styleUrl>#style_42_001</styleUrl>
      <description><![CDATA[<h3 style="margin-bottom:6px; font-family:sans-serif;">321505060132</h3>
<table style="width:100%; border-collapse:collapse; font-family:sans-serif; font-size:12px;">
<tr style="background-color:#99bfe6; color:#000; font-weight:bold;"><td colspan="2" style="padding:4px; text-align:center;">321505060132</td></tr>
<tr style="background-color:#f0f5fa;"><td style="padding:3px; width:45%;"><b>FID</b></td><td style="padding:3px;">3732</td></tr>
<tr style="background-color:#dbe8f5;"><td style="padding:3px;"><b>รหัสแปลง</b></td><td style="padding:3px;">321505060132</td></tr>
<tr style="background-color:#f0f5fa;"><td style="padding:3px;"><b>รหัสกลุ่มคิว</b></td><td style="padding:3px;">42_001</td></tr>
<tr style="background-color:#dbe8f5;"><td style="padding:3px;"><b>นักเกษตร</b></td><td style="padding:3px;">4201</td></tr>
<tr style="background-color:#f0f5fa;"><td style="padding:3px;"><b>ศูนย์</b></td><td style="padding:3px;">K2-42</td></tr>
<tr style="background-color:#dbe8f5;"><td style="padding:3px;"><b>สถานที่ส่งอ้อย</b></td><td style="padding:3px;">รถตัด</td></tr>
<tr style="background-color:#f0f5fa;"><td style="padding:3px;"><b>ประเภทคิว</b></td><td style="padding:3px;">รถตัด</td></tr>
<tr style="background-color:#dbe8f5;"><td style="padding:3px;"><b>ประเภทรถ</b></td><td style="padding:3px;">10 ล้อเดี่ยว</td></tr>
<tr style="background-color:#f0f5fa;"><td style="padding:3px;"><b>ประเภทชาวไร่</b></td><td style="padding:3px;">รถตัด</td></tr>
<tr style="background-color:#dbe8f5;"><td style="padding:3px;"><b>สถานีขนถ่าย</b></td><td style="padding:3px;"></td></tr>
<tr style="background-color:#f0f5fa;"><td style="padding:3px;"><b>สถานะยืนยัน</b></td><td style="padding:3px;">N</td></tr>
<tr style="background-color:#dbe8f5;"><td style="padding:3px;"><b>โควตา</b></td><td style="padding:3px;">742136</td></tr>
<tr style="background-color:#f0f5fa;"><td style="padding:3px;"><b>ชาวไร่</b></td><td style="padding:3px;">นาย สงวน จอกทอง</td></tr>
<tr style="background-color:#dbe8f5;"><td style="padding:3px;"><b>ประเภทอ้อย</b></td><td style="padding:3px;">ปลายฝน</td></tr>
<tr style="background-color:#f0f5fa;"><td style="padding:3px;"><b>พื้นที่</b></td><td style="padding:3px;">7.55</td></tr>
<tr style="background-color:#dbe8f5;"><td style="padding:3px;"><b>ปีผลิต</b></td><td style="padding:3px;">256970</td></tr>
<tr style="background-color:#f0f5fa;"><td style="padding:3px;"><b>ตันรวม</b></td><td style="padding:3px;">98.15</td></tr>
<tr style="background-color:#dbe8f5;"><td style="padding:3px;"><b>สถานที่ส่งอ้อย_1</b></td><td style="padding:3px;">รถตัด</td></tr>
</table>]]></description>
      <MultiGeometry><Polygon><outerBoundaryIs><LinearRing><coordinates>103.829807999739,14.7282401099603 103.831569379809,14.7279516499004 103.831298179653,14.727401730199 103.830042710124,14.7274539897864 103.830089419542,14.7278747203933 103.829743699488,14.7278582103283 103.829807999739,14.7282401099603</coordinates></LinearRing></outerBoundaryIs></Polygon></MultiGeometry>
    </Placemark>
    <Placemark>
      <name>321505101560</name>
      <styleUrl>#style_42_001</styleUrl>
      <description><![CDATA[<h3 style="margin-bottom:6px; font-family:sans-serif;">321505101560</h3>
<table style="width:100%; border-collapse:collapse; font-family:sans-serif; font-size:12px;">
<tr style="background-color:#99bfe6; color:#000; font-weight:bold;"><td colspan="2" style="padding:4px; text-align:center;">321505101560</td></tr>
<tr style="background-color:#f0f5fa;"><td style="padding:3px; width:45%;"><b>FID</b></td><td style="padding:3px;">3734</td></tr>
<tr style="background-color:#dbe8f5;"><td style="padding:3px;"><b>รหัสแปลง</b></td><td style="padding:3px;">321505101560</td></tr>
<tr style="background-color:#f0f5fa;"><td style="padding:3px;"><b>รหัสกลุ่มคิว</b></td><td style="padding:3px;">42_001</td></tr>
<tr style="background-color:#dbe8f5;"><td style="padding:3px;"><b>นักเกษตร</b></td><td style="padding:3px;">4201</td></tr>
<tr style="background-color:#f0f5fa;"><td style="padding:3px;"><b>ศูนย์</b></td><td style="padding:3px;">K2-42</td></tr>
<tr style="background-color:#dbe8f5;"><td style="padding:3px;"><b>สถานที่ส่งอ้อย</b></td><td style="padding:3px;">รถตัด</td></tr>
<tr style="background-color:#f0f5fa;"><td style="padding:3px;"><b>ประเภทคิว</b></td><td style="padding:3px;">รถตัด</td></tr>
<tr style="background-color:#dbe8f5;"><td style="padding:3px;"><b>ประเภทรถ</b></td><td style="padding:3px;">10 ล้อเดี่ยว</td></tr>
<tr style="background-color:#f0f5fa;"><td style="padding:3px;"><b>ประเภทชาวไร่</b></td><td style="padding:3px;">รถตัด</td></tr>
<tr style="background-color:#dbe8f5;"><td style="padding:3px;"><b>สถานีขนถ่าย</b></td><td style="padding:3px;"></td></tr>
<tr style="background-color:#f0f5fa;"><td style="padding:3px;"><b>สถานะยืนยัน</b></td><td style="padding:3px;">N</td></tr>
<tr style="background-color:#dbe8f5;"><td style="padding:3px;"><b>โควตา</b></td><td style="padding:3px;">742213</td></tr>
<tr style="background-color:#f0f5fa;"><td style="padding:3px;"><b>ชาวไร่</b></td><td style="padding:3px;">นาง บำเพ็ญ กทิศาสตร์</td></tr>
<tr style="background-color:#dbe8f5;"><td style="padding:3px;"><b>ประเภทอ้อย</b></td><td style="padding:3px;">ตอ3</td></tr>
<tr style="background-color:#f0f5fa;"><td style="padding:3px;"><b>พื้นที่</b></td><td style="padding:3px;">3.34</td></tr>
<tr style="background-color:#dbe8f5;"><td style="padding:3px;"><b>ปีผลิต</b></td><td style="padding:3px;">256970</td></tr>
<tr style="background-color:#f0f5fa;"><td style="padding:3px;"><b>ตันรวม</b></td><td style="padding:3px;">23.38</td></tr>
<tr style="background-color:#dbe8f5;"><td style="padding:3px;"><b>สถานที่ส่งอ้อย_1</b></td><td style="padding:3px;">รถตัด</td></tr>
</table>]]></description>
      <MultiGeometry><Polygon><outerBoundaryIs><LinearRing><coordinates>103.786777965631,14.7351127350157 103.786168601396,14.735220484278 103.786260382916,14.735865806745 103.786905202534,14.7358723865121 103.786777965631,14.7351127350157</coordinates></LinearRing></outerBoundaryIs></Polygon></MultiGeometry>
    </Placemark>
    <Placemark>
      <name>321505101573</name>
      <styleUrl>#style_42_001</styleUrl>
      <description><![CDATA[<h3 style="margin-bottom:6px; font-family:sans-serif;">321505101573</h3>
<table style="width:100%; border-collapse:collapse; font-family:sans-serif; font-size:12px;">
<tr style="background-color:#99bfe6; color:#000; font-weight:bold;"><td colspan="2" style="padding:4px; text-align:center;">321505101573</td></tr>
<tr style="background-color:#f0f5fa;"><td style="padding:3px; width:45%;"><b>FID</b></td><td style="padding:3px;">3736</td></tr>
<tr style="background-color:#dbe8f5;"><td style="padding:3px;"><b>รหัสแปลง</b></td><td style="padding:3px;">321505101573</td></tr>
<tr style="background-color:#f0f5fa;"><td style="padding:3px;"><b>รหัสกลุ่มคิว</b></td><td style="padding:3px;">42_001</td></tr>
<tr style="background-color:#dbe8f5;"><td style="padding:3px;"><b>นักเกษตร</b></td><td style="padding:3px;">4201</td></tr>
<tr style="background-color:#f0f5fa;"><td style="padding:3px;"><b>ศูนย์</b></td><td style="padding:3px;">K2-42</td></tr>
<tr style="background-color:#dbe8f5;"><td style="padding:3px;"><b>สถานที่ส่งอ้อย</b></td><td style="padding:3px;">รถตัด</td></tr>
<tr style="background-color:#f0f5fa;"><td style="padding:3px;"><b>ประเภทคิว</b></td><td style="padding:3px;">รถตัด</td></tr>
<tr style="background-color:#dbe8f5;"><td style="padding:3px;"><b>ประเภทรถ</b></td><td style="padding:3px;">10 ล้อเดี่ยว</td></tr>
<tr style="background-color:#f0f5fa;"><td style="padding:3px;"><b>ประเภทชาวไร่</b></td><td style="padding:3px;">รถตัด</td></tr>
<tr style="background-color:#dbe8f5;"><td style="padding:3px;"><b>สถานีขนถ่าย</b></td><td style="padding:3px;"></td></tr>
<tr style="background-color:#f0f5fa;"><td style="padding:3px;"><b>สถานะยืนยัน</b></td><td style="padding:3px;">N</td></tr>
<tr style="background-color:#dbe8f5;"><td style="padding:3px;"><b>โควตา</b></td><td style="padding:3px;">741342</td></tr>
<tr style="background-color:#f0f5fa;"><td style="padding:3px;"><b>ชาวไร่</b></td><td style="padding:3px;">นาง อติภา แซ่พัว</td></tr>
<tr style="background-color:#dbe8f5;"><td style="padding:3px;"><b>ประเภทอ้อย</b></td><td style="padding:3px;">ตอ1</td></tr>
<tr style="background-color:#f0f5fa;"><td style="padding:3px;"><b>พื้นที่</b></td><td style="padding:3px;">8.93</td></tr>
<tr style="background-color:#dbe8f5;"><td style="padding:3px;"><b>ปีผลิต</b></td><td style="padding:3px;">256970</td></tr>
<tr style="background-color:#f0f5fa;"><td style="padding:3px;"><b>ตันรวม</b></td><td style="padding:3px;">80.37</td></tr>
<tr style="background-color:#dbe8f5;"><td style="padding:3px;"><b>สถานที่ส่งอ้อย_1</b></td><td style="padding:3px;">รถตัด</td></tr>
</table>]]></description>
      <MultiGeometry><Polygon><outerBoundaryIs><LinearRing><coordinates>103.787009999842,14.7287833336028 103.787429999459,14.7288033333404 103.787503333488,14.7273300002853 103.786606666021,14.727311666599 103.786593332898,14.7285516667043 103.786988333279,14.7286083334318 103.787009999842,14.7287833336028</coordinates></LinearRing></outerBoundaryIs></Polygon></MultiGeometry>
    </Placemark>
    <Placemark>
      <name>321503051510</name>
      <styleUrl>#style_42_001</styleUrl>
      <description><![CDATA[<h3 style="margin-bottom:6px; font-family:sans-serif;">321503051510</h3>
<table style="width:100%; border-collapse:collapse; font-family:sans-serif; font-size:12px;">
<tr style="background-color:#99bfe6; color:#000; font-weight:bold;"><td colspan="2" style="padding:4px; text-align:center;">321503051510</td></tr>
<tr style="background-color:#f0f5fa;"><td style="padding:3px; width:45%;"><b>FID</b></td><td style="padding:3px;">4001</td></tr>
<tr style="background-color:#dbe8f5;"><td style="padding:3px;"><b>รหัสแปลง</b></td><td style="padding:3px;">321503051510</td></tr>
<tr style="background-color:#f0f5fa;"><td style="padding:3px;"><b>รหัสกลุ่มคิว</b></td><td style="padding:3px;">42_001</td></tr>
<tr style="background-color:#dbe8f5;"><td style="padding:3px;"><b>นักเกษตร</b></td><td style="padding:3px;">4201</td></tr>
<tr style="background-color:#f0f5fa;"><td style="padding:3px;"><b>ศูนย์</b></td><td style="padding:3px;">K2-42</td></tr>
<tr style="background-color:#dbe8f5;"><td style="padding:3px;"><b>สถานที่ส่งอ้อย</b></td><td style="padding:3px;">รถตัด</td></tr>
<tr style="background-color:#f0f5fa;"><td style="padding:3px;"><b>ประเภทคิว</b></td><td style="padding:3px;">รถตัด</td></tr>
<tr style="background-color:#dbe8f5;"><td style="padding:3px;"><b>ประเภทรถ</b></td><td style="padding:3px;">10 ล้อเดี่ยว</td></tr>
<tr style="background-color:#f0f5fa;"><td style="padding:3px;"><b>ประเภทชาวไร่</b></td><td style="padding:3px;">รถตัด</td></tr>
<tr style="background-color:#dbe8f5;"><td style="padding:3px;"><b>สถานีขนถ่าย</b></td><td style="padding:3px;"></td></tr>
<tr style="background-color:#f0f5fa;"><td style="padding:3px;"><b>สถานะยืนยัน</b></td><td style="padding:3px;">N</td></tr>
<tr style="background-color:#dbe8f5;"><td style="padding:3px;"><b>โควตา</b></td><td style="padding:3px;">741852</td></tr>
<tr style="background-color:#f0f5fa;"><td style="padding:3px;"><b>ชาวไร่</b></td><td style="padding:3px;">นาง นก หาสุข</td></tr>
<tr style="background-color:#dbe8f5;"><td style="padding:3px;"><b>ประเภทอ้อย</b></td><td style="padding:3px;">ตอ4</td></tr>
<tr style="background-color:#f0f5fa;"><td style="padding:3px;"><b>พื้นที่</b></td><td style="padding:3px;">7.56</td></tr>
<tr style="background-color:#dbe8f5;"><td style="padding:3px;"><b>ปีผลิต</b></td><td style="padding:3px;">256970</td></tr>
<tr style="background-color:#f0f5fa;"><td style="padding:3px;"><b>ตันรวม</b></td><td style="padding:3px;">52.92</td></tr>
<tr style="background-color:#dbe8f5;"><td style="padding:3px;"><b>สถานที่ส่งอ้อย_1</b></td><td style="padding:3px;">รถตัด</td></tr>
</table>]]></description>
      <MultiGeometry><Polygon><outerBoundaryIs><LinearRing><coordinates>103.891858689406,14.8201037383029 103.892061959412,14.8208085999444 103.892682389957,14.8207104300437 103.893281329791,14.8203562402105 103.893253613544,14.8200514433505 103.891858689406,14.8201037383029</coordinates></LinearRing></outerBoundaryIs></Polygon></MultiGeometry>
    </Placemark>
    <Placemark>
      <name>321503051644</name>
      <styleUrl>#style_42_001</styleUrl>
      <description><![CDATA[<h3 style="margin-bottom:6px; font-family:sans-serif;">321503051644</h3>
<table style="width:100%; border-collapse:collapse; font-family:sans-serif; font-size:12px;">
<tr style="background-color:#99bfe6; color:#000; font-weight:bold;"><td colspan="2" style="padding:4px; text-align:center;">321503051644</td></tr>
<tr style="background-color:#f0f5fa;"><td style="padding:3px; width:45%;"><b>FID</b></td><td style="padding:3px;">4002</td></tr>
<tr style="background-color:#dbe8f5;"><td style="padding:3px;"><b>รหัสแปลง</b></td><td style="padding:3px;">321503051644</td></tr>
<tr style="background-color:#f0f5fa;"><td style="padding:3px;"><b>รหัสกลุ่มคิว</b></td><td style="padding:3px;">42_001</td></tr>
<tr style="background-color:#dbe8f5;"><td style="padding:3px;"><b>นักเกษตร</b></td><td style="padding:3px;">4201</td></tr>
<tr style="background-color:#f0f5fa;"><td style="padding:3px;"><b>ศูนย์</b></td><td style="padding:3px;">K2-42</td></tr>
<tr style="background-color:#dbe8f5;"><td style="padding:3px;"><b>สถานที่ส่งอ้อย</b></td><td style="padding:3px;">รถตัด</td></tr>
<tr style="background-color:#f0f5fa;"><td style="padding:3px;"><b>ประเภทคิว</b></td><td style="padding:3px;">รถตัด</td></tr>
<tr style="background-color:#dbe8f5;"><td style="padding:3px;"><b>ประเภทรถ</b></td><td style="padding:3px;">10 ล้อเดี่ยว</td></tr>
<tr style="background-color:#f0f5fa;"><td style="padding:3px;"><b>ประเภทชาวไร่</b></td><td style="padding:3px;">รถตัด</td></tr>
<tr style="background-color:#dbe8f5;"><td style="padding:3px;"><b>สถานีขนถ่าย</b></td><td style="padding:3px;"></td></tr>
<tr style="background-color:#f0f5fa;"><td style="padding:3px;"><b>สถานะยืนยัน</b></td><td style="padding:3px;">N</td></tr>
<tr style="background-color:#dbe8f5;"><td style="padding:3px;"><b>โควตา</b></td><td style="padding:3px;">741618</td></tr>
<tr style="background-color:#f0f5fa;"><td style="padding:3px;"><b>ชาวไร่</b></td><td style="padding:3px;">นาย อนุวัฒน์ จอกทอง</td></tr>
<tr style="background-color:#dbe8f5;"><td style="padding:3px;"><b>ประเภทอ้อย</b></td><td style="padding:3px;">ตอ5</td></tr>
<tr style="background-color:#f0f5fa;"><td style="padding:3px;"><b>พื้นที่</b></td><td style="padding:3px;">6.19</td></tr>
<tr style="background-color:#dbe8f5;"><td style="padding:3px;"><b>ปีผลิต</b></td><td style="padding:3px;">256970</td></tr>
<tr style="background-color:#f0f5fa;"><td style="padding:3px;"><b>ตันรวม</b></td><td style="padding:3px;">43.33</td></tr>
<tr style="background-color:#dbe8f5;"><td style="padding:3px;"><b>สถานที่ส่งอ้อย_1</b></td><td style="padding:3px;">รถตัด</td></tr>
</table>]]></description>
      <MultiGeometry><Polygon><outerBoundaryIs><LinearRing><coordinates>103.859447380736,14.799457525672 103.86009388575,14.7994150078605 103.860752954939,14.7993308957554 103.861515121496,14.7992371444397 103.862319951553,14.799037109835 103.862301092261,14.7987589149455 103.862212327802,14.7987716547469 103.862244682084,14.7989674567499 103.862103111688,14.7989865250596 103.862075871107,14.798924038473 103.862027087543,14.7989099145398 103.862005798129,14.7988396744996 103.859477431834,14.7991980668902 103.859447380736,14.799457525672</coordinates></LinearRing></outerBoundaryIs></Polygon></MultiGeometry>
    </Placemark>
    <Placemark>
      <name>321503051657</name>
      <styleUrl>#style_42_001</styleUrl>
      <description><![CDATA[<h3 style="margin-bottom:6px; font-family:sans-serif;">321503051657</h3>
<table style="width:100%; border-collapse:collapse; font-family:sans-serif; font-size:12px;">
<tr style="background-color:#99bfe6; color:#000; font-weight:bold;"><td colspan="2" style="padding:4px; text-align:center;">321503051657</td></tr>
<tr style="background-color:#f0f5fa;"><td style="padding:3px; width:45%;"><b>FID</b></td><td style="padding:3px;">4003</td></tr>
<tr style="background-color:#dbe8f5;"><td style="padding:3px;"><b>รหัสแปลง</b></td><td style="padding:3px;">321503051657</td></tr>
<tr style="background-color:#f0f5fa;"><td style="padding:3px;"><b>รหัสกลุ่มคิว</b></td><td style="padding:3px;">42_001</td></tr>
<tr style="background-color:#dbe8f5;"><td style="padding:3px;"><b>นักเกษตร</b></td><td style="padding:3px;">4201</td></tr>
<tr style="background-color:#f0f5fa;"><td style="padding:3px;"><b>ศูนย์</b></td><td style="padding:3px;">K2-42</td></tr>
<tr style="background-color:#dbe8f5;"><td style="padding:3px;"><b>สถานที่ส่งอ้อย</b></td><td style="padding:3px;">รถตัด</td></tr>
<tr style="background-color:#f0f5fa;"><td style="padding:3px;"><b>ประเภทคิว</b></td><td style="padding:3px;">รถตัด</td></tr>
<tr style="background-color:#dbe8f5;"><td style="padding:3px;"><b>ประเภทรถ</b></td><td style="padding:3px;">10 ล้อเดี่ยว</td></tr>
<tr style="background-color:#f0f5fa;"><td style="padding:3px;"><b>ประเภทชาวไร่</b></td><td style="padding:3px;">รถตัด</td></tr>
<tr style="background-color:#dbe8f5;"><td style="padding:3px;"><b>สถานีขนถ่าย</b></td><td style="padding:3px;"></td></tr>
<tr style="background-color:#f0f5fa;"><td style="padding:3px;"><b>สถานะยืนยัน</b></td><td style="padding:3px;">N</td></tr>
<tr style="background-color:#dbe8f5;"><td style="padding:3px;"><b>โควตา</b></td><td style="padding:3px;">741937</td></tr>
<tr style="background-color:#f0f5fa;"><td style="padding:3px;"><b>ชาวไร่</b></td><td style="padding:3px;">นาย พันธ์ ปกชื่อ</td></tr>
<tr style="background-color:#dbe8f5;"><td style="padding:3px;"><b>ประเภทอ้อย</b></td><td style="padding:3px;">ตอ1</td></tr>
<tr style="background-color:#f0f5fa;"><td style="padding:3px;"><b>พื้นที่</b></td><td style="padding:3px;">4.07</td></tr>
<tr style="background-color:#dbe8f5;"><td style="padding:3px;"><b>ปีผลิต</b></td><td style="padding:3px;">256970</td></tr>
<tr style="background-color:#f0f5fa;"><td style="padding:3px;"><b>ตันรวม</b></td><td style="padding:3px;">36.63</td></tr>
<tr style="background-color:#dbe8f5;"><td style="padding:3px;"><b>สถานที่ส่งอ้อย_1</b></td><td style="padding:3px;">รถตัด</td></tr>
</table>]]></description>
      <MultiGeometry><Polygon><outerBoundaryIs><LinearRing><coordinates>103.876263950013,14.8324893502494 103.875909520109,14.8310237099828 103.875506319453,14.8310960000795 103.875960789893,14.8325515500547 103.876263950013,14.8324893502494</coordinates></LinearRing></outerBoundaryIs></Polygon></MultiGeometry>
    </Placemark>
    <Placemark>
      <name>321505021501</name>
      <styleUrl>#style_42_001</styleUrl>
      <description><![CDATA[<h3 style="margin-bottom:6px; font-family:sans-serif;">321505021501</h3>
<table style="width:100%; border-collapse:collapse; font-family:sans-serif; font-size:12px;">
<tr style="background-color:#99bfe6; color:#000; font-weight:bold;"><td colspan="2" style="padding:4px; text-align:center;">321505021501</td></tr>
<tr style="background-color:#f0f5fa;"><td style="padding:3px; width:45%;"><b>FID</b></td><td style="padding:3px;">4004</td></tr>
<tr style="background-color:#dbe8f5;"><td style="padding:3px;"><b>รหัสแปลง</b></td><td style="padding:3px;">321505021501</td></tr>
<tr style="background-color:#f0f5fa;"><td style="padding:3px;"><b>รหัสกลุ่มคิว</b></td><td style="padding:3px;">42_001</td></tr>
<tr style="background-color:#dbe8f5;"><td style="padding:3px;"><b>นักเกษตร</b></td><td style="padding:3px;">4201</td></tr>
<tr style="background-color:#f0f5fa;"><td style="padding:3px;"><b>ศูนย์</b></td><td style="padding:3px;">K2-42</td></tr>
<tr style="background-color:#dbe8f5;"><td style="padding:3px;"><b>สถานที่ส่งอ้อย</b></td><td style="padding:3px;">รถตัด</td></tr>
<tr style="background-color:#f0f5fa;"><td style="padding:3px;"><b>ประเภทคิว</b></td><td style="padding:3px;">รถตัด</td></tr>
<tr style="background-color:#dbe8f5;"><td style="padding:3px;"><b>ประเภทรถ</b></td><td style="padding:3px;">10 ล้อเดี่ยว</td></tr>
<tr style="background-color:#f0f5fa;"><td style="padding:3px;"><b>ประเภทชาวไร่</b></td><td style="padding:3px;">รถตัด</td></tr>
<tr style="background-color:#dbe8f5;"><td style="padding:3px;"><b>สถานีขนถ่าย</b></td><td style="padding:3px;"></td></tr>
<tr style="background-color:#f0f5fa;"><td style="padding:3px;"><b>สถานะยืนยัน</b></td><td style="padding:3px;">N</td></tr>
<tr style="background-color:#dbe8f5;"><td style="padding:3px;"><b>โควตา</b></td><td style="padding:3px;">744314</td></tr>
<tr style="background-color:#f0f5fa;"><td style="padding:3px;"><b>ชาวไร่</b></td><td style="padding:3px;">นาง สุภาภรณ์ โสมพิมาย</td></tr>
<tr style="background-color:#dbe8f5;"><td style="padding:3px;"><b>ประเภทอ้อย</b></td><td style="padding:3px;">ตอ4</td></tr>
<tr style="background-color:#f0f5fa;"><td style="padding:3px;"><b>พื้นที่</b></td><td style="padding:3px;">3.73</td></tr>
<tr style="background-color:#dbe8f5;"><td style="padding:3px;"><b>ปีผลิต</b></td><td style="padding:3px;">256970</td></tr>
<tr style="background-color:#f0f5fa;"><td style="padding:3px;"><b>ตันรวม</b></td><td style="padding:3px;">26.11</td></tr>
<tr style="background-color:#dbe8f5;"><td style="padding:3px;"><b>สถานที่ส่งอ้อย_1</b></td><td style="padding:3px;">รถตัด</td></tr>
</table>]]></description>
      <MultiGeometry><Polygon><outerBoundaryIs><LinearRing><coordinates>103.838786417873,14.7538930177386 103.838253244438,14.7539014000631 103.838273528522,14.7547927308104 103.838859591702,14.75477797892 103.838786417873,14.7538930177386</coordinates></LinearRing></outerBoundaryIs></Polygon></MultiGeometry>
    </Placemark>
    <Placemark>
      <name>321503150048</name>
      <styleUrl>#style_42_001</styleUrl>
      <description><![CDATA[<h3 style="margin-bottom:6px; font-family:sans-serif;">321503150048</h3>
<table style="width:100%; border-collapse:collapse; font-family:sans-serif; font-size:12px;">
<tr style="background-color:#99bfe6; color:#000; font-weight:bold;"><td colspan="2" style="padding:4px; text-align:center;">321503150048</td></tr>
<tr style="background-color:#f0f5fa;"><td style="padding:3px; width:45%;"><b>FID</b></td><td style="padding:3px;">4112</td></tr>
<tr style="background-color:#dbe8f5;"><td style="padding:3px;"><b>รหัสแปลง</b></td><td style="padding:3px;">321503150048</td></tr>
<tr style="background-color:#f0f5fa;"><td style="padding:3px;"><b>รหัสกลุ่มคิว</b></td><td style="padding:3px;">42_001</td></tr>
<tr style="background-color:#dbe8f5;"><td style="padding:3px;"><b>นักเกษตร</b></td><td style="padding:3px;">4201</td></tr>
<tr style="background-color:#f0f5fa;"><td style="padding:3px;"><b>ศูนย์</b></td><td style="padding:3px;">K2-42</td></tr>
<tr style="background-color:#dbe8f5;"><td style="padding:3px;"><b>สถานที่ส่งอ้อย</b></td><td style="padding:3px;">รถตัด</td></tr>
<tr style="background-color:#f0f5fa;"><td style="padding:3px;"><b>ประเภทคิว</b></td><td style="padding:3px;">รถตัด</td></tr>
<tr style="background-color:#dbe8f5;"><td style="padding:3px;"><b>ประเภทรถ</b></td><td style="padding:3px;">10 ล้อเดี่ยว</td></tr>
<tr style="background-color:#f0f5fa;"><td style="padding:3px;"><b>ประเภทชาวไร่</b></td><td style="padding:3px;">รถตัด</td></tr>
<tr style="background-color:#dbe8f5;"><td style="padding:3px;"><b>สถานีขนถ่าย</b></td><td style="padding:3px;"></td></tr>
<tr style="background-color:#f0f5fa;"><td style="padding:3px;"><b>สถานะยืนยัน</b></td><td style="padding:3px;">N</td></tr>
<tr style="background-color:#dbe8f5;"><td style="padding:3px;"><b>โควตา</b></td><td style="padding:3px;">743149</td></tr>
<tr style="background-color:#f0f5fa;"><td style="padding:3px;"><b>ชาวไร่</b></td><td style="padding:3px;">นาย ธนชาติ บุญเสก</td></tr>
<tr style="background-color:#dbe8f5;"><td style="padding:3px;"><b>ประเภทอ้อย</b></td><td style="padding:3px;">ตอ1</td></tr>
<tr style="background-color:#f0f5fa;"><td style="padding:3px;"><b>พื้นที่</b></td><td style="padding:3px;">2.66</td></tr>
<tr style="background-color:#dbe8f5;"><td style="padding:3px;"><b>ปีผลิต</b></td><td style="padding:3px;">256970</td></tr>
<tr style="background-color:#f0f5fa;"><td style="padding:3px;"><b>ตันรวม</b></td><td style="padding:3px;">23.94</td></tr>
<tr style="background-color:#dbe8f5;"><td style="padding:3px;"><b>สถานที่ส่งอ้อย_1</b></td><td style="padding:3px;">รถตัด</td></tr>
</table>]]></description>
      <MultiGeometry><Polygon><outerBoundaryIs><LinearRing><coordinates>103.850903333174,14.7904349995559 103.85072499968,14.7891333331636 103.850471666852,14.7891300003637 103.850469999344,14.7892149997461 103.850621666277,14.7904316670738 103.850903333174,14.7904349995559</coordinates></LinearRing></outerBoundaryIs></Polygon></MultiGeometry>
    </Placemark>
    <Placemark>
      <name>321501020150</name>
      <styleUrl>#style_42_001</styleUrl>
      <description><![CDATA[<h3 style="margin-bottom:6px; font-family:sans-serif;">321501020150</h3>
<table style="width:100%; border-collapse:collapse; font-family:sans-serif; font-size:12px;">
<tr style="background-color:#99bfe6; color:#000; font-weight:bold;"><td colspan="2" style="padding:4px; text-align:center;">321501020150</td></tr>
<tr style="background-color:#f0f5fa;"><td style="padding:3px; width:45%;"><b>FID</b></td><td style="padding:3px;">4298</td></tr>
<tr style="background-color:#dbe8f5;"><td style="padding:3px;"><b>รหัสแปลง</b></td><td style="padding:3px;">321501020150</td></tr>
<tr style="background-color:#f0f5fa;"><td style="padding:3px;"><b>รหัสกลุ่มคิว</b></td><td style="padding:3px;">42_001</td></tr>
<tr style="background-color:#dbe8f5;"><td style="padding:3px;"><b>นักเกษตร</b></td><td style="padding:3px;">4201</td></tr>
<tr style="background-color:#f0f5fa;"><td style="padding:3px;"><b>ศูนย์</b></td><td style="padding:3px;">K2-42</td></tr>
<tr style="background-color:#dbe8f5;"><td style="padding:3px;"><b>สถานที่ส่งอ้อย</b></td><td style="padding:3px;">รถตัด</td></tr>
<tr style="background-color:#f0f5fa;"><td style="padding:3px;"><b>ประเภทคิว</b></td><td style="padding:3px;">รถตัด</td></tr>
<tr style="background-color:#dbe8f5;"><td style="padding:3px;"><b>ประเภทรถ</b></td><td style="padding:3px;">10 ล้อเดี่ยว</td></tr>
<tr style="background-color:#f0f5fa;"><td style="padding:3px;"><b>ประเภทชาวไร่</b></td><td style="padding:3px;">รถตัด</td></tr>
<tr style="background-color:#dbe8f5;"><td style="padding:3px;"><b>สถานีขนถ่าย</b></td><td style="padding:3px;"></td></tr>
<tr style="background-color:#f0f5fa;"><td style="padding:3px;"><b>สถานะยืนยัน</b></td><td style="padding:3px;">N</td></tr>
<tr style="background-color:#dbe8f5;"><td style="padding:3px;"><b>โควตา</b></td><td style="padding:3px;">744289</td></tr>
<tr style="background-color:#f0f5fa;"><td style="padding:3px;"><b>ชาวไร่</b></td><td style="padding:3px;">นาย วีรวัฒน์ บุญปลอด</td></tr>
<tr style="background-color:#dbe8f5;"><td style="padding:3px;"><b>ประเภทอ้อย</b></td><td style="padding:3px;">ปลายฝน</td></tr>
<tr style="background-color:#f0f5fa;"><td style="padding:3px;"><b>พื้นที่</b></td><td style="padding:3px;">15.15</td></tr>
<tr style="background-color:#dbe8f5;"><td style="padding:3px;"><b>ปีผลิต</b></td><td style="padding:3px;">256970</td></tr>
<tr style="background-color:#f0f5fa;"><td style="padding:3px;"><b>ตันรวม</b></td><td style="padding:3px;">196.95</td></tr>
<tr style="background-color:#dbe8f5;"><td style="padding:3px;"><b>สถานที่ส่งอ้อย_1</b></td><td style="padding:3px;">รถตัด</td></tr>
</table>]]></description>
      <MultiGeometry><Polygon><outerBoundaryIs><LinearRing><coordinates>103.888453468704,14.7765640961656 103.888110900306,14.7773170420883 103.887843349345,14.7779696996327 103.887803367858,14.7783209425567 103.889006674017,14.7783875794232 103.889057719863,14.7781036000117 103.888999130173,14.7780540633021 103.888994268928,14.7779586356254 103.889152854321,14.7779535221102 103.889220831789,14.7776431404639 103.889367012494,14.7766270442502 103.888453468704,14.7765640961656</coordinates></LinearRing></outerBoundaryIs></Polygon></MultiGeometry>
    </Placemark>
    <Placemark>
      <name>321503060273</name>
      <styleUrl>#style_42_001</styleUrl>
      <description><![CDATA[<h3 style="margin-bottom:6px; font-family:sans-serif;">321503060273</h3>
<table style="width:100%; border-collapse:collapse; font-family:sans-serif; font-size:12px;">
<tr style="background-color:#99bfe6; color:#000; font-weight:bold;"><td colspan="2" style="padding:4px; text-align:center;">321503060273</td></tr>
<tr style="background-color:#f0f5fa;"><td style="padding:3px; width:45%;"><b>FID</b></td><td style="padding:3px;">4299</td></tr>
<tr style="background-color:#dbe8f5;"><td style="padding:3px;"><b>รหัสแปลง</b></td><td style="padding:3px;">321503060273</td></tr>
<tr style="background-color:#f0f5fa;"><td style="padding:3px;"><b>รหัสกลุ่มคิว</b></td><td style="padding:3px;">42_001</td></tr>
<tr style="background-color:#dbe8f5;"><td style="padding:3px;"><b>นักเกษตร</b></td><td style="padding:3px;">4201</td></tr>
<tr style="background-color:#f0f5fa;"><td style="padding:3px;"><b>ศูนย์</b></td><td style="padding:3px;">K2-42</td></tr>
<tr style="background-color:#dbe8f5;"><td style="padding:3px;"><b>สถานที่ส่งอ้อย</b></td><td style="padding:3px;">รถตัด</td></tr>
<tr style="background-color:#f0f5fa;"><td style="padding:3px;"><b>ประเภทคิว</b></td><td style="padding:3px;">รถตัด</td></tr>
<tr style="background-color:#dbe8f5;"><td style="padding:3px;"><b>ประเภทรถ</b></td><td style="padding:3px;">10 ล้อเดี่ยว</td></tr>
<tr style="background-color:#f0f5fa;"><td style="padding:3px;"><b>ประเภทชาวไร่</b></td><td style="padding:3px;">รถตัด</td></tr>
<tr style="background-color:#dbe8f5;"><td style="padding:3px;"><b>สถานีขนถ่าย</b></td><td style="padding:3px;"></td></tr>
<tr style="background-color:#f0f5fa;"><td style="padding:3px;"><b>สถานะยืนยัน</b></td><td style="padding:3px;">N</td></tr>
<tr style="background-color:#dbe8f5;"><td style="padding:3px;"><b>โควตา</b></td><td style="padding:3px;">741112</td></tr>
<tr style="background-color:#f0f5fa;"><td style="padding:3px;"><b>ชาวไร่</b></td><td style="padding:3px;">นาง ประไพ คำกระสังข์</td></tr>
<tr style="background-color:#dbe8f5;"><td style="padding:3px;"><b>ประเภทอ้อย</b></td><td style="padding:3px;">ตอ1</td></tr>
<tr style="background-color:#f0f5fa;"><td style="padding:3px;"><b>พื้นที่</b></td><td style="padding:3px;">6.76</td></tr>
<tr style="background-color:#dbe8f5;"><td style="padding:3px;"><b>ปีผลิต</b></td><td style="padding:3px;">256970</td></tr>
<tr style="background-color:#f0f5fa;"><td style="padding:3px;"><b>ตันรวม</b></td><td style="padding:3px;">60.84</td></tr>
<tr style="background-color:#dbe8f5;"><td style="padding:3px;"><b>สถานที่ส่งอ้อย_1</b></td><td style="padding:3px;">รถตัด</td></tr>
</table>]]></description>
      <MultiGeometry><Polygon><outerBoundaryIs><LinearRing><coordinates>103.858756540089,14.8440298595793 103.859619640017,14.8438114003751 103.860463390087,14.8437997398534 103.860235959341,14.8430870600679 103.859644619404,14.8433118295363 103.858591110133,14.8436160403012 103.858756540089,14.8440298595793</coordinates></LinearRing></outerBoundaryIs></Polygon></MultiGeometry>
    </Placemark>
    <Placemark>
      <name>321503110072</name>
      <styleUrl>#style_42_001</styleUrl>
      <description><![CDATA[<h3 style="margin-bottom:6px; font-family:sans-serif;">321503110072</h3>
<table style="width:100%; border-collapse:collapse; font-family:sans-serif; font-size:12px;">
<tr style="background-color:#99bfe6; color:#000; font-weight:bold;"><td colspan="2" style="padding:4px; text-align:center;">321503110072</td></tr>
<tr style="background-color:#f0f5fa;"><td style="padding:3px; width:45%;"><b>FID</b></td><td style="padding:3px;">4300</td></tr>
<tr style="background-color:#dbe8f5;"><td style="padding:3px;"><b>รหัสแปลง</b></td><td style="padding:3px;">321503110072</td></tr>
<tr style="background-color:#f0f5fa;"><td style="padding:3px;"><b>รหัสกลุ่มคิว</b></td><td style="padding:3px;">42_001</td></tr>
<tr style="background-color:#dbe8f5;"><td style="padding:3px;"><b>นักเกษตร</b></td><td style="padding:3px;">4201</td></tr>
<tr style="background-color:#f0f5fa;"><td style="padding:3px;"><b>ศูนย์</b></td><td style="padding:3px;">K2-42</td></tr>
<tr style="background-color:#dbe8f5;"><td style="padding:3px;"><b>สถานที่ส่งอ้อย</b></td><td style="padding:3px;">รถตัด</td></tr>
<tr style="background-color:#f0f5fa;"><td style="padding:3px;"><b>ประเภทคิว</b></td><td style="padding:3px;">รถตัด</td></tr>
<tr style="background-color:#dbe8f5;"><td style="padding:3px;"><b>ประเภทรถ</b></td><td style="padding:3px;">10 ล้อเดี่ยว</td></tr>
<tr style="background-color:#f0f5fa;"><td style="padding:3px;"><b>ประเภทชาวไร่</b></td><td style="padding:3px;">รถตัด</td></tr>
<tr style="background-color:#dbe8f5;"><td style="padding:3px;"><b>สถานีขนถ่าย</b></td><td style="padding:3px;"></td></tr>
<tr style="background-color:#f0f5fa;"><td style="padding:3px;"><b>สถานะยืนยัน</b></td><td style="padding:3px;">N</td></tr>
<tr style="background-color:#dbe8f5;"><td style="padding:3px;"><b>โควตา</b></td><td style="padding:3px;">743410</td></tr>
<tr style="background-color:#f0f5fa;"><td style="padding:3px;"><b>ชาวไร่</b></td><td style="padding:3px;">นาง สุมิง อยู่นาน</td></tr>
<tr style="background-color:#dbe8f5;"><td style="padding:3px;"><b>ประเภทอ้อย</b></td><td style="padding:3px;">ปลายฝน</td></tr>
<tr style="background-color:#f0f5fa;"><td style="padding:3px;"><b>พื้นที่</b></td><td style="padding:3px;">9.8</td></tr>
<tr style="background-color:#dbe8f5;"><td style="padding:3px;"><b>ปีผลิต</b></td><td style="padding:3px;">256970</td></tr>
<tr style="background-color:#f0f5fa;"><td style="padding:3px;"><b>ตันรวม</b></td><td style="padding:3px;">127.4</td></tr>
<tr style="background-color:#dbe8f5;"><td style="padding:3px;"><b>สถานที่ส่งอ้อย_1</b></td><td style="padding:3px;">รถตัด</td></tr>
</table>]]></description>
      <MultiGeometry><Polygon><outerBoundaryIs><LinearRing><coordinates>103.85654459992,14.8295238003198 103.85581426022,14.8270761401204 103.855604720095,14.8271347099177 103.855351760229,14.8271809802238 103.85532040944,14.8272031797385 103.855320289401,14.8272302302507 103.855335709664,14.8272575695172 103.85534564988,14.8273042403577 103.855413900199,14.8274929196544 103.85547579978,14.8276644499048 103.85556309014,14.827912740273 103.855577380242,14.8279784302144 103.85561797968,14.8281157595208 103.855669069594,14.8282904997384 103.855686569818,14.8283873896001 103.855711689376,14.8284827303034 103.85574591983,14.8286291197992 103.856022799386,14.8296019799891 103.856071250131,14.829719539735 103.856094099779,14.8297128599564 103.856126630153,14.8296981602381 103.8561759698,14.8296795402989 103.856235719547,14.8296586298518 103.856290930133,14.8296370502148 103.856343909931,14.8296145299373 103.856398779438,14.8295941895692 103.85654459992,14.8295238003198</coordinates></LinearRing></outerBoundaryIs></Polygon></MultiGeometry>
    </Placemark>
    <Placemark>
      <name>321503150052</name>
      <styleUrl>#style_42_001</styleUrl>
      <description><![CDATA[<h3 style="margin-bottom:6px; font-family:sans-serif;">321503150052</h3>
<table style="width:100%; border-collapse:collapse; font-family:sans-serif; font-size:12px;">
<tr style="background-color:#99bfe6; color:#000; font-weight:bold;"><td colspan="2" style="padding:4px; text-align:center;">321503150052</td></tr>
<tr style="background-color:#f0f5fa;"><td style="padding:3px; width:45%;"><b>FID</b></td><td style="padding:3px;">4301</td></tr>
<tr style="background-color:#dbe8f5;"><td style="padding:3px;"><b>รหัสแปลง</b></td><td style="padding:3px;">321503150052</td></tr>
<tr style="background-color:#f0f5fa;"><td style="padding:3px;"><b>รหัสกลุ่มคิว</b></td><td style="padding:3px;">42_001</td></tr>
<tr style="background-color:#dbe8f5;"><td style="padding:3px;"><b>นักเกษตร</b></td><td style="padding:3px;">4201</td></tr>
<tr style="background-color:#f0f5fa;"><td style="padding:3px;"><b>ศูนย์</b></td><td style="padding:3px;">K2-42</td></tr>
<tr style="background-color:#dbe8f5;"><td style="padding:3px;"><b>สถานที่ส่งอ้อย</b></td><td style="padding:3px;">รถตัด</td></tr>
<tr style="background-color:#f0f5fa;"><td style="padding:3px;"><b>ประเภทคิว</b></td><td style="padding:3px;">รถตัด</td></tr>
<tr style="background-color:#dbe8f5;"><td style="padding:3px;"><b>ประเภทรถ</b></td><td style="padding:3px;">10 ล้อเดี่ยว</td></tr>
<tr style="background-color:#f0f5fa;"><td style="padding:3px;"><b>ประเภทชาวไร่</b></td><td style="padding:3px;">รถตัด</td></tr>
<tr style="background-color:#dbe8f5;"><td style="padding:3px;"><b>สถานีขนถ่าย</b></td><td style="padding:3px;"></td></tr>
<tr style="background-color:#f0f5fa;"><td style="padding:3px;"><b>สถานะยืนยัน</b></td><td style="padding:3px;">N</td></tr>
<tr style="background-color:#dbe8f5;"><td style="padding:3px;"><b>โควตา</b></td><td style="padding:3px;">744440</td></tr>
<tr style="background-color:#f0f5fa;"><td style="padding:3px;"><b>ชาวไร่</b></td><td style="padding:3px;">นาย อ้วน บุญหาญ</td></tr>
<tr style="background-color:#dbe8f5;"><td style="padding:3px;"><b>ประเภทอ้อย</b></td><td style="padding:3px;">ตอ1</td></tr>
<tr style="background-color:#f0f5fa;"><td style="padding:3px;"><b>พื้นที่</b></td><td style="padding:3px;">7.54</td></tr>
<tr style="background-color:#dbe8f5;"><td style="padding:3px;"><b>ปีผลิต</b></td><td style="padding:3px;">256970</td></tr>
<tr style="background-color:#f0f5fa;"><td style="padding:3px;"><b>ตันรวม</b></td><td style="padding:3px;">67.86</td></tr>
<tr style="background-color:#dbe8f5;"><td style="padding:3px;"><b>สถานที่ส่งอ้อย_1</b></td><td style="padding:3px;">รถตัด</td></tr>
</table>]]></description>
      <MultiGeometry><Polygon><outerBoundaryIs><LinearRing><coordinates>103.834183332745,14.8020116665304 103.834859999901,14.8048083336619 103.835013333095,14.8047766670608 103.834994999339,14.8046966663241 103.835010000211,14.8046416667079 103.8351816666,14.8045449995795 103.834516666303,14.8019233333705 103.834183332745,14.8020116665304</coordinates></LinearRing></outerBoundaryIs></Polygon></MultiGeometry>
    </Placemark>
    <Placemark>
      <name>321503050495</name>
      <styleUrl>#style_42_001</styleUrl>
      <description><![CDATA[<h3 style="margin-bottom:6px; font-family:sans-serif;">321503050495</h3>
<table style="width:100%; border-collapse:collapse; font-family:sans-serif; font-size:12px;">
<tr style="background-color:#99bfe6; color:#000; font-weight:bold;"><td colspan="2" style="padding:4px; text-align:center;">321503050495</td></tr>
<tr style="background-color:#f0f5fa;"><td style="padding:3px; width:45%;"><b>FID</b></td><td style="padding:3px;">4458</td></tr>
<tr style="background-color:#dbe8f5;"><td style="padding:3px;"><b>รหัสแปลง</b></td><td style="padding:3px;">321503050495</td></tr>
<tr style="background-color:#f0f5fa;"><td style="padding:3px;"><b>รหัสกลุ่มคิว</b></td><td style="padding:3px;">42_001</td></tr>
<tr style="background-color:#dbe8f5;"><td style="padding:3px;"><b>นักเกษตร</b></td><td style="padding:3px;">4201</td></tr>
<tr style="background-color:#f0f5fa;"><td style="padding:3px;"><b>ศูนย์</b></td><td style="padding:3px;">K2-42</td></tr>
<tr style="background-color:#dbe8f5;"><td style="padding:3px;"><b>สถานที่ส่งอ้อย</b></td><td style="padding:3px;">รถตัด</td></tr>
<tr style="background-color:#f0f5fa;"><td style="padding:3px;"><b>ประเภทคิว</b></td><td style="padding:3px;">รถตัด</td></tr>
<tr style="background-color:#dbe8f5;"><td style="padding:3px;"><b>ประเภทรถ</b></td><td style="padding:3px;">10 ล้อเดี่ยว</td></tr>
<tr style="background-color:#f0f5fa;"><td style="padding:3px;"><b>ประเภทชาวไร่</b></td><td style="padding:3px;">รถตัด</td></tr>
<tr style="background-color:#dbe8f5;"><td style="padding:3px;"><b>สถานีขนถ่าย</b></td><td style="padding:3px;"></td></tr>
<tr style="background-color:#f0f5fa;"><td style="padding:3px;"><b>สถานะยืนยัน</b></td><td style="padding:3px;">N</td></tr>
<tr style="background-color:#dbe8f5;"><td style="padding:3px;"><b>โควตา</b></td><td style="padding:3px;">741990</td></tr>
<tr style="background-color:#f0f5fa;"><td style="padding:3px;"><b>ชาวไร่</b></td><td style="padding:3px;">นาง ระเวียง บุญเสก</td></tr>
<tr style="background-color:#dbe8f5;"><td style="padding:3px;"><b>ประเภทอ้อย</b></td><td style="padding:3px;">ตอ1</td></tr>
<tr style="background-color:#f0f5fa;"><td style="padding:3px;"><b>พื้นที่</b></td><td style="padding:3px;">4.38</td></tr>
<tr style="background-color:#dbe8f5;"><td style="padding:3px;"><b>ปีผลิต</b></td><td style="padding:3px;">256970</td></tr>
<tr style="background-color:#f0f5fa;"><td style="padding:3px;"><b>ตันรวม</b></td><td style="padding:3px;">39.42</td></tr>
<tr style="background-color:#dbe8f5;"><td style="padding:3px;"><b>สถานที่ส่งอ้อย_1</b></td><td style="padding:3px;">รถตัด</td></tr>
</table>]]></description>
      <MultiGeometry><Polygon><outerBoundaryIs><LinearRing><coordinates>103.871049589612,14.8104486897663 103.872160039682,14.8101730803068 103.872050649365,14.8098223103637 103.870770830026,14.8102065895106 103.870777329407,14.8103191100898 103.870675489684,14.8103387396805 103.870643809502,14.8102255197691 103.870332019694,14.8103209600769 103.870488089377,14.8106493495143 103.871049589612,14.8104486897663</coordinates></LinearRing></outerBoundaryIs></Polygon></MultiGeometry>
    </Placemark>
    <Placemark>
      <name>321503060194</name>
      <styleUrl>#style_42_001</styleUrl>
      <description><![CDATA[<h3 style="margin-bottom:6px; font-family:sans-serif;">321503060194</h3>
<table style="width:100%; border-collapse:collapse; font-family:sans-serif; font-size:12px;">
<tr style="background-color:#99bfe6; color:#000; font-weight:bold;"><td colspan="2" style="padding:4px; text-align:center;">321503060194</td></tr>
<tr style="background-color:#f0f5fa;"><td style="padding:3px; width:45%;"><b>FID</b></td><td style="padding:3px;">4614</td></tr>
<tr style="background-color:#dbe8f5;"><td style="padding:3px;"><b>รหัสแปลง</b></td><td style="padding:3px;">321503060194</td></tr>
<tr style="background-color:#f0f5fa;"><td style="padding:3px;"><b>รหัสกลุ่มคิว</b></td><td style="padding:3px;">42_001</td></tr>
<tr style="background-color:#dbe8f5;"><td style="padding:3px;"><b>นักเกษตร</b></td><td style="padding:3px;">4201</td></tr>
<tr style="background-color:#f0f5fa;"><td style="padding:3px;"><b>ศูนย์</b></td><td style="padding:3px;">K2-42</td></tr>
<tr style="background-color:#dbe8f5;"><td style="padding:3px;"><b>สถานที่ส่งอ้อย</b></td><td style="padding:3px;">รถตัด</td></tr>
<tr style="background-color:#f0f5fa;"><td style="padding:3px;"><b>ประเภทคิว</b></td><td style="padding:3px;">รถตัด</td></tr>
<tr style="background-color:#dbe8f5;"><td style="padding:3px;"><b>ประเภทรถ</b></td><td style="padding:3px;">10 ล้อเดี่ยว</td></tr>
<tr style="background-color:#f0f5fa;"><td style="padding:3px;"><b>ประเภทชาวไร่</b></td><td style="padding:3px;">รถตัด</td></tr>
<tr style="background-color:#dbe8f5;"><td style="padding:3px;"><b>สถานีขนถ่าย</b></td><td style="padding:3px;"></td></tr>
<tr style="background-color:#f0f5fa;"><td style="padding:3px;"><b>สถานะยืนยัน</b></td><td style="padding:3px;">N</td></tr>
<tr style="background-color:#dbe8f5;"><td style="padding:3px;"><b>โควตา</b></td><td style="padding:3px;">743424</td></tr>
<tr style="background-color:#f0f5fa;"><td style="padding:3px;"><b>ชาวไร่</b></td><td style="padding:3px;">นาย เสถียร จอกทอง</td></tr>
<tr style="background-color:#dbe8f5;"><td style="padding:3px;"><b>ประเภทอ้อย</b></td><td style="padding:3px;">ตอ1</td></tr>
<tr style="background-color:#f0f5fa;"><td style="padding:3px;"><b>พื้นที่</b></td><td style="padding:3px;">6.94</td></tr>
<tr style="background-color:#dbe8f5;"><td style="padding:3px;"><b>ปีผลิต</b></td><td style="padding:3px;">256970</td></tr>
<tr style="background-color:#f0f5fa;"><td style="padding:3px;"><b>ตันรวม</b></td><td style="padding:3px;">62.46</td></tr>
<tr style="background-color:#dbe8f5;"><td style="padding:3px;"><b>สถานที่ส่งอ้อย_1</b></td><td style="padding:3px;">รถตัด</td></tr>
</table>]]></description>
      <MultiGeometry><Polygon><outerBoundaryIs><LinearRing><coordinates>103.841155227528,14.8152609540568 103.840922545324,14.8153323681942 103.841656632451,14.8176128740855 103.842049073313,14.8184826220589 103.842277145066,14.8184288940598 103.841155227528,14.8152609540568</coordinates></LinearRing></outerBoundaryIs></Polygon></MultiGeometry>
    </Placemark>
    <Placemark>
      <name>321501030244</name>
      <styleUrl>#style_42_001</styleUrl>
      <description><![CDATA[<h3 style="margin-bottom:6px; font-family:sans-serif;">321501030244</h3>
<table style="width:100%; border-collapse:collapse; font-family:sans-serif; font-size:12px;">
<tr style="background-color:#99bfe6; color:#000; font-weight:bold;"><td colspan="2" style="padding:4px; text-align:center;">321501030244</td></tr>
<tr style="background-color:#f0f5fa;"><td style="padding:3px; width:45%;"><b>FID</b></td><td style="padding:3px;">5575</td></tr>
<tr style="background-color:#dbe8f5;"><td style="padding:3px;"><b>รหัสแปลง</b></td><td style="padding:3px;">321501030244</td></tr>
<tr style="background-color:#f0f5fa;"><td style="padding:3px;"><b>รหัสกลุ่มคิว</b></td><td style="padding:3px;">42_001</td></tr>
<tr style="background-color:#dbe8f5;"><td style="padding:3px;"><b>นักเกษตร</b></td><td style="padding:3px;">4201</td></tr>
<tr style="background-color:#f0f5fa;"><td style="padding:3px;"><b>ศูนย์</b></td><td style="padding:3px;">K2-42</td></tr>
<tr style="background-color:#dbe8f5;"><td style="padding:3px;"><b>สถานที่ส่งอ้อย</b></td><td style="padding:3px;">รถตัด</td></tr>
<tr style="background-color:#f0f5fa;"><td style="padding:3px;"><b>ประเภทคิว</b></td><td style="padding:3px;">รถตัด</td></tr>
<tr style="background-color:#dbe8f5;"><td style="padding:3px;"><b>ประเภทรถ</b></td><td style="padding:3px;">10 ล้อเดี่ยว</td></tr>
<tr style="background-color:#f0f5fa;"><td style="padding:3px;"><b>ประเภทชาวไร่</b></td><td style="padding:3px;">รถตัด</td></tr>
<tr style="background-color:#dbe8f5;"><td style="padding:3px;"><b>สถานีขนถ่าย</b></td><td style="padding:3px;"></td></tr>
<tr style="background-color:#f0f5fa;"><td style="padding:3px;"><b>สถานะยืนยัน</b></td><td style="padding:3px;">N</td></tr>
<tr style="background-color:#dbe8f5;"><td style="padding:3px;"><b>โควตา</b></td><td style="padding:3px;">742012</td></tr>
<tr style="background-color:#f0f5fa;"><td style="padding:3px;"><b>ชาวไร่</b></td><td style="padding:3px;">นาย บุญเลิศ สมชื่อ</td></tr>
<tr style="background-color:#dbe8f5;"><td style="padding:3px;"><b>ประเภทอ้อย</b></td><td style="padding:3px;">ตอ2</td></tr>
<tr style="background-color:#f0f5fa;"><td style="padding:3px;"><b>พื้นที่</b></td><td style="padding:3px;">2.69</td></tr>
<tr style="background-color:#dbe8f5;"><td style="padding:3px;"><b>ปีผลิต</b></td><td style="padding:3px;">256970</td></tr>
<tr style="background-color:#f0f5fa;"><td style="padding:3px;"><b>ตันรวม</b></td><td style="padding:3px;">21.52</td></tr>
<tr style="background-color:#dbe8f5;"><td style="padding:3px;"><b>สถานที่ส่งอ้อย_1</b></td><td style="padding:3px;">รถตัด</td></tr>
</table>]]></description>
      <MultiGeometry><Polygon><outerBoundaryIs><LinearRing><coordinates>103.886227019748,14.7949650704096 103.886307599851,14.7931589499409 103.886250329645,14.7931662497893 103.886241089691,14.7931679898928 103.886189419578,14.7931990101053 103.886168810208,14.7931731002752 103.886099389597,14.7931701701346 103.886030009518,14.7949083601457 103.886227019748,14.7949650704096</coordinates></LinearRing></outerBoundaryIs></Polygon></MultiGeometry>
    </Placemark>
    <Placemark>
      <name>321503050094</name>
      <styleUrl>#style_42_001</styleUrl>
      <description><![CDATA[<h3 style="margin-bottom:6px; font-family:sans-serif;">321503050094</h3>
<table style="width:100%; border-collapse:collapse; font-family:sans-serif; font-size:12px;">
<tr style="background-color:#99bfe6; color:#000; font-weight:bold;"><td colspan="2" style="padding:4px; text-align:center;">321503050094</td></tr>
<tr style="background-color:#f0f5fa;"><td style="padding:3px; width:45%;"><b>FID</b></td><td style="padding:3px;">5576</td></tr>
<tr style="background-color:#dbe8f5;"><td style="padding:3px;"><b>รหัสแปลง</b></td><td style="padding:3px;">321503050094</td></tr>
<tr style="background-color:#f0f5fa;"><td style="padding:3px;"><b>รหัสกลุ่มคิว</b></td><td style="padding:3px;">42_001</td></tr>
<tr style="background-color:#dbe8f5;"><td style="padding:3px;"><b>นักเกษตร</b></td><td style="padding:3px;">4201</td></tr>
<tr style="background-color:#f0f5fa;"><td style="padding:3px;"><b>ศูนย์</b></td><td style="padding:3px;">K2-42</td></tr>
<tr style="background-color:#dbe8f5;"><td style="padding:3px;"><b>สถานที่ส่งอ้อย</b></td><td style="padding:3px;">รถตัด</td></tr>
<tr style="background-color:#f0f5fa;"><td style="padding:3px;"><b>ประเภทคิว</b></td><td style="padding:3px;">รถตัด</td></tr>
<tr style="background-color:#dbe8f5;"><td style="padding:3px;"><b>ประเภทรถ</b></td><td style="padding:3px;">10 ล้อเดี่ยว</td></tr>
<tr style="background-color:#f0f5fa;"><td style="padding:3px;"><b>ประเภทชาวไร่</b></td><td style="padding:3px;">รถตัด</td></tr>
<tr style="background-color:#dbe8f5;"><td style="padding:3px;"><b>สถานีขนถ่าย</b></td><td style="padding:3px;"></td></tr>
<tr style="background-color:#f0f5fa;"><td style="padding:3px;"><b>สถานะยืนยัน</b></td><td style="padding:3px;">N</td></tr>
<tr style="background-color:#dbe8f5;"><td style="padding:3px;"><b>โควตา</b></td><td style="padding:3px;">742321</td></tr>
<tr style="background-color:#f0f5fa;"><td style="padding:3px;"><b>ชาวไร่</b></td><td style="padding:3px;">น.ส. ขวัญตา ปกชื่อ</td></tr>
<tr style="background-color:#dbe8f5;"><td style="padding:3px;"><b>ประเภทอ้อย</b></td><td style="padding:3px;">ตอ1</td></tr>
<tr style="background-color:#f0f5fa;"><td style="padding:3px;"><b>พื้นที่</b></td><td style="padding:3px;">4.31</td></tr>
<tr style="background-color:#dbe8f5;"><td style="padding:3px;"><b>ปีผลิต</b></td><td style="padding:3px;">256970</td></tr>
<tr style="background-color:#f0f5fa;"><td style="padding:3px;"><b>ตันรวม</b></td><td style="padding:3px;">38.79</td></tr>
<tr style="background-color:#dbe8f5;"><td style="padding:3px;"><b>สถานที่ส่งอ้อย_1</b></td><td style="padding:3px;">รถตัด</td></tr>
</table>]]></description>
      <MultiGeometry><Polygon><outerBoundaryIs><LinearRing><coordinates>103.875713999503,14.8327213998688 103.876018429765,14.8337369297952 103.876534569381,14.83353703997 103.876272750235,14.8325867496317 103.875713999503,14.8327213998688</coordinates></LinearRing></outerBoundaryIs></Polygon></MultiGeometry>
    </Placemark>
    <Placemark>
      <name>321503060144</name>
      <styleUrl>#style_42_001</styleUrl>
      <description><![CDATA[<h3 style="margin-bottom:6px; font-family:sans-serif;">321503060144</h3>
<table style="width:100%; border-collapse:collapse; font-family:sans-serif; font-size:12px;">
<tr style="background-color:#99bfe6; color:#000; font-weight:bold;"><td colspan="2" style="padding:4px; text-align:center;">321503060144</td></tr>
<tr style="background-color:#f0f5fa;"><td style="padding:3px; width:45%;"><b>FID</b></td><td style="padding:3px;">5577</td></tr>
<tr style="background-color:#dbe8f5;"><td style="padding:3px;"><b>รหัสแปลง</b></td><td style="padding:3px;">321503060144</td></tr>
<tr style="background-color:#f0f5fa;"><td style="padding:3px;"><b>รหัสกลุ่มคิว</b></td><td style="padding:3px;">42_001</td></tr>
<tr style="background-color:#dbe8f5;"><td style="padding:3px;"><b>นักเกษตร</b></td><td style="padding:3px;">4201</td></tr>
<tr style="background-color:#f0f5fa;"><td style="padding:3px;"><b>ศูนย์</b></td><td style="padding:3px;">K2-42</td></tr>
<tr style="background-color:#dbe8f5;"><td style="padding:3px;"><b>สถานที่ส่งอ้อย</b></td><td style="padding:3px;">รถตัด</td></tr>
<tr style="background-color:#f0f5fa;"><td style="padding:3px;"><b>ประเภทคิว</b></td><td style="padding:3px;">รถตัด</td></tr>
<tr style="background-color:#dbe8f5;"><td style="padding:3px;"><b>ประเภทรถ</b></td><td style="padding:3px;">10 ล้อเดี่ยว</td></tr>
<tr style="background-color:#f0f5fa;"><td style="padding:3px;"><b>ประเภทชาวไร่</b></td><td style="padding:3px;">รถตัด</td></tr>
<tr style="background-color:#dbe8f5;"><td style="padding:3px;"><b>สถานีขนถ่าย</b></td><td style="padding:3px;"></td></tr>
<tr style="background-color:#f0f5fa;"><td style="padding:3px;"><b>สถานะยืนยัน</b></td><td style="padding:3px;">N</td></tr>
<tr style="background-color:#dbe8f5;"><td style="padding:3px;"><b>โควตา</b></td><td style="padding:3px;">744075</td></tr>
<tr style="background-color:#f0f5fa;"><td style="padding:3px;"><b>ชาวไร่</b></td><td style="padding:3px;">นาย สฤษดิ์ สมใจ</td></tr>
<tr style="background-color:#dbe8f5;"><td style="padding:3px;"><b>ประเภทอ้อย</b></td><td style="padding:3px;">ปลายฝน</td></tr>
<tr style="background-color:#f0f5fa;"><td style="padding:3px;"><b>พื้นที่</b></td><td style="padding:3px;">4.67</td></tr>
<tr style="background-color:#dbe8f5;"><td style="padding:3px;"><b>ปีผลิต</b></td><td style="padding:3px;">256970</td></tr>
<tr style="background-color:#f0f5fa;"><td style="padding:3px;"><b>ตันรวม</b></td><td style="padding:3px;">60.71</td></tr>
<tr style="background-color:#dbe8f5;"><td style="padding:3px;"><b>สถานที่ส่งอ้อย_1</b></td><td style="padding:3px;">รถตัด</td></tr>
</table>]]></description>
      <MultiGeometry><Polygon><outerBoundaryIs><LinearRing><coordinates>103.855561706978,14.8397390033055 103.855560449763,14.8397072780816 103.855606633806,14.8396698106633 103.855522982533,14.8394822652118 103.854449763442,14.8397855643319 103.854530816752,14.8402088091887 103.854765258667,14.840156337965 103.854845557196,14.840342751521 103.855735882558,14.8401430532707 103.85569003431,14.8399613332828 103.855287702301,14.8400489238426 103.855217377953,14.8398655702457 103.855561706978,14.8397390033055</coordinates></LinearRing></outerBoundaryIs></Polygon></MultiGeometry>
    </Placemark>
    <Placemark>
      <name>321503061552</name>
      <styleUrl>#style_42_001</styleUrl>
      <description><![CDATA[<h3 style="margin-bottom:6px; font-family:sans-serif;">321503061552</h3>
<table style="width:100%; border-collapse:collapse; font-family:sans-serif; font-size:12px;">
<tr style="background-color:#99bfe6; color:#000; font-weight:bold;"><td colspan="2" style="padding:4px; text-align:center;">321503061552</td></tr>
<tr style="background-color:#f0f5fa;"><td style="padding:3px; width:45%;"><b>FID</b></td><td style="padding:3px;">5578</td></tr>
<tr style="background-color:#dbe8f5;"><td style="padding:3px;"><b>รหัสแปลง</b></td><td style="padding:3px;">321503061552</td></tr>
<tr style="background-color:#f0f5fa;"><td style="padding:3px;"><b>รหัสกลุ่มคิว</b></td><td style="padding:3px;">42_001</td></tr>
<tr style="background-color:#dbe8f5;"><td style="padding:3px;"><b>นักเกษตร</b></td><td style="padding:3px;">4201</td></tr>
<tr style="background-color:#f0f5fa;"><td style="padding:3px;"><b>ศูนย์</b></td><td style="padding:3px;">K2-42</td></tr>
<tr style="background-color:#dbe8f5;"><td style="padding:3px;"><b>สถานที่ส่งอ้อย</b></td><td style="padding:3px;">รถตัด</td></tr>
<tr style="background-color:#f0f5fa;"><td style="padding:3px;"><b>ประเภทคิว</b></td><td style="padding:3px;">รถตัด</td></tr>
<tr style="background-color:#dbe8f5;"><td style="padding:3px;"><b>ประเภทรถ</b></td><td style="padding:3px;">10 ล้อเดี่ยว</td></tr>
<tr style="background-color:#f0f5fa;"><td style="padding:3px;"><b>ประเภทชาวไร่</b></td><td style="padding:3px;">รถตัด</td></tr>
<tr style="background-color:#dbe8f5;"><td style="padding:3px;"><b>สถานีขนถ่าย</b></td><td style="padding:3px;"></td></tr>
<tr style="background-color:#f0f5fa;"><td style="padding:3px;"><b>สถานะยืนยัน</b></td><td style="padding:3px;">N</td></tr>
<tr style="background-color:#dbe8f5;"><td style="padding:3px;"><b>โควตา</b></td><td style="padding:3px;">742823</td></tr>
<tr style="background-color:#f0f5fa;"><td style="padding:3px;"><b>ชาวไร่</b></td><td style="padding:3px;">นาง คำมี สายเพชร</td></tr>
<tr style="background-color:#dbe8f5;"><td style="padding:3px;"><b>ประเภทอ้อย</b></td><td style="padding:3px;">ตอ4</td></tr>
<tr style="background-color:#f0f5fa;"><td style="padding:3px;"><b>พื้นที่</b></td><td style="padding:3px;">15.58</td></tr>
<tr style="background-color:#dbe8f5;"><td style="padding:3px;"><b>ปีผลิต</b></td><td style="padding:3px;">256970</td></tr>
<tr style="background-color:#f0f5fa;"><td style="padding:3px;"><b>ตันรวม</b></td><td style="padding:3px;">109.06</td></tr>
<tr style="background-color:#dbe8f5;"><td style="padding:3px;"><b>สถานที่ส่งอ้อย_1</b></td><td style="padding:3px;">รถตัด</td></tr>
</table>]]></description>
      <MultiGeometry><Polygon><outerBoundaryIs><LinearRing><coordinates>103.847243249622,14.8576821698665 103.847061739474,14.8577053897789 103.848633929991,14.8621954304047 103.849319629904,14.8619716302797 103.84916576959,14.8615501702156 103.84894452991,14.8610297601677 103.848918839602,14.8608874496451 103.848091290082,14.859657090029 103.847890709879,14.8592243000368 103.847763670148,14.8589090399687 103.847243249622,14.8576821698665</coordinates></LinearRing></outerBoundaryIs></Polygon></MultiGeometry>
    </Placemark>
    <Placemark>
      <name>321503061686</name>
      <styleUrl>#style_42_001</styleUrl>
      <description><![CDATA[<h3 style="margin-bottom:6px; font-family:sans-serif;">321503061686</h3>
<table style="width:100%; border-collapse:collapse; font-family:sans-serif; font-size:12px;">
<tr style="background-color:#99bfe6; color:#000; font-weight:bold;"><td colspan="2" style="padding:4px; text-align:center;">321503061686</td></tr>
<tr style="background-color:#f0f5fa;"><td style="padding:3px; width:45%;"><b>FID</b></td><td style="padding:3px;">5579</td></tr>
<tr style="background-color:#dbe8f5;"><td style="padding:3px;"><b>รหัสแปลง</b></td><td style="padding:3px;">321503061686</td></tr>
<tr style="background-color:#f0f5fa;"><td style="padding:3px;"><b>รหัสกลุ่มคิว</b></td><td style="padding:3px;">42_001</td></tr>
<tr style="background-color:#dbe8f5;"><td style="padding:3px;"><b>นักเกษตร</b></td><td style="padding:3px;">4201</td></tr>
<tr style="background-color:#f0f5fa;"><td style="padding:3px;"><b>ศูนย์</b></td><td style="padding:3px;">K2-42</td></tr>
<tr style="background-color:#dbe8f5;"><td style="padding:3px;"><b>สถานที่ส่งอ้อย</b></td><td style="padding:3px;">รถตัด</td></tr>
<tr style="background-color:#f0f5fa;"><td style="padding:3px;"><b>ประเภทคิว</b></td><td style="padding:3px;">รถตัด</td></tr>
<tr style="background-color:#dbe8f5;"><td style="padding:3px;"><b>ประเภทรถ</b></td><td style="padding:3px;">10 ล้อเดี่ยว</td></tr>
<tr style="background-color:#f0f5fa;"><td style="padding:3px;"><b>ประเภทชาวไร่</b></td><td style="padding:3px;">รถตัด</td></tr>
<tr style="background-color:#dbe8f5;"><td style="padding:3px;"><b>สถานีขนถ่าย</b></td><td style="padding:3px;"></td></tr>
<tr style="background-color:#f0f5fa;"><td style="padding:3px;"><b>สถานะยืนยัน</b></td><td style="padding:3px;">N</td></tr>
<tr style="background-color:#dbe8f5;"><td style="padding:3px;"><b>โควตา</b></td><td style="padding:3px;">743023</td></tr>
<tr style="background-color:#f0f5fa;"><td style="padding:3px;"><b>ชาวไร่</b></td><td style="padding:3px;">นาย ไนย์ คำพา</td></tr>
<tr style="background-color:#dbe8f5;"><td style="padding:3px;"><b>ประเภทอ้อย</b></td><td style="padding:3px;">ปลายฝน</td></tr>
<tr style="background-color:#f0f5fa;"><td style="padding:3px;"><b>พื้นที่</b></td><td style="padding:3px;">4.25</td></tr>
<tr style="background-color:#dbe8f5;"><td style="padding:3px;"><b>ปีผลิต</b></td><td style="padding:3px;">256970</td></tr>
<tr style="background-color:#f0f5fa;"><td style="padding:3px;"><b>ตันรวม</b></td><td style="padding:3px;">55.25</td></tr>
<tr style="background-color:#dbe8f5;"><td style="padding:3px;"><b>สถานที่ส่งอ้อย_1</b></td><td style="padding:3px;">รถตัด</td></tr>
</table>]]></description>
      <MultiGeometry><Polygon><outerBoundaryIs><LinearRing><coordinates>103.866896789906,14.8020790596101 103.866879414722,14.8018097284241 103.866898275217,14.8018092823777 103.866918620324,14.8020762064523 103.868063469375,14.8019265696068 103.868073580178,14.8019014801124 103.868004399544,14.8016584595552 103.868002079771,14.8016752301933 103.867994389925,14.8016836000796 103.867812660138,14.8016984202796 103.867581719981,14.8017267098371 103.867537400227,14.8017373701438 103.867436170113,14.8017672202244 103.867253439807,14.8017921997444 103.86714222977,14.8017917299084 103.867132880055,14.8018047098335 103.867101120127,14.8018203397925 103.866896427264,14.8018000103069 103.866879215935,14.8018012938932 103.866826899982,14.801816780257 103.866683780023,14.8018426803194 103.866312389745,14.8019057303931 103.866000869541,14.8019314002505 103.865994590227,14.8019634197518 103.866098430046,14.802301630207 103.866123968593,14.8023099944696 103.866896789906,14.8020790596101</coordinates></LinearRing></outerBoundaryIs></Polygon><Polygon><outerBoundaryIs><LinearRing><coordinates>103.86612200941,14.8023105803072 103.866126000217,14.8023106598873 103.866123968593,14.8023099944696 103.86612200941,14.8023105803072</coordinates></LinearRing></outerBoundaryIs></Polygon></MultiGeometry>
    </Placemark>
    <Placemark>
      <name>321503061688</name>
      <styleUrl>#style_42_001</styleUrl>
      <description><![CDATA[<h3 style="margin-bottom:6px; font-family:sans-serif;">321503061688</h3>
<table style="width:100%; border-collapse:collapse; font-family:sans-serif; font-size:12px;">
<tr style="background-color:#99bfe6; color:#000; font-weight:bold;"><td colspan="2" style="padding:4px; text-align:center;">321503061688</td></tr>
<tr style="background-color:#f0f5fa;"><td style="padding:3px; width:45%;"><b>FID</b></td><td style="padding:3px;">5580</td></tr>
<tr style="background-color:#dbe8f5;"><td style="padding:3px;"><b>รหัสแปลง</b></td><td style="padding:3px;">321503061688</td></tr>
<tr style="background-color:#f0f5fa;"><td style="padding:3px;"><b>รหัสกลุ่มคิว</b></td><td style="padding:3px;">42_001</td></tr>
<tr style="background-color:#dbe8f5;"><td style="padding:3px;"><b>นักเกษตร</b></td><td style="padding:3px;">4201</td></tr>
<tr style="background-color:#f0f5fa;"><td style="padding:3px;"><b>ศูนย์</b></td><td style="padding:3px;">K2-42</td></tr>
<tr style="background-color:#dbe8f5;"><td style="padding:3px;"><b>สถานที่ส่งอ้อย</b></td><td style="padding:3px;">รถตัด</td></tr>
<tr style="background-color:#f0f5fa;"><td style="padding:3px;"><b>ประเภทคิว</b></td><td style="padding:3px;">รถตัด</td></tr>
<tr style="background-color:#dbe8f5;"><td style="padding:3px;"><b>ประเภทรถ</b></td><td style="padding:3px;">10 ล้อเดี่ยว</td></tr>
<tr style="background-color:#f0f5fa;"><td style="padding:3px;"><b>ประเภทชาวไร่</b></td><td style="padding:3px;">รถตัด</td></tr>
<tr style="background-color:#dbe8f5;"><td style="padding:3px;"><b>สถานีขนถ่าย</b></td><td style="padding:3px;"></td></tr>
<tr style="background-color:#f0f5fa;"><td style="padding:3px;"><b>สถานะยืนยัน</b></td><td style="padding:3px;">N</td></tr>
<tr style="background-color:#dbe8f5;"><td style="padding:3px;"><b>โควตา</b></td><td style="padding:3px;">742664</td></tr>
<tr style="background-color:#f0f5fa;"><td style="padding:3px;"><b>ชาวไร่</b></td><td style="padding:3px;">นาย มนเฑียร สุขทุน</td></tr>
<tr style="background-color:#dbe8f5;"><td style="padding:3px;"><b>ประเภทอ้อย</b></td><td style="padding:3px;">ปลายฝน</td></tr>
<tr style="background-color:#f0f5fa;"><td style="padding:3px;"><b>พื้นที่</b></td><td style="padding:3px;">10.21</td></tr>
<tr style="background-color:#dbe8f5;"><td style="padding:3px;"><b>ปีผลิต</b></td><td style="padding:3px;">256970</td></tr>
<tr style="background-color:#f0f5fa;"><td style="padding:3px;"><b>ตันรวม</b></td><td style="padding:3px;">132.73</td></tr>
<tr style="background-color:#dbe8f5;"><td style="padding:3px;"><b>สถานที่ส่งอ้อย_1</b></td><td style="padding:3px;">รถตัด</td></tr>
</table>]]></description>
      <MultiGeometry><Polygon><outerBoundaryIs><LinearRing><coordinates>103.858360000193,14.8250299997611 103.858338332934,14.8250433331911 103.858244999741,14.8250750001519 103.858179999767,14.8251150003767 103.858134999915,14.8251616670407 103.857933333187,14.8252783332716 103.8582583336,14.8260616670355 103.858326666294,14.826201666867 103.858411666763,14.8264083333718 103.858481666454,14.8266149999634 103.858599999646,14.8270466668335 103.858416666721,14.8271283335046 103.858198333232,14.8272116663042 103.858184999422,14.8272750003629 103.858311666549,14.8275716663447 103.858451666691,14.82782499965 103.85854999963,14.8279999997512 103.858583333112,14.8281133333697 103.858638332865,14.8282033335882 103.85865999949,14.8282050003092 103.858763333585,14.8281733329686 103.858931666553,14.8280816670535 103.859118333236,14.8280200001592 103.858360000193,14.8250299997611</coordinates></LinearRing></outerBoundaryIs></Polygon></MultiGeometry>
    </Placemark>
    <Placemark>
      <name>321503070027</name>
      <styleUrl>#style_42_001</styleUrl>
      <description><![CDATA[<h3 style="margin-bottom:6px; font-family:sans-serif;">321503070027</h3>
<table style="width:100%; border-collapse:collapse; font-family:sans-serif; font-size:12px;">
<tr style="background-color:#99bfe6; color:#000; font-weight:bold;"><td colspan="2" style="padding:4px; text-align:center;">321503070027</td></tr>
<tr style="background-color:#f0f5fa;"><td style="padding:3px; width:45%;"><b>FID</b></td><td style="padding:3px;">5581</td></tr>
<tr style="background-color:#dbe8f5;"><td style="padding:3px;"><b>รหัสแปลง</b></td><td style="padding:3px;">321503070027</td></tr>
<tr style="background-color:#f0f5fa;"><td style="padding:3px;"><b>รหัสกลุ่มคิว</b></td><td style="padding:3px;">42_001</td></tr>
<tr style="background-color:#dbe8f5;"><td style="padding:3px;"><b>นักเกษตร</b></td><td style="padding:3px;">4201</td></tr>
<tr style="background-color:#f0f5fa;"><td style="padding:3px;"><b>ศูนย์</b></td><td style="padding:3px;">K2-42</td></tr>
<tr style="background-color:#dbe8f5;"><td style="padding:3px;"><b>สถานที่ส่งอ้อย</b></td><td style="padding:3px;">รถตัด</td></tr>
<tr style="background-color:#f0f5fa;"><td style="padding:3px;"><b>ประเภทคิว</b></td><td style="padding:3px;">รถตัด</td></tr>
<tr style="background-color:#dbe8f5;"><td style="padding:3px;"><b>ประเภทรถ</b></td><td style="padding:3px;">10 ล้อเดี่ยว</td></tr>
<tr style="background-color:#f0f5fa;"><td style="padding:3px;"><b>ประเภทชาวไร่</b></td><td style="padding:3px;">รถตัด</td></tr>
<tr style="background-color:#dbe8f5;"><td style="padding:3px;"><b>สถานีขนถ่าย</b></td><td style="padding:3px;"></td></tr>
<tr style="background-color:#f0f5fa;"><td style="padding:3px;"><b>สถานะยืนยัน</b></td><td style="padding:3px;">N</td></tr>
<tr style="background-color:#dbe8f5;"><td style="padding:3px;"><b>โควตา</b></td><td style="padding:3px;">742066</td></tr>
<tr style="background-color:#f0f5fa;"><td style="padding:3px;"><b>ชาวไร่</b></td><td style="padding:3px;">นาย คำสิงห์ บุญยอม</td></tr>
<tr style="background-color:#dbe8f5;"><td style="padding:3px;"><b>ประเภทอ้อย</b></td><td style="padding:3px;">ตอ1</td></tr>
<tr style="background-color:#f0f5fa;"><td style="padding:3px;"><b>พื้นที่</b></td><td style="padding:3px;">1.9</td></tr>
<tr style="background-color:#dbe8f5;"><td style="padding:3px;"><b>ปีผลิต</b></td><td style="padding:3px;">256970</td></tr>
<tr style="background-color:#f0f5fa;"><td style="padding:3px;"><b>ตันรวม</b></td><td style="padding:3px;">17.1</td></tr>
<tr style="background-color:#dbe8f5;"><td style="padding:3px;"><b>สถานที่ส่งอ้อย_1</b></td><td style="padding:3px;">รถตัด</td></tr>
</table>]]></description>
      <MultiGeometry><Polygon><outerBoundaryIs><LinearRing><coordinates>103.89381425987,14.8487377702683 103.89359341998,14.8481144101602 103.893231249563,14.8482234600749 103.893473069485,14.848877660049 103.89381425987,14.8487377702683</coordinates></LinearRing></outerBoundaryIs></Polygon></MultiGeometry>
    </Placemark>
    <Placemark>
      <name>321503070117</name>
      <styleUrl>#style_42_001</styleUrl>
      <description><![CDATA[<h3 style="margin-bottom:6px; font-family:sans-serif;">321503070117</h3>
<table style="width:100%; border-collapse:collapse; font-family:sans-serif; font-size:12px;">
<tr style="background-color:#99bfe6; color:#000; font-weight:bold;"><td colspan="2" style="padding:4px; text-align:center;">321503070117</td></tr>
<tr style="background-color:#f0f5fa;"><td style="padding:3px; width:45%;"><b>FID</b></td><td style="padding:3px;">5582</td></tr>
<tr style="background-color:#dbe8f5;"><td style="padding:3px;"><b>รหัสแปลง</b></td><td style="padding:3px;">321503070117</td></tr>
<tr style="background-color:#f0f5fa;"><td style="padding:3px;"><b>รหัสกลุ่มคิว</b></td><td style="padding:3px;">42_001</td></tr>
<tr style="background-color:#dbe8f5;"><td style="padding:3px;"><b>นักเกษตร</b></td><td style="padding:3px;">4201</td></tr>
<tr style="background-color:#f0f5fa;"><td style="padding:3px;"><b>ศูนย์</b></td><td style="padding:3px;">K2-42</td></tr>
<tr style="background-color:#dbe8f5;"><td style="padding:3px;"><b>สถานที่ส่งอ้อย</b></td><td style="padding:3px;">รถตัด</td></tr>
<tr style="background-color:#f0f5fa;"><td style="padding:3px;"><b>ประเภทคิว</b></td><td style="padding:3px;">รถตัด</td></tr>
<tr style="background-color:#dbe8f5;"><td style="padding:3px;"><b>ประเภทรถ</b></td><td style="padding:3px;">10 ล้อเดี่ยว</td></tr>
<tr style="background-color:#f0f5fa;"><td style="padding:3px;"><b>ประเภทชาวไร่</b></td><td style="padding:3px;">รถตัด</td></tr>
<tr style="background-color:#dbe8f5;"><td style="padding:3px;"><b>สถานีขนถ่าย</b></td><td style="padding:3px;"></td></tr>
<tr style="background-color:#f0f5fa;"><td style="padding:3px;"><b>สถานะยืนยัน</b></td><td style="padding:3px;">N</td></tr>
<tr style="background-color:#dbe8f5;"><td style="padding:3px;"><b>โควตา</b></td><td style="padding:3px;">741030</td></tr>
<tr style="background-color:#f0f5fa;"><td style="padding:3px;"><b>ชาวไร่</b></td><td style="padding:3px;">นาย วิเชียร นาคนวน</td></tr>
<tr style="background-color:#dbe8f5;"><td style="padding:3px;"><b>ประเภทอ้อย</b></td><td style="padding:3px;">ปลายฝน</td></tr>
<tr style="background-color:#f0f5fa;"><td style="padding:3px;"><b>พื้นที่</b></td><td style="padding:3px;">4.43</td></tr>
<tr style="background-color:#dbe8f5;"><td style="padding:3px;"><b>ปีผลิต</b></td><td style="padding:3px;">256970</td></tr>
<tr style="background-color:#f0f5fa;"><td style="padding:3px;"><b>ตันรวม</b></td><td style="padding:3px;">57.59</td></tr>
<tr style="background-color:#dbe8f5;"><td style="padding:3px;"><b>สถานที่ส่งอ้อย_1</b></td><td style="padding:3px;">รถตัด</td></tr>
</table>]]></description>
      <MultiGeometry><Polygon><outerBoundaryIs><LinearRing><coordinates>103.906113209975,14.8617959496516 103.905887289504,14.8611686299684 103.904981879545,14.8615545300554 103.905306469886,14.8620907502241 103.906113209975,14.8617959496516</coordinates></LinearRing></outerBoundaryIs></Polygon></MultiGeometry>
    </Placemark>
    <Placemark>
      <name>321503140024</name>
      <styleUrl>#style_42_001</styleUrl>
      <description><![CDATA[<h3 style="margin-bottom:6px; font-family:sans-serif;">321503140024</h3>
<table style="width:100%; border-collapse:collapse; font-family:sans-serif; font-size:12px;">
<tr style="background-color:#99bfe6; color:#000; font-weight:bold;"><td colspan="2" style="padding:4px; text-align:center;">321503140024</td></tr>
<tr style="background-color:#f0f5fa;"><td style="padding:3px; width:45%;"><b>FID</b></td><td style="padding:3px;">5583</td></tr>
<tr style="background-color:#dbe8f5;"><td style="padding:3px;"><b>รหัสแปลง</b></td><td style="padding:3px;">321503140024</td></tr>
<tr style="background-color:#f0f5fa;"><td style="padding:3px;"><b>รหัสกลุ่มคิว</b></td><td style="padding:3px;">42_001</td></tr>
<tr style="background-color:#dbe8f5;"><td style="padding:3px;"><b>นักเกษตร</b></td><td style="padding:3px;">4201</td></tr>
<tr style="background-color:#f0f5fa;"><td style="padding:3px;"><b>ศูนย์</b></td><td style="padding:3px;">K2-42</td></tr>
<tr style="background-color:#dbe8f5;"><td style="padding:3px;"><b>สถานที่ส่งอ้อย</b></td><td style="padding:3px;">รถตัด</td></tr>
<tr style="background-color:#f0f5fa;"><td style="padding:3px;"><b>ประเภทคิว</b></td><td style="padding:3px;">รถตัด</td></tr>
<tr style="background-color:#dbe8f5;"><td style="padding:3px;"><b>ประเภทรถ</b></td><td style="padding:3px;">10 ล้อเดี่ยว</td></tr>
<tr style="background-color:#f0f5fa;"><td style="padding:3px;"><b>ประเภทชาวไร่</b></td><td style="padding:3px;">รถตัด</td></tr>
<tr style="background-color:#dbe8f5;"><td style="padding:3px;"><b>สถานีขนถ่าย</b></td><td style="padding:3px;"></td></tr>
<tr style="background-color:#f0f5fa;"><td style="padding:3px;"><b>สถานะยืนยัน</b></td><td style="padding:3px;">N</td></tr>
<tr style="background-color:#dbe8f5;"><td style="padding:3px;"><b>โควตา</b></td><td style="padding:3px;">741624</td></tr>
<tr style="background-color:#f0f5fa;"><td style="padding:3px;"><b>ชาวไร่</b></td><td style="padding:3px;">นาง แสงจันทร์ เพ็งเพราะ</td></tr>
<tr style="background-color:#dbe8f5;"><td style="padding:3px;"><b>ประเภทอ้อย</b></td><td style="padding:3px;">ตอ4</td></tr>
<tr style="background-color:#f0f5fa;"><td style="padding:3px;"><b>พื้นที่</b></td><td style="padding:3px;">2.79</td></tr>
<tr style="background-color:#dbe8f5;"><td style="padding:3px;"><b>ปีผลิต</b></td><td style="padding:3px;">256970</td></tr>
<tr style="background-color:#f0f5fa;"><td style="padding:3px;"><b>ตันรวม</b></td><td style="padding:3px;">19.53</td></tr>
<tr style="background-color:#dbe8f5;"><td style="padding:3px;"><b>สถานที่ส่งอ้อย_1</b></td><td style="padding:3px;">รถตัด</td></tr>
</table>]]></description>
      <MultiGeometry><Polygon><outerBoundaryIs><LinearRing><coordinates>103.89320028934,14.8328673095807 103.89290289943,14.8317132504111 103.892620599826,14.8318025702682 103.892872789461,14.8329452196036 103.89320028934,14.8328673095807</coordinates></LinearRing></outerBoundaryIs></Polygon></MultiGeometry>
    </Placemark>
    <Placemark>
      <name>321503140075</name>
      <styleUrl>#style_42_001</styleUrl>
      <description><![CDATA[<h3 style="margin-bottom:6px; font-family:sans-serif;">321503140075</h3>
<table style="width:100%; border-collapse:collapse; font-family:sans-serif; font-size:12px;">
<tr style="background-color:#99bfe6; color:#000; font-weight:bold;"><td colspan="2" style="padding:4px; text-align:center;">321503140075</td></tr>
<tr style="background-color:#f0f5fa;"><td style="padding:3px; width:45%;"><b>FID</b></td><td style="padding:3px;">5584</td></tr>
<tr style="background-color:#dbe8f5;"><td style="padding:3px;"><b>รหัสแปลง</b></td><td style="padding:3px;">321503140075</td></tr>
<tr style="background-color:#f0f5fa;"><td style="padding:3px;"><b>รหัสกลุ่มคิว</b></td><td style="padding:3px;">42_001</td></tr>
<tr style="background-color:#dbe8f5;"><td style="padding:3px;"><b>นักเกษตร</b></td><td style="padding:3px;">4201</td></tr>
<tr style="background-color:#f0f5fa;"><td style="padding:3px;"><b>ศูนย์</b></td><td style="padding:3px;">K2-42</td></tr>
<tr style="background-color:#dbe8f5;"><td style="padding:3px;"><b>สถานที่ส่งอ้อย</b></td><td style="padding:3px;">รถตัด</td></tr>
<tr style="background-color:#f0f5fa;"><td style="padding:3px;"><b>ประเภทคิว</b></td><td style="padding:3px;">รถตัด</td></tr>
<tr style="background-color:#dbe8f5;"><td style="padding:3px;"><b>ประเภทรถ</b></td><td style="padding:3px;">10 ล้อเดี่ยว</td></tr>
<tr style="background-color:#f0f5fa;"><td style="padding:3px;"><b>ประเภทชาวไร่</b></td><td style="padding:3px;">รถตัด</td></tr>
<tr style="background-color:#dbe8f5;"><td style="padding:3px;"><b>สถานีขนถ่าย</b></td><td style="padding:3px;"></td></tr>
<tr style="background-color:#f0f5fa;"><td style="padding:3px;"><b>สถานะยืนยัน</b></td><td style="padding:3px;">N</td></tr>
<tr style="background-color:#dbe8f5;"><td style="padding:3px;"><b>โควตา</b></td><td style="padding:3px;">742848</td></tr>
<tr style="background-color:#f0f5fa;"><td style="padding:3px;"><b>ชาวไร่</b></td><td style="padding:3px;">นาย สุระ บุตรงาม</td></tr>
<tr style="background-color:#dbe8f5;"><td style="padding:3px;"><b>ประเภทอ้อย</b></td><td style="padding:3px;">ตอ5</td></tr>
<tr style="background-color:#f0f5fa;"><td style="padding:3px;"><b>พื้นที่</b></td><td style="padding:3px;">24.3</td></tr>
<tr style="background-color:#dbe8f5;"><td style="padding:3px;"><b>ปีผลิต</b></td><td style="padding:3px;">256970</td></tr>
<tr style="background-color:#f0f5fa;"><td style="padding:3px;"><b>ตันรวม</b></td><td style="padding:3px;">170.1</td></tr>
<tr style="background-color:#dbe8f5;"><td style="padding:3px;"><b>สถานที่ส่งอ้อย_1</b></td><td style="padding:3px;">รถตัด</td></tr>
</table>]]></description>
      <MultiGeometry><Polygon><outerBoundaryIs><LinearRing><coordinates>103.900367421841,14.8283495891308 103.898936966047,14.8287966377379 103.898779302545,14.8288636510672 103.898868737085,14.8301556384341 103.898919448492,14.8305126650457 103.899007458148,14.8304848794386 103.899134443406,14.8304405387831 103.899126145821,14.8302706793668 103.899237457009,14.8302306143787 103.899299819021,14.8303597370595 103.899671053004,14.8302377802795 103.900084616502,14.8301174167616 103.900200370728,14.8300796556455 103.900368930159,14.8300365313426 103.900701273201,14.8299797857076 103.900813926227,14.8299602136792 103.900846866508,14.8299353200815 103.900704877195,14.828275996264 103.900367421841,14.8283495891308</coordinates></LinearRing></outerBoundaryIs></Polygon></MultiGeometry>
    </Placemark>
    <Placemark>
      <name>321503151677</name>
      <styleUrl>#style_42_001</styleUrl>
      <description><![CDATA[<h3 style="margin-bottom:6px; font-family:sans-serif;">321503151677</h3>
<table style="width:100%; border-collapse:collapse; font-family:sans-serif; font-size:12px;">
<tr style="background-color:#99bfe6; color:#000; font-weight:bold;"><td colspan="2" style="padding:4px; text-align:center;">321503151677</td></tr>
<tr style="background-color:#f0f5fa;"><td style="padding:3px; width:45%;"><b>FID</b></td><td style="padding:3px;">5585</td></tr>
<tr style="background-color:#dbe8f5;"><td style="padding:3px;"><b>รหัสแปลง</b></td><td style="padding:3px;">321503151677</td></tr>
<tr style="background-color:#f0f5fa;"><td style="padding:3px;"><b>รหัสกลุ่มคิว</b></td><td style="padding:3px;">42_001</td></tr>
<tr style="background-color:#dbe8f5;"><td style="padding:3px;"><b>นักเกษตร</b></td><td style="padding:3px;">4201</td></tr>
<tr style="background-color:#f0f5fa;"><td style="padding:3px;"><b>ศูนย์</b></td><td style="padding:3px;">K2-42</td></tr>
<tr style="background-color:#dbe8f5;"><td style="padding:3px;"><b>สถานที่ส่งอ้อย</b></td><td style="padding:3px;">รถตัด</td></tr>
<tr style="background-color:#f0f5fa;"><td style="padding:3px;"><b>ประเภทคิว</b></td><td style="padding:3px;">รถตัด</td></tr>
<tr style="background-color:#dbe8f5;"><td style="padding:3px;"><b>ประเภทรถ</b></td><td style="padding:3px;">10 ล้อเดี่ยว</td></tr>
<tr style="background-color:#f0f5fa;"><td style="padding:3px;"><b>ประเภทชาวไร่</b></td><td style="padding:3px;">รถตัด</td></tr>
<tr style="background-color:#dbe8f5;"><td style="padding:3px;"><b>สถานีขนถ่าย</b></td><td style="padding:3px;"></td></tr>
<tr style="background-color:#f0f5fa;"><td style="padding:3px;"><b>สถานะยืนยัน</b></td><td style="padding:3px;">N</td></tr>
<tr style="background-color:#dbe8f5;"><td style="padding:3px;"><b>โควตา</b></td><td style="padding:3px;">742143</td></tr>
<tr style="background-color:#f0f5fa;"><td style="padding:3px;"><b>ชาวไร่</b></td><td style="padding:3px;">นาย จรุง บุญร่วม</td></tr>
<tr style="background-color:#dbe8f5;"><td style="padding:3px;"><b>ประเภทอ้อย</b></td><td style="padding:3px;">ปลายฝน</td></tr>
<tr style="background-color:#f0f5fa;"><td style="padding:3px;"><b>พื้นที่</b></td><td style="padding:3px;">2.97</td></tr>
<tr style="background-color:#dbe8f5;"><td style="padding:3px;"><b>ปีผลิต</b></td><td style="padding:3px;">256970</td></tr>
<tr style="background-color:#f0f5fa;"><td style="padding:3px;"><b>ตันรวม</b></td><td style="padding:3px;">38.61</td></tr>
<tr style="background-color:#dbe8f5;"><td style="padding:3px;"><b>สถานที่ส่งอ้อย_1</b></td><td style="padding:3px;">รถตัด</td></tr>
</table>]]></description>
      <MultiGeometry><Polygon><outerBoundaryIs><LinearRing><coordinates>103.838884999461,14.7736383333233 103.83901666649,14.7736316665699 103.838929999369,14.7728683331114 103.838919999605,14.7726949995909 103.839118333343,14.772625000278 103.839059999476,14.7721699996447 103.838505000008,14.7722616668421 103.838604999567,14.7726933337313 103.838691666782,14.7727049998289 103.838721666014,14.7728383337029 103.838781666817,14.7728366669234 103.838884999461,14.7736383333233</coordinates></LinearRing></outerBoundaryIs></Polygon></MultiGeometry>
    </Placemark>
    <Placemark>
      <name>321503060053</name>
      <styleUrl>#style_42_001</styleUrl>
      <description><![CDATA[<h3 style="margin-bottom:6px; font-family:sans-serif;">321503060053</h3>
<table style="width:100%; border-collapse:collapse; font-family:sans-serif; font-size:12px;">
<tr style="background-color:#99bfe6; color:#000; font-weight:bold;"><td colspan="2" style="padding:4px; text-align:center;">321503060053</td></tr>
<tr style="background-color:#f0f5fa;"><td style="padding:3px; width:45%;"><b>FID</b></td><td style="padding:3px;">5776</td></tr>
<tr style="background-color:#dbe8f5;"><td style="padding:3px;"><b>รหัสแปลง</b></td><td style="padding:3px;">321503060053</td></tr>
<tr style="background-color:#f0f5fa;"><td style="padding:3px;"><b>รหัสกลุ่มคิว</b></td><td style="padding:3px;">42_001</td></tr>
<tr style="background-color:#dbe8f5;"><td style="padding:3px;"><b>นักเกษตร</b></td><td style="padding:3px;">4201</td></tr>
<tr style="background-color:#f0f5fa;"><td style="padding:3px;"><b>ศูนย์</b></td><td style="padding:3px;">K2-42</td></tr>
<tr style="background-color:#dbe8f5;"><td style="padding:3px;"><b>สถานที่ส่งอ้อย</b></td><td style="padding:3px;">รถตัด</td></tr>
<tr style="background-color:#f0f5fa;"><td style="padding:3px;"><b>ประเภทคิว</b></td><td style="padding:3px;">รถตัด</td></tr>
<tr style="background-color:#dbe8f5;"><td style="padding:3px;"><b>ประเภทรถ</b></td><td style="padding:3px;">10 ล้อเดี่ยว</td></tr>
<tr style="background-color:#f0f5fa;"><td style="padding:3px;"><b>ประเภทชาวไร่</b></td><td style="padding:3px;">รถตัด</td></tr>
<tr style="background-color:#dbe8f5;"><td style="padding:3px;"><b>สถานีขนถ่าย</b></td><td style="padding:3px;"></td></tr>
<tr style="background-color:#f0f5fa;"><td style="padding:3px;"><b>สถานะยืนยัน</b></td><td style="padding:3px;">N</td></tr>
<tr style="background-color:#dbe8f5;"><td style="padding:3px;"><b>โควตา</b></td><td style="padding:3px;">742823</td></tr>
<tr style="background-color:#f0f5fa;"><td style="padding:3px;"><b>ชาวไร่</b></td><td style="padding:3px;">นาง คำมี สายเพชร</td></tr>
<tr style="background-color:#dbe8f5;"><td style="padding:3px;"><b>ประเภทอ้อย</b></td><td style="padding:3px;">ตอ1</td></tr>
<tr style="background-color:#f0f5fa;"><td style="padding:3px;"><b>พื้นที่</b></td><td style="padding:3px;">10.84</td></tr>
<tr style="background-color:#dbe8f5;"><td style="padding:3px;"><b>ปีผลิต</b></td><td style="padding:3px;">256970</td></tr>
<tr style="background-color:#f0f5fa;"><td style="padding:3px;"><b>ตันรวม</b></td><td style="padding:3px;">97.56</td></tr>
<tr style="background-color:#dbe8f5;"><td style="padding:3px;"><b>สถานที่ส่งอ้อย_1</b></td><td style="padding:3px;">รถตัด</td></tr>
</table>]]></description>
      <MultiGeometry><Polygon><outerBoundaryIs><LinearRing><coordinates>103.84622127369,14.8173347347947 103.847210740214,14.8170855912926 103.848142213631,14.8168539049682 103.849143165591,14.8165687534968 103.849007213153,14.8161103731163 103.847727586226,14.8164402959887 103.846176857035,14.8168697433593 103.84622127369,14.8173347347947</coordinates></LinearRing></outerBoundaryIs></Polygon></MultiGeometry>
    </Placemark>
    <Placemark>
      <name>321503010040</name>
      <styleUrl>#style_42_001</styleUrl>
      <description><![CDATA[<h3 style="margin-bottom:6px; font-family:sans-serif;">321503010040</h3>
<table style="width:100%; border-collapse:collapse; font-family:sans-serif; font-size:12px;">
<tr style="background-color:#99bfe6; color:#000; font-weight:bold;"><td colspan="2" style="padding:4px; text-align:center;">321503010040</td></tr>
<tr style="background-color:#f0f5fa;"><td style="padding:3px; width:45%;"><b>FID</b></td><td style="padding:3px;">6100</td></tr>
<tr style="background-color:#dbe8f5;"><td style="padding:3px;"><b>รหัสแปลง</b></td><td style="padding:3px;">321503010040</td></tr>
<tr style="background-color:#f0f5fa;"><td style="padding:3px;"><b>รหัสกลุ่มคิว</b></td><td style="padding:3px;">42_001</td></tr>
<tr style="background-color:#dbe8f5;"><td style="padding:3px;"><b>นักเกษตร</b></td><td style="padding:3px;">4201</td></tr>
<tr style="background-color:#f0f5fa;"><td style="padding:3px;"><b>ศูนย์</b></td><td style="padding:3px;">K2-42</td></tr>
<tr style="background-color:#dbe8f5;"><td style="padding:3px;"><b>สถานที่ส่งอ้อย</b></td><td style="padding:3px;">รถตัด</td></tr>
<tr style="background-color:#f0f5fa;"><td style="padding:3px;"><b>ประเภทคิว</b></td><td style="padding:3px;">รถตัด</td></tr>
<tr style="background-color:#dbe8f5;"><td style="padding:3px;"><b>ประเภทรถ</b></td><td style="padding:3px;">10 ล้อเดี่ยว</td></tr>
<tr style="background-color:#f0f5fa;"><td style="padding:3px;"><b>ประเภทชาวไร่</b></td><td style="padding:3px;">รถตัด</td></tr>
<tr style="background-color:#dbe8f5;"><td style="padding:3px;"><b>สถานีขนถ่าย</b></td><td style="padding:3px;"></td></tr>
<tr style="background-color:#f0f5fa;"><td style="padding:3px;"><b>สถานะยืนยัน</b></td><td style="padding:3px;">N</td></tr>
<tr style="background-color:#dbe8f5;"><td style="padding:3px;"><b>โควตา</b></td><td style="padding:3px;">742463</td></tr>
<tr style="background-color:#f0f5fa;"><td style="padding:3px;"><b>ชาวไร่</b></td><td style="padding:3px;">นาย อนุพงศ์ บุญร่วม</td></tr>
<tr style="background-color:#dbe8f5;"><td style="padding:3px;"><b>ประเภทอ้อย</b></td><td style="padding:3px;">ปลายฝน</td></tr>
<tr style="background-color:#f0f5fa;"><td style="padding:3px;"><b>พื้นที่</b></td><td style="padding:3px;">5.27</td></tr>
<tr style="background-color:#dbe8f5;"><td style="padding:3px;"><b>ปีผลิต</b></td><td style="padding:3px;">256970</td></tr>
<tr style="background-color:#f0f5fa;"><td style="padding:3px;"><b>ตันรวม</b></td><td style="padding:3px;">68.51</td></tr>
<tr style="background-color:#dbe8f5;"><td style="padding:3px;"><b>สถานที่ส่งอ้อย_1</b></td><td style="padding:3px;">รถตัด</td></tr>
</table>]]></description>
      <MultiGeometry><Polygon><outerBoundaryIs><LinearRing><coordinates>103.842408333298,14.8104816665464 103.842233333171,14.8105266662142 103.84220666621,14.8104166665141 103.841675000096,14.810533333571 103.841718333479,14.8108733331621 103.842469999854,14.8106600000714 103.843171666494,14.8104533337082 103.843091414068,14.8099815459841 103.841749639736,14.8102817130206 103.841751666568,14.810316666578 103.841838332726,14.8103283335354 103.841836666914,14.810406666745 103.841741666582,14.8104049996964 103.841743333021,14.8104750003637 103.842386666816,14.8103183335275 103.842408333298,14.8104816665464</coordinates></LinearRing></outerBoundaryIs></Polygon></MultiGeometry>
    </Placemark>
    <Placemark>
      <name>321503061520</name>
      <styleUrl>#style_42_001</styleUrl>
      <description><![CDATA[<h3 style="margin-bottom:6px; font-family:sans-serif;">321503061520</h3>
<table style="width:100%; border-collapse:collapse; font-family:sans-serif; font-size:12px;">
<tr style="background-color:#99bfe6; color:#000; font-weight:bold;"><td colspan="2" style="padding:4px; text-align:center;">321503061520</td></tr>
<tr style="background-color:#f0f5fa;"><td style="padding:3px; width:45%;"><b>FID</b></td><td style="padding:3px;">6101</td></tr>
<tr style="background-color:#dbe8f5;"><td style="padding:3px;"><b>รหัสแปลง</b></td><td style="padding:3px;">321503061520</td></tr>
<tr style="background-color:#f0f5fa;"><td style="padding:3px;"><b>รหัสกลุ่มคิว</b></td><td style="padding:3px;">42_001</td></tr>
<tr style="background-color:#dbe8f5;"><td style="padding:3px;"><b>นักเกษตร</b></td><td style="padding:3px;">4201</td></tr>
<tr style="background-color:#f0f5fa;"><td style="padding:3px;"><b>ศูนย์</b></td><td style="padding:3px;">K2-42</td></tr>
<tr style="background-color:#dbe8f5;"><td style="padding:3px;"><b>สถานที่ส่งอ้อย</b></td><td style="padding:3px;">รถตัด</td></tr>
<tr style="background-color:#f0f5fa;"><td style="padding:3px;"><b>ประเภทคิว</b></td><td style="padding:3px;">รถตัด</td></tr>
<tr style="background-color:#dbe8f5;"><td style="padding:3px;"><b>ประเภทรถ</b></td><td style="padding:3px;">10 ล้อเดี่ยว</td></tr>
<tr style="background-color:#f0f5fa;"><td style="padding:3px;"><b>ประเภทชาวไร่</b></td><td style="padding:3px;">รถตัด</td></tr>
<tr style="background-color:#dbe8f5;"><td style="padding:3px;"><b>สถานีขนถ่าย</b></td><td style="padding:3px;"></td></tr>
<tr style="background-color:#f0f5fa;"><td style="padding:3px;"><b>สถานะยืนยัน</b></td><td style="padding:3px;">N</td></tr>
<tr style="background-color:#dbe8f5;"><td style="padding:3px;"><b>โควตา</b></td><td style="padding:3px;">744075</td></tr>
<tr style="background-color:#f0f5fa;"><td style="padding:3px;"><b>ชาวไร่</b></td><td style="padding:3px;">นาย สฤษดิ์ สมใจ</td></tr>
<tr style="background-color:#dbe8f5;"><td style="padding:3px;"><b>ประเภทอ้อย</b></td><td style="padding:3px;">ปลายฝน</td></tr>
<tr style="background-color:#f0f5fa;"><td style="padding:3px;"><b>พื้นที่</b></td><td style="padding:3px;">3.75</td></tr>
<tr style="background-color:#dbe8f5;"><td style="padding:3px;"><b>ปีผลิต</b></td><td style="padding:3px;">256970</td></tr>
<tr style="background-color:#f0f5fa;"><td style="padding:3px;"><b>ตันรวม</b></td><td style="padding:3px;">48.75</td></tr>
<tr style="background-color:#dbe8f5;"><td style="padding:3px;"><b>สถานที่ส่งอ้อย_1</b></td><td style="padding:3px;">รถตัด</td></tr>
</table>]]></description>
      <MultiGeometry><Polygon><outerBoundaryIs><LinearRing><coordinates>103.859988499865,14.8413746996106 103.86022186559,14.8417502324953 103.861312989508,14.841468889927 103.861241780199,14.8410665897563 103.859988499865,14.8413746996106</coordinates></LinearRing></outerBoundaryIs></Polygon></MultiGeometry>
    </Placemark>
    <Placemark>
      <name>321503121514</name>
      <styleUrl>#style_42_001</styleUrl>
      <description><![CDATA[<h3 style="margin-bottom:6px; font-family:sans-serif;">321503121514</h3>
<table style="width:100%; border-collapse:collapse; font-family:sans-serif; font-size:12px;">
<tr style="background-color:#99bfe6; color:#000; font-weight:bold;"><td colspan="2" style="padding:4px; text-align:center;">321503121514</td></tr>
<tr style="background-color:#f0f5fa;"><td style="padding:3px; width:45%;"><b>FID</b></td><td style="padding:3px;">6102</td></tr>
<tr style="background-color:#dbe8f5;"><td style="padding:3px;"><b>รหัสแปลง</b></td><td style="padding:3px;">321503121514</td></tr>
<tr style="background-color:#f0f5fa;"><td style="padding:3px;"><b>รหัสกลุ่มคิว</b></td><td style="padding:3px;">42_001</td></tr>
<tr style="background-color:#dbe8f5;"><td style="padding:3px;"><b>นักเกษตร</b></td><td style="padding:3px;">4201</td></tr>
<tr style="background-color:#f0f5fa;"><td style="padding:3px;"><b>ศูนย์</b></td><td style="padding:3px;">K2-42</td></tr>
<tr style="background-color:#dbe8f5;"><td style="padding:3px;"><b>สถานที่ส่งอ้อย</b></td><td style="padding:3px;">รถตัด</td></tr>
<tr style="background-color:#f0f5fa;"><td style="padding:3px;"><b>ประเภทคิว</b></td><td style="padding:3px;">รถตัด</td></tr>
<tr style="background-color:#dbe8f5;"><td style="padding:3px;"><b>ประเภทรถ</b></td><td style="padding:3px;">10 ล้อเดี่ยว</td></tr>
<tr style="background-color:#f0f5fa;"><td style="padding:3px;"><b>ประเภทชาวไร่</b></td><td style="padding:3px;">รถตัด</td></tr>
<tr style="background-color:#dbe8f5;"><td style="padding:3px;"><b>สถานีขนถ่าย</b></td><td style="padding:3px;"></td></tr>
<tr style="background-color:#f0f5fa;"><td style="padding:3px;"><b>สถานะยืนยัน</b></td><td style="padding:3px;">N</td></tr>
<tr style="background-color:#dbe8f5;"><td style="padding:3px;"><b>โควตา</b></td><td style="padding:3px;">743427</td></tr>
<tr style="background-color:#f0f5fa;"><td style="padding:3px;"><b>ชาวไร่</b></td><td style="padding:3px;">นาง ละม้าย บุญร่วม</td></tr>
<tr style="background-color:#dbe8f5;"><td style="padding:3px;"><b>ประเภทอ้อย</b></td><td style="padding:3px;">ตอ1</td></tr>
<tr style="background-color:#f0f5fa;"><td style="padding:3px;"><b>พื้นที่</b></td><td style="padding:3px;">2.44</td></tr>
<tr style="background-color:#dbe8f5;"><td style="padding:3px;"><b>ปีผลิต</b></td><td style="padding:3px;">256970</td></tr>
<tr style="background-color:#f0f5fa;"><td style="padding:3px;"><b>ตันรวม</b></td><td style="padding:3px;">21.96</td></tr>
<tr style="background-color:#dbe8f5;"><td style="padding:3px;"><b>สถานที่ส่งอ้อย_1</b></td><td style="padding:3px;">รถตัด</td></tr>
</table>]]></description>
      <MultiGeometry><Polygon><outerBoundaryIs><LinearRing><coordinates>103.809059809417,14.7949935396405 103.809017079589,14.7946586499063 103.808528670035,14.794759279619 103.808102789828,14.7948530303432 103.808181689706,14.7952152301515 103.809059809417,14.7949935396405</coordinates></LinearRing></outerBoundaryIs></Polygon></MultiGeometry>
    </Placemark>
    <Placemark>
      <name>321503055158</name>
      <styleUrl>#style_42_001</styleUrl>
      <description><![CDATA[<h3 style="margin-bottom:6px; font-family:sans-serif;">321503055158</h3>
<table style="width:100%; border-collapse:collapse; font-family:sans-serif; font-size:12px;">
<tr style="background-color:#99bfe6; color:#000; font-weight:bold;"><td colspan="2" style="padding:4px; text-align:center;">321503055158</td></tr>
<tr style="background-color:#f0f5fa;"><td style="padding:3px; width:45%;"><b>FID</b></td><td style="padding:3px;">6311</td></tr>
<tr style="background-color:#dbe8f5;"><td style="padding:3px;"><b>รหัสแปลง</b></td><td style="padding:3px;">321503055158</td></tr>
<tr style="background-color:#f0f5fa;"><td style="padding:3px;"><b>รหัสกลุ่มคิว</b></td><td style="padding:3px;">42_001</td></tr>
<tr style="background-color:#dbe8f5;"><td style="padding:3px;"><b>นักเกษตร</b></td><td style="padding:3px;">4201</td></tr>
<tr style="background-color:#f0f5fa;"><td style="padding:3px;"><b>ศูนย์</b></td><td style="padding:3px;">K2-42</td></tr>
<tr style="background-color:#dbe8f5;"><td style="padding:3px;"><b>สถานที่ส่งอ้อย</b></td><td style="padding:3px;">รถตัด</td></tr>
<tr style="background-color:#f0f5fa;"><td style="padding:3px;"><b>ประเภทคิว</b></td><td style="padding:3px;">รถตัด</td></tr>
<tr style="background-color:#dbe8f5;"><td style="padding:3px;"><b>ประเภทรถ</b></td><td style="padding:3px;">10 ล้อเดี่ยว</td></tr>
<tr style="background-color:#f0f5fa;"><td style="padding:3px;"><b>ประเภทชาวไร่</b></td><td style="padding:3px;">รถตัด</td></tr>
<tr style="background-color:#dbe8f5;"><td style="padding:3px;"><b>สถานีขนถ่าย</b></td><td style="padding:3px;"></td></tr>
<tr style="background-color:#f0f5fa;"><td style="padding:3px;"><b>สถานะยืนยัน</b></td><td style="padding:3px;">N</td></tr>
<tr style="background-color:#dbe8f5;"><td style="padding:3px;"><b>โควตา</b></td><td style="padding:3px;">741371</td></tr>
<tr style="background-color:#f0f5fa;"><td style="padding:3px;"><b>ชาวไร่</b></td><td style="padding:3px;">นาง เปียก สร้อยเพ็ช</td></tr>
<tr style="background-color:#dbe8f5;"><td style="padding:3px;"><b>ประเภทอ้อย</b></td><td style="padding:3px;">ตอ1</td></tr>
<tr style="background-color:#f0f5fa;"><td style="padding:3px;"><b>พื้นที่</b></td><td style="padding:3px;">12.73</td></tr>
<tr style="background-color:#dbe8f5;"><td style="padding:3px;"><b>ปีผลิต</b></td><td style="padding:3px;">256970</td></tr>
<tr style="background-color:#f0f5fa;"><td style="padding:3px;"><b>ตันรวม</b></td><td style="padding:3px;">114.57</td></tr>
<tr style="background-color:#dbe8f5;"><td style="padding:3px;"><b>สถานที่ส่งอ้อย_1</b></td><td style="padding:3px;">รถตัด</td></tr>
</table>]]></description>
      <MultiGeometry><Polygon><outerBoundaryIs><LinearRing><coordinates>103.865048320131,14.8229276397349 103.865774570225,14.8272856598303 103.866200029645,14.8272519203768 103.865543649867,14.8236460202855 103.865387419634,14.8236544397287 103.865295299855,14.8232617502405 103.865511910142,14.8232051099713 103.865488209977,14.8228250401002 103.865048320131,14.8229276397349</coordinates></LinearRing></outerBoundaryIs></Polygon></MultiGeometry>
    </Placemark>
    <Placemark>
      <name>321503151711</name>
      <styleUrl>#style_42_001</styleUrl>
      <description><![CDATA[<h3 style="margin-bottom:6px; font-family:sans-serif;">321503151711</h3>
<table style="width:100%; border-collapse:collapse; font-family:sans-serif; font-size:12px;">
<tr style="background-color:#99bfe6; color:#000; font-weight:bold;"><td colspan="2" style="padding:4px; text-align:center;">321503151711</td></tr>
<tr style="background-color:#f0f5fa;"><td style="padding:3px; width:45%;"><b>FID</b></td><td style="padding:3px;">6622</td></tr>
<tr style="background-color:#dbe8f5;"><td style="padding:3px;"><b>รหัสแปลง</b></td><td style="padding:3px;">321503151711</td></tr>
<tr style="background-color:#f0f5fa;"><td style="padding:3px;"><b>รหัสกลุ่มคิว</b></td><td style="padding:3px;">42_001</td></tr>
<tr style="background-color:#dbe8f5;"><td style="padding:3px;"><b>นักเกษตร</b></td><td style="padding:3px;">4201</td></tr>
<tr style="background-color:#f0f5fa;"><td style="padding:3px;"><b>ศูนย์</b></td><td style="padding:3px;">K2-42</td></tr>
<tr style="background-color:#dbe8f5;"><td style="padding:3px;"><b>สถานที่ส่งอ้อย</b></td><td style="padding:3px;">รถตัด</td></tr>
<tr style="background-color:#f0f5fa;"><td style="padding:3px;"><b>ประเภทคิว</b></td><td style="padding:3px;">รถตัด</td></tr>
<tr style="background-color:#dbe8f5;"><td style="padding:3px;"><b>ประเภทรถ</b></td><td style="padding:3px;">10 ล้อเดี่ยว</td></tr>
<tr style="background-color:#f0f5fa;"><td style="padding:3px;"><b>ประเภทชาวไร่</b></td><td style="padding:3px;">รถตัด</td></tr>
<tr style="background-color:#dbe8f5;"><td style="padding:3px;"><b>สถานีขนถ่าย</b></td><td style="padding:3px;"></td></tr>
<tr style="background-color:#f0f5fa;"><td style="padding:3px;"><b>สถานะยืนยัน</b></td><td style="padding:3px;">N</td></tr>
<tr style="background-color:#dbe8f5;"><td style="padding:3px;"><b>โควตา</b></td><td style="padding:3px;">743149</td></tr>
<tr style="background-color:#f0f5fa;"><td style="padding:3px;"><b>ชาวไร่</b></td><td style="padding:3px;">นาย ธนชาติ บุญเสก</td></tr>
<tr style="background-color:#dbe8f5;"><td style="padding:3px;"><b>ประเภทอ้อย</b></td><td style="padding:3px;">ตอ2</td></tr>
<tr style="background-color:#f0f5fa;"><td style="padding:3px;"><b>พื้นที่</b></td><td style="padding:3px;">2.48</td></tr>
<tr style="background-color:#dbe8f5;"><td style="padding:3px;"><b>ปีผลิต</b></td><td style="padding:3px;">256970</td></tr>
<tr style="background-color:#f0f5fa;"><td style="padding:3px;"><b>ตันรวม</b></td><td style="padding:3px;">19.84</td></tr>
<tr style="background-color:#dbe8f5;"><td style="padding:3px;"><b>สถานที่ส่งอ้อย_1</b></td><td style="padding:3px;">รถตัด</td></tr>
</table>]]></description>
      <MultiGeometry><Polygon><outerBoundaryIs><LinearRing><coordinates>103.850994519895,14.7969488903311 103.850996539808,14.7969510703496 103.851619609367,14.796885589921 103.85159816975,14.7963762196796 103.850926559488,14.7964463699572 103.850994519895,14.7969488903311</coordinates></LinearRing></outerBoundaryIs></Polygon></MultiGeometry>
    </Placemark>
    <Placemark>
      <name>321503055191</name>
      <styleUrl>#style_42_001</styleUrl>
      <description><![CDATA[<h3 style="margin-bottom:6px; font-family:sans-serif;">321503055191</h3>
<table style="width:100%; border-collapse:collapse; font-family:sans-serif; font-size:12px;">
<tr style="background-color:#99bfe6; color:#000; font-weight:bold;"><td colspan="2" style="padding:4px; text-align:center;">321503055191</td></tr>
<tr style="background-color:#f0f5fa;"><td style="padding:3px; width:45%;"><b>FID</b></td><td style="padding:3px;">6781</td></tr>
<tr style="background-color:#dbe8f5;"><td style="padding:3px;"><b>รหัสแปลง</b></td><td style="padding:3px;">321503055191</td></tr>
<tr style="background-color:#f0f5fa;"><td style="padding:3px;"><b>รหัสกลุ่มคิว</b></td><td style="padding:3px;">42_001</td></tr>
<tr style="background-color:#dbe8f5;"><td style="padding:3px;"><b>นักเกษตร</b></td><td style="padding:3px;">4201</td></tr>
<tr style="background-color:#f0f5fa;"><td style="padding:3px;"><b>ศูนย์</b></td><td style="padding:3px;">K2-42</td></tr>
<tr style="background-color:#dbe8f5;"><td style="padding:3px;"><b>สถานที่ส่งอ้อย</b></td><td style="padding:3px;">รถตัด</td></tr>
<tr style="background-color:#f0f5fa;"><td style="padding:3px;"><b>ประเภทคิว</b></td><td style="padding:3px;">รถตัด</td></tr>
<tr style="background-color:#dbe8f5;"><td style="padding:3px;"><b>ประเภทรถ</b></td><td style="padding:3px;">10 ล้อเดี่ยว</td></tr>
<tr style="background-color:#f0f5fa;"><td style="padding:3px;"><b>ประเภทชาวไร่</b></td><td style="padding:3px;">รถตัด</td></tr>
<tr style="background-color:#dbe8f5;"><td style="padding:3px;"><b>สถานีขนถ่าย</b></td><td style="padding:3px;"></td></tr>
<tr style="background-color:#f0f5fa;"><td style="padding:3px;"><b>สถานะยืนยัน</b></td><td style="padding:3px;">N</td></tr>
<tr style="background-color:#dbe8f5;"><td style="padding:3px;"><b>โควตา</b></td><td style="padding:3px;">741990</td></tr>
<tr style="background-color:#f0f5fa;"><td style="padding:3px;"><b>ชาวไร่</b></td><td style="padding:3px;">นาง ระเวียง บุญเสก</td></tr>
<tr style="background-color:#dbe8f5;"><td style="padding:3px;"><b>ประเภทอ้อย</b></td><td style="padding:3px;">ตอ1</td></tr>
<tr style="background-color:#f0f5fa;"><td style="padding:3px;"><b>พื้นที่</b></td><td style="padding:3px;">7.42</td></tr>
<tr style="background-color:#dbe8f5;"><td style="padding:3px;"><b>ปีผลิต</b></td><td style="padding:3px;">256970</td></tr>
<tr style="background-color:#f0f5fa;"><td style="padding:3px;"><b>ตันรวม</b></td><td style="padding:3px;">66.78</td></tr>
<tr style="background-color:#dbe8f5;"><td style="padding:3px;"><b>สถานที่ส่งอ้อย_1</b></td><td style="padding:3px;">รถตัด</td></tr>
</table>]]></description>
      <MultiGeometry><Polygon><outerBoundaryIs><LinearRing><coordinates>103.869069470174,14.8104308699238 103.869068039396,14.8104325495835 103.869066750168,14.8104335998527 103.869087089836,14.8104823600663 103.869190300165,14.8107501599377 103.870016759948,14.8104297197006 103.870505159621,14.8102546699868 103.87052885997,14.8102506896921 103.870630389397,14.8102144300022 103.87078651998,14.8101714702558 103.870960749858,14.8101221801833 103.871212549753,14.810056029638 103.87165318978,14.809927329978 103.871694649882,14.8099154699824 103.87194839989,14.8098347902487 103.871970199724,14.8098194200825 103.871871479449,14.8094527198424 103.869069470174,14.8104308699238</coordinates></LinearRing></outerBoundaryIs></Polygon></MultiGeometry>
    </Placemark>
    <Placemark>
      <name>321503011631</name>
      <styleUrl>#style_42_001</styleUrl>
      <description><![CDATA[<h3 style="margin-bottom:6px; font-family:sans-serif;">321503011631</h3>
<table style="width:100%; border-collapse:collapse; font-family:sans-serif; font-size:12px;">
<tr style="background-color:#99bfe6; color:#000; font-weight:bold;"><td colspan="2" style="padding:4px; text-align:center;">321503011631</td></tr>
<tr style="background-color:#f0f5fa;"><td style="padding:3px; width:45%;"><b>FID</b></td><td style="padding:3px;">6796</td></tr>
<tr style="background-color:#dbe8f5;"><td style="padding:3px;"><b>รหัสแปลง</b></td><td style="padding:3px;">321503011631</td></tr>
<tr style="background-color:#f0f5fa;"><td style="padding:3px;"><b>รหัสกลุ่มคิว</b></td><td style="padding:3px;">42_001</td></tr>
<tr style="background-color:#dbe8f5;"><td style="padding:3px;"><b>นักเกษตร</b></td><td style="padding:3px;">4201</td></tr>
<tr style="background-color:#f0f5fa;"><td style="padding:3px;"><b>ศูนย์</b></td><td style="padding:3px;">K2-42</td></tr>
<tr style="background-color:#dbe8f5;"><td style="padding:3px;"><b>สถานที่ส่งอ้อย</b></td><td style="padding:3px;">รถตัด</td></tr>
<tr style="background-color:#f0f5fa;"><td style="padding:3px;"><b>ประเภทคิว</b></td><td style="padding:3px;">รถตัด</td></tr>
<tr style="background-color:#dbe8f5;"><td style="padding:3px;"><b>ประเภทรถ</b></td><td style="padding:3px;">10 ล้อเดี่ยว</td></tr>
<tr style="background-color:#f0f5fa;"><td style="padding:3px;"><b>ประเภทชาวไร่</b></td><td style="padding:3px;">รถตัด</td></tr>
<tr style="background-color:#dbe8f5;"><td style="padding:3px;"><b>สถานีขนถ่าย</b></td><td style="padding:3px;"></td></tr>
<tr style="background-color:#f0f5fa;"><td style="padding:3px;"><b>สถานะยืนยัน</b></td><td style="padding:3px;">N</td></tr>
<tr style="background-color:#dbe8f5;"><td style="padding:3px;"><b>โควตา</b></td><td style="padding:3px;">743149</td></tr>
<tr style="background-color:#f0f5fa;"><td style="padding:3px;"><b>ชาวไร่</b></td><td style="padding:3px;">นาย ธนชาติ บุญเสก</td></tr>
<tr style="background-color:#dbe8f5;"><td style="padding:3px;"><b>ประเภทอ้อย</b></td><td style="padding:3px;">ตอ1</td></tr>
<tr style="background-color:#f0f5fa;"><td style="padding:3px;"><b>พื้นที่</b></td><td style="padding:3px;">8.71</td></tr>
<tr style="background-color:#dbe8f5;"><td style="padding:3px;"><b>ปีผลิต</b></td><td style="padding:3px;">256970</td></tr>
<tr style="background-color:#f0f5fa;"><td style="padding:3px;"><b>ตันรวม</b></td><td style="padding:3px;">78.39</td></tr>
<tr style="background-color:#dbe8f5;"><td style="padding:3px;"><b>สถานที่ส่งอ้อย_1</b></td><td style="padding:3px;">รถตัด</td></tr>
</table>]]></description>
      <MultiGeometry><Polygon><outerBoundaryIs><LinearRing><coordinates>103.850773332692,14.7969533331419 103.850826666765,14.7969600001978 103.851048332686,14.7969183332829 103.850994999546,14.7966266665953 103.850739999759,14.7955350002974 103.85057666601,14.7948533336034 103.851023333234,14.7947649998797 103.850914999715,14.7941533335857 103.850094999919,14.7943183332813 103.850773332692,14.7969533331419</coordinates></LinearRing></outerBoundaryIs></Polygon></MultiGeometry>
    </Placemark>
    <Placemark>
      <name>321505051545</name>
      <styleUrl>#style_42_001</styleUrl>
      <description><![CDATA[<h3 style="margin-bottom:6px; font-family:sans-serif;">321505051545</h3>
<table style="width:100%; border-collapse:collapse; font-family:sans-serif; font-size:12px;">
<tr style="background-color:#99bfe6; color:#000; font-weight:bold;"><td colspan="2" style="padding:4px; text-align:center;">321505051545</td></tr>
<tr style="background-color:#f0f5fa;"><td style="padding:3px; width:45%;"><b>FID</b></td><td style="padding:3px;">6885</td></tr>
<tr style="background-color:#dbe8f5;"><td style="padding:3px;"><b>รหัสแปลง</b></td><td style="padding:3px;">321505051545</td></tr>
<tr style="background-color:#f0f5fa;"><td style="padding:3px;"><b>รหัสกลุ่มคิว</b></td><td style="padding:3px;">42_001</td></tr>
<tr style="background-color:#dbe8f5;"><td style="padding:3px;"><b>นักเกษตร</b></td><td style="padding:3px;">4201</td></tr>
<tr style="background-color:#f0f5fa;"><td style="padding:3px;"><b>ศูนย์</b></td><td style="padding:3px;">K2-42</td></tr>
<tr style="background-color:#dbe8f5;"><td style="padding:3px;"><b>สถานที่ส่งอ้อย</b></td><td style="padding:3px;">รถตัด</td></tr>
<tr style="background-color:#f0f5fa;"><td style="padding:3px;"><b>ประเภทคิว</b></td><td style="padding:3px;">รถตัด</td></tr>
<tr style="background-color:#dbe8f5;"><td style="padding:3px;"><b>ประเภทรถ</b></td><td style="padding:3px;">10 ล้อเดี่ยว</td></tr>
<tr style="background-color:#f0f5fa;"><td style="padding:3px;"><b>ประเภทชาวไร่</b></td><td style="padding:3px;">รถตัด</td></tr>
<tr style="background-color:#dbe8f5;"><td style="padding:3px;"><b>สถานีขนถ่าย</b></td><td style="padding:3px;"></td></tr>
<tr style="background-color:#f0f5fa;"><td style="padding:3px;"><b>สถานะยืนยัน</b></td><td style="padding:3px;">N</td></tr>
<tr style="background-color:#dbe8f5;"><td style="padding:3px;"><b>โควตา</b></td><td style="padding:3px;">742143</td></tr>
<tr style="background-color:#f0f5fa;"><td style="padding:3px;"><b>ชาวไร่</b></td><td style="padding:3px;">นาย จรุง บุญร่วม</td></tr>
<tr style="background-color:#dbe8f5;"><td style="padding:3px;"><b>ประเภทอ้อย</b></td><td style="padding:3px;">ตอ1</td></tr>
<tr style="background-color:#f0f5fa;"><td style="padding:3px;"><b>พื้นที่</b></td><td style="padding:3px;">4.87</td></tr>
<tr style="background-color:#dbe8f5;"><td style="padding:3px;"><b>ปีผลิต</b></td><td style="padding:3px;">256970</td></tr>
<tr style="background-color:#f0f5fa;"><td style="padding:3px;"><b>ตันรวม</b></td><td style="padding:3px;">43.83</td></tr>
<tr style="background-color:#dbe8f5;"><td style="padding:3px;"><b>สถานที่ส่งอ้อย_1</b></td><td style="padding:3px;">รถตัด</td></tr>
</table>]]></description>
      <MultiGeometry><Polygon><outerBoundaryIs><LinearRing><coordinates>103.839063333291,14.7738883336463 103.839053333078,14.7736733331199 103.838206666751,14.7737333333823 103.838321666449,14.7745166668535 103.838921666611,14.7743416662678 103.838928332727,14.7743099998968 103.839304999542,14.7742499997009 103.839251666374,14.7738899996482 103.839063333291,14.7738883336463</coordinates></LinearRing></outerBoundaryIs></Polygon></MultiGeometry>
    </Placemark>
    <Placemark>
      <name>321503011645</name>
      <styleUrl>#style_42_001</styleUrl>
      <description><![CDATA[<h3 style="margin-bottom:6px; font-family:sans-serif;">321503011645</h3>
<table style="width:100%; border-collapse:collapse; font-family:sans-serif; font-size:12px;">
<tr style="background-color:#99bfe6; color:#000; font-weight:bold;"><td colspan="2" style="padding:4px; text-align:center;">321503011645</td></tr>
<tr style="background-color:#f0f5fa;"><td style="padding:3px; width:45%;"><b>FID</b></td><td style="padding:3px;">6886</td></tr>
<tr style="background-color:#dbe8f5;"><td style="padding:3px;"><b>รหัสแปลง</b></td><td style="padding:3px;">321503011645</td></tr>
<tr style="background-color:#f0f5fa;"><td style="padding:3px;"><b>รหัสกลุ่มคิว</b></td><td style="padding:3px;">42_001</td></tr>
<tr style="background-color:#dbe8f5;"><td style="padding:3px;"><b>นักเกษตร</b></td><td style="padding:3px;">4201</td></tr>
<tr style="background-color:#f0f5fa;"><td style="padding:3px;"><b>ศูนย์</b></td><td style="padding:3px;">K2-42</td></tr>
<tr style="background-color:#dbe8f5;"><td style="padding:3px;"><b>สถานที่ส่งอ้อย</b></td><td style="padding:3px;">รถตัด</td></tr>
<tr style="background-color:#f0f5fa;"><td style="padding:3px;"><b>ประเภทคิว</b></td><td style="padding:3px;">รถตัด</td></tr>
<tr style="background-color:#dbe8f5;"><td style="padding:3px;"><b>ประเภทรถ</b></td><td style="padding:3px;">10 ล้อเดี่ยว</td></tr>
<tr style="background-color:#f0f5fa;"><td style="padding:3px;"><b>ประเภทชาวไร่</b></td><td style="padding:3px;">รถตัด</td></tr>
<tr style="background-color:#dbe8f5;"><td style="padding:3px;"><b>สถานีขนถ่าย</b></td><td style="padding:3px;"></td></tr>
<tr style="background-color:#f0f5fa;"><td style="padding:3px;"><b>สถานะยืนยัน</b></td><td style="padding:3px;">N</td></tr>
<tr style="background-color:#dbe8f5;"><td style="padding:3px;"><b>โควตา</b></td><td style="padding:3px;">742143</td></tr>
<tr style="background-color:#f0f5fa;"><td style="padding:3px;"><b>ชาวไร่</b></td><td style="padding:3px;">นาย จรุง บุญร่วม</td></tr>
<tr style="background-color:#dbe8f5;"><td style="padding:3px;"><b>ประเภทอ้อย</b></td><td style="padding:3px;">ตอ1</td></tr>
<tr style="background-color:#f0f5fa;"><td style="padding:3px;"><b>พื้นที่</b></td><td style="padding:3px;">4.04</td></tr>
<tr style="background-color:#dbe8f5;"><td style="padding:3px;"><b>ปีผลิต</b></td><td style="padding:3px;">256970</td></tr>
<tr style="background-color:#f0f5fa;"><td style="padding:3px;"><b>ตันรวม</b></td><td style="padding:3px;">36.36</td></tr>
<tr style="background-color:#dbe8f5;"><td style="padding:3px;"><b>สถานที่ส่งอ้อย_1</b></td><td style="padding:3px;">รถตัด</td></tr>
</table>]]></description>
      <MultiGeometry><Polygon><outerBoundaryIs><LinearRing><coordinates>103.838811666086,14.7728299997635 103.838093333132,14.7729916668871 103.838193333044,14.7736866663865 103.838896666915,14.773621666203 103.838811666086,14.7728299997635</coordinates></LinearRing></outerBoundaryIs></Polygon></MultiGeometry>
    </Placemark>
    <Placemark>
      <name>321503091587</name>
      <styleUrl>#style_42_001</styleUrl>
      <description><![CDATA[<h3 style="margin-bottom:6px; font-family:sans-serif;">321503091587</h3>
<table style="width:100%; border-collapse:collapse; font-family:sans-serif; font-size:12px;">
<tr style="background-color:#99bfe6; color:#000; font-weight:bold;"><td colspan="2" style="padding:4px; text-align:center;">321503091587</td></tr>
<tr style="background-color:#f0f5fa;"><td style="padding:3px; width:45%;"><b>FID</b></td><td style="padding:3px;">6897</td></tr>
<tr style="background-color:#dbe8f5;"><td style="padding:3px;"><b>รหัสแปลง</b></td><td style="padding:3px;">321503091587</td></tr>
<tr style="background-color:#f0f5fa;"><td style="padding:3px;"><b>รหัสกลุ่มคิว</b></td><td style="padding:3px;">42_001</td></tr>
<tr style="background-color:#dbe8f5;"><td style="padding:3px;"><b>นักเกษตร</b></td><td style="padding:3px;">4201</td></tr>
<tr style="background-color:#f0f5fa;"><td style="padding:3px;"><b>ศูนย์</b></td><td style="padding:3px;">K2-42</td></tr>
<tr style="background-color:#dbe8f5;"><td style="padding:3px;"><b>สถานที่ส่งอ้อย</b></td><td style="padding:3px;">รถตัด</td></tr>
<tr style="background-color:#f0f5fa;"><td style="padding:3px;"><b>ประเภทคิว</b></td><td style="padding:3px;">รถตัด</td></tr>
<tr style="background-color:#dbe8f5;"><td style="padding:3px;"><b>ประเภทรถ</b></td><td style="padding:3px;">10 ล้อเดี่ยว</td></tr>
<tr style="background-color:#f0f5fa;"><td style="padding:3px;"><b>ประเภทชาวไร่</b></td><td style="padding:3px;">รถตัด</td></tr>
<tr style="background-color:#dbe8f5;"><td style="padding:3px;"><b>สถานีขนถ่าย</b></td><td style="padding:3px;"></td></tr>
<tr style="background-color:#f0f5fa;"><td style="padding:3px;"><b>สถานะยืนยัน</b></td><td style="padding:3px;">N</td></tr>
<tr style="background-color:#dbe8f5;"><td style="padding:3px;"><b>โควตา</b></td><td style="padding:3px;">741030</td></tr>
<tr style="background-color:#f0f5fa;"><td style="padding:3px;"><b>ชาวไร่</b></td><td style="padding:3px;">นาย วิเชียร นาคนวน</td></tr>
<tr style="background-color:#dbe8f5;"><td style="padding:3px;"><b>ประเภทอ้อย</b></td><td style="padding:3px;">ปลายฝน</td></tr>
<tr style="background-color:#f0f5fa;"><td style="padding:3px;"><b>พื้นที่</b></td><td style="padding:3px;">4.04</td></tr>
<tr style="background-color:#dbe8f5;"><td style="padding:3px;"><b>ปีผลิต</b></td><td style="padding:3px;">256970</td></tr>
<tr style="background-color:#f0f5fa;"><td style="padding:3px;"><b>ตันรวม</b></td><td style="padding:3px;">52.52</td></tr>
<tr style="background-color:#dbe8f5;"><td style="padding:3px;"><b>สถานที่ส่งอ้อย_1</b></td><td style="padding:3px;">รถตัด</td></tr>
</table>]]></description>
      <MultiGeometry><Polygon><outerBoundaryIs><LinearRing><coordinates>103.916046249502,14.8779247195621 103.915114259698,14.877903819711 103.915284569795,14.8784248296089 103.915334249632,14.8784110301025 103.915359189703,14.8784915499271 103.91533087992,14.8785367101039 103.915341459509,14.8786033097761 103.91556028986,14.8785663801143 103.915822169563,14.8785263797758 103.915941470172,14.8785324996667 103.916104489777,14.878529980312 103.916046249502,14.8779247195621</coordinates></LinearRing></outerBoundaryIs></Polygon></MultiGeometry>
    </Placemark>
    <Placemark>
      <name>321503061729</name>
      <styleUrl>#style_42_001</styleUrl>
      <description><![CDATA[<h3 style="margin-bottom:6px; font-family:sans-serif;">321503061729</h3>
<table style="width:100%; border-collapse:collapse; font-family:sans-serif; font-size:12px;">
<tr style="background-color:#99bfe6; color:#000; font-weight:bold;"><td colspan="2" style="padding:4px; text-align:center;">321503061729</td></tr>
<tr style="background-color:#f0f5fa;"><td style="padding:3px; width:45%;"><b>FID</b></td><td style="padding:3px;">6974</td></tr>
<tr style="background-color:#dbe8f5;"><td style="padding:3px;"><b>รหัสแปลง</b></td><td style="padding:3px;">321503061729</td></tr>
<tr style="background-color:#f0f5fa;"><td style="padding:3px;"><b>รหัสกลุ่มคิว</b></td><td style="padding:3px;">42_001</td></tr>
<tr style="background-color:#dbe8f5;"><td style="padding:3px;"><b>นักเกษตร</b></td><td style="padding:3px;">4201</td></tr>
<tr style="background-color:#f0f5fa;"><td style="padding:3px;"><b>ศูนย์</b></td><td style="padding:3px;">K2-42</td></tr>
<tr style="background-color:#dbe8f5;"><td style="padding:3px;"><b>สถานที่ส่งอ้อย</b></td><td style="padding:3px;">รถตัด</td></tr>
<tr style="background-color:#f0f5fa;"><td style="padding:3px;"><b>ประเภทคิว</b></td><td style="padding:3px;">รถตัด</td></tr>
<tr style="background-color:#dbe8f5;"><td style="padding:3px;"><b>ประเภทรถ</b></td><td style="padding:3px;">10 ล้อเดี่ยว</td></tr>
<tr style="background-color:#f0f5fa;"><td style="padding:3px;"><b>ประเภทชาวไร่</b></td><td style="padding:3px;">รถตัด</td></tr>
<tr style="background-color:#dbe8f5;"><td style="padding:3px;"><b>สถานีขนถ่าย</b></td><td style="padding:3px;"></td></tr>
<tr style="background-color:#f0f5fa;"><td style="padding:3px;"><b>สถานะยืนยัน</b></td><td style="padding:3px;">N</td></tr>
<tr style="background-color:#dbe8f5;"><td style="padding:3px;"><b>โควตา</b></td><td style="padding:3px;">743023</td></tr>
<tr style="background-color:#f0f5fa;"><td style="padding:3px;"><b>ชาวไร่</b></td><td style="padding:3px;">นาย ไนย์ คำพา</td></tr>
<tr style="background-color:#dbe8f5;"><td style="padding:3px;"><b>ประเภทอ้อย</b></td><td style="padding:3px;">ปลายฝน</td></tr>
<tr style="background-color:#f0f5fa;"><td style="padding:3px;"><b>พื้นที่</b></td><td style="padding:3px;">3.33</td></tr>
<tr style="background-color:#dbe8f5;"><td style="padding:3px;"><b>ปีผลิต</b></td><td style="padding:3px;">256970</td></tr>
<tr style="background-color:#f0f5fa;"><td style="padding:3px;"><b>ตันรวม</b></td><td style="padding:3px;">43.29</td></tr>
<tr style="background-color:#dbe8f5;"><td style="padding:3px;"><b>สถานที่ส่งอ้อย_1</b></td><td style="padding:3px;">รถตัด</td></tr>
</table>]]></description>
      <MultiGeometry><Polygon><outerBoundaryIs><LinearRing><coordinates>103.866888781943,14.8400123979008 103.866893099843,14.8400122897458 103.866888719394,14.8400122195422 103.866888781943,14.8400123979008</coordinates></LinearRing></outerBoundaryIs></Polygon><Polygon><outerBoundaryIs><LinearRing><coordinates>103.866881109608,14.8400125900776 103.866797500195,14.8400354295221 103.866699399519,14.8401059199598 103.867115319433,14.8416672098548 103.867434040045,14.8415671795535 103.866888781943,14.8400123979008 103.866881109608,14.8400125900776</coordinates></LinearRing></outerBoundaryIs></Polygon></MultiGeometry>
    </Placemark>
    <Placemark>
      <name>321503061740</name>
      <styleUrl>#style_42_001</styleUrl>
      <description><![CDATA[<h3 style="margin-bottom:6px; font-family:sans-serif;">321503061740</h3>
<table style="width:100%; border-collapse:collapse; font-family:sans-serif; font-size:12px;">
<tr style="background-color:#99bfe6; color:#000; font-weight:bold;"><td colspan="2" style="padding:4px; text-align:center;">321503061740</td></tr>
<tr style="background-color:#f0f5fa;"><td style="padding:3px; width:45%;"><b>FID</b></td><td style="padding:3px;">7086</td></tr>
<tr style="background-color:#dbe8f5;"><td style="padding:3px;"><b>รหัสแปลง</b></td><td style="padding:3px;">321503061740</td></tr>
<tr style="background-color:#f0f5fa;"><td style="padding:3px;"><b>รหัสกลุ่มคิว</b></td><td style="padding:3px;">42_001</td></tr>
<tr style="background-color:#dbe8f5;"><td style="padding:3px;"><b>นักเกษตร</b></td><td style="padding:3px;">4201</td></tr>
<tr style="background-color:#f0f5fa;"><td style="padding:3px;"><b>ศูนย์</b></td><td style="padding:3px;">K2-42</td></tr>
<tr style="background-color:#dbe8f5;"><td style="padding:3px;"><b>สถานที่ส่งอ้อย</b></td><td style="padding:3px;">รถตัด</td></tr>
<tr style="background-color:#f0f5fa;"><td style="padding:3px;"><b>ประเภทคิว</b></td><td style="padding:3px;">รถตัด</td></tr>
<tr style="background-color:#dbe8f5;"><td style="padding:3px;"><b>ประเภทรถ</b></td><td style="padding:3px;">10 ล้อเดี่ยว</td></tr>
<tr style="background-color:#f0f5fa;"><td style="padding:3px;"><b>ประเภทชาวไร่</b></td><td style="padding:3px;">รถตัด</td></tr>
<tr style="background-color:#dbe8f5;"><td style="padding:3px;"><b>สถานีขนถ่าย</b></td><td style="padding:3px;"></td></tr>
<tr style="background-color:#f0f5fa;"><td style="padding:3px;"><b>สถานะยืนยัน</b></td><td style="padding:3px;">N</td></tr>
<tr style="background-color:#dbe8f5;"><td style="padding:3px;"><b>โควตา</b></td><td style="padding:3px;">742292</td></tr>
<tr style="background-color:#f0f5fa;"><td style="padding:3px;"><b>ชาวไร่</b></td><td style="padding:3px;">นาง มล ศิลานิล</td></tr>
<tr style="background-color:#dbe8f5;"><td style="padding:3px;"><b>ประเภทอ้อย</b></td><td style="padding:3px;">ตอ4</td></tr>
<tr style="background-color:#f0f5fa;"><td style="padding:3px;"><b>พื้นที่</b></td><td style="padding:3px;">3.34</td></tr>
<tr style="background-color:#dbe8f5;"><td style="padding:3px;"><b>ปีผลิต</b></td><td style="padding:3px;">256970</td></tr>
<tr style="background-color:#f0f5fa;"><td style="padding:3px;"><b>ตันรวม</b></td><td style="padding:3px;">23.38</td></tr>
<tr style="background-color:#dbe8f5;"><td style="padding:3px;"><b>สถานที่ส่งอ้อย_1</b></td><td style="padding:3px;">รถตัด</td></tr>
</table>]]></description>
      <MultiGeometry><Polygon><outerBoundaryIs><LinearRing><coordinates>103.859660386394,14.8363331370985 103.858894750152,14.836348819624 103.858853709929,14.8363598795698 103.858852410099,14.8368827803987 103.859682707656,14.8368897195731 103.859660386394,14.8363331370985</coordinates></LinearRing></outerBoundaryIs></Polygon></MultiGeometry>
    </Placemark>
    <Placemark>
      <name>321503061760</name>
      <styleUrl>#style_42_001</styleUrl>
      <description><![CDATA[<h3 style="margin-bottom:6px; font-family:sans-serif;">321503061760</h3>
<table style="width:100%; border-collapse:collapse; font-family:sans-serif; font-size:12px;">
<tr style="background-color:#99bfe6; color:#000; font-weight:bold;"><td colspan="2" style="padding:4px; text-align:center;">321503061760</td></tr>
<tr style="background-color:#f0f5fa;"><td style="padding:3px; width:45%;"><b>FID</b></td><td style="padding:3px;">7706</td></tr>
<tr style="background-color:#dbe8f5;"><td style="padding:3px;"><b>รหัสแปลง</b></td><td style="padding:3px;">321503061760</td></tr>
<tr style="background-color:#f0f5fa;"><td style="padding:3px;"><b>รหัสกลุ่มคิว</b></td><td style="padding:3px;">42_001</td></tr>
<tr style="background-color:#dbe8f5;"><td style="padding:3px;"><b>นักเกษตร</b></td><td style="padding:3px;">4201</td></tr>
<tr style="background-color:#f0f5fa;"><td style="padding:3px;"><b>ศูนย์</b></td><td style="padding:3px;">K2-42</td></tr>
<tr style="background-color:#dbe8f5;"><td style="padding:3px;"><b>สถานที่ส่งอ้อย</b></td><td style="padding:3px;">รถตัด</td></tr>
<tr style="background-color:#f0f5fa;"><td style="padding:3px;"><b>ประเภทคิว</b></td><td style="padding:3px;">รถตัด</td></tr>
<tr style="background-color:#dbe8f5;"><td style="padding:3px;"><b>ประเภทรถ</b></td><td style="padding:3px;">10 ล้อเดี่ยว</td></tr>
<tr style="background-color:#f0f5fa;"><td style="padding:3px;"><b>ประเภทชาวไร่</b></td><td style="padding:3px;">รถตัด</td></tr>
<tr style="background-color:#dbe8f5;"><td style="padding:3px;"><b>สถานีขนถ่าย</b></td><td style="padding:3px;"></td></tr>
<tr style="background-color:#f0f5fa;"><td style="padding:3px;"><b>สถานะยืนยัน</b></td><td style="padding:3px;">N</td></tr>
<tr style="background-color:#dbe8f5;"><td style="padding:3px;"><b>โควตา</b></td><td style="padding:3px;">742823</td></tr>
<tr style="background-color:#f0f5fa;"><td style="padding:3px;"><b>ชาวไร่</b></td><td style="padding:3px;">นาง คำมี สายเพชร</td></tr>
<tr style="background-color:#dbe8f5;"><td style="padding:3px;"><b>ประเภทอ้อย</b></td><td style="padding:3px;">ตอ2</td></tr>
<tr style="background-color:#f0f5fa;"><td style="padding:3px;"><b>พื้นที่</b></td><td style="padding:3px;">11.64</td></tr>
<tr style="background-color:#dbe8f5;"><td style="padding:3px;"><b>ปีผลิต</b></td><td style="padding:3px;">256970</td></tr>
<tr style="background-color:#f0f5fa;"><td style="padding:3px;"><b>ตันรวม</b></td><td style="padding:3px;">93.12</td></tr>
<tr style="background-color:#dbe8f5;"><td style="padding:3px;"><b>สถานที่ส่งอ้อย_1</b></td><td style="padding:3px;">รถตัด</td></tr>
</table>]]></description>
      <MultiGeometry><Polygon><outerBoundaryIs><LinearRing><coordinates>103.854176114838,14.8151178517748 103.854181389479,14.815234490272 103.854224720001,14.8160474696672 103.854421650184,14.8175446997449 103.854872549533,14.8174640201809 103.854577826201,14.8150508820142 103.854176114838,14.8151178517748</coordinates></LinearRing></outerBoundaryIs></Polygon></MultiGeometry>
    </Placemark>
    <Placemark>
      <name>321503121563</name>
      <styleUrl>#style_42_001</styleUrl>
      <description><![CDATA[<h3 style="margin-bottom:6px; font-family:sans-serif;">321503121563</h3>
<table style="width:100%; border-collapse:collapse; font-family:sans-serif; font-size:12px;">
<tr style="background-color:#99bfe6; color:#000; font-weight:bold;"><td colspan="2" style="padding:4px; text-align:center;">321503121563</td></tr>
<tr style="background-color:#f0f5fa;"><td style="padding:3px; width:45%;"><b>FID</b></td><td style="padding:3px;">7713</td></tr>
<tr style="background-color:#dbe8f5;"><td style="padding:3px;"><b>รหัสแปลง</b></td><td style="padding:3px;">321503121563</td></tr>
<tr style="background-color:#f0f5fa;"><td style="padding:3px;"><b>รหัสกลุ่มคิว</b></td><td style="padding:3px;">42_001</td></tr>
<tr style="background-color:#dbe8f5;"><td style="padding:3px;"><b>นักเกษตร</b></td><td style="padding:3px;">4201</td></tr>
<tr style="background-color:#f0f5fa;"><td style="padding:3px;"><b>ศูนย์</b></td><td style="padding:3px;">K2-42</td></tr>
<tr style="background-color:#dbe8f5;"><td style="padding:3px;"><b>สถานที่ส่งอ้อย</b></td><td style="padding:3px;">รถตัด</td></tr>
<tr style="background-color:#f0f5fa;"><td style="padding:3px;"><b>ประเภทคิว</b></td><td style="padding:3px;">รถตัด</td></tr>
<tr style="background-color:#dbe8f5;"><td style="padding:3px;"><b>ประเภทรถ</b></td><td style="padding:3px;">10 ล้อเดี่ยว</td></tr>
<tr style="background-color:#f0f5fa;"><td style="padding:3px;"><b>ประเภทชาวไร่</b></td><td style="padding:3px;">รถตัด</td></tr>
<tr style="background-color:#dbe8f5;"><td style="padding:3px;"><b>สถานีขนถ่าย</b></td><td style="padding:3px;"></td></tr>
<tr style="background-color:#f0f5fa;"><td style="padding:3px;"><b>สถานะยืนยัน</b></td><td style="padding:3px;">N</td></tr>
<tr style="background-color:#dbe8f5;"><td style="padding:3px;"><b>โควตา</b></td><td style="padding:3px;">743427</td></tr>
<tr style="background-color:#f0f5fa;"><td style="padding:3px;"><b>ชาวไร่</b></td><td style="padding:3px;">นาง ละม้าย บุญร่วม</td></tr>
<tr style="background-color:#dbe8f5;"><td style="padding:3px;"><b>ประเภทอ้อย</b></td><td style="padding:3px;">ปลายฝน</td></tr>
<tr style="background-color:#f0f5fa;"><td style="padding:3px;"><b>พื้นที่</b></td><td style="padding:3px;">4.33</td></tr>
<tr style="background-color:#dbe8f5;"><td style="padding:3px;"><b>ปีผลิต</b></td><td style="padding:3px;">256970</td></tr>
<tr style="background-color:#f0f5fa;"><td style="padding:3px;"><b>ตันรวม</b></td><td style="padding:3px;">56.29</td></tr>
<tr style="background-color:#dbe8f5;"><td style="padding:3px;"><b>สถานที่ส่งอ้อย_1</b></td><td style="padding:3px;">รถตัด</td></tr>
</table>]]></description>
      <MultiGeometry><Polygon><outerBoundaryIs><LinearRing><coordinates>103.807540000095,14.7929299996048 103.808421666815,14.7927966662584 103.808278333387,14.7921449999285 103.807386666074,14.7923316668225 103.807540000095,14.7929299996048</coordinates></LinearRing></outerBoundaryIs></Polygon></MultiGeometry>
    </Placemark>
    <Placemark>
      <name>321502011510</name>
      <styleUrl>#style_42_001</styleUrl>
      <description><![CDATA[<h3 style="margin-bottom:6px; font-family:sans-serif;">321502011510</h3>
<table style="width:100%; border-collapse:collapse; font-family:sans-serif; font-size:12px;">
<tr style="background-color:#99bfe6; color:#000; font-weight:bold;"><td colspan="2" style="padding:4px; text-align:center;">321502011510</td></tr>
<tr style="background-color:#f0f5fa;"><td style="padding:3px; width:45%;"><b>FID</b></td><td style="padding:3px;">7796</td></tr>
<tr style="background-color:#dbe8f5;"><td style="padding:3px;"><b>รหัสแปลง</b></td><td style="padding:3px;">321502011510</td></tr>
<tr style="background-color:#f0f5fa;"><td style="padding:3px;"><b>รหัสกลุ่มคิว</b></td><td style="padding:3px;">42_001</td></tr>
<tr style="background-color:#dbe8f5;"><td style="padding:3px;"><b>นักเกษตร</b></td><td style="padding:3px;">4201</td></tr>
<tr style="background-color:#f0f5fa;"><td style="padding:3px;"><b>ศูนย์</b></td><td style="padding:3px;">K2-42</td></tr>
<tr style="background-color:#dbe8f5;"><td style="padding:3px;"><b>สถานที่ส่งอ้อย</b></td><td style="padding:3px;">รถตัด</td></tr>
<tr style="background-color:#f0f5fa;"><td style="padding:3px;"><b>ประเภทคิว</b></td><td style="padding:3px;">รถตัด</td></tr>
<tr style="background-color:#dbe8f5;"><td style="padding:3px;"><b>ประเภทรถ</b></td><td style="padding:3px;">10 ล้อเดี่ยว</td></tr>
<tr style="background-color:#f0f5fa;"><td style="padding:3px;"><b>ประเภทชาวไร่</b></td><td style="padding:3px;">รถตัด</td></tr>
<tr style="background-color:#dbe8f5;"><td style="padding:3px;"><b>สถานีขนถ่าย</b></td><td style="padding:3px;"></td></tr>
<tr style="background-color:#f0f5fa;"><td style="padding:3px;"><b>สถานะยืนยัน</b></td><td style="padding:3px;">N</td></tr>
<tr style="background-color:#dbe8f5;"><td style="padding:3px;"><b>โควตา</b></td><td style="padding:3px;">744461</td></tr>
<tr style="background-color:#f0f5fa;"><td style="padding:3px;"><b>ชาวไร่</b></td><td style="padding:3px;">นาง สุรีย์ ทองอ้ม</td></tr>
<tr style="background-color:#dbe8f5;"><td style="padding:3px;"><b>ประเภทอ้อย</b></td><td style="padding:3px;">ตอ1</td></tr>
<tr style="background-color:#f0f5fa;"><td style="padding:3px;"><b>พื้นที่</b></td><td style="padding:3px;">5.68</td></tr>
<tr style="background-color:#dbe8f5;"><td style="padding:3px;"><b>ปีผลิต</b></td><td style="padding:3px;">256970</td></tr>
<tr style="background-color:#f0f5fa;"><td style="padding:3px;"><b>ตันรวม</b></td><td style="padding:3px;">51.12</td></tr>
<tr style="background-color:#dbe8f5;"><td style="padding:3px;"><b>สถานที่ส่งอ้อย_1</b></td><td style="padding:3px;">รถตัด</td></tr>
</table>]]></description>
      <MultiGeometry><Polygon><outerBoundaryIs><LinearRing><coordinates>103.927505509792,14.7702018124167 103.927204431539,14.7692075513195 103.926567742071,14.7693575032656 103.926606801733,14.7695622732661 103.926716353112,14.7703966077255 103.927505509792,14.7702018124167</coordinates></LinearRing></outerBoundaryIs></Polygon></MultiGeometry>
    </Placemark>
    <Placemark>
      <name>321505061599</name>
      <styleUrl>#style_42_001</styleUrl>
      <description><![CDATA[<h3 style="margin-bottom:6px; font-family:sans-serif;">321505061599</h3>
<table style="width:100%; border-collapse:collapse; font-family:sans-serif; font-size:12px;">
<tr style="background-color:#99bfe6; color:#000; font-weight:bold;"><td colspan="2" style="padding:4px; text-align:center;">321505061599</td></tr>
<tr style="background-color:#f0f5fa;"><td style="padding:3px; width:45%;"><b>FID</b></td><td style="padding:3px;">7855</td></tr>
<tr style="background-color:#dbe8f5;"><td style="padding:3px;"><b>รหัสแปลง</b></td><td style="padding:3px;">321505061599</td></tr>
<tr style="background-color:#f0f5fa;"><td style="padding:3px;"><b>รหัสกลุ่มคิว</b></td><td style="padding:3px;">42_001</td></tr>
<tr style="background-color:#dbe8f5;"><td style="padding:3px;"><b>นักเกษตร</b></td><td style="padding:3px;">4201</td></tr>
<tr style="background-color:#f0f5fa;"><td style="padding:3px;"><b>ศูนย์</b></td><td style="padding:3px;">K2-42</td></tr>
<tr style="background-color:#dbe8f5;"><td style="padding:3px;"><b>สถานที่ส่งอ้อย</b></td><td style="padding:3px;">รถตัด</td></tr>
<tr style="background-color:#f0f5fa;"><td style="padding:3px;"><b>ประเภทคิว</b></td><td style="padding:3px;">รถตัด</td></tr>
<tr style="background-color:#dbe8f5;"><td style="padding:3px;"><b>ประเภทรถ</b></td><td style="padding:3px;">10 ล้อเดี่ยว</td></tr>
<tr style="background-color:#f0f5fa;"><td style="padding:3px;"><b>ประเภทชาวไร่</b></td><td style="padding:3px;">รถตัด</td></tr>
<tr style="background-color:#dbe8f5;"><td style="padding:3px;"><b>สถานีขนถ่าย</b></td><td style="padding:3px;"></td></tr>
<tr style="background-color:#f0f5fa;"><td style="padding:3px;"><b>สถานะยืนยัน</b></td><td style="padding:3px;">N</td></tr>
<tr style="background-color:#dbe8f5;"><td style="padding:3px;"><b>โควตา</b></td><td style="padding:3px;">743315</td></tr>
<tr style="background-color:#f0f5fa;"><td style="padding:3px;"><b>ชาวไร่</b></td><td style="padding:3px;">นาย ปัญญโรจ เทียนแก้ว</td></tr>
<tr style="background-color:#dbe8f5;"><td style="padding:3px;"><b>ประเภทอ้อย</b></td><td style="padding:3px;">ตอ1</td></tr>
<tr style="background-color:#f0f5fa;"><td style="padding:3px;"><b>พื้นที่</b></td><td style="padding:3px;">24.33</td></tr>
<tr style="background-color:#dbe8f5;"><td style="padding:3px;"><b>ปีผลิต</b></td><td style="padding:3px;">256970</td></tr>
<tr style="background-color:#f0f5fa;"><td style="padding:3px;"><b>ตันรวม</b></td><td style="padding:3px;">218.97</td></tr>
<tr style="background-color:#dbe8f5;"><td style="padding:3px;"><b>สถานที่ส่งอ้อย_1</b></td><td style="padding:3px;">รถตัด</td></tr>
</table>]]></description>
      <MultiGeometry><Polygon><outerBoundaryIs><LinearRing><coordinates>103.807263333053,14.7317966662484 103.807236666317,14.7317633329897 103.80714499999,14.7314633332617 103.806370000061,14.7316783334624 103.806593333234,14.7323183329764 103.806665000008,14.7325566664873 103.806796666679,14.7327649996279 103.806973332763,14.7329083329293 103.807143333208,14.7331266669679 103.807561666119,14.7336016662093 103.807729999626,14.7334350000929 103.80827999988,14.7330399999364 103.808841666372,14.7328133328865 103.808701666769,14.7322133334205 103.808621666538,14.7317599995425 103.80846833321,14.7315016663907 103.807263333053,14.7317966662484</coordinates></LinearRing></outerBoundaryIs></Polygon></MultiGeometry>
    </Placemark>
    <Placemark>
      <name>321505061601</name>
      <styleUrl>#style_42_001</styleUrl>
      <description><![CDATA[<h3 style="margin-bottom:6px; font-family:sans-serif;">321505061601</h3>
<table style="width:100%; border-collapse:collapse; font-family:sans-serif; font-size:12px;">
<tr style="background-color:#99bfe6; color:#000; font-weight:bold;"><td colspan="2" style="padding:4px; text-align:center;">321505061601</td></tr>
<tr style="background-color:#f0f5fa;"><td style="padding:3px; width:45%;"><b>FID</b></td><td style="padding:3px;">7862</td></tr>
<tr style="background-color:#dbe8f5;"><td style="padding:3px;"><b>รหัสแปลง</b></td><td style="padding:3px;">321505061601</td></tr>
<tr style="background-color:#f0f5fa;"><td style="padding:3px;"><b>รหัสกลุ่มคิว</b></td><td style="padding:3px;">42_001</td></tr>
<tr style="background-color:#dbe8f5;"><td style="padding:3px;"><b>นักเกษตร</b></td><td style="padding:3px;">4201</td></tr>
<tr style="background-color:#f0f5fa;"><td style="padding:3px;"><b>ศูนย์</b></td><td style="padding:3px;">K2-42</td></tr>
<tr style="background-color:#dbe8f5;"><td style="padding:3px;"><b>สถานที่ส่งอ้อย</b></td><td style="padding:3px;">รถตัด</td></tr>
<tr style="background-color:#f0f5fa;"><td style="padding:3px;"><b>ประเภทคิว</b></td><td style="padding:3px;">รถตัด</td></tr>
<tr style="background-color:#dbe8f5;"><td style="padding:3px;"><b>ประเภทรถ</b></td><td style="padding:3px;">10 ล้อเดี่ยว</td></tr>
<tr style="background-color:#f0f5fa;"><td style="padding:3px;"><b>ประเภทชาวไร่</b></td><td style="padding:3px;">รถตัด</td></tr>
<tr style="background-color:#dbe8f5;"><td style="padding:3px;"><b>สถานีขนถ่าย</b></td><td style="padding:3px;"></td></tr>
<tr style="background-color:#f0f5fa;"><td style="padding:3px;"><b>สถานะยืนยัน</b></td><td style="padding:3px;">N</td></tr>
<tr style="background-color:#dbe8f5;"><td style="padding:3px;"><b>โควตา</b></td><td style="padding:3px;">743876</td></tr>
<tr style="background-color:#f0f5fa;"><td style="padding:3px;"><b>ชาวไร่</b></td><td style="padding:3px;">นาง รำไพ รักษาวงษ์</td></tr>
<tr style="background-color:#dbe8f5;"><td style="padding:3px;"><b>ประเภทอ้อย</b></td><td style="padding:3px;">ปลายฝน</td></tr>
<tr style="background-color:#f0f5fa;"><td style="padding:3px;"><b>พื้นที่</b></td><td style="padding:3px;">8.1</td></tr>
<tr style="background-color:#dbe8f5;"><td style="padding:3px;"><b>ปีผลิต</b></td><td style="padding:3px;">256970</td></tr>
<tr style="background-color:#f0f5fa;"><td style="padding:3px;"><b>ตันรวม</b></td><td style="padding:3px;">105.3</td></tr>
<tr style="background-color:#dbe8f5;"><td style="padding:3px;"><b>สถานที่ส่งอ้อย_1</b></td><td style="padding:3px;">รถตัด</td></tr>
</table>]]></description>
      <MultiGeometry><Polygon><outerBoundaryIs><LinearRing><coordinates>103.821418333519,14.7314100001529 103.821523333145,14.7318583331795 103.821934999781,14.7317699998264 103.822069999854,14.7322716663688 103.822878332874,14.7320766666908 103.822948333097,14.7320049996303 103.822984999946,14.7318649996575 103.822943332702,14.7316350000374 103.82278499955,14.7315266665498 103.822659999432,14.7311516662114 103.821418333519,14.7314100001529</coordinates></LinearRing></outerBoundaryIs></Polygon></MultiGeometry>
    </Placemark>
    <Placemark>
      <name>321503055234</name>
      <styleUrl>#style_42_001</styleUrl>
      <description><![CDATA[<h3 style="margin-bottom:6px; font-family:sans-serif;">321503055234</h3>
<table style="width:100%; border-collapse:collapse; font-family:sans-serif; font-size:12px;">
<tr style="background-color:#99bfe6; color:#000; font-weight:bold;"><td colspan="2" style="padding:4px; text-align:center;">321503055234</td></tr>
<tr style="background-color:#f0f5fa;"><td style="padding:3px; width:45%;"><b>FID</b></td><td style="padding:3px;">7865</td></tr>
<tr style="background-color:#dbe8f5;"><td style="padding:3px;"><b>รหัสแปลง</b></td><td style="padding:3px;">321503055234</td></tr>
<tr style="background-color:#f0f5fa;"><td style="padding:3px;"><b>รหัสกลุ่มคิว</b></td><td style="padding:3px;">42_001</td></tr>
<tr style="background-color:#dbe8f5;"><td style="padding:3px;"><b>นักเกษตร</b></td><td style="padding:3px;">4201</td></tr>
<tr style="background-color:#f0f5fa;"><td style="padding:3px;"><b>ศูนย์</b></td><td style="padding:3px;">K2-42</td></tr>
<tr style="background-color:#dbe8f5;"><td style="padding:3px;"><b>สถานที่ส่งอ้อย</b></td><td style="padding:3px;">รถตัด</td></tr>
<tr style="background-color:#f0f5fa;"><td style="padding:3px;"><b>ประเภทคิว</b></td><td style="padding:3px;">รถตัด</td></tr>
<tr style="background-color:#dbe8f5;"><td style="padding:3px;"><b>ประเภทรถ</b></td><td style="padding:3px;">10 ล้อเดี่ยว</td></tr>
<tr style="background-color:#f0f5fa;"><td style="padding:3px;"><b>ประเภทชาวไร่</b></td><td style="padding:3px;">รถตัด</td></tr>
<tr style="background-color:#dbe8f5;"><td style="padding:3px;"><b>สถานีขนถ่าย</b></td><td style="padding:3px;"></td></tr>
<tr style="background-color:#f0f5fa;"><td style="padding:3px;"><b>สถานะยืนยัน</b></td><td style="padding:3px;">N</td></tr>
<tr style="background-color:#dbe8f5;"><td style="padding:3px;"><b>โควตา</b></td><td style="padding:3px;">742064</td></tr>
<tr style="background-color:#f0f5fa;"><td style="padding:3px;"><b>ชาวไร่</b></td><td style="padding:3px;">นาง สมหวัง ปัญญาดี</td></tr>
<tr style="background-color:#dbe8f5;"><td style="padding:3px;"><b>ประเภทอ้อย</b></td><td style="padding:3px;">ตอ1</td></tr>
<tr style="background-color:#f0f5fa;"><td style="padding:3px;"><b>พื้นที่</b></td><td style="padding:3px;">3.51</td></tr>
<tr style="background-color:#dbe8f5;"><td style="padding:3px;"><b>ปีผลิต</b></td><td style="padding:3px;">256970</td></tr>
<tr style="background-color:#f0f5fa;"><td style="padding:3px;"><b>ตันรวม</b></td><td style="padding:3px;">31.59</td></tr>
<tr style="background-color:#dbe8f5;"><td style="padding:3px;"><b>สถานที่ส่งอ้อย_1</b></td><td style="padding:3px;">รถตัด</td></tr>
</table>]]></description>
      <MultiGeometry><Polygon><outerBoundaryIs><LinearRing><coordinates>103.87281769025,14.8121531401984 103.872652509894,14.8122144200324 103.872602969765,14.8122323000333 103.872580829872,14.8122304703104 103.87249777977,14.8122356002101 103.872380070119,14.8122657003427 103.872333789801,14.8122759197047 103.87221639994,14.8123066096317 103.871857100078,14.8124154201241 103.87183822019,14.8124218598588 103.871831499727,14.8124278903945 103.871776470256,14.8125009800523 103.871755199639,14.8124965595735 103.871738729523,14.8124903501265 103.871727370193,14.812482679509 103.871719389536,14.812474429843 103.87170037992,14.8124632495941 103.871285899781,14.8125716996651 103.871116300066,14.8125986803124 103.871092979808,14.8126047499604 103.871054809999,14.8126139698029 103.871069139571,14.812624789662 103.871075399505,14.8126301701022 103.871100260047,14.8126469999874 103.871138819738,14.8126491901943 103.871151039718,14.8126498702951 103.87116568973,14.8126477797211 103.871179899457,14.81264572011 103.871191660098,14.8126458700785 103.871201120257,14.8126513899712 103.871225210162,14.8127099203934 103.871223440094,14.8127340500415 103.87114307935,14.8127788203008 103.871135789645,14.8127780501119 103.871170769572,14.8128977503288 103.87126065948,14.8128770900844 103.871391719698,14.8127945899493 103.871792760247,14.8126998202267 103.872060439974,14.8126506899565 103.872190449821,14.8126080897564 103.872368029863,14.8125579303848 103.872928529834,14.8123938196284 103.872982650169,14.8123857799245 103.872997349503,14.8123775000196 103.872997340236,14.8123692300862 103.872964910191,14.8123568402229 103.872951570057,14.8123514396402 103.872903899494,14.8123359102302 103.872893689486,14.8123317798655 103.872886019811,14.8123275703973 103.872877969884,14.8123217295663 103.872866729996,14.8123062000374 103.87281769025,14.8121531401984</coordinates></LinearRing></outerBoundaryIs></Polygon></MultiGeometry>
    </Placemark>
    <Placemark>
      <name>320911121652</name>
      <styleUrl>#style_42_001</styleUrl>
      <description><![CDATA[<h3 style="margin-bottom:6px; font-family:sans-serif;">320911121652</h3>
<table style="width:100%; border-collapse:collapse; font-family:sans-serif; font-size:12px;">
<tr style="background-color:#99bfe6; color:#000; font-weight:bold;"><td colspan="2" style="padding:4px; text-align:center;">320911121652</td></tr>
<tr style="background-color:#f0f5fa;"><td style="padding:3px; width:45%;"><b>FID</b></td><td style="padding:3px;">7919</td></tr>
<tr style="background-color:#dbe8f5;"><td style="padding:3px;"><b>รหัสแปลง</b></td><td style="padding:3px;">320911121652</td></tr>
<tr style="background-color:#f0f5fa;"><td style="padding:3px;"><b>รหัสกลุ่มคิว</b></td><td style="padding:3px;">42_001</td></tr>
<tr style="background-color:#dbe8f5;"><td style="padding:3px;"><b>นักเกษตร</b></td><td style="padding:3px;">4201</td></tr>
<tr style="background-color:#f0f5fa;"><td style="padding:3px;"><b>ศูนย์</b></td><td style="padding:3px;">K2-42</td></tr>
<tr style="background-color:#dbe8f5;"><td style="padding:3px;"><b>สถานที่ส่งอ้อย</b></td><td style="padding:3px;">รถตัด</td></tr>
<tr style="background-color:#f0f5fa;"><td style="padding:3px;"><b>ประเภทคิว</b></td><td style="padding:3px;">รถตัด</td></tr>
<tr style="background-color:#dbe8f5;"><td style="padding:3px;"><b>ประเภทรถ</b></td><td style="padding:3px;">10 ล้อเดี่ยว</td></tr>
<tr style="background-color:#f0f5fa;"><td style="padding:3px;"><b>ประเภทชาวไร่</b></td><td style="padding:3px;">รถตัด</td></tr>
<tr style="background-color:#dbe8f5;"><td style="padding:3px;"><b>สถานีขนถ่าย</b></td><td style="padding:3px;"></td></tr>
<tr style="background-color:#f0f5fa;"><td style="padding:3px;"><b>สถานะยืนยัน</b></td><td style="padding:3px;">N</td></tr>
<tr style="background-color:#dbe8f5;"><td style="padding:3px;"><b>โควตา</b></td><td style="padding:3px;">741371</td></tr>
<tr style="background-color:#f0f5fa;"><td style="padding:3px;"><b>ชาวไร่</b></td><td style="padding:3px;">นาง เปียก สร้อยเพ็ช</td></tr>
<tr style="background-color:#dbe8f5;"><td style="padding:3px;"><b>ประเภทอ้อย</b></td><td style="padding:3px;">ปลายฝน</td></tr>
<tr style="background-color:#f0f5fa;"><td style="padding:3px;"><b>พื้นที่</b></td><td style="padding:3px;">5.0</td></tr>
<tr style="background-color:#dbe8f5;"><td style="padding:3px;"><b>ปีผลิต</b></td><td style="padding:3px;">256970</td></tr>
<tr style="background-color:#f0f5fa;"><td style="padding:3px;"><b>ตันรวม</b></td><td style="padding:3px;">65.0</td></tr>
<tr style="background-color:#dbe8f5;"><td style="padding:3px;"><b>สถานที่ส่งอ้อย_1</b></td><td style="padding:3px;">รถตัด</td></tr>
</table>]]></description>
      <MultiGeometry><Polygon><outerBoundaryIs><LinearRing><coordinates>103.874145499785,14.9075294704128 103.874506399985,14.9074053602775 103.874105359596,14.9056392003142 103.873764959689,14.9057785296388 103.874145499785,14.9075294704128</coordinates></LinearRing></outerBoundaryIs></Polygon></MultiGeometry>
    </Placemark>
    <Placemark>
      <name>321503055236</name>
      <styleUrl>#style_42_001</styleUrl>
      <description><![CDATA[<h3 style="margin-bottom:6px; font-family:sans-serif;">321503055236</h3>
<table style="width:100%; border-collapse:collapse; font-family:sans-serif; font-size:12px;">
<tr style="background-color:#99bfe6; color:#000; font-weight:bold;"><td colspan="2" style="padding:4px; text-align:center;">321503055236</td></tr>
<tr style="background-color:#f0f5fa;"><td style="padding:3px; width:45%;"><b>FID</b></td><td style="padding:3px;">7947</td></tr>
<tr style="background-color:#dbe8f5;"><td style="padding:3px;"><b>รหัสแปลง</b></td><td style="padding:3px;">321503055236</td></tr>
<tr style="background-color:#f0f5fa;"><td style="padding:3px;"><b>รหัสกลุ่มคิว</b></td><td style="padding:3px;">42_001</td></tr>
<tr style="background-color:#dbe8f5;"><td style="padding:3px;"><b>นักเกษตร</b></td><td style="padding:3px;">4201</td></tr>
<tr style="background-color:#f0f5fa;"><td style="padding:3px;"><b>ศูนย์</b></td><td style="padding:3px;">K2-42</td></tr>
<tr style="background-color:#dbe8f5;"><td style="padding:3px;"><b>สถานที่ส่งอ้อย</b></td><td style="padding:3px;">รถตัด</td></tr>
<tr style="background-color:#f0f5fa;"><td style="padding:3px;"><b>ประเภทคิว</b></td><td style="padding:3px;">รถตัด</td></tr>
<tr style="background-color:#dbe8f5;"><td style="padding:3px;"><b>ประเภทรถ</b></td><td style="padding:3px;">10 ล้อเดี่ยว</td></tr>
<tr style="background-color:#f0f5fa;"><td style="padding:3px;"><b>ประเภทชาวไร่</b></td><td style="padding:3px;">รถตัด</td></tr>
<tr style="background-color:#dbe8f5;"><td style="padding:3px;"><b>สถานีขนถ่าย</b></td><td style="padding:3px;"></td></tr>
<tr style="background-color:#f0f5fa;"><td style="padding:3px;"><b>สถานะยืนยัน</b></td><td style="padding:3px;">N</td></tr>
<tr style="background-color:#dbe8f5;"><td style="padding:3px;"><b>โควตา</b></td><td style="padding:3px;">741937</td></tr>
<tr style="background-color:#f0f5fa;"><td style="padding:3px;"><b>ชาวไร่</b></td><td style="padding:3px;">นาย พันธ์ ปกชื่อ</td></tr>
<tr style="background-color:#dbe8f5;"><td style="padding:3px;"><b>ประเภทอ้อย</b></td><td style="padding:3px;">ปลายฝน</td></tr>
<tr style="background-color:#f0f5fa;"><td style="padding:3px;"><b>พื้นที่</b></td><td style="padding:3px;">8.15</td></tr>
<tr style="background-color:#dbe8f5;"><td style="padding:3px;"><b>ปีผลิต</b></td><td style="padding:3px;">256970</td></tr>
<tr style="background-color:#f0f5fa;"><td style="padding:3px;"><b>ตันรวม</b></td><td style="padding:3px;">105.95</td></tr>
<tr style="background-color:#dbe8f5;"><td style="padding:3px;"><b>สถานที่ส่งอ้อย_1</b></td><td style="padding:3px;">รถตัด</td></tr>
</table>]]></description>
      <MultiGeometry><Polygon><outerBoundaryIs><LinearRing><coordinates>103.870830730171,14.8352728801221 103.870956240143,14.837262659999 103.871423929701,14.8372616204023 103.871568489746,14.8372502495538 103.871540229744,14.8370579099432 103.871465009876,14.8365766797252 103.871468339809,14.8365763900197 103.871371359773,14.8359147501086 103.871299960106,14.8351815199832 103.87090969936,14.8352426703103 103.870830950181,14.8352729403444 103.870830919378,14.8352729301829 103.870830730171,14.8352728801221</coordinates></LinearRing></outerBoundaryIs></Polygon></MultiGeometry>
    </Placemark>
    <Placemark>
      <name>321505021592</name>
      <styleUrl>#style_42_001</styleUrl>
      <description><![CDATA[<h3 style="margin-bottom:6px; font-family:sans-serif;">321505021592</h3>
<table style="width:100%; border-collapse:collapse; font-family:sans-serif; font-size:12px;">
<tr style="background-color:#99bfe6; color:#000; font-weight:bold;"><td colspan="2" style="padding:4px; text-align:center;">321505021592</td></tr>
<tr style="background-color:#f0f5fa;"><td style="padding:3px; width:45%;"><b>FID</b></td><td style="padding:3px;">8244</td></tr>
<tr style="background-color:#dbe8f5;"><td style="padding:3px;"><b>รหัสแปลง</b></td><td style="padding:3px;">321505021592</td></tr>
<tr style="background-color:#f0f5fa;"><td style="padding:3px;"><b>รหัสกลุ่มคิว</b></td><td style="padding:3px;">42_001</td></tr>
<tr style="background-color:#dbe8f5;"><td style="padding:3px;"><b>นักเกษตร</b></td><td style="padding:3px;">4201</td></tr>
<tr style="background-color:#f0f5fa;"><td style="padding:3px;"><b>ศูนย์</b></td><td style="padding:3px;">K2-42</td></tr>
<tr style="background-color:#dbe8f5;"><td style="padding:3px;"><b>สถานที่ส่งอ้อย</b></td><td style="padding:3px;">รถตัด</td></tr>
<tr style="background-color:#f0f5fa;"><td style="padding:3px;"><b>ประเภทคิว</b></td><td style="padding:3px;">รถตัด</td></tr>
<tr style="background-color:#dbe8f5;"><td style="padding:3px;"><b>ประเภทรถ</b></td><td style="padding:3px;">10 ล้อเดี่ยว</td></tr>
<tr style="background-color:#f0f5fa;"><td style="padding:3px;"><b>ประเภทชาวไร่</b></td><td style="padding:3px;">รถตัด</td></tr>
<tr style="background-color:#dbe8f5;"><td style="padding:3px;"><b>สถานีขนถ่าย</b></td><td style="padding:3px;"></td></tr>
<tr style="background-color:#f0f5fa;"><td style="padding:3px;"><b>สถานะยืนยัน</b></td><td style="padding:3px;">N</td></tr>
<tr style="background-color:#dbe8f5;"><td style="padding:3px;"><b>โควตา</b></td><td style="padding:3px;">744314</td></tr>
<tr style="background-color:#f0f5fa;"><td style="padding:3px;"><b>ชาวไร่</b></td><td style="padding:3px;">นาง สุภาภรณ์ โสมพิมาย</td></tr>
<tr style="background-color:#dbe8f5;"><td style="padding:3px;"><b>ประเภทอ้อย</b></td><td style="padding:3px;">ปลายฝน</td></tr>
<tr style="background-color:#f0f5fa;"><td style="padding:3px;"><b>พื้นที่</b></td><td style="padding:3px;">3.33</td></tr>
<tr style="background-color:#dbe8f5;"><td style="padding:3px;"><b>ปีผลิต</b></td><td style="padding:3px;">256970</td></tr>
<tr style="background-color:#f0f5fa;"><td style="padding:3px;"><b>ตันรวม</b></td><td style="padding:3px;">43.29</td></tr>
<tr style="background-color:#dbe8f5;"><td style="padding:3px;"><b>สถานที่ส่งอ้อย_1</b></td><td style="padding:3px;">รถตัด</td></tr>
</table>]]></description>
      <MultiGeometry><Polygon><outerBoundaryIs><LinearRing><coordinates>103.839591973513,14.7536880221904 103.839901189125,14.7536486084405 103.839934469676,14.7527873196641 103.839917549829,14.7523928603375 103.839557099931,14.7523755398104 103.839591973513,14.7536880221904</coordinates></LinearRing></outerBoundaryIs></Polygon></MultiGeometry>
    </Placemark>
    <Placemark>
      <name>321505021593</name>
      <styleUrl>#style_42_001</styleUrl>
      <description><![CDATA[<h3 style="margin-bottom:6px; font-family:sans-serif;">321505021593</h3>
<table style="width:100%; border-collapse:collapse; font-family:sans-serif; font-size:12px;">
<tr style="background-color:#99bfe6; color:#000; font-weight:bold;"><td colspan="2" style="padding:4px; text-align:center;">321505021593</td></tr>
<tr style="background-color:#f0f5fa;"><td style="padding:3px; width:45%;"><b>FID</b></td><td style="padding:3px;">8266</td></tr>
<tr style="background-color:#dbe8f5;"><td style="padding:3px;"><b>รหัสแปลง</b></td><td style="padding:3px;">321505021593</td></tr>
<tr style="background-color:#f0f5fa;"><td style="padding:3px;"><b>รหัสกลุ่มคิว</b></td><td style="padding:3px;">42_001</td></tr>
<tr style="background-color:#dbe8f5;"><td style="padding:3px;"><b>นักเกษตร</b></td><td style="padding:3px;">4201</td></tr>
<tr style="background-color:#f0f5fa;"><td style="padding:3px;"><b>ศูนย์</b></td><td style="padding:3px;">K2-42</td></tr>
<tr style="background-color:#dbe8f5;"><td style="padding:3px;"><b>สถานที่ส่งอ้อย</b></td><td style="padding:3px;">รถตัด</td></tr>
<tr style="background-color:#f0f5fa;"><td style="padding:3px;"><b>ประเภทคิว</b></td><td style="padding:3px;">รถตัด</td></tr>
<tr style="background-color:#dbe8f5;"><td style="padding:3px;"><b>ประเภทรถ</b></td><td style="padding:3px;">10 ล้อเดี่ยว</td></tr>
<tr style="background-color:#f0f5fa;"><td style="padding:3px;"><b>ประเภทชาวไร่</b></td><td style="padding:3px;">รถตัด</td></tr>
<tr style="background-color:#dbe8f5;"><td style="padding:3px;"><b>สถานีขนถ่าย</b></td><td style="padding:3px;"></td></tr>
<tr style="background-color:#f0f5fa;"><td style="padding:3px;"><b>สถานะยืนยัน</b></td><td style="padding:3px;">N</td></tr>
<tr style="background-color:#dbe8f5;"><td style="padding:3px;"><b>โควตา</b></td><td style="padding:3px;">741195</td></tr>
<tr style="background-color:#f0f5fa;"><td style="padding:3px;"><b>ชาวไร่</b></td><td style="padding:3px;">นาง เลียบ บุญธรรม</td></tr>
<tr style="background-color:#dbe8f5;"><td style="padding:3px;"><b>ประเภทอ้อย</b></td><td style="padding:3px;">ตอ2</td></tr>
<tr style="background-color:#f0f5fa;"><td style="padding:3px;"><b>พื้นที่</b></td><td style="padding:3px;">6.53</td></tr>
<tr style="background-color:#dbe8f5;"><td style="padding:3px;"><b>ปีผลิต</b></td><td style="padding:3px;">256970</td></tr>
<tr style="background-color:#f0f5fa;"><td style="padding:3px;"><b>ตันรวม</b></td><td style="padding:3px;">52.24</td></tr>
<tr style="background-color:#dbe8f5;"><td style="padding:3px;"><b>สถานที่ส่งอ้อย_1</b></td><td style="padding:3px;">รถตัด</td></tr>
</table>]]></description>
      <MultiGeometry><Polygon><outerBoundaryIs><LinearRing><coordinates>103.838008229357,14.7485819201655 103.837999770028,14.7486084197237 103.838049350137,14.7493597898081 103.838084299466,14.7493764496629 103.839277109548,14.7488888496828 103.839110689541,14.7482772999376 103.838008229357,14.7485819201655</coordinates></LinearRing></outerBoundaryIs></Polygon></MultiGeometry>
    </Placemark>
    <Placemark>
      <name>321503151746</name>
      <styleUrl>#style_42_001</styleUrl>
      <description><![CDATA[<h3 style="margin-bottom:6px; font-family:sans-serif;">321503151746</h3>
<table style="width:100%; border-collapse:collapse; font-family:sans-serif; font-size:12px;">
<tr style="background-color:#99bfe6; color:#000; font-weight:bold;"><td colspan="2" style="padding:4px; text-align:center;">321503151746</td></tr>
<tr style="background-color:#f0f5fa;"><td style="padding:3px; width:45%;"><b>FID</b></td><td style="padding:3px;">8279</td></tr>
<tr style="background-color:#dbe8f5;"><td style="padding:3px;"><b>รหัสแปลง</b></td><td style="padding:3px;">321503151746</td></tr>
<tr style="background-color:#f0f5fa;"><td style="padding:3px;"><b>รหัสกลุ่มคิว</b></td><td style="padding:3px;">42_001</td></tr>
<tr style="background-color:#dbe8f5;"><td style="padding:3px;"><b>นักเกษตร</b></td><td style="padding:3px;">4201</td></tr>
<tr style="background-color:#f0f5fa;"><td style="padding:3px;"><b>ศูนย์</b></td><td style="padding:3px;">K2-42</td></tr>
<tr style="background-color:#dbe8f5;"><td style="padding:3px;"><b>สถานที่ส่งอ้อย</b></td><td style="padding:3px;">รถตัด</td></tr>
<tr style="background-color:#f0f5fa;"><td style="padding:3px;"><b>ประเภทคิว</b></td><td style="padding:3px;">รถตัด</td></tr>
<tr style="background-color:#dbe8f5;"><td style="padding:3px;"><b>ประเภทรถ</b></td><td style="padding:3px;">10 ล้อเดี่ยว</td></tr>
<tr style="background-color:#f0f5fa;"><td style="padding:3px;"><b>ประเภทชาวไร่</b></td><td style="padding:3px;">รถตัด</td></tr>
<tr style="background-color:#dbe8f5;"><td style="padding:3px;"><b>สถานีขนถ่าย</b></td><td style="padding:3px;"></td></tr>
<tr style="background-color:#f0f5fa;"><td style="padding:3px;"><b>สถานะยืนยัน</b></td><td style="padding:3px;">N</td></tr>
<tr style="background-color:#dbe8f5;"><td style="padding:3px;"><b>โควตา</b></td><td style="padding:3px;">742322</td></tr>
<tr style="background-color:#f0f5fa;"><td style="padding:3px;"><b>ชาวไร่</b></td><td style="padding:3px;">นาง รุ่งเรือง แสงศรี</td></tr>
<tr style="background-color:#dbe8f5;"><td style="padding:3px;"><b>ประเภทอ้อย</b></td><td style="padding:3px;">ตอ1</td></tr>
<tr style="background-color:#f0f5fa;"><td style="padding:3px;"><b>พื้นที่</b></td><td style="padding:3px;">12.02</td></tr>
<tr style="background-color:#dbe8f5;"><td style="padding:3px;"><b>ปีผลิต</b></td><td style="padding:3px;">256970</td></tr>
<tr style="background-color:#f0f5fa;"><td style="padding:3px;"><b>ตันรวม</b></td><td style="padding:3px;">108.18</td></tr>
<tr style="background-color:#dbe8f5;"><td style="padding:3px;"><b>สถานที่ส่งอ้อย_1</b></td><td style="padding:3px;">รถตัด</td></tr>
</table>]]></description>
      <MultiGeometry><Polygon><outerBoundaryIs><LinearRing><coordinates>103.820306666792,14.7929050003993 103.8201100002,14.7931249995942 103.820070000078,14.7932133333879 103.820053333597,14.7932716666722 103.820036666509,14.7933716662382 103.820054999757,14.7934016663575 103.820298332824,14.7934399996313 103.820354999659,14.7934716662747 103.820381666654,14.7935133335603 103.820411666516,14.7935583335714 103.8203983335,14.7936883328768 103.820368333368,14.7937833335281 103.820391666425,14.7938233328675 103.820470000094,14.7938100003739 103.820509999393,14.793830000395 103.820569999798,14.7938499995624 103.821430000256,14.7939066666988 103.821514999568,14.7935033335964 103.821526666468,14.7934766663595 103.821574999854,14.793214999845 103.821573333182,14.7931099999661 103.821453333481,14.7930816662812 103.821453333093,14.7929616665381 103.821504999418,14.7929333336923 103.821571666165,14.7929033335904 103.821631666785,14.7926116667297 103.821653332872,14.792521666518 103.820896666604,14.7924883334845 103.820876666849,14.7925683335881 103.820838332751,14.7926200002517 103.820654999474,14.7927150001435 103.820451666828,14.7928099998037 103.82039666605,14.7928400003739 103.820351666923,14.7928766668235 103.820306666792,14.7929050003993</coordinates></LinearRing></outerBoundaryIs></Polygon></MultiGeometry>
    </Placemark>
    <Placemark>
      <name>321503061780</name>
      <styleUrl>#style_42_001</styleUrl>
      <description><![CDATA[<h3 style="margin-bottom:6px; font-family:sans-serif;">321503061780</h3>
<table style="width:100%; border-collapse:collapse; font-family:sans-serif; font-size:12px;">
<tr style="background-color:#99bfe6; color:#000; font-weight:bold;"><td colspan="2" style="padding:4px; text-align:center;">321503061780</td></tr>
<tr style="background-color:#f0f5fa;"><td style="padding:3px; width:45%;"><b>FID</b></td><td style="padding:3px;">8377</td></tr>
<tr style="background-color:#dbe8f5;"><td style="padding:3px;"><b>รหัสแปลง</b></td><td style="padding:3px;">321503061780</td></tr>
<tr style="background-color:#f0f5fa;"><td style="padding:3px;"><b>รหัสกลุ่มคิว</b></td><td style="padding:3px;">42_001</td></tr>
<tr style="background-color:#dbe8f5;"><td style="padding:3px;"><b>นักเกษตร</b></td><td style="padding:3px;">4201</td></tr>
<tr style="background-color:#f0f5fa;"><td style="padding:3px;"><b>ศูนย์</b></td><td style="padding:3px;">K2-42</td></tr>
<tr style="background-color:#dbe8f5;"><td style="padding:3px;"><b>สถานที่ส่งอ้อย</b></td><td style="padding:3px;">รถตัด</td></tr>
<tr style="background-color:#f0f5fa;"><td style="padding:3px;"><b>ประเภทคิว</b></td><td style="padding:3px;">รถตัด</td></tr>
<tr style="background-color:#dbe8f5;"><td style="padding:3px;"><b>ประเภทรถ</b></td><td style="padding:3px;">10 ล้อเดี่ยว</td></tr>
<tr style="background-color:#f0f5fa;"><td style="padding:3px;"><b>ประเภทชาวไร่</b></td><td style="padding:3px;">รถตัด</td></tr>
<tr style="background-color:#dbe8f5;"><td style="padding:3px;"><b>สถานีขนถ่าย</b></td><td style="padding:3px;"></td></tr>
<tr style="background-color:#f0f5fa;"><td style="padding:3px;"><b>สถานะยืนยัน</b></td><td style="padding:3px;">N</td></tr>
<tr style="background-color:#dbe8f5;"><td style="padding:3px;"><b>โควตา</b></td><td style="padding:3px;">741277</td></tr>
<tr style="background-color:#f0f5fa;"><td style="padding:3px;"><b>ชาวไร่</b></td><td style="padding:3px;">นาย ประหยัด ม่วงอ่อน</td></tr>
<tr style="background-color:#dbe8f5;"><td style="padding:3px;"><b>ประเภทอ้อย</b></td><td style="padding:3px;">ปลายฝน</td></tr>
<tr style="background-color:#f0f5fa;"><td style="padding:3px;"><b>พื้นที่</b></td><td style="padding:3px;">7.1</td></tr>
<tr style="background-color:#dbe8f5;"><td style="padding:3px;"><b>ปีผลิต</b></td><td style="padding:3px;">256970</td></tr>
<tr style="background-color:#f0f5fa;"><td style="padding:3px;"><b>ตันรวม</b></td><td style="padding:3px;">92.3</td></tr>
<tr style="background-color:#dbe8f5;"><td style="padding:3px;"><b>สถานที่ส่งอ้อย_1</b></td><td style="padding:3px;">รถตัด</td></tr>
</table>]]></description>
      <MultiGeometry><Polygon><outerBoundaryIs><LinearRing><coordinates>103.857468700096,14.8226720195842 103.856928869998,14.8227195499128 103.857722389765,14.824113249976 103.85816847026,14.823955740364 103.858805279333,14.8237030197247 103.85872080934,14.8234368799145 103.857974569575,14.8236634999293 103.85771600976,14.8231284802455 103.857469720244,14.8226736401691 103.857468679763,14.8226719803572 103.857468700096,14.8226720195842</coordinates></LinearRing></outerBoundaryIs></Polygon></MultiGeometry>
    </Placemark>
    <Placemark>
      <name>321501081683</name>
      <styleUrl>#style_42_001</styleUrl>
      <description><![CDATA[<h3 style="margin-bottom:6px; font-family:sans-serif;">321501081683</h3>
<table style="width:100%; border-collapse:collapse; font-family:sans-serif; font-size:12px;">
<tr style="background-color:#99bfe6; color:#000; font-weight:bold;"><td colspan="2" style="padding:4px; text-align:center;">321501081683</td></tr>
<tr style="background-color:#f0f5fa;"><td style="padding:3px; width:45%;"><b>FID</b></td><td style="padding:3px;">8427</td></tr>
<tr style="background-color:#dbe8f5;"><td style="padding:3px;"><b>รหัสแปลง</b></td><td style="padding:3px;">321501081683</td></tr>
<tr style="background-color:#f0f5fa;"><td style="padding:3px;"><b>รหัสกลุ่มคิว</b></td><td style="padding:3px;">42_001</td></tr>
<tr style="background-color:#dbe8f5;"><td style="padding:3px;"><b>นักเกษตร</b></td><td style="padding:3px;">4201</td></tr>
<tr style="background-color:#f0f5fa;"><td style="padding:3px;"><b>ศูนย์</b></td><td style="padding:3px;">K2-42</td></tr>
<tr style="background-color:#dbe8f5;"><td style="padding:3px;"><b>สถานที่ส่งอ้อย</b></td><td style="padding:3px;">รถตัด</td></tr>
<tr style="background-color:#f0f5fa;"><td style="padding:3px;"><b>ประเภทคิว</b></td><td style="padding:3px;">รถตัด</td></tr>
<tr style="background-color:#dbe8f5;"><td style="padding:3px;"><b>ประเภทรถ</b></td><td style="padding:3px;">10 ล้อเดี่ยว</td></tr>
<tr style="background-color:#f0f5fa;"><td style="padding:3px;"><b>ประเภทชาวไร่</b></td><td style="padding:3px;">รถตัด</td></tr>
<tr style="background-color:#dbe8f5;"><td style="padding:3px;"><b>สถานีขนถ่าย</b></td><td style="padding:3px;"></td></tr>
<tr style="background-color:#f0f5fa;"><td style="padding:3px;"><b>สถานะยืนยัน</b></td><td style="padding:3px;">N</td></tr>
<tr style="background-color:#dbe8f5;"><td style="padding:3px;"><b>โควตา</b></td><td style="padding:3px;">744034</td></tr>
<tr style="background-color:#f0f5fa;"><td style="padding:3px;"><b>ชาวไร่</b></td><td style="padding:3px;">นาง ขวัญจิด ดอกพวง</td></tr>
<tr style="background-color:#dbe8f5;"><td style="padding:3px;"><b>ประเภทอ้อย</b></td><td style="padding:3px;">ตอ1</td></tr>
<tr style="background-color:#f0f5fa;"><td style="padding:3px;"><b>พื้นที่</b></td><td style="padding:3px;">5.34</td></tr>
<tr style="background-color:#dbe8f5;"><td style="padding:3px;"><b>ปีผลิต</b></td><td style="padding:3px;">256970</td></tr>
<tr style="background-color:#f0f5fa;"><td style="padding:3px;"><b>ตันรวม</b></td><td style="padding:3px;">48.06</td></tr>
<tr style="background-color:#dbe8f5;"><td style="padding:3px;"><b>สถานที่ส่งอ้อย_1</b></td><td style="padding:3px;">รถตัด</td></tr>
</table>]]></description>
      <MultiGeometry><Polygon><outerBoundaryIs><LinearRing><coordinates>103.863425105151,14.7851266714254 103.863170463159,14.7851656893345 103.863165937512,14.7852149746752 103.863112796306,14.7851708435898 103.862882293819,14.785178597372 103.862838707839,14.7857886321083 103.862914396268,14.786042729248 103.864091718819,14.7853541975518 103.864033967324,14.7850172874681 103.86376893157,14.785111961233 103.863425105151,14.7851266714254</coordinates></LinearRing></outerBoundaryIs></Polygon></MultiGeometry>
    </Placemark>
    <Placemark>
      <name>321503061782</name>
      <styleUrl>#style_42_001</styleUrl>
      <description><![CDATA[<h3 style="margin-bottom:6px; font-family:sans-serif;">321503061782</h3>
<table style="width:100%; border-collapse:collapse; font-family:sans-serif; font-size:12px;">
<tr style="background-color:#99bfe6; color:#000; font-weight:bold;"><td colspan="2" style="padding:4px; text-align:center;">321503061782</td></tr>
<tr style="background-color:#f0f5fa;"><td style="padding:3px; width:45%;"><b>FID</b></td><td style="padding:3px;">8468</td></tr>
<tr style="background-color:#dbe8f5;"><td style="padding:3px;"><b>รหัสแปลง</b></td><td style="padding:3px;">321503061782</td></tr>
<tr style="background-color:#f0f5fa;"><td style="padding:3px;"><b>รหัสกลุ่มคิว</b></td><td style="padding:3px;">42_001</td></tr>
<tr style="background-color:#dbe8f5;"><td style="padding:3px;"><b>นักเกษตร</b></td><td style="padding:3px;">4201</td></tr>
<tr style="background-color:#f0f5fa;"><td style="padding:3px;"><b>ศูนย์</b></td><td style="padding:3px;">K2-42</td></tr>
<tr style="background-color:#dbe8f5;"><td style="padding:3px;"><b>สถานที่ส่งอ้อย</b></td><td style="padding:3px;">รถตัด</td></tr>
<tr style="background-color:#f0f5fa;"><td style="padding:3px;"><b>ประเภทคิว</b></td><td style="padding:3px;">รถตัด</td></tr>
<tr style="background-color:#dbe8f5;"><td style="padding:3px;"><b>ประเภทรถ</b></td><td style="padding:3px;">10 ล้อเดี่ยว</td></tr>
<tr style="background-color:#f0f5fa;"><td style="padding:3px;"><b>ประเภทชาวไร่</b></td><td style="padding:3px;">รถตัด</td></tr>
<tr style="background-color:#dbe8f5;"><td style="padding:3px;"><b>สถานีขนถ่าย</b></td><td style="padding:3px;"></td></tr>
<tr style="background-color:#f0f5fa;"><td style="padding:3px;"><b>สถานะยืนยัน</b></td><td style="padding:3px;">N</td></tr>
<tr style="background-color:#dbe8f5;"><td style="padding:3px;"><b>โควตา</b></td><td style="padding:3px;">744075</td></tr>
<tr style="background-color:#f0f5fa;"><td style="padding:3px;"><b>ชาวไร่</b></td><td style="padding:3px;">นาย สฤษดิ์ สมใจ</td></tr>
<tr style="background-color:#dbe8f5;"><td style="padding:3px;"><b>ประเภทอ้อย</b></td><td style="padding:3px;">ตอ1</td></tr>
<tr style="background-color:#f0f5fa;"><td style="padding:3px;"><b>พื้นที่</b></td><td style="padding:3px;">15.61</td></tr>
<tr style="background-color:#dbe8f5;"><td style="padding:3px;"><b>ปีผลิต</b></td><td style="padding:3px;">256970</td></tr>
<tr style="background-color:#f0f5fa;"><td style="padding:3px;"><b>ตันรวม</b></td><td style="padding:3px;">140.49</td></tr>
<tr style="background-color:#dbe8f5;"><td style="padding:3px;"><b>สถานที่ส่งอ้อย_1</b></td><td style="padding:3px;">รถตัด</td></tr>
</table>]]></description>
      <MultiGeometry><Polygon><outerBoundaryIs><LinearRing><coordinates>103.850235379966,14.8244808602244 103.850873019776,14.8256432199741 103.850871969874,14.8256536296817 103.850871579918,14.8256640101253 103.850873829779,14.8256755200154 103.85088030948,14.8256968395676 103.850886269984,14.8257528396435 103.850888220078,14.8257610895406 103.850882959439,14.825774830194 103.851038800116,14.8259885303384 103.851074069795,14.8260238598769 103.851312600067,14.8258436195421 103.851471150232,14.8257622303175 103.851342799379,14.8249065002465 103.851302999352,14.8246619197708 103.851222579452,14.8244349201723 103.851117449857,14.8239806298752 103.851113589909,14.8239805401674 103.851001610173,14.8235294299794 103.850923360188,14.8232508296429 103.850872549904,14.8232434702945 103.850607949773,14.8235076100342 103.850403699483,14.8236160004102 103.849891509657,14.8239958103243 103.850240320209,14.8244806999985 103.850235379966,14.8244808602244</coordinates></LinearRing></outerBoundaryIs></Polygon></MultiGeometry>
    </Placemark>
    <Placemark>
      <name>321503151754</name>
      <styleUrl>#style_42_001</styleUrl>
      <description><![CDATA[<h3 style="margin-bottom:6px; font-family:sans-serif;">321503151754</h3>
<table style="width:100%; border-collapse:collapse; font-family:sans-serif; font-size:12px;">
<tr style="background-color:#99bfe6; color:#000; font-weight:bold;"><td colspan="2" style="padding:4px; text-align:center;">321503151754</td></tr>
<tr style="background-color:#f0f5fa;"><td style="padding:3px; width:45%;"><b>FID</b></td><td style="padding:3px;">8504</td></tr>
<tr style="background-color:#dbe8f5;"><td style="padding:3px;"><b>รหัสแปลง</b></td><td style="padding:3px;">321503151754</td></tr>
<tr style="background-color:#f0f5fa;"><td style="padding:3px;"><b>รหัสกลุ่มคิว</b></td><td style="padding:3px;">42_001</td></tr>
<tr style="background-color:#dbe8f5;"><td style="padding:3px;"><b>นักเกษตร</b></td><td style="padding:3px;">4201</td></tr>
<tr style="background-color:#f0f5fa;"><td style="padding:3px;"><b>ศูนย์</b></td><td style="padding:3px;">K2-42</td></tr>
<tr style="background-color:#dbe8f5;"><td style="padding:3px;"><b>สถานที่ส่งอ้อย</b></td><td style="padding:3px;">รถตัด</td></tr>
<tr style="background-color:#f0f5fa;"><td style="padding:3px;"><b>ประเภทคิว</b></td><td style="padding:3px;">รถตัด</td></tr>
<tr style="background-color:#dbe8f5;"><td style="padding:3px;"><b>ประเภทรถ</b></td><td style="padding:3px;">10 ล้อเดี่ยว</td></tr>
<tr style="background-color:#f0f5fa;"><td style="padding:3px;"><b>ประเภทชาวไร่</b></td><td style="padding:3px;">รถตัด</td></tr>
<tr style="background-color:#dbe8f5;"><td style="padding:3px;"><b>สถานีขนถ่าย</b></td><td style="padding:3px;"></td></tr>
<tr style="background-color:#f0f5fa;"><td style="padding:3px;"><b>สถานะยืนยัน</b></td><td style="padding:3px;">N</td></tr>
<tr style="background-color:#dbe8f5;"><td style="padding:3px;"><b>โควตา</b></td><td style="padding:3px;">743149</td></tr>
<tr style="background-color:#f0f5fa;"><td style="padding:3px;"><b>ชาวไร่</b></td><td style="padding:3px;">นาย ธนชาติ บุญเสก</td></tr>
<tr style="background-color:#dbe8f5;"><td style="padding:3px;"><b>ประเภทอ้อย</b></td><td style="padding:3px;">ปลายฝน</td></tr>
<tr style="background-color:#f0f5fa;"><td style="padding:3px;"><b>พื้นที่</b></td><td style="padding:3px;">3.06</td></tr>
<tr style="background-color:#dbe8f5;"><td style="padding:3px;"><b>ปีผลิต</b></td><td style="padding:3px;">256970</td></tr>
<tr style="background-color:#f0f5fa;"><td style="padding:3px;"><b>ตันรวม</b></td><td style="padding:3px;">39.78</td></tr>
<tr style="background-color:#dbe8f5;"><td style="padding:3px;"><b>สถานที่ส่งอ้อย_1</b></td><td style="padding:3px;">รถตัด</td></tr>
</table>]]></description>
      <MultiGeometry><Polygon><outerBoundaryIs><LinearRing><coordinates>103.85119166615,14.7905650001659 103.85101166642,14.7890883335954 103.850733333291,14.7891100002831 103.850776666513,14.7894816664943 103.850939999347,14.7906166668958 103.85119166615,14.7905650001659</coordinates></LinearRing></outerBoundaryIs></Polygon></MultiGeometry>
    </Placemark>
    <Placemark>
      <name>321505021595</name>
      <styleUrl>#style_42_001</styleUrl>
      <description><![CDATA[<h3 style="margin-bottom:6px; font-family:sans-serif;">321505021595</h3>
<table style="width:100%; border-collapse:collapse; font-family:sans-serif; font-size:12px;">
<tr style="background-color:#99bfe6; color:#000; font-weight:bold;"><td colspan="2" style="padding:4px; text-align:center;">321505021595</td></tr>
<tr style="background-color:#f0f5fa;"><td style="padding:3px; width:45%;"><b>FID</b></td><td style="padding:3px;">8578</td></tr>
<tr style="background-color:#dbe8f5;"><td style="padding:3px;"><b>รหัสแปลง</b></td><td style="padding:3px;">321505021595</td></tr>
<tr style="background-color:#f0f5fa;"><td style="padding:3px;"><b>รหัสกลุ่มคิว</b></td><td style="padding:3px;">42_001</td></tr>
<tr style="background-color:#dbe8f5;"><td style="padding:3px;"><b>นักเกษตร</b></td><td style="padding:3px;">4201</td></tr>
<tr style="background-color:#f0f5fa;"><td style="padding:3px;"><b>ศูนย์</b></td><td style="padding:3px;">K2-42</td></tr>
<tr style="background-color:#dbe8f5;"><td style="padding:3px;"><b>สถานที่ส่งอ้อย</b></td><td style="padding:3px;">รถตัด</td></tr>
<tr style="background-color:#f0f5fa;"><td style="padding:3px;"><b>ประเภทคิว</b></td><td style="padding:3px;">รถตัด</td></tr>
<tr style="background-color:#dbe8f5;"><td style="padding:3px;"><b>ประเภทรถ</b></td><td style="padding:3px;">10 ล้อเดี่ยว</td></tr>
<tr style="background-color:#f0f5fa;"><td style="padding:3px;"><b>ประเภทชาวไร่</b></td><td style="padding:3px;">รถตัด</td></tr>
<tr style="background-color:#dbe8f5;"><td style="padding:3px;"><b>สถานีขนถ่าย</b></td><td style="padding:3px;"></td></tr>
<tr style="background-color:#f0f5fa;"><td style="padding:3px;"><b>สถานะยืนยัน</b></td><td style="padding:3px;">N</td></tr>
<tr style="background-color:#dbe8f5;"><td style="padding:3px;"><b>โควตา</b></td><td style="padding:3px;">744060</td></tr>
<tr style="background-color:#f0f5fa;"><td style="padding:3px;"><b>ชาวไร่</b></td><td style="padding:3px;">นาง จุติมาศ บุญภักดิ์</td></tr>
<tr style="background-color:#dbe8f5;"><td style="padding:3px;"><b>ประเภทอ้อย</b></td><td style="padding:3px;">ตอ2</td></tr>
<tr style="background-color:#f0f5fa;"><td style="padding:3px;"><b>พื้นที่</b></td><td style="padding:3px;">10.66</td></tr>
<tr style="background-color:#dbe8f5;"><td style="padding:3px;"><b>ปีผลิต</b></td><td style="padding:3px;">256970</td></tr>
<tr style="background-color:#f0f5fa;"><td style="padding:3px;"><b>ตันรวม</b></td><td style="padding:3px;">85.28</td></tr>
<tr style="background-color:#dbe8f5;"><td style="padding:3px;"><b>สถานที่ส่งอ้อย_1</b></td><td style="padding:3px;">รถตัด</td></tr>
</table>]]></description>
      <MultiGeometry><Polygon><outerBoundaryIs><LinearRing><coordinates>103.832966862264,14.7469514603939 103.832477693951,14.7471452503462 103.833033247116,14.7490986527132 103.833070546048,14.7492267700207 103.83373120782,14.7491068255966 103.833448151,14.7480533879936 103.832966862264,14.7469514603939</coordinates></LinearRing></outerBoundaryIs></Polygon></MultiGeometry>
    </Placemark>
    <Placemark>
      <name>321503011671</name>
      <styleUrl>#style_42_001</styleUrl>
      <description><![CDATA[<h3 style="margin-bottom:6px; font-family:sans-serif;">321503011671</h3>
<table style="width:100%; border-collapse:collapse; font-family:sans-serif; font-size:12px;">
<tr style="background-color:#99bfe6; color:#000; font-weight:bold;"><td colspan="2" style="padding:4px; text-align:center;">321503011671</td></tr>
<tr style="background-color:#f0f5fa;"><td style="padding:3px; width:45%;"><b>FID</b></td><td style="padding:3px;">8783</td></tr>
<tr style="background-color:#dbe8f5;"><td style="padding:3px;"><b>รหัสแปลง</b></td><td style="padding:3px;">321503011671</td></tr>
<tr style="background-color:#f0f5fa;"><td style="padding:3px;"><b>รหัสกลุ่มคิว</b></td><td style="padding:3px;">42_001</td></tr>
<tr style="background-color:#dbe8f5;"><td style="padding:3px;"><b>นักเกษตร</b></td><td style="padding:3px;">4201</td></tr>
<tr style="background-color:#f0f5fa;"><td style="padding:3px;"><b>ศูนย์</b></td><td style="padding:3px;">K2-42</td></tr>
<tr style="background-color:#dbe8f5;"><td style="padding:3px;"><b>สถานที่ส่งอ้อย</b></td><td style="padding:3px;">รถตัด</td></tr>
<tr style="background-color:#f0f5fa;"><td style="padding:3px;"><b>ประเภทคิว</b></td><td style="padding:3px;">รถตัด</td></tr>
<tr style="background-color:#dbe8f5;"><td style="padding:3px;"><b>ประเภทรถ</b></td><td style="padding:3px;">10 ล้อเดี่ยว</td></tr>
<tr style="background-color:#f0f5fa;"><td style="padding:3px;"><b>ประเภทชาวไร่</b></td><td style="padding:3px;">รถตัด</td></tr>
<tr style="background-color:#dbe8f5;"><td style="padding:3px;"><b>สถานีขนถ่าย</b></td><td style="padding:3px;"></td></tr>
<tr style="background-color:#f0f5fa;"><td style="padding:3px;"><b>สถานะยืนยัน</b></td><td style="padding:3px;">N</td></tr>
<tr style="background-color:#dbe8f5;"><td style="padding:3px;"><b>โควตา</b></td><td style="padding:3px;">741192</td></tr>
<tr style="background-color:#f0f5fa;"><td style="padding:3px;"><b>ชาวไร่</b></td><td style="padding:3px;">นาย สมพงษ์ สวัสดี</td></tr>
<tr style="background-color:#dbe8f5;"><td style="padding:3px;"><b>ประเภทอ้อย</b></td><td style="padding:3px;">ตอ1</td></tr>
<tr style="background-color:#f0f5fa;"><td style="padding:3px;"><b>พื้นที่</b></td><td style="padding:3px;">2.13</td></tr>
<tr style="background-color:#dbe8f5;"><td style="padding:3px;"><b>ปีผลิต</b></td><td style="padding:3px;">256970</td></tr>
<tr style="background-color:#f0f5fa;"><td style="padding:3px;"><b>ตันรวม</b></td><td style="padding:3px;">19.17</td></tr>
<tr style="background-color:#dbe8f5;"><td style="padding:3px;"><b>สถานที่ส่งอ้อย_1</b></td><td style="padding:3px;">รถตัด</td></tr>
</table>]]></description>
      <MultiGeometry><Polygon><outerBoundaryIs><LinearRing><coordinates>103.839964509461,14.8046678500519 103.840393869516,14.8046219798423 103.840303400191,14.8039764001567 103.839860199566,14.8040328100603 103.839964509461,14.8046678500519</coordinates></LinearRing></outerBoundaryIs></Polygon></MultiGeometry>
    </Placemark>
    <Placemark>
      <name>321505121514</name>
      <styleUrl>#style_42_001</styleUrl>
      <description><![CDATA[<h3 style="margin-bottom:6px; font-family:sans-serif;">321505121514</h3>
<table style="width:100%; border-collapse:collapse; font-family:sans-serif; font-size:12px;">
<tr style="background-color:#99bfe6; color:#000; font-weight:bold;"><td colspan="2" style="padding:4px; text-align:center;">321505121514</td></tr>
<tr style="background-color:#f0f5fa;"><td style="padding:3px; width:45%;"><b>FID</b></td><td style="padding:3px;">8814</td></tr>
<tr style="background-color:#dbe8f5;"><td style="padding:3px;"><b>รหัสแปลง</b></td><td style="padding:3px;">321505121514</td></tr>
<tr style="background-color:#f0f5fa;"><td style="padding:3px;"><b>รหัสกลุ่มคิว</b></td><td style="padding:3px;">42_001</td></tr>
<tr style="background-color:#dbe8f5;"><td style="padding:3px;"><b>นักเกษตร</b></td><td style="padding:3px;">4201</td></tr>
<tr style="background-color:#f0f5fa;"><td style="padding:3px;"><b>ศูนย์</b></td><td style="padding:3px;">K2-42</td></tr>
<tr style="background-color:#dbe8f5;"><td style="padding:3px;"><b>สถานที่ส่งอ้อย</b></td><td style="padding:3px;">รถตัด</td></tr>
<tr style="background-color:#f0f5fa;"><td style="padding:3px;"><b>ประเภทคิว</b></td><td style="padding:3px;">รถตัด</td></tr>
<tr style="background-color:#dbe8f5;"><td style="padding:3px;"><b>ประเภทรถ</b></td><td style="padding:3px;">10 ล้อเดี่ยว</td></tr>
<tr style="background-color:#f0f5fa;"><td style="padding:3px;"><b>ประเภทชาวไร่</b></td><td style="padding:3px;">รถตัด</td></tr>
<tr style="background-color:#dbe8f5;"><td style="padding:3px;"><b>สถานีขนถ่าย</b></td><td style="padding:3px;"></td></tr>
<tr style="background-color:#f0f5fa;"><td style="padding:3px;"><b>สถานะยืนยัน</b></td><td style="padding:3px;">N</td></tr>
<tr style="background-color:#dbe8f5;"><td style="padding:3px;"><b>โควตา</b></td><td style="padding:3px;">741342</td></tr>
<tr style="background-color:#f0f5fa;"><td style="padding:3px;"><b>ชาวไร่</b></td><td style="padding:3px;">นาง อติภา แซ่พัว</td></tr>
<tr style="background-color:#dbe8f5;"><td style="padding:3px;"><b>ประเภทอ้อย</b></td><td style="padding:3px;">ตอ1</td></tr>
<tr style="background-color:#f0f5fa;"><td style="padding:3px;"><b>พื้นที่</b></td><td style="padding:3px;">3.8</td></tr>
<tr style="background-color:#dbe8f5;"><td style="padding:3px;"><b>ปีผลิต</b></td><td style="padding:3px;">256970</td></tr>
<tr style="background-color:#f0f5fa;"><td style="padding:3px;"><b>ตันรวม</b></td><td style="padding:3px;">34.2</td></tr>
<tr style="background-color:#dbe8f5;"><td style="padding:3px;"><b>สถานที่ส่งอ้อย_1</b></td><td style="padding:3px;">รถตัด</td></tr>
</table>]]></description>
      <MultiGeometry><Polygon><outerBoundaryIs><LinearRing><coordinates>103.786583169978,14.7273609830043 103.786446712329,14.7273516794139 103.786127530194,14.7273549479351 103.786151082957,14.7285300909452 103.786544781252,14.7285654209332 103.786583169978,14.7273609830043</coordinates></LinearRing></outerBoundaryIs></Polygon></MultiGeometry>
    </Placemark>
    <Placemark>
      <name>321501031801</name>
      <styleUrl>#style_42_001</styleUrl>
      <description><![CDATA[<h3 style="margin-bottom:6px; font-family:sans-serif;">321501031801</h3>
<table style="width:100%; border-collapse:collapse; font-family:sans-serif; font-size:12px;">
<tr style="background-color:#99bfe6; color:#000; font-weight:bold;"><td colspan="2" style="padding:4px; text-align:center;">321501031801</td></tr>
<tr style="background-color:#f0f5fa;"><td style="padding:3px; width:45%;"><b>FID</b></td><td style="padding:3px;">8827</td></tr>
<tr style="background-color:#dbe8f5;"><td style="padding:3px;"><b>รหัสแปลง</b></td><td style="padding:3px;">321501031801</td></tr>
<tr style="background-color:#f0f5fa;"><td style="padding:3px;"><b>รหัสกลุ่มคิว</b></td><td style="padding:3px;">42_001</td></tr>
<tr style="background-color:#dbe8f5;"><td style="padding:3px;"><b>นักเกษตร</b></td><td style="padding:3px;">4201</td></tr>
<tr style="background-color:#f0f5fa;"><td style="padding:3px;"><b>ศูนย์</b></td><td style="padding:3px;">K2-42</td></tr>
<tr style="background-color:#dbe8f5;"><td style="padding:3px;"><b>สถานที่ส่งอ้อย</b></td><td style="padding:3px;">รถตัด</td></tr>
<tr style="background-color:#f0f5fa;"><td style="padding:3px;"><b>ประเภทคิว</b></td><td style="padding:3px;">รถตัด</td></tr>
<tr style="background-color:#dbe8f5;"><td style="padding:3px;"><b>ประเภทรถ</b></td><td style="padding:3px;">10 ล้อเดี่ยว</td></tr>
<tr style="background-color:#f0f5fa;"><td style="padding:3px;"><b>ประเภทชาวไร่</b></td><td style="padding:3px;">รถตัด</td></tr>
<tr style="background-color:#dbe8f5;"><td style="padding:3px;"><b>สถานีขนถ่าย</b></td><td style="padding:3px;"></td></tr>
<tr style="background-color:#f0f5fa;"><td style="padding:3px;"><b>สถานะยืนยัน</b></td><td style="padding:3px;">N</td></tr>
<tr style="background-color:#dbe8f5;"><td style="padding:3px;"><b>โควตา</b></td><td style="padding:3px;">742560</td></tr>
<tr style="background-color:#f0f5fa;"><td style="padding:3px;"><b>ชาวไร่</b></td><td style="padding:3px;">น.ส. สำเนียง นุราฤทธิ์</td></tr>
<tr style="background-color:#dbe8f5;"><td style="padding:3px;"><b>ประเภทอ้อย</b></td><td style="padding:3px;">ตอ1</td></tr>
<tr style="background-color:#f0f5fa;"><td style="padding:3px;"><b>พื้นที่</b></td><td style="padding:3px;">4.4</td></tr>
<tr style="background-color:#dbe8f5;"><td style="padding:3px;"><b>ปีผลิต</b></td><td style="padding:3px;">256970</td></tr>
<tr style="background-color:#f0f5fa;"><td style="padding:3px;"><b>ตันรวม</b></td><td style="padding:3px;">39.6</td></tr>
<tr style="background-color:#dbe8f5;"><td style="padding:3px;"><b>สถานที่ส่งอ้อย_1</b></td><td style="padding:3px;">รถตัด</td></tr>
</table>]]></description>
      <MultiGeometry><Polygon><outerBoundaryIs><LinearRing><coordinates>103.884311551019,14.797360268492 103.883084943221,14.7976660404503 103.883235231236,14.7979991790198 103.88338325562,14.797963178749 103.883441509551,14.7979646871564 103.883420890348,14.7981018993309 103.884381791228,14.7978871544969 103.884311551019,14.797360268492</coordinates></LinearRing></outerBoundaryIs></Polygon></MultiGeometry>
    </Placemark>
    <Placemark>
      <name>321505021597</name>
      <styleUrl>#style_42_001</styleUrl>
      <description><![CDATA[<h3 style="margin-bottom:6px; font-family:sans-serif;">321505021597</h3>
<table style="width:100%; border-collapse:collapse; font-family:sans-serif; font-size:12px;">
<tr style="background-color:#99bfe6; color:#000; font-weight:bold;"><td colspan="2" style="padding:4px; text-align:center;">321505021597</td></tr>
<tr style="background-color:#f0f5fa;"><td style="padding:3px; width:45%;"><b>FID</b></td><td style="padding:3px;">8871</td></tr>
<tr style="background-color:#dbe8f5;"><td style="padding:3px;"><b>รหัสแปลง</b></td><td style="padding:3px;">321505021597</td></tr>
<tr style="background-color:#f0f5fa;"><td style="padding:3px;"><b>รหัสกลุ่มคิว</b></td><td style="padding:3px;">42_001</td></tr>
<tr style="background-color:#dbe8f5;"><td style="padding:3px;"><b>นักเกษตร</b></td><td style="padding:3px;">4201</td></tr>
<tr style="background-color:#f0f5fa;"><td style="padding:3px;"><b>ศูนย์</b></td><td style="padding:3px;">K2-42</td></tr>
<tr style="background-color:#dbe8f5;"><td style="padding:3px;"><b>สถานที่ส่งอ้อย</b></td><td style="padding:3px;">รถตัด</td></tr>
<tr style="background-color:#f0f5fa;"><td style="padding:3px;"><b>ประเภทคิว</b></td><td style="padding:3px;">รถตัด</td></tr>
<tr style="background-color:#dbe8f5;"><td style="padding:3px;"><b>ประเภทรถ</b></td><td style="padding:3px;">10 ล้อเดี่ยว</td></tr>
<tr style="background-color:#f0f5fa;"><td style="padding:3px;"><b>ประเภทชาวไร่</b></td><td style="padding:3px;">รถตัด</td></tr>
<tr style="background-color:#dbe8f5;"><td style="padding:3px;"><b>สถานีขนถ่าย</b></td><td style="padding:3px;"></td></tr>
<tr style="background-color:#f0f5fa;"><td style="padding:3px;"><b>สถานะยืนยัน</b></td><td style="padding:3px;">N</td></tr>
<tr style="background-color:#dbe8f5;"><td style="padding:3px;"><b>โควตา</b></td><td style="padding:3px;">741325</td></tr>
<tr style="background-color:#f0f5fa;"><td style="padding:3px;"><b>ชาวไร่</b></td><td style="padding:3px;">นาย ชลากร โพธิ์ชัย</td></tr>
<tr style="background-color:#dbe8f5;"><td style="padding:3px;"><b>ประเภทอ้อย</b></td><td style="padding:3px;">ปลายฝน</td></tr>
<tr style="background-color:#f0f5fa;"><td style="padding:3px;"><b>พื้นที่</b></td><td style="padding:3px;">34.24</td></tr>
<tr style="background-color:#dbe8f5;"><td style="padding:3px;"><b>ปีผลิต</b></td><td style="padding:3px;">256970</td></tr>
<tr style="background-color:#f0f5fa;"><td style="padding:3px;"><b>ตันรวม</b></td><td style="padding:3px;">445.12</td></tr>
<tr style="background-color:#dbe8f5;"><td style="padding:3px;"><b>สถานที่ส่งอ้อย_1</b></td><td style="padding:3px;">รถตัด</td></tr>
</table>]]></description>
      <MultiGeometry><Polygon><outerBoundaryIs><LinearRing><coordinates>103.818623749051,14.761898280049 103.81862383334,14.7618983639147 103.818329210329,14.7617905166164 103.818255290905,14.7620057412569 103.818231087244,14.762308163798 103.818020960591,14.7623149405993 103.818064698768,14.7620092470551 103.818253294967,14.7620041127851 103.818326979603,14.7617893716654 103.817130596975,14.7613525343832 103.817082317035,14.7613766744137 103.817068654608,14.7614279300324 103.817038647422,14.7617657618084 103.817215421937,14.7619324779403 103.817286416867,14.7623355222603 103.817378449617,14.762366954151 103.817409882124,14.7623869029108 103.817349784231,14.7625972049093 103.817378869488,14.7626501369364 103.817452462174,14.7627086429205 103.817548937768,14.7627622026779 103.817926291212,14.7627774156895 103.818032405736,14.7627986219151 103.818221083016,14.7628183619591 103.818377740416,14.7628163502322 103.818436246436,14.7627590177846 103.818488884478,14.7625962408944 103.818497937211,14.7623782277105 103.818609332059,14.7620200689002 103.818654678123,14.7619353700692 103.819067486979,14.7619264010456 103.819100679241,14.7619912771223 103.819195143436,14.7621735835629 103.819285751839,14.7625939780165 103.819424807643,14.7626411683076 103.819671487001,14.762833575011 103.819783972493,14.7629883043847 103.820019168523,14.7628401967702 103.820186555482,14.762738817342 103.820393923032,14.7625824952075 103.82044572364,14.7624385359638 103.820488219425,14.7624211428717 103.820479837559,14.7623705582455 103.820538511154,14.7621146169429 103.820650744512,14.7620084598904 103.820938998831,14.7618831088447 103.820928018704,14.7617779997419 103.820830872308,14.7617955181222 103.820772785352,14.7616177374526 103.820948973046,14.7614799813741 103.820641105688,14.7611390472139 103.820545132943,14.7608284141039 103.820296693358,14.7606752764847 103.820089911507,14.7604969511706 103.82004540418,14.7604714705877 103.819650280716,14.7601148625453 103.819545759073,14.7601261357517 103.819119622503,14.7618369661057 103.820870183011,14.7615280092981 103.820797679529,14.7615765411874 103.819093722309,14.7619043988564 103.818623749051,14.761898280049</coordinates></LinearRing></outerBoundaryIs></Polygon></MultiGeometry>
    </Placemark>
    <Placemark>
      <name>321504090001</name>
      <styleUrl>#style_42_001</styleUrl>
      <description><![CDATA[<h3 style="margin-bottom:6px; font-family:sans-serif;">321504090001</h3>
<table style="width:100%; border-collapse:collapse; font-family:sans-serif; font-size:12px;">
<tr style="background-color:#99bfe6; color:#000; font-weight:bold;"><td colspan="2" style="padding:4px; text-align:center;">321504090001</td></tr>
<tr style="background-color:#f0f5fa;"><td style="padding:3px; width:45%;"><b>FID</b></td><td style="padding:3px;">8895</td></tr>
<tr style="background-color:#dbe8f5;"><td style="padding:3px;"><b>รหัสแปลง</b></td><td style="padding:3px;">321504090001</td></tr>
<tr style="background-color:#f0f5fa;"><td style="padding:3px;"><b>รหัสกลุ่มคิว</b></td><td style="padding:3px;">42_001</td></tr>
<tr style="background-color:#dbe8f5;"><td style="padding:3px;"><b>นักเกษตร</b></td><td style="padding:3px;">4201</td></tr>
<tr style="background-color:#f0f5fa;"><td style="padding:3px;"><b>ศูนย์</b></td><td style="padding:3px;">K2-42</td></tr>
<tr style="background-color:#dbe8f5;"><td style="padding:3px;"><b>สถานที่ส่งอ้อย</b></td><td style="padding:3px;">รถตัด</td></tr>
<tr style="background-color:#f0f5fa;"><td style="padding:3px;"><b>ประเภทคิว</b></td><td style="padding:3px;">รถตัด</td></tr>
<tr style="background-color:#dbe8f5;"><td style="padding:3px;"><b>ประเภทรถ</b></td><td style="padding:3px;">10 ล้อเดี่ยว</td></tr>
<tr style="background-color:#f0f5fa;"><td style="padding:3px;"><b>ประเภทชาวไร่</b></td><td style="padding:3px;">รถตัด</td></tr>
<tr style="background-color:#dbe8f5;"><td style="padding:3px;"><b>สถานีขนถ่าย</b></td><td style="padding:3px;"></td></tr>
<tr style="background-color:#f0f5fa;"><td style="padding:3px;"><b>สถานะยืนยัน</b></td><td style="padding:3px;">N</td></tr>
<tr style="background-color:#dbe8f5;"><td style="padding:3px;"><b>โควตา</b></td><td style="padding:3px;">741325</td></tr>
<tr style="background-color:#f0f5fa;"><td style="padding:3px;"><b>ชาวไร่</b></td><td style="padding:3px;">นาย ชลากร โพธิ์ชัย</td></tr>
<tr style="background-color:#dbe8f5;"><td style="padding:3px;"><b>ประเภทอ้อย</b></td><td style="padding:3px;">ปลายฝน</td></tr>
<tr style="background-color:#f0f5fa;"><td style="padding:3px;"><b>พื้นที่</b></td><td style="padding:3px;">21.25</td></tr>
<tr style="background-color:#dbe8f5;"><td style="padding:3px;"><b>ปีผลิต</b></td><td style="padding:3px;">256970</td></tr>
<tr style="background-color:#f0f5fa;"><td style="padding:3px;"><b>ตันรวม</b></td><td style="padding:3px;">276.25</td></tr>
<tr style="background-color:#dbe8f5;"><td style="padding:3px;"><b>สถานที่ส่งอ้อย_1</b></td><td style="padding:3px;">รถตัด</td></tr>
</table>]]></description>
      <MultiGeometry><Polygon><outerBoundaryIs><LinearRing><coordinates>103.964426452246,14.7893889105759 103.963826780333,14.7881755354509 103.962024124086,14.7888858336209 103.962325695875,14.7902227010475 103.964426452246,14.7893889105759</coordinates></LinearRing></outerBoundaryIs></Polygon></MultiGeometry>
    </Placemark>
    <Placemark>
      <name>321505021600</name>
      <styleUrl>#style_42_001</styleUrl>
      <description><![CDATA[<h3 style="margin-bottom:6px; font-family:sans-serif;">321505021600</h3>
<table style="width:100%; border-collapse:collapse; font-family:sans-serif; font-size:12px;">
<tr style="background-color:#99bfe6; color:#000; font-weight:bold;"><td colspan="2" style="padding:4px; text-align:center;">321505021600</td></tr>
<tr style="background-color:#f0f5fa;"><td style="padding:3px; width:45%;"><b>FID</b></td><td style="padding:3px;">9032</td></tr>
<tr style="background-color:#dbe8f5;"><td style="padding:3px;"><b>รหัสแปลง</b></td><td style="padding:3px;">321505021600</td></tr>
<tr style="background-color:#f0f5fa;"><td style="padding:3px;"><b>รหัสกลุ่มคิว</b></td><td style="padding:3px;">42_001</td></tr>
<tr style="background-color:#dbe8f5;"><td style="padding:3px;"><b>นักเกษตร</b></td><td style="padding:3px;">4201</td></tr>
<tr style="background-color:#f0f5fa;"><td style="padding:3px;"><b>ศูนย์</b></td><td style="padding:3px;">K2-42</td></tr>
<tr style="background-color:#dbe8f5;"><td style="padding:3px;"><b>สถานที่ส่งอ้อย</b></td><td style="padding:3px;">รถตัด</td></tr>
<tr style="background-color:#f0f5fa;"><td style="padding:3px;"><b>ประเภทคิว</b></td><td style="padding:3px;">รถตัด</td></tr>
<tr style="background-color:#dbe8f5;"><td style="padding:3px;"><b>ประเภทรถ</b></td><td style="padding:3px;">10 ล้อเดี่ยว</td></tr>
<tr style="background-color:#f0f5fa;"><td style="padding:3px;"><b>ประเภทชาวไร่</b></td><td style="padding:3px;">รถตัด</td></tr>
<tr style="background-color:#dbe8f5;"><td style="padding:3px;"><b>สถานีขนถ่าย</b></td><td style="padding:3px;"></td></tr>
<tr style="background-color:#f0f5fa;"><td style="padding:3px;"><b>สถานะยืนยัน</b></td><td style="padding:3px;">N</td></tr>
<tr style="background-color:#dbe8f5;"><td style="padding:3px;"><b>โควตา</b></td><td style="padding:3px;">741195</td></tr>
<tr style="background-color:#f0f5fa;"><td style="padding:3px;"><b>ชาวไร่</b></td><td style="padding:3px;">นาง เลียบ บุญธรรม</td></tr>
<tr style="background-color:#dbe8f5;"><td style="padding:3px;"><b>ประเภทอ้อย</b></td><td style="padding:3px;">ปลายฝน</td></tr>
<tr style="background-color:#f0f5fa;"><td style="padding:3px;"><b>พื้นที่</b></td><td style="padding:3px;">9.25</td></tr>
<tr style="background-color:#dbe8f5;"><td style="padding:3px;"><b>ปีผลิต</b></td><td style="padding:3px;">256970</td></tr>
<tr style="background-color:#f0f5fa;"><td style="padding:3px;"><b>ตันรวม</b></td><td style="padding:3px;">120.25</td></tr>
<tr style="background-color:#dbe8f5;"><td style="padding:3px;"><b>สถานที่ส่งอ้อย_1</b></td><td style="padding:3px;">รถตัด</td></tr>
</table>]]></description>
      <MultiGeometry><Polygon><outerBoundaryIs><LinearRing><coordinates>103.833391992334,14.7511437113972 103.833768161668,14.7511089408454 103.833591945885,14.7504471241643 103.833774916493,14.7504099034014 103.833953745935,14.751091786209 103.834150973722,14.7510735546008 103.833772530411,14.7491924879576 103.833095021088,14.7493219465954 103.833391992334,14.7511437113972</coordinates></LinearRing></outerBoundaryIs></Polygon></MultiGeometry>
    </Placemark>
    <Placemark>
      <name>321503151765</name>
      <styleUrl>#style_42_001</styleUrl>
      <description><![CDATA[<h3 style="margin-bottom:6px; font-family:sans-serif;">321503151765</h3>
<table style="width:100%; border-collapse:collapse; font-family:sans-serif; font-size:12px;">
<tr style="background-color:#99bfe6; color:#000; font-weight:bold;"><td colspan="2" style="padding:4px; text-align:center;">321503151765</td></tr>
<tr style="background-color:#f0f5fa;"><td style="padding:3px; width:45%;"><b>FID</b></td><td style="padding:3px;">9162</td></tr>
<tr style="background-color:#dbe8f5;"><td style="padding:3px;"><b>รหัสแปลง</b></td><td style="padding:3px;">321503151765</td></tr>
<tr style="background-color:#f0f5fa;"><td style="padding:3px;"><b>รหัสกลุ่มคิว</b></td><td style="padding:3px;">42_001</td></tr>
<tr style="background-color:#dbe8f5;"><td style="padding:3px;"><b>นักเกษตร</b></td><td style="padding:3px;">4201</td></tr>
<tr style="background-color:#f0f5fa;"><td style="padding:3px;"><b>ศูนย์</b></td><td style="padding:3px;">K2-42</td></tr>
<tr style="background-color:#dbe8f5;"><td style="padding:3px;"><b>สถานที่ส่งอ้อย</b></td><td style="padding:3px;">รถตัด</td></tr>
<tr style="background-color:#f0f5fa;"><td style="padding:3px;"><b>ประเภทคิว</b></td><td style="padding:3px;">รถตัด</td></tr>
<tr style="background-color:#dbe8f5;"><td style="padding:3px;"><b>ประเภทรถ</b></td><td style="padding:3px;">10 ล้อเดี่ยว</td></tr>
<tr style="background-color:#f0f5fa;"><td style="padding:3px;"><b>ประเภทชาวไร่</b></td><td style="padding:3px;">รถตัด</td></tr>
<tr style="background-color:#dbe8f5;"><td style="padding:3px;"><b>สถานีขนถ่าย</b></td><td style="padding:3px;"></td></tr>
<tr style="background-color:#f0f5fa;"><td style="padding:3px;"><b>สถานะยืนยัน</b></td><td style="padding:3px;">N</td></tr>
<tr style="background-color:#dbe8f5;"><td style="padding:3px;"><b>โควตา</b></td><td style="padding:3px;">744102</td></tr>
<tr style="background-color:#f0f5fa;"><td style="padding:3px;"><b>ชาวไร่</b></td><td style="padding:3px;">นาง เสร็จ สุขสวัสดิ์</td></tr>
<tr style="background-color:#dbe8f5;"><td style="padding:3px;"><b>ประเภทอ้อย</b></td><td style="padding:3px;">ตอ1</td></tr>
<tr style="background-color:#f0f5fa;"><td style="padding:3px;"><b>พื้นที่</b></td><td style="padding:3px;">9.49</td></tr>
<tr style="background-color:#dbe8f5;"><td style="padding:3px;"><b>ปีผลิต</b></td><td style="padding:3px;">256970</td></tr>
<tr style="background-color:#f0f5fa;"><td style="padding:3px;"><b>ตันรวม</b></td><td style="padding:3px;">85.41</td></tr>
<tr style="background-color:#dbe8f5;"><td style="padding:3px;"><b>สถานที่ส่งอ้อย_1</b></td><td style="padding:3px;">รถตัด</td></tr>
</table>]]></description>
      <MultiGeometry><Polygon><outerBoundaryIs><LinearRing><coordinates>103.826211666657,14.7959500001659 103.82645333309,14.7967049997669 103.826606666175,14.797160000315 103.8275399994,14.7969699996636 103.827416666417,14.7964599996434 103.827383333511,14.796341666551 103.827256666383,14.7957233329899 103.826969999344,14.7958016665864 103.826591666125,14.7958883334359 103.826211666657,14.7959500001659</coordinates></LinearRing></outerBoundaryIs></Polygon></MultiGeometry>
    </Placemark>
    <Placemark>
      <name>321505121516</name>
      <styleUrl>#style_42_001</styleUrl>
      <description><![CDATA[<h3 style="margin-bottom:6px; font-family:sans-serif;">321505121516</h3>
<table style="width:100%; border-collapse:collapse; font-family:sans-serif; font-size:12px;">
<tr style="background-color:#99bfe6; color:#000; font-weight:bold;"><td colspan="2" style="padding:4px; text-align:center;">321505121516</td></tr>
<tr style="background-color:#f0f5fa;"><td style="padding:3px; width:45%;"><b>FID</b></td><td style="padding:3px;">9173</td></tr>
<tr style="background-color:#dbe8f5;"><td style="padding:3px;"><b>รหัสแปลง</b></td><td style="padding:3px;">321505121516</td></tr>
<tr style="background-color:#f0f5fa;"><td style="padding:3px;"><b>รหัสกลุ่มคิว</b></td><td style="padding:3px;">42_001</td></tr>
<tr style="background-color:#dbe8f5;"><td style="padding:3px;"><b>นักเกษตร</b></td><td style="padding:3px;">4201</td></tr>
<tr style="background-color:#f0f5fa;"><td style="padding:3px;"><b>ศูนย์</b></td><td style="padding:3px;">K2-42</td></tr>
<tr style="background-color:#dbe8f5;"><td style="padding:3px;"><b>สถานที่ส่งอ้อย</b></td><td style="padding:3px;">รถตัด</td></tr>
<tr style="background-color:#f0f5fa;"><td style="padding:3px;"><b>ประเภทคิว</b></td><td style="padding:3px;">รถตัด</td></tr>
<tr style="background-color:#dbe8f5;"><td style="padding:3px;"><b>ประเภทรถ</b></td><td style="padding:3px;">10 ล้อเดี่ยว</td></tr>
<tr style="background-color:#f0f5fa;"><td style="padding:3px;"><b>ประเภทชาวไร่</b></td><td style="padding:3px;">รถตัด</td></tr>
<tr style="background-color:#dbe8f5;"><td style="padding:3px;"><b>สถานีขนถ่าย</b></td><td style="padding:3px;"></td></tr>
<tr style="background-color:#f0f5fa;"><td style="padding:3px;"><b>สถานะยืนยัน</b></td><td style="padding:3px;">N</td></tr>
<tr style="background-color:#dbe8f5;"><td style="padding:3px;"><b>โควตา</b></td><td style="padding:3px;">741342</td></tr>
<tr style="background-color:#f0f5fa;"><td style="padding:3px;"><b>ชาวไร่</b></td><td style="padding:3px;">นาง อติภา แซ่พัว</td></tr>
<tr style="background-color:#dbe8f5;"><td style="padding:3px;"><b>ประเภทอ้อย</b></td><td style="padding:3px;">ตอ4</td></tr>
<tr style="background-color:#f0f5fa;"><td style="padding:3px;"><b>พื้นที่</b></td><td style="padding:3px;">2.1</td></tr>
<tr style="background-color:#dbe8f5;"><td style="padding:3px;"><b>ปีผลิต</b></td><td style="padding:3px;">256970</td></tr>
<tr style="background-color:#f0f5fa;"><td style="padding:3px;"><b>ตันรวม</b></td><td style="padding:3px;">14.7</td></tr>
<tr style="background-color:#dbe8f5;"><td style="padding:3px;"><b>สถานที่ส่งอ้อย_1</b></td><td style="padding:3px;">รถตัด</td></tr>
</table>]]></description>
      <MultiGeometry><Polygon><outerBoundaryIs><LinearRing><coordinates>103.792322762527,14.7283127485437 103.792118998115,14.7279267201172 103.79164692902,14.7280875265728 103.791694706328,14.7282097345915 103.791621029478,14.7282417959639 103.791767376792,14.7286065339136 103.792322762527,14.7283127485437</coordinates></LinearRing></outerBoundaryIs></Polygon></MultiGeometry>
    </Placemark>
    <Placemark>
      <name>321503071696</name>
      <styleUrl>#style_42_001</styleUrl>
      <description><![CDATA[<h3 style="margin-bottom:6px; font-family:sans-serif;">321503071696</h3>
<table style="width:100%; border-collapse:collapse; font-family:sans-serif; font-size:12px;">
<tr style="background-color:#99bfe6; color:#000; font-weight:bold;"><td colspan="2" style="padding:4px; text-align:center;">321503071696</td></tr>
<tr style="background-color:#f0f5fa;"><td style="padding:3px; width:45%;"><b>FID</b></td><td style="padding:3px;">9204</td></tr>
<tr style="background-color:#dbe8f5;"><td style="padding:3px;"><b>รหัสแปลง</b></td><td style="padding:3px;">321503071696</td></tr>
<tr style="background-color:#f0f5fa;"><td style="padding:3px;"><b>รหัสกลุ่มคิว</b></td><td style="padding:3px;">42_001</td></tr>
<tr style="background-color:#dbe8f5;"><td style="padding:3px;"><b>นักเกษตร</b></td><td style="padding:3px;">4201</td></tr>
<tr style="background-color:#f0f5fa;"><td style="padding:3px;"><b>ศูนย์</b></td><td style="padding:3px;">K2-42</td></tr>
<tr style="background-color:#dbe8f5;"><td style="padding:3px;"><b>สถานที่ส่งอ้อย</b></td><td style="padding:3px;">รถตัด</td></tr>
<tr style="background-color:#f0f5fa;"><td style="padding:3px;"><b>ประเภทคิว</b></td><td style="padding:3px;">รถตัด</td></tr>
<tr style="background-color:#dbe8f5;"><td style="padding:3px;"><b>ประเภทรถ</b></td><td style="padding:3px;">10 ล้อเดี่ยว</td></tr>
<tr style="background-color:#f0f5fa;"><td style="padding:3px;"><b>ประเภทชาวไร่</b></td><td style="padding:3px;">รถตัด</td></tr>
<tr style="background-color:#dbe8f5;"><td style="padding:3px;"><b>สถานีขนถ่าย</b></td><td style="padding:3px;"></td></tr>
<tr style="background-color:#f0f5fa;"><td style="padding:3px;"><b>สถานะยืนยัน</b></td><td style="padding:3px;">N</td></tr>
<tr style="background-color:#dbe8f5;"><td style="padding:3px;"><b>โควตา</b></td><td style="padding:3px;">744076</td></tr>
<tr style="background-color:#f0f5fa;"><td style="padding:3px;"><b>ชาวไร่</b></td><td style="padding:3px;">นาง สลินทิพย์ อุทธสิงห์</td></tr>
<tr style="background-color:#dbe8f5;"><td style="padding:3px;"><b>ประเภทอ้อย</b></td><td style="padding:3px;">ตอ1</td></tr>
<tr style="background-color:#f0f5fa;"><td style="padding:3px;"><b>พื้นที่</b></td><td style="padding:3px;">2.83</td></tr>
<tr style="background-color:#dbe8f5;"><td style="padding:3px;"><b>ปีผลิต</b></td><td style="padding:3px;">256970</td></tr>
<tr style="background-color:#f0f5fa;"><td style="padding:3px;"><b>ตันรวม</b></td><td style="padding:3px;">25.47</td></tr>
<tr style="background-color:#dbe8f5;"><td style="padding:3px;"><b>สถานที่ส่งอ้อย_1</b></td><td style="padding:3px;">รถตัด</td></tr>
</table>]]></description>
      <MultiGeometry><Polygon><outerBoundaryIs><LinearRing><coordinates>103.887117359453,14.838183049874 103.887374049478,14.8382254903836 103.887427260091,14.8376686403568 103.887434169555,14.8376423196596 103.887438329997,14.837027690107 103.88708318003,14.8370147600525 103.887117359453,14.838183049874</coordinates></LinearRing></outerBoundaryIs></Polygon></MultiGeometry>
    </Placemark>
    <Placemark>
      <name>321505101662</name>
      <styleUrl>#style_42_001</styleUrl>
      <description><![CDATA[<h3 style="margin-bottom:6px; font-family:sans-serif;">321505101662</h3>
<table style="width:100%; border-collapse:collapse; font-family:sans-serif; font-size:12px;">
<tr style="background-color:#99bfe6; color:#000; font-weight:bold;"><td colspan="2" style="padding:4px; text-align:center;">321505101662</td></tr>
<tr style="background-color:#f0f5fa;"><td style="padding:3px; width:45%;"><b>FID</b></td><td style="padding:3px;">9379</td></tr>
<tr style="background-color:#dbe8f5;"><td style="padding:3px;"><b>รหัสแปลง</b></td><td style="padding:3px;">321505101662</td></tr>
<tr style="background-color:#f0f5fa;"><td style="padding:3px;"><b>รหัสกลุ่มคิว</b></td><td style="padding:3px;">42_001</td></tr>
<tr style="background-color:#dbe8f5;"><td style="padding:3px;"><b>นักเกษตร</b></td><td style="padding:3px;">4201</td></tr>
<tr style="background-color:#f0f5fa;"><td style="padding:3px;"><b>ศูนย์</b></td><td style="padding:3px;">K2-42</td></tr>
<tr style="background-color:#dbe8f5;"><td style="padding:3px;"><b>สถานที่ส่งอ้อย</b></td><td style="padding:3px;">รถตัด</td></tr>
<tr style="background-color:#f0f5fa;"><td style="padding:3px;"><b>ประเภทคิว</b></td><td style="padding:3px;">รถตัด</td></tr>
<tr style="background-color:#dbe8f5;"><td style="padding:3px;"><b>ประเภทรถ</b></td><td style="padding:3px;">10 ล้อเดี่ยว</td></tr>
<tr style="background-color:#f0f5fa;"><td style="padding:3px;"><b>ประเภทชาวไร่</b></td><td style="padding:3px;">รถตัด</td></tr>
<tr style="background-color:#dbe8f5;"><td style="padding:3px;"><b>สถานีขนถ่าย</b></td><td style="padding:3px;"></td></tr>
<tr style="background-color:#f0f5fa;"><td style="padding:3px;"><b>สถานะยืนยัน</b></td><td style="padding:3px;">N</td></tr>
<tr style="background-color:#dbe8f5;"><td style="padding:3px;"><b>โควตา</b></td><td style="padding:3px;">742213</td></tr>
<tr style="background-color:#f0f5fa;"><td style="padding:3px;"><b>ชาวไร่</b></td><td style="padding:3px;">นาง บำเพ็ญ กทิศาสตร์</td></tr>
<tr style="background-color:#dbe8f5;"><td style="padding:3px;"><b>ประเภทอ้อย</b></td><td style="padding:3px;">ตอ1</td></tr>
<tr style="background-color:#f0f5fa;"><td style="padding:3px;"><b>พื้นที่</b></td><td style="padding:3px;">3.0</td></tr>
<tr style="background-color:#dbe8f5;"><td style="padding:3px;"><b>ปีผลิต</b></td><td style="padding:3px;">256970</td></tr>
<tr style="background-color:#f0f5fa;"><td style="padding:3px;"><b>ตันรวม</b></td><td style="padding:3px;">27.0</td></tr>
<tr style="background-color:#dbe8f5;"><td style="padding:3px;"><b>สถานที่ส่งอ้อย_1</b></td><td style="padding:3px;">รถตัด</td></tr>
</table>]]></description>
      <MultiGeometry><Polygon><outerBoundaryIs><LinearRing><coordinates>103.786953482547,14.7358675250005 103.787456564464,14.7358534019807 103.78731373638,14.735056995403 103.786801770205,14.735106280729 103.786953482547,14.7358675250005</coordinates></LinearRing></outerBoundaryIs></Polygon></MultiGeometry>
    </Placemark>
    <Placemark>
      <name>321505051551</name>
      <styleUrl>#style_42_001</styleUrl>
      <description><![CDATA[<h3 style="margin-bottom:6px; font-family:sans-serif;">321505051551</h3>
<table style="width:100%; border-collapse:collapse; font-family:sans-serif; font-size:12px;">
<tr style="background-color:#99bfe6; color:#000; font-weight:bold;"><td colspan="2" style="padding:4px; text-align:center;">321505051551</td></tr>
<tr style="background-color:#f0f5fa;"><td style="padding:3px; width:45%;"><b>FID</b></td><td style="padding:3px;">9425</td></tr>
<tr style="background-color:#dbe8f5;"><td style="padding:3px;"><b>รหัสแปลง</b></td><td style="padding:3px;">321505051551</td></tr>
<tr style="background-color:#f0f5fa;"><td style="padding:3px;"><b>รหัสกลุ่มคิว</b></td><td style="padding:3px;">42_001</td></tr>
<tr style="background-color:#dbe8f5;"><td style="padding:3px;"><b>นักเกษตร</b></td><td style="padding:3px;">4201</td></tr>
<tr style="background-color:#f0f5fa;"><td style="padding:3px;"><b>ศูนย์</b></td><td style="padding:3px;">K2-42</td></tr>
<tr style="background-color:#dbe8f5;"><td style="padding:3px;"><b>สถานที่ส่งอ้อย</b></td><td style="padding:3px;">รถตัด</td></tr>
<tr style="background-color:#f0f5fa;"><td style="padding:3px;"><b>ประเภทคิว</b></td><td style="padding:3px;">รถตัด</td></tr>
<tr style="background-color:#dbe8f5;"><td style="padding:3px;"><b>ประเภทรถ</b></td><td style="padding:3px;">10 ล้อเดี่ยว</td></tr>
<tr style="background-color:#f0f5fa;"><td style="padding:3px;"><b>ประเภทชาวไร่</b></td><td style="padding:3px;">รถตัด</td></tr>
<tr style="background-color:#dbe8f5;"><td style="padding:3px;"><b>สถานีขนถ่าย</b></td><td style="padding:3px;"></td></tr>
<tr style="background-color:#f0f5fa;"><td style="padding:3px;"><b>สถานะยืนยัน</b></td><td style="padding:3px;">N</td></tr>
<tr style="background-color:#dbe8f5;"><td style="padding:3px;"><b>โควตา</b></td><td style="padding:3px;">742143</td></tr>
<tr style="background-color:#f0f5fa;"><td style="padding:3px;"><b>ชาวไร่</b></td><td style="padding:3px;">นาย จรุง บุญร่วม</td></tr>
<tr style="background-color:#dbe8f5;"><td style="padding:3px;"><b>ประเภทอ้อย</b></td><td style="padding:3px;">ปลายฝน</td></tr>
<tr style="background-color:#f0f5fa;"><td style="padding:3px;"><b>พื้นที่</b></td><td style="padding:3px;">3.08</td></tr>
<tr style="background-color:#dbe8f5;"><td style="padding:3px;"><b>ปีผลิต</b></td><td style="padding:3px;">256970</td></tr>
<tr style="background-color:#f0f5fa;"><td style="padding:3px;"><b>ตันรวม</b></td><td style="padding:3px;">40.04</td></tr>
<tr style="background-color:#dbe8f5;"><td style="padding:3px;"><b>สถานที่ส่งอ้อย_1</b></td><td style="padding:3px;">รถตัด</td></tr>
</table>]]></description>
      <MultiGeometry><Polygon><outerBoundaryIs><LinearRing><coordinates>103.838235000094,14.773934999857 103.838068333055,14.7726983336698 103.837683333583,14.7727300000851 103.837778333229,14.7730816669831 103.8379499998,14.7739733331979 103.838235000094,14.773934999857</coordinates></LinearRing></outerBoundaryIs></Polygon></MultiGeometry>
    </Placemark>
    <Placemark>
      <name>321503061812</name>
      <styleUrl>#style_42_001</styleUrl>
      <description><![CDATA[<h3 style="margin-bottom:6px; font-family:sans-serif;">321503061812</h3>
<table style="width:100%; border-collapse:collapse; font-family:sans-serif; font-size:12px;">
<tr style="background-color:#99bfe6; color:#000; font-weight:bold;"><td colspan="2" style="padding:4px; text-align:center;">321503061812</td></tr>
<tr style="background-color:#f0f5fa;"><td style="padding:3px; width:45%;"><b>FID</b></td><td style="padding:3px;">9437</td></tr>
<tr style="background-color:#dbe8f5;"><td style="padding:3px;"><b>รหัสแปลง</b></td><td style="padding:3px;">321503061812</td></tr>
<tr style="background-color:#f0f5fa;"><td style="padding:3px;"><b>รหัสกลุ่มคิว</b></td><td style="padding:3px;">42_001</td></tr>
<tr style="background-color:#dbe8f5;"><td style="padding:3px;"><b>นักเกษตร</b></td><td style="padding:3px;">4201</td></tr>
<tr style="background-color:#f0f5fa;"><td style="padding:3px;"><b>ศูนย์</b></td><td style="padding:3px;">K2-42</td></tr>
<tr style="background-color:#dbe8f5;"><td style="padding:3px;"><b>สถานที่ส่งอ้อย</b></td><td style="padding:3px;">รถตัด</td></tr>
<tr style="background-color:#f0f5fa;"><td style="padding:3px;"><b>ประเภทคิว</b></td><td style="padding:3px;">รถตัด</td></tr>
<tr style="background-color:#dbe8f5;"><td style="padding:3px;"><b>ประเภทรถ</b></td><td style="padding:3px;">10 ล้อเดี่ยว</td></tr>
<tr style="background-color:#f0f5fa;"><td style="padding:3px;"><b>ประเภทชาวไร่</b></td><td style="padding:3px;">รถตัด</td></tr>
<tr style="background-color:#dbe8f5;"><td style="padding:3px;"><b>สถานีขนถ่าย</b></td><td style="padding:3px;"></td></tr>
<tr style="background-color:#f0f5fa;"><td style="padding:3px;"><b>สถานะยืนยัน</b></td><td style="padding:3px;">N</td></tr>
<tr style="background-color:#dbe8f5;"><td style="padding:3px;"><b>โควตา</b></td><td style="padding:3px;">744075</td></tr>
<tr style="background-color:#f0f5fa;"><td style="padding:3px;"><b>ชาวไร่</b></td><td style="padding:3px;">นาย สฤษดิ์ สมใจ</td></tr>
<tr style="background-color:#dbe8f5;"><td style="padding:3px;"><b>ประเภทอ้อย</b></td><td style="padding:3px;">ปลายฝน</td></tr>
<tr style="background-color:#f0f5fa;"><td style="padding:3px;"><b>พื้นที่</b></td><td style="padding:3px;">4.61</td></tr>
<tr style="background-color:#dbe8f5;"><td style="padding:3px;"><b>ปีผลิต</b></td><td style="padding:3px;">256970</td></tr>
<tr style="background-color:#f0f5fa;"><td style="padding:3px;"><b>ตันรวม</b></td><td style="padding:3px;">59.93</td></tr>
<tr style="background-color:#dbe8f5;"><td style="padding:3px;"><b>สถานที่ส่งอ้อย_1</b></td><td style="padding:3px;">รถตัด</td></tr>
</table>]]></description>
      <MultiGeometry><Polygon><outerBoundaryIs><LinearRing><coordinates>103.863024198939,14.8399192980593 103.863543038795,14.8406128584988 103.863559886743,14.8405611837318 103.863582350255,14.8405676384015 103.863598191798,14.8405123176278 103.863609255888,14.8404658821003 103.863631886957,14.8404065382394 103.863642783954,14.8403684422751 103.863740684441,14.8401093155906 103.863779827912,14.8399389957032 103.863847469953,14.8397801579127 103.863819809832,14.8397155757633 103.863778654615,14.8396514121966 103.863607495982,14.8394312615798 103.863416639764,14.8394703216994 103.863319242462,14.8394765656372 103.862930824497,14.8395939542167 103.863024198939,14.8399192980593</coordinates></LinearRing></outerBoundaryIs></Polygon></MultiGeometry>
    </Placemark>
    <Placemark>
      <name>321505121519</name>
      <styleUrl>#style_42_001</styleUrl>
      <description><![CDATA[<h3 style="margin-bottom:6px; font-family:sans-serif;">321505121519</h3>
<table style="width:100%; border-collapse:collapse; font-family:sans-serif; font-size:12px;">
<tr style="background-color:#99bfe6; color:#000; font-weight:bold;"><td colspan="2" style="padding:4px; text-align:center;">321505121519</td></tr>
<tr style="background-color:#f0f5fa;"><td style="padding:3px; width:45%;"><b>FID</b></td><td style="padding:3px;">9510</td></tr>
<tr style="background-color:#dbe8f5;"><td style="padding:3px;"><b>รหัสแปลง</b></td><td style="padding:3px;">321505121519</td></tr>
<tr style="background-color:#f0f5fa;"><td style="padding:3px;"><b>รหัสกลุ่มคิว</b></td><td style="padding:3px;">42_001</td></tr>
<tr style="background-color:#dbe8f5;"><td style="padding:3px;"><b>นักเกษตร</b></td><td style="padding:3px;">4201</td></tr>
<tr style="background-color:#f0f5fa;"><td style="padding:3px;"><b>ศูนย์</b></td><td style="padding:3px;">K2-42</td></tr>
<tr style="background-color:#dbe8f5;"><td style="padding:3px;"><b>สถานที่ส่งอ้อย</b></td><td style="padding:3px;">รถตัด</td></tr>
<tr style="background-color:#f0f5fa;"><td style="padding:3px;"><b>ประเภทคิว</b></td><td style="padding:3px;">รถตัด</td></tr>
<tr style="background-color:#dbe8f5;"><td style="padding:3px;"><b>ประเภทรถ</b></td><td style="padding:3px;">10 ล้อเดี่ยว</td></tr>
<tr style="background-color:#f0f5fa;"><td style="padding:3px;"><b>ประเภทชาวไร่</b></td><td style="padding:3px;">รถตัด</td></tr>
<tr style="background-color:#dbe8f5;"><td style="padding:3px;"><b>สถานีขนถ่าย</b></td><td style="padding:3px;"></td></tr>
<tr style="background-color:#f0f5fa;"><td style="padding:3px;"><b>สถานะยืนยัน</b></td><td style="padding:3px;">N</td></tr>
<tr style="background-color:#dbe8f5;"><td style="padding:3px;"><b>โควตา</b></td><td style="padding:3px;">741342</td></tr>
<tr style="background-color:#f0f5fa;"><td style="padding:3px;"><b>ชาวไร่</b></td><td style="padding:3px;">นาง อติภา แซ่พัว</td></tr>
<tr style="background-color:#dbe8f5;"><td style="padding:3px;"><b>ประเภทอ้อย</b></td><td style="padding:3px;">ตอ1</td></tr>
<tr style="background-color:#f0f5fa;"><td style="padding:3px;"><b>พื้นที่</b></td><td style="padding:3px;">8.63</td></tr>
<tr style="background-color:#dbe8f5;"><td style="padding:3px;"><b>ปีผลิต</b></td><td style="padding:3px;">256970</td></tr>
<tr style="background-color:#f0f5fa;"><td style="padding:3px;"><b>ตันรวม</b></td><td style="padding:3px;">77.67</td></tr>
<tr style="background-color:#dbe8f5;"><td style="padding:3px;"><b>สถานที่ส่งอ้อย_1</b></td><td style="padding:3px;">รถตัด</td></tr>
</table>]]></description>
      <MultiGeometry><Polygon><outerBoundaryIs><LinearRing><coordinates>103.789830000231,14.72925333299 103.791678333398,14.7286083331423 103.791531666358,14.7282549996126 103.791226666783,14.7281916663509 103.789510000282,14.7286766669789 103.789830000231,14.72925333299</coordinates></LinearRing></outerBoundaryIs></Polygon></MultiGeometry>
    </Placemark>
    <Placemark>
      <name>321503071703</name>
      <styleUrl>#style_42_001</styleUrl>
      <description><![CDATA[<h3 style="margin-bottom:6px; font-family:sans-serif;">321503071703</h3>
<table style="width:100%; border-collapse:collapse; font-family:sans-serif; font-size:12px;">
<tr style="background-color:#99bfe6; color:#000; font-weight:bold;"><td colspan="2" style="padding:4px; text-align:center;">321503071703</td></tr>
<tr style="background-color:#f0f5fa;"><td style="padding:3px; width:45%;"><b>FID</b></td><td style="padding:3px;">9681</td></tr>
<tr style="background-color:#dbe8f5;"><td style="padding:3px;"><b>รหัสแปลง</b></td><td style="padding:3px;">321503071703</td></tr>
<tr style="background-color:#f0f5fa;"><td style="padding:3px;"><b>รหัสกลุ่มคิว</b></td><td style="padding:3px;">42_001</td></tr>
<tr style="background-color:#dbe8f5;"><td style="padding:3px;"><b>นักเกษตร</b></td><td style="padding:3px;">4201</td></tr>
<tr style="background-color:#f0f5fa;"><td style="padding:3px;"><b>ศูนย์</b></td><td style="padding:3px;">K2-42</td></tr>
<tr style="background-color:#dbe8f5;"><td style="padding:3px;"><b>สถานที่ส่งอ้อย</b></td><td style="padding:3px;">รถตัด</td></tr>
<tr style="background-color:#f0f5fa;"><td style="padding:3px;"><b>ประเภทคิว</b></td><td style="padding:3px;">รถตัด</td></tr>
<tr style="background-color:#dbe8f5;"><td style="padding:3px;"><b>ประเภทรถ</b></td><td style="padding:3px;">10 ล้อเดี่ยว</td></tr>
<tr style="background-color:#f0f5fa;"><td style="padding:3px;"><b>ประเภทชาวไร่</b></td><td style="padding:3px;">รถตัด</td></tr>
<tr style="background-color:#dbe8f5;"><td style="padding:3px;"><b>สถานีขนถ่าย</b></td><td style="padding:3px;"></td></tr>
<tr style="background-color:#f0f5fa;"><td style="padding:3px;"><b>สถานะยืนยัน</b></td><td style="padding:3px;">N</td></tr>
<tr style="background-color:#dbe8f5;"><td style="padding:3px;"><b>โควตา</b></td><td style="padding:3px;">744076</td></tr>
<tr style="background-color:#f0f5fa;"><td style="padding:3px;"><b>ชาวไร่</b></td><td style="padding:3px;">นาง สลินทิพย์ อุทธสิงห์</td></tr>
<tr style="background-color:#dbe8f5;"><td style="padding:3px;"><b>ประเภทอ้อย</b></td><td style="padding:3px;">ตอ2</td></tr>
<tr style="background-color:#f0f5fa;"><td style="padding:3px;"><b>พื้นที่</b></td><td style="padding:3px;">3.41</td></tr>
<tr style="background-color:#dbe8f5;"><td style="padding:3px;"><b>ปีผลิต</b></td><td style="padding:3px;">256970</td></tr>
<tr style="background-color:#f0f5fa;"><td style="padding:3px;"><b>ตันรวม</b></td><td style="padding:3px;">27.28</td></tr>
<tr style="background-color:#dbe8f5;"><td style="padding:3px;"><b>สถานที่ส่งอ้อย_1</b></td><td style="padding:3px;">รถตัด</td></tr>
</table>]]></description>
      <MultiGeometry><Polygon><outerBoundaryIs><LinearRing><coordinates>103.893146699766,14.831619740046 103.892884229503,14.8317316996355 103.893338949561,14.833213749595 103.893621189504,14.833108370244 103.893146699766,14.831619740046</coordinates></LinearRing></outerBoundaryIs></Polygon></MultiGeometry>
    </Placemark>
    <Placemark>
      <name>321505051553</name>
      <styleUrl>#style_42_001</styleUrl>
      <description><![CDATA[<h3 style="margin-bottom:6px; font-family:sans-serif;">321505051553</h3>
<table style="width:100%; border-collapse:collapse; font-family:sans-serif; font-size:12px;">
<tr style="background-color:#99bfe6; color:#000; font-weight:bold;"><td colspan="2" style="padding:4px; text-align:center;">321505051553</td></tr>
<tr style="background-color:#f0f5fa;"><td style="padding:3px; width:45%;"><b>FID</b></td><td style="padding:3px;">9729</td></tr>
<tr style="background-color:#dbe8f5;"><td style="padding:3px;"><b>รหัสแปลง</b></td><td style="padding:3px;">321505051553</td></tr>
<tr style="background-color:#f0f5fa;"><td style="padding:3px;"><b>รหัสกลุ่มคิว</b></td><td style="padding:3px;">42_001</td></tr>
<tr style="background-color:#dbe8f5;"><td style="padding:3px;"><b>นักเกษตร</b></td><td style="padding:3px;">4201</td></tr>
<tr style="background-color:#f0f5fa;"><td style="padding:3px;"><b>ศูนย์</b></td><td style="padding:3px;">K2-42</td></tr>
<tr style="background-color:#dbe8f5;"><td style="padding:3px;"><b>สถานที่ส่งอ้อย</b></td><td style="padding:3px;">รถตัด</td></tr>
<tr style="background-color:#f0f5fa;"><td style="padding:3px;"><b>ประเภทคิว</b></td><td style="padding:3px;">รถตัด</td></tr>
<tr style="background-color:#dbe8f5;"><td style="padding:3px;"><b>ประเภทรถ</b></td><td style="padding:3px;">10 ล้อเดี่ยว</td></tr>
<tr style="background-color:#f0f5fa;"><td style="padding:3px;"><b>ประเภทชาวไร่</b></td><td style="padding:3px;">รถตัด</td></tr>
<tr style="background-color:#dbe8f5;"><td style="padding:3px;"><b>สถานีขนถ่าย</b></td><td style="padding:3px;"></td></tr>
<tr style="background-color:#f0f5fa;"><td style="padding:3px;"><b>สถานะยืนยัน</b></td><td style="padding:3px;">N</td></tr>
<tr style="background-color:#dbe8f5;"><td style="padding:3px;"><b>โควตา</b></td><td style="padding:3px;">742339</td></tr>
<tr style="background-color:#f0f5fa;"><td style="padding:3px;"><b>ชาวไร่</b></td><td style="padding:3px;">นาย สำราญ บุญธรรม</td></tr>
<tr style="background-color:#dbe8f5;"><td style="padding:3px;"><b>ประเภทอ้อย</b></td><td style="padding:3px;">ปลายฝน</td></tr>
<tr style="background-color:#f0f5fa;"><td style="padding:3px;"><b>พื้นที่</b></td><td style="padding:3px;">10.3</td></tr>
<tr style="background-color:#dbe8f5;"><td style="padding:3px;"><b>ปีผลิต</b></td><td style="padding:3px;">256970</td></tr>
<tr style="background-color:#f0f5fa;"><td style="padding:3px;"><b>ตันรวม</b></td><td style="padding:3px;">133.9</td></tr>
<tr style="background-color:#dbe8f5;"><td style="padding:3px;"><b>สถานที่ส่งอ้อย_1</b></td><td style="padding:3px;">รถตัด</td></tr>
</table>]]></description>
      <MultiGeometry><Polygon><outerBoundaryIs><LinearRing><coordinates>103.839478333027,14.7488233336807 103.838698332895,14.7491516670225 103.838721666805,14.7507766663268 103.839464999684,14.7508083328711 103.839478333027,14.7488233336807</coordinates></LinearRing></outerBoundaryIs></Polygon></MultiGeometry>
    </Placemark>
    <Placemark>
      <name>321503061830</name>
      <styleUrl>#style_42_001</styleUrl>
      <description><![CDATA[<h3 style="margin-bottom:6px; font-family:sans-serif;">321503061830</h3>
<table style="width:100%; border-collapse:collapse; font-family:sans-serif; font-size:12px;">
<tr style="background-color:#99bfe6; color:#000; font-weight:bold;"><td colspan="2" style="padding:4px; text-align:center;">321503061830</td></tr>
<tr style="background-color:#f0f5fa;"><td style="padding:3px; width:45%;"><b>FID</b></td><td style="padding:3px;">10293</td></tr>
<tr style="background-color:#dbe8f5;"><td style="padding:3px;"><b>รหัสแปลง</b></td><td style="padding:3px;">321503061830</td></tr>
<tr style="background-color:#f0f5fa;"><td style="padding:3px;"><b>รหัสกลุ่มคิว</b></td><td style="padding:3px;">42_001</td></tr>
<tr style="background-color:#dbe8f5;"><td style="padding:3px;"><b>นักเกษตร</b></td><td style="padding:3px;">4201</td></tr>
<tr style="background-color:#f0f5fa;"><td style="padding:3px;"><b>ศูนย์</b></td><td style="padding:3px;">K2-42</td></tr>
<tr style="background-color:#dbe8f5;"><td style="padding:3px;"><b>สถานที่ส่งอ้อย</b></td><td style="padding:3px;">รถตัด</td></tr>
<tr style="background-color:#f0f5fa;"><td style="padding:3px;"><b>ประเภทคิว</b></td><td style="padding:3px;">รถตัด</td></tr>
<tr style="background-color:#dbe8f5;"><td style="padding:3px;"><b>ประเภทรถ</b></td><td style="padding:3px;">10 ล้อเดี่ยว</td></tr>
<tr style="background-color:#f0f5fa;"><td style="padding:3px;"><b>ประเภทชาวไร่</b></td><td style="padding:3px;">รถตัด</td></tr>
<tr style="background-color:#dbe8f5;"><td style="padding:3px;"><b>สถานีขนถ่าย</b></td><td style="padding:3px;"></td></tr>
<tr style="background-color:#f0f5fa;"><td style="padding:3px;"><b>สถานะยืนยัน</b></td><td style="padding:3px;">N</td></tr>
<tr style="background-color:#dbe8f5;"><td style="padding:3px;"><b>โควตา</b></td><td style="padding:3px;">741277</td></tr>
<tr style="background-color:#f0f5fa;"><td style="padding:3px;"><b>ชาวไร่</b></td><td style="padding:3px;">นาย ประหยัด ม่วงอ่อน</td></tr>
<tr style="background-color:#dbe8f5;"><td style="padding:3px;"><b>ประเภทอ้อย</b></td><td style="padding:3px;">ตอ2</td></tr>
<tr style="background-color:#f0f5fa;"><td style="padding:3px;"><b>พื้นที่</b></td><td style="padding:3px;">4.97</td></tr>
<tr style="background-color:#dbe8f5;"><td style="padding:3px;"><b>ปีผลิต</b></td><td style="padding:3px;">256970</td></tr>
<tr style="background-color:#f0f5fa;"><td style="padding:3px;"><b>ตันรวม</b></td><td style="padding:3px;">39.76</td></tr>
<tr style="background-color:#dbe8f5;"><td style="padding:3px;"><b>สถานที่ส่งอ้อย_1</b></td><td style="padding:3px;">รถตัด</td></tr>
</table>]]></description>
      <MultiGeometry><Polygon><outerBoundaryIs><LinearRing><coordinates>103.856536760185,14.8295037203342 103.856818919627,14.8293558498533 103.856436690072,14.8282600497258 103.856136749663,14.827092890242 103.855857830127,14.8271792401616 103.856536760185,14.8295037203342</coordinates></LinearRing></outerBoundaryIs></Polygon></MultiGeometry>
    </Placemark>
    <Placemark>
      <name>321503061836</name>
      <styleUrl>#style_42_001</styleUrl>
      <description><![CDATA[<h3 style="margin-bottom:6px; font-family:sans-serif;">321503061836</h3>
<table style="width:100%; border-collapse:collapse; font-family:sans-serif; font-size:12px;">
<tr style="background-color:#99bfe6; color:#000; font-weight:bold;"><td colspan="2" style="padding:4px; text-align:center;">321503061836</td></tr>
<tr style="background-color:#f0f5fa;"><td style="padding:3px; width:45%;"><b>FID</b></td><td style="padding:3px;">10579</td></tr>
<tr style="background-color:#dbe8f5;"><td style="padding:3px;"><b>รหัสแปลง</b></td><td style="padding:3px;">321503061836</td></tr>
<tr style="background-color:#f0f5fa;"><td style="padding:3px;"><b>รหัสกลุ่มคิว</b></td><td style="padding:3px;">42_001</td></tr>
<tr style="background-color:#dbe8f5;"><td style="padding:3px;"><b>นักเกษตร</b></td><td style="padding:3px;">4201</td></tr>
<tr style="background-color:#f0f5fa;"><td style="padding:3px;"><b>ศูนย์</b></td><td style="padding:3px;">K2-42</td></tr>
<tr style="background-color:#dbe8f5;"><td style="padding:3px;"><b>สถานที่ส่งอ้อย</b></td><td style="padding:3px;">รถตัด</td></tr>
<tr style="background-color:#f0f5fa;"><td style="padding:3px;"><b>ประเภทคิว</b></td><td style="padding:3px;">รถตัด</td></tr>
<tr style="background-color:#dbe8f5;"><td style="padding:3px;"><b>ประเภทรถ</b></td><td style="padding:3px;">10 ล้อเดี่ยว</td></tr>
<tr style="background-color:#f0f5fa;"><td style="padding:3px;"><b>ประเภทชาวไร่</b></td><td style="padding:3px;">รถตัด</td></tr>
<tr style="background-color:#dbe8f5;"><td style="padding:3px;"><b>สถานีขนถ่าย</b></td><td style="padding:3px;"></td></tr>
<tr style="background-color:#f0f5fa;"><td style="padding:3px;"><b>สถานะยืนยัน</b></td><td style="padding:3px;">N</td></tr>
<tr style="background-color:#dbe8f5;"><td style="padding:3px;"><b>โควตา</b></td><td style="padding:3px;">743472</td></tr>
<tr style="background-color:#f0f5fa;"><td style="padding:3px;"><b>ชาวไร่</b></td><td style="padding:3px;">นาง เซียง อยู่นาน</td></tr>
<tr style="background-color:#dbe8f5;"><td style="padding:3px;"><b>ประเภทอ้อย</b></td><td style="padding:3px;">ตอ2</td></tr>
<tr style="background-color:#f0f5fa;"><td style="padding:3px;"><b>พื้นที่</b></td><td style="padding:3px;">4.5</td></tr>
<tr style="background-color:#dbe8f5;"><td style="padding:3px;"><b>ปีผลิต</b></td><td style="padding:3px;">256970</td></tr>
<tr style="background-color:#f0f5fa;"><td style="padding:3px;"><b>ตันรวม</b></td><td style="padding:3px;">36.0</td></tr>
<tr style="background-color:#dbe8f5;"><td style="padding:3px;"><b>สถานที่ส่งอ้อย_1</b></td><td style="padding:3px;">รถตัด</td></tr>
</table>]]></description>
      <MultiGeometry><Polygon><outerBoundaryIs><LinearRing><coordinates>103.860358419719,14.8266729095431 103.859816690162,14.826610400174 103.859551659539,14.8276713796024 103.860294170121,14.8276182900778 103.860229990174,14.8271748696682 103.860358419719,14.8266729095431</coordinates></LinearRing></outerBoundaryIs></Polygon></MultiGeometry>
    </Placemark>
    <Placemark>
      <name>321503071709</name>
      <styleUrl>#style_42_001</styleUrl>
      <description><![CDATA[<h3 style="margin-bottom:6px; font-family:sans-serif;">321503071709</h3>
<table style="width:100%; border-collapse:collapse; font-family:sans-serif; font-size:12px;">
<tr style="background-color:#99bfe6; color:#000; font-weight:bold;"><td colspan="2" style="padding:4px; text-align:center;">321503071709</td></tr>
<tr style="background-color:#f0f5fa;"><td style="padding:3px; width:45%;"><b>FID</b></td><td style="padding:3px;">10668</td></tr>
<tr style="background-color:#dbe8f5;"><td style="padding:3px;"><b>รหัสแปลง</b></td><td style="padding:3px;">321503071709</td></tr>
<tr style="background-color:#f0f5fa;"><td style="padding:3px;"><b>รหัสกลุ่มคิว</b></td><td style="padding:3px;">42_001</td></tr>
<tr style="background-color:#dbe8f5;"><td style="padding:3px;"><b>นักเกษตร</b></td><td style="padding:3px;">4201</td></tr>
<tr style="background-color:#f0f5fa;"><td style="padding:3px;"><b>ศูนย์</b></td><td style="padding:3px;">K2-42</td></tr>
<tr style="background-color:#dbe8f5;"><td style="padding:3px;"><b>สถานที่ส่งอ้อย</b></td><td style="padding:3px;">รถตัด</td></tr>
<tr style="background-color:#f0f5fa;"><td style="padding:3px;"><b>ประเภทคิว</b></td><td style="padding:3px;">รถตัด</td></tr>
<tr style="background-color:#dbe8f5;"><td style="padding:3px;"><b>ประเภทรถ</b></td><td style="padding:3px;">10 ล้อเดี่ยว</td></tr>
<tr style="background-color:#f0f5fa;"><td style="padding:3px;"><b>ประเภทชาวไร่</b></td><td style="padding:3px;">รถตัด</td></tr>
<tr style="background-color:#dbe8f5;"><td style="padding:3px;"><b>สถานีขนถ่าย</b></td><td style="padding:3px;"></td></tr>
<tr style="background-color:#f0f5fa;"><td style="padding:3px;"><b>สถานะยืนยัน</b></td><td style="padding:3px;">N</td></tr>
<tr style="background-color:#dbe8f5;"><td style="padding:3px;"><b>โควตา</b></td><td style="padding:3px;">742066</td></tr>
<tr style="background-color:#f0f5fa;"><td style="padding:3px;"><b>ชาวไร่</b></td><td style="padding:3px;">นาย คำสิงห์ บุญยอม</td></tr>
<tr style="background-color:#dbe8f5;"><td style="padding:3px;"><b>ประเภทอ้อย</b></td><td style="padding:3px;">ตอ2</td></tr>
<tr style="background-color:#f0f5fa;"><td style="padding:3px;"><b>พื้นที่</b></td><td style="padding:3px;">10.41</td></tr>
<tr style="background-color:#dbe8f5;"><td style="padding:3px;"><b>ปีผลิต</b></td><td style="padding:3px;">256970</td></tr>
<tr style="background-color:#f0f5fa;"><td style="padding:3px;"><b>ตันรวม</b></td><td style="padding:3px;">83.28</td></tr>
<tr style="background-color:#dbe8f5;"><td style="padding:3px;"><b>สถานที่ส่งอ้อย_1</b></td><td style="padding:3px;">รถตัด</td></tr>
</table>]]></description>
      <MultiGeometry><Polygon><outerBoundaryIs><LinearRing><coordinates>103.891424969733,14.8488050400443 103.89156038938,14.8491049801855 103.891669940179,14.8491758997203 103.891923069455,14.8491363198695 103.891879399917,14.8490432200212 103.891965819948,14.8489798997472 103.891947990158,14.8492679202968 103.891745940058,14.8493367097347 103.891850219428,14.8496619397855 103.892127929601,14.8495682798075 103.892609469354,14.8492645595915 103.89298385004,14.8490508302192 103.893393589809,14.8488718002184 103.893147569519,14.8482302703297 103.891424969733,14.8488050400443</coordinates></LinearRing></outerBoundaryIs></Polygon></MultiGeometry>
    </Placemark>
    <Placemark>
      <name>321503111622</name>
      <styleUrl>#style_42_001</styleUrl>
      <description><![CDATA[<h3 style="margin-bottom:6px; font-family:sans-serif;">321503111622</h3>
<table style="width:100%; border-collapse:collapse; font-family:sans-serif; font-size:12px;">
<tr style="background-color:#99bfe6; color:#000; font-weight:bold;"><td colspan="2" style="padding:4px; text-align:center;">321503111622</td></tr>
<tr style="background-color:#f0f5fa;"><td style="padding:3px; width:45%;"><b>FID</b></td><td style="padding:3px;">10699</td></tr>
<tr style="background-color:#dbe8f5;"><td style="padding:3px;"><b>รหัสแปลง</b></td><td style="padding:3px;">321503111622</td></tr>
<tr style="background-color:#f0f5fa;"><td style="padding:3px;"><b>รหัสกลุ่มคิว</b></td><td style="padding:3px;">42_001</td></tr>
<tr style="background-color:#dbe8f5;"><td style="padding:3px;"><b>นักเกษตร</b></td><td style="padding:3px;">4201</td></tr>
<tr style="background-color:#f0f5fa;"><td style="padding:3px;"><b>ศูนย์</b></td><td style="padding:3px;">K2-42</td></tr>
<tr style="background-color:#dbe8f5;"><td style="padding:3px;"><b>สถานที่ส่งอ้อย</b></td><td style="padding:3px;">รถตัด</td></tr>
<tr style="background-color:#f0f5fa;"><td style="padding:3px;"><b>ประเภทคิว</b></td><td style="padding:3px;">รถตัด</td></tr>
<tr style="background-color:#dbe8f5;"><td style="padding:3px;"><b>ประเภทรถ</b></td><td style="padding:3px;">10 ล้อเดี่ยว</td></tr>
<tr style="background-color:#f0f5fa;"><td style="padding:3px;"><b>ประเภทชาวไร่</b></td><td style="padding:3px;">รถตัด</td></tr>
<tr style="background-color:#dbe8f5;"><td style="padding:3px;"><b>สถานีขนถ่าย</b></td><td style="padding:3px;"></td></tr>
<tr style="background-color:#f0f5fa;"><td style="padding:3px;"><b>สถานะยืนยัน</b></td><td style="padding:3px;">N</td></tr>
<tr style="background-color:#dbe8f5;"><td style="padding:3px;"><b>โควตา</b></td><td style="padding:3px;">741192</td></tr>
<tr style="background-color:#f0f5fa;"><td style="padding:3px;"><b>ชาวไร่</b></td><td style="padding:3px;">นาย สมพงษ์ สวัสดี</td></tr>
<tr style="background-color:#dbe8f5;"><td style="padding:3px;"><b>ประเภทอ้อย</b></td><td style="padding:3px;">ตอ2</td></tr>
<tr style="background-color:#f0f5fa;"><td style="padding:3px;"><b>พื้นที่</b></td><td style="padding:3px;">4.8</td></tr>
<tr style="background-color:#dbe8f5;"><td style="padding:3px;"><b>ปีผลิต</b></td><td style="padding:3px;">256970</td></tr>
<tr style="background-color:#f0f5fa;"><td style="padding:3px;"><b>ตันรวม</b></td><td style="padding:3px;">38.4</td></tr>
<tr style="background-color:#dbe8f5;"><td style="padding:3px;"><b>สถานที่ส่งอ้อย_1</b></td><td style="padding:3px;">รถตัด</td></tr>
</table>]]></description>
      <MultiGeometry><Polygon><outerBoundaryIs><LinearRing><coordinates>103.848797929482,14.8034256798409 103.848854339876,14.8036953401485 103.848866319653,14.8037881203942 103.848900820153,14.8039845797997 103.848948250043,14.8044650701636 103.849038380155,14.8051056701668 103.849062729397,14.8052971700433 103.849418699722,14.8068200001776 103.849572119581,14.8067664501401 103.848965269728,14.8035037795661 103.848797929482,14.8034256798409</coordinates></LinearRing></outerBoundaryIs></Polygon></MultiGeometry>
    </Placemark>
    <Placemark>
      <name>321501011578</name>
      <styleUrl>#style_42_001</styleUrl>
      <description><![CDATA[<h3 style="margin-bottom:6px; font-family:sans-serif;">321501011578</h3>
<table style="width:100%; border-collapse:collapse; font-family:sans-serif; font-size:12px;">
<tr style="background-color:#99bfe6; color:#000; font-weight:bold;"><td colspan="2" style="padding:4px; text-align:center;">321501011578</td></tr>
<tr style="background-color:#f0f5fa;"><td style="padding:3px; width:45%;"><b>FID</b></td><td style="padding:3px;">10780</td></tr>
<tr style="background-color:#dbe8f5;"><td style="padding:3px;"><b>รหัสแปลง</b></td><td style="padding:3px;">321501011578</td></tr>
<tr style="background-color:#f0f5fa;"><td style="padding:3px;"><b>รหัสกลุ่มคิว</b></td><td style="padding:3px;">42_001</td></tr>
<tr style="background-color:#dbe8f5;"><td style="padding:3px;"><b>นักเกษตร</b></td><td style="padding:3px;">4201</td></tr>
<tr style="background-color:#f0f5fa;"><td style="padding:3px;"><b>ศูนย์</b></td><td style="padding:3px;">K2-42</td></tr>
<tr style="background-color:#dbe8f5;"><td style="padding:3px;"><b>สถานที่ส่งอ้อย</b></td><td style="padding:3px;">รถตัด</td></tr>
<tr style="background-color:#f0f5fa;"><td style="padding:3px;"><b>ประเภทคิว</b></td><td style="padding:3px;">รถตัด</td></tr>
<tr style="background-color:#dbe8f5;"><td style="padding:3px;"><b>ประเภทรถ</b></td><td style="padding:3px;">10 ล้อเดี่ยว</td></tr>
<tr style="background-color:#f0f5fa;"><td style="padding:3px;"><b>ประเภทชาวไร่</b></td><td style="padding:3px;">รถตัด</td></tr>
<tr style="background-color:#dbe8f5;"><td style="padding:3px;"><b>สถานีขนถ่าย</b></td><td style="padding:3px;"></td></tr>
<tr style="background-color:#f0f5fa;"><td style="padding:3px;"><b>สถานะยืนยัน</b></td><td style="padding:3px;">N</td></tr>
<tr style="background-color:#dbe8f5;"><td style="padding:3px;"><b>โควตา</b></td><td style="padding:3px;">744314</td></tr>
<tr style="background-color:#f0f5fa;"><td style="padding:3px;"><b>ชาวไร่</b></td><td style="padding:3px;">นาง สุภาภรณ์ โสมพิมาย</td></tr>
<tr style="background-color:#dbe8f5;"><td style="padding:3px;"><b>ประเภทอ้อย</b></td><td style="padding:3px;">ตอ2</td></tr>
<tr style="background-color:#f0f5fa;"><td style="padding:3px;"><b>พื้นที่</b></td><td style="padding:3px;">2.78</td></tr>
<tr style="background-color:#dbe8f5;"><td style="padding:3px;"><b>ปีผลิต</b></td><td style="padding:3px;">256970</td></tr>
<tr style="background-color:#f0f5fa;"><td style="padding:3px;"><b>ตันรวม</b></td><td style="padding:3px;">22.24</td></tr>
<tr style="background-color:#dbe8f5;"><td style="padding:3px;"><b>สถานที่ส่งอ้อย_1</b></td><td style="padding:3px;">รถตัด</td></tr>
</table>]]></description>
      <MultiGeometry><Polygon><outerBoundaryIs><LinearRing><coordinates>103.838510904013,14.7537778506727 103.838481231997,14.7531122435846 103.838432869133,14.7523395578077 103.838184093793,14.752324637929 103.838257687111,14.7538055947719 103.838510904013,14.7537778506727</coordinates></LinearRing></outerBoundaryIs></Polygon></MultiGeometry>
    </Placemark>
    <Placemark>
      <name>321505041651</name>
      <styleUrl>#style_42_001</styleUrl>
      <description><![CDATA[<h3 style="margin-bottom:6px; font-family:sans-serif;">321505041651</h3>
<table style="width:100%; border-collapse:collapse; font-family:sans-serif; font-size:12px;">
<tr style="background-color:#99bfe6; color:#000; font-weight:bold;"><td colspan="2" style="padding:4px; text-align:center;">321505041651</td></tr>
<tr style="background-color:#f0f5fa;"><td style="padding:3px; width:45%;"><b>FID</b></td><td style="padding:3px;">10948</td></tr>
<tr style="background-color:#dbe8f5;"><td style="padding:3px;"><b>รหัสแปลง</b></td><td style="padding:3px;">321505041651</td></tr>
<tr style="background-color:#f0f5fa;"><td style="padding:3px;"><b>รหัสกลุ่มคิว</b></td><td style="padding:3px;">42_001</td></tr>
<tr style="background-color:#dbe8f5;"><td style="padding:3px;"><b>นักเกษตร</b></td><td style="padding:3px;">4201</td></tr>
<tr style="background-color:#f0f5fa;"><td style="padding:3px;"><b>ศูนย์</b></td><td style="padding:3px;">K2-42</td></tr>
<tr style="background-color:#dbe8f5;"><td style="padding:3px;"><b>สถานที่ส่งอ้อย</b></td><td style="padding:3px;">รถตัด</td></tr>
<tr style="background-color:#f0f5fa;"><td style="padding:3px;"><b>ประเภทคิว</b></td><td style="padding:3px;">รถตัด</td></tr>
<tr style="background-color:#dbe8f5;"><td style="padding:3px;"><b>ประเภทรถ</b></td><td style="padding:3px;">10 ล้อเดี่ยว</td></tr>
<tr style="background-color:#f0f5fa;"><td style="padding:3px;"><b>ประเภทชาวไร่</b></td><td style="padding:3px;">รถตัด</td></tr>
<tr style="background-color:#dbe8f5;"><td style="padding:3px;"><b>สถานีขนถ่าย</b></td><td style="padding:3px;"></td></tr>
<tr style="background-color:#f0f5fa;"><td style="padding:3px;"><b>สถานะยืนยัน</b></td><td style="padding:3px;">N</td></tr>
<tr style="background-color:#dbe8f5;"><td style="padding:3px;"><b>โควตา</b></td><td style="padding:3px;">742339</td></tr>
<tr style="background-color:#f0f5fa;"><td style="padding:3px;"><b>ชาวไร่</b></td><td style="padding:3px;">นาย สำราญ บุญธรรม</td></tr>
<tr style="background-color:#dbe8f5;"><td style="padding:3px;"><b>ประเภทอ้อย</b></td><td style="padding:3px;">ตอ1</td></tr>
<tr style="background-color:#f0f5fa;"><td style="padding:3px;"><b>พื้นที่</b></td><td style="padding:3px;">2.16</td></tr>
<tr style="background-color:#dbe8f5;"><td style="padding:3px;"><b>ปีผลิต</b></td><td style="padding:3px;">256970</td></tr>
<tr style="background-color:#f0f5fa;"><td style="padding:3px;"><b>ตันรวม</b></td><td style="padding:3px;">19.44</td></tr>
<tr style="background-color:#dbe8f5;"><td style="padding:3px;"><b>สถานที่ส่งอ้อย_1</b></td><td style="padding:3px;">รถตัด</td></tr>
</table>]]></description>
      <MultiGeometry><Polygon><outerBoundaryIs><LinearRing><coordinates>103.826259959762,14.7479472603743 103.826283469637,14.7482204902939 103.8274184201,14.7482319604054 103.827440600675,14.7480235218536 103.82743394998,14.7480076497286 103.826259959762,14.7479472603743</coordinates></LinearRing></outerBoundaryIs></Polygon></MultiGeometry>
    </Placemark>
    <Placemark>
      <name>321502120011</name>
      <styleUrl>#style_42_001</styleUrl>
      <description><![CDATA[<h3 style="margin-bottom:6px; font-family:sans-serif;">321502120011</h3>
<table style="width:100%; border-collapse:collapse; font-family:sans-serif; font-size:12px;">
<tr style="background-color:#99bfe6; color:#000; font-weight:bold;"><td colspan="2" style="padding:4px; text-align:center;">321502120011</td></tr>
<tr style="background-color:#f0f5fa;"><td style="padding:3px; width:45%;"><b>FID</b></td><td style="padding:3px;">11084</td></tr>
<tr style="background-color:#dbe8f5;"><td style="padding:3px;"><b>รหัสแปลง</b></td><td style="padding:3px;">321502120011</td></tr>
<tr style="background-color:#f0f5fa;"><td style="padding:3px;"><b>รหัสกลุ่มคิว</b></td><td style="padding:3px;">42_001</td></tr>
<tr style="background-color:#dbe8f5;"><td style="padding:3px;"><b>นักเกษตร</b></td><td style="padding:3px;">4201</td></tr>
<tr style="background-color:#f0f5fa;"><td style="padding:3px;"><b>ศูนย์</b></td><td style="padding:3px;">K2-42</td></tr>
<tr style="background-color:#dbe8f5;"><td style="padding:3px;"><b>สถานที่ส่งอ้อย</b></td><td style="padding:3px;">รถตัด</td></tr>
<tr style="background-color:#f0f5fa;"><td style="padding:3px;"><b>ประเภทคิว</b></td><td style="padding:3px;">รถตัด</td></tr>
<tr style="background-color:#dbe8f5;"><td style="padding:3px;"><b>ประเภทรถ</b></td><td style="padding:3px;">10 ล้อเดี่ยว</td></tr>
<tr style="background-color:#f0f5fa;"><td style="padding:3px;"><b>ประเภทชาวไร่</b></td><td style="padding:3px;">รถตัด</td></tr>
<tr style="background-color:#dbe8f5;"><td style="padding:3px;"><b>สถานีขนถ่าย</b></td><td style="padding:3px;"></td></tr>
<tr style="background-color:#f0f5fa;"><td style="padding:3px;"><b>สถานะยืนยัน</b></td><td style="padding:3px;">N</td></tr>
<tr style="background-color:#dbe8f5;"><td style="padding:3px;"><b>โควตา</b></td><td style="padding:3px;">741192</td></tr>
<tr style="background-color:#f0f5fa;"><td style="padding:3px;"><b>ชาวไร่</b></td><td style="padding:3px;">นาย สมพงษ์ สวัสดี</td></tr>
<tr style="background-color:#dbe8f5;"><td style="padding:3px;"><b>ประเภทอ้อย</b></td><td style="padding:3px;">ตอ1</td></tr>
<tr style="background-color:#f0f5fa;"><td style="padding:3px;"><b>พื้นที่</b></td><td style="padding:3px;">10.92</td></tr>
<tr style="background-color:#dbe8f5;"><td style="padding:3px;"><b>ปีผลิต</b></td><td style="padding:3px;">256970</td></tr>
<tr style="background-color:#f0f5fa;"><td style="padding:3px;"><b>ตันรวม</b></td><td style="padding:3px;">98.28</td></tr>
<tr style="background-color:#dbe8f5;"><td style="padding:3px;"><b>สถานที่ส่งอ้อย_1</b></td><td style="padding:3px;">รถตัด</td></tr>
</table>]]></description>
      <MultiGeometry><Polygon><outerBoundaryIs><LinearRing><coordinates>103.922784629462,14.7726720897596 103.924483799967,14.7725254202109 103.924465009342,14.7723028000885 103.924877010019,14.7722929403788 103.92479972979,14.7719653695046 103.924615969932,14.7719307600818 103.924625799846,14.7717762496536 103.924157909608,14.7717951502279 103.923047210218,14.7718003000372 103.922835140091,14.7717834001336 103.922803849359,14.7718129700493 103.922935979822,14.7718725703351 103.922993569366,14.7721296897084 103.922810299637,14.7720657200686 103.922784629462,14.7726720897596</coordinates></LinearRing></outerBoundaryIs></Polygon></MultiGeometry>
    </Placemark>
    <Placemark>
      <name>321505041654</name>
      <styleUrl>#style_42_001</styleUrl>
      <description><![CDATA[<h3 style="margin-bottom:6px; font-family:sans-serif;">321505041654</h3>
<table style="width:100%; border-collapse:collapse; font-family:sans-serif; font-size:12px;">
<tr style="background-color:#99bfe6; color:#000; font-weight:bold;"><td colspan="2" style="padding:4px; text-align:center;">321505041654</td></tr>
<tr style="background-color:#f0f5fa;"><td style="padding:3px; width:45%;"><b>FID</b></td><td style="padding:3px;">11146</td></tr>
<tr style="background-color:#dbe8f5;"><td style="padding:3px;"><b>รหัสแปลง</b></td><td style="padding:3px;">321505041654</td></tr>
<tr style="background-color:#f0f5fa;"><td style="padding:3px;"><b>รหัสกลุ่มคิว</b></td><td style="padding:3px;">42_001</td></tr>
<tr style="background-color:#dbe8f5;"><td style="padding:3px;"><b>นักเกษตร</b></td><td style="padding:3px;">4201</td></tr>
<tr style="background-color:#f0f5fa;"><td style="padding:3px;"><b>ศูนย์</b></td><td style="padding:3px;">K2-42</td></tr>
<tr style="background-color:#dbe8f5;"><td style="padding:3px;"><b>สถานที่ส่งอ้อย</b></td><td style="padding:3px;">รถตัด</td></tr>
<tr style="background-color:#f0f5fa;"><td style="padding:3px;"><b>ประเภทคิว</b></td><td style="padding:3px;">รถตัด</td></tr>
<tr style="background-color:#dbe8f5;"><td style="padding:3px;"><b>ประเภทรถ</b></td><td style="padding:3px;">10 ล้อเดี่ยว</td></tr>
<tr style="background-color:#f0f5fa;"><td style="padding:3px;"><b>ประเภทชาวไร่</b></td><td style="padding:3px;">รถตัด</td></tr>
<tr style="background-color:#dbe8f5;"><td style="padding:3px;"><b>สถานีขนถ่าย</b></td><td style="padding:3px;"></td></tr>
<tr style="background-color:#f0f5fa;"><td style="padding:3px;"><b>สถานะยืนยัน</b></td><td style="padding:3px;">N</td></tr>
<tr style="background-color:#dbe8f5;"><td style="padding:3px;"><b>โควตา</b></td><td style="padding:3px;">742339</td></tr>
<tr style="background-color:#f0f5fa;"><td style="padding:3px;"><b>ชาวไร่</b></td><td style="padding:3px;">นาย สำราญ บุญธรรม</td></tr>
<tr style="background-color:#dbe8f5;"><td style="padding:3px;"><b>ประเภทอ้อย</b></td><td style="padding:3px;">ตอ1</td></tr>
<tr style="background-color:#f0f5fa;"><td style="padding:3px;"><b>พื้นที่</b></td><td style="padding:3px;">16.33</td></tr>
<tr style="background-color:#dbe8f5;"><td style="padding:3px;"><b>ปีผลิต</b></td><td style="padding:3px;">256970</td></tr>
<tr style="background-color:#f0f5fa;"><td style="padding:3px;"><b>ตันรวม</b></td><td style="padding:3px;">146.97</td></tr>
<tr style="background-color:#dbe8f5;"><td style="padding:3px;"><b>สถานที่ส่งอ้อย_1</b></td><td style="padding:3px;">รถตัด</td></tr>
</table>]]></description>
      <MultiGeometry><Polygon><outerBoundaryIs><LinearRing><coordinates>103.827400689696,14.7482702297304 103.826288939439,14.7482620697948 103.826440399845,14.7494028998728 103.826751489566,14.7494500803392 103.826789039575,14.7497043703361 103.827724070244,14.7498412396849 103.82799040003,14.7481977597298 103.827454269443,14.748075289638 103.827400689696,14.7482702297304</coordinates></LinearRing></outerBoundaryIs></Polygon></MultiGeometry>
    </Placemark>
    <Placemark>
      <name>321503071710</name>
      <styleUrl>#style_42_001</styleUrl>
      <description><![CDATA[<h3 style="margin-bottom:6px; font-family:sans-serif;">321503071710</h3>
<table style="width:100%; border-collapse:collapse; font-family:sans-serif; font-size:12px;">
<tr style="background-color:#99bfe6; color:#000; font-weight:bold;"><td colspan="2" style="padding:4px; text-align:center;">321503071710</td></tr>
<tr style="background-color:#f0f5fa;"><td style="padding:3px; width:45%;"><b>FID</b></td><td style="padding:3px;">11183</td></tr>
<tr style="background-color:#dbe8f5;"><td style="padding:3px;"><b>รหัสแปลง</b></td><td style="padding:3px;">321503071710</td></tr>
<tr style="background-color:#f0f5fa;"><td style="padding:3px;"><b>รหัสกลุ่มคิว</b></td><td style="padding:3px;">42_001</td></tr>
<tr style="background-color:#dbe8f5;"><td style="padding:3px;"><b>นักเกษตร</b></td><td style="padding:3px;">4201</td></tr>
<tr style="background-color:#f0f5fa;"><td style="padding:3px;"><b>ศูนย์</b></td><td style="padding:3px;">K2-42</td></tr>
<tr style="background-color:#dbe8f5;"><td style="padding:3px;"><b>สถานที่ส่งอ้อย</b></td><td style="padding:3px;">รถตัด</td></tr>
<tr style="background-color:#f0f5fa;"><td style="padding:3px;"><b>ประเภทคิว</b></td><td style="padding:3px;">รถตัด</td></tr>
<tr style="background-color:#dbe8f5;"><td style="padding:3px;"><b>ประเภทรถ</b></td><td style="padding:3px;">10 ล้อเดี่ยว</td></tr>
<tr style="background-color:#f0f5fa;"><td style="padding:3px;"><b>ประเภทชาวไร่</b></td><td style="padding:3px;">รถตัด</td></tr>
<tr style="background-color:#dbe8f5;"><td style="padding:3px;"><b>สถานีขนถ่าย</b></td><td style="padding:3px;"></td></tr>
<tr style="background-color:#f0f5fa;"><td style="padding:3px;"><b>สถานะยืนยัน</b></td><td style="padding:3px;">N</td></tr>
<tr style="background-color:#dbe8f5;"><td style="padding:3px;"><b>โควตา</b></td><td style="padding:3px;">741371</td></tr>
<tr style="background-color:#f0f5fa;"><td style="padding:3px;"><b>ชาวไร่</b></td><td style="padding:3px;">นาง เปียก สร้อยเพ็ช</td></tr>
<tr style="background-color:#dbe8f5;"><td style="padding:3px;"><b>ประเภทอ้อย</b></td><td style="padding:3px;">ตอ1</td></tr>
<tr style="background-color:#f0f5fa;"><td style="padding:3px;"><b>พื้นที่</b></td><td style="padding:3px;">4.48</td></tr>
<tr style="background-color:#dbe8f5;"><td style="padding:3px;"><b>ปีผลิต</b></td><td style="padding:3px;">256970</td></tr>
<tr style="background-color:#f0f5fa;"><td style="padding:3px;"><b>ตันรวม</b></td><td style="padding:3px;">40.32</td></tr>
<tr style="background-color:#dbe8f5;"><td style="padding:3px;"><b>สถานที่ส่งอ้อย_1</b></td><td style="padding:3px;">รถตัด</td></tr>
</table>]]></description>
      <MultiGeometry><Polygon><outerBoundaryIs><LinearRing><coordinates>103.906042259367,14.8601150695366 103.90565005956,14.8602726798129 103.906087469678,14.8614753400688 103.906566789846,14.8613948697606 103.906042259367,14.8601150695366</coordinates></LinearRing></outerBoundaryIs></Polygon></MultiGeometry>
    </Placemark>
    <Placemark>
      <name>321503071711</name>
      <styleUrl>#style_42_001</styleUrl>
      <description><![CDATA[<h3 style="margin-bottom:6px; font-family:sans-serif;">321503071711</h3>
<table style="width:100%; border-collapse:collapse; font-family:sans-serif; font-size:12px;">
<tr style="background-color:#99bfe6; color:#000; font-weight:bold;"><td colspan="2" style="padding:4px; text-align:center;">321503071711</td></tr>
<tr style="background-color:#f0f5fa;"><td style="padding:3px; width:45%;"><b>FID</b></td><td style="padding:3px;">11184</td></tr>
<tr style="background-color:#dbe8f5;"><td style="padding:3px;"><b>รหัสแปลง</b></td><td style="padding:3px;">321503071711</td></tr>
<tr style="background-color:#f0f5fa;"><td style="padding:3px;"><b>รหัสกลุ่มคิว</b></td><td style="padding:3px;">42_001</td></tr>
<tr style="background-color:#dbe8f5;"><td style="padding:3px;"><b>นักเกษตร</b></td><td style="padding:3px;">4201</td></tr>
<tr style="background-color:#f0f5fa;"><td style="padding:3px;"><b>ศูนย์</b></td><td style="padding:3px;">K2-42</td></tr>
<tr style="background-color:#dbe8f5;"><td style="padding:3px;"><b>สถานที่ส่งอ้อย</b></td><td style="padding:3px;">รถตัด</td></tr>
<tr style="background-color:#f0f5fa;"><td style="padding:3px;"><b>ประเภทคิว</b></td><td style="padding:3px;">รถตัด</td></tr>
<tr style="background-color:#dbe8f5;"><td style="padding:3px;"><b>ประเภทรถ</b></td><td style="padding:3px;">10 ล้อเดี่ยว</td></tr>
<tr style="background-color:#f0f5fa;"><td style="padding:3px;"><b>ประเภทชาวไร่</b></td><td style="padding:3px;">รถตัด</td></tr>
<tr style="background-color:#dbe8f5;"><td style="padding:3px;"><b>สถานีขนถ่าย</b></td><td style="padding:3px;"></td></tr>
<tr style="background-color:#f0f5fa;"><td style="padding:3px;"><b>สถานะยืนยัน</b></td><td style="padding:3px;">N</td></tr>
<tr style="background-color:#dbe8f5;"><td style="padding:3px;"><b>โควตา</b></td><td style="padding:3px;">741371</td></tr>
<tr style="background-color:#f0f5fa;"><td style="padding:3px;"><b>ชาวไร่</b></td><td style="padding:3px;">นาง เปียก สร้อยเพ็ช</td></tr>
<tr style="background-color:#dbe8f5;"><td style="padding:3px;"><b>ประเภทอ้อย</b></td><td style="padding:3px;">ตอ1</td></tr>
<tr style="background-color:#f0f5fa;"><td style="padding:3px;"><b>พื้นที่</b></td><td style="padding:3px;">5.93</td></tr>
<tr style="background-color:#dbe8f5;"><td style="padding:3px;"><b>ปีผลิต</b></td><td style="padding:3px;">256970</td></tr>
<tr style="background-color:#f0f5fa;"><td style="padding:3px;"><b>ตันรวม</b></td><td style="padding:3px;">53.37</td></tr>
<tr style="background-color:#dbe8f5;"><td style="padding:3px;"><b>สถานที่ส่งอ้อย_1</b></td><td style="padding:3px;">รถตัด</td></tr>
</table>]]></description>
      <MultiGeometry><Polygon><outerBoundaryIs><LinearRing><coordinates>103.905885450225,14.8611441502546 103.905689319727,14.8605220303422 103.904954419575,14.8608323795724 103.904783019988,14.8609220497271 103.904571129601,14.8610951600101 103.904528609873,14.8611808598126 103.904845570139,14.8615961899291 103.905885450225,14.8611441502546</coordinates></LinearRing></outerBoundaryIs></Polygon></MultiGeometry>
    </Placemark>
    <Placemark>
      <name>321503055280</name>
      <styleUrl>#style_42_001</styleUrl>
      <description><![CDATA[<h3 style="margin-bottom:6px; font-family:sans-serif;">321503055280</h3>
<table style="width:100%; border-collapse:collapse; font-family:sans-serif; font-size:12px;">
<tr style="background-color:#99bfe6; color:#000; font-weight:bold;"><td colspan="2" style="padding:4px; text-align:center;">321503055280</td></tr>
<tr style="background-color:#f0f5fa;"><td style="padding:3px; width:45%;"><b>FID</b></td><td style="padding:3px;">11194</td></tr>
<tr style="background-color:#dbe8f5;"><td style="padding:3px;"><b>รหัสแปลง</b></td><td style="padding:3px;">321503055280</td></tr>
<tr style="background-color:#f0f5fa;"><td style="padding:3px;"><b>รหัสกลุ่มคิว</b></td><td style="padding:3px;">42_001</td></tr>
<tr style="background-color:#dbe8f5;"><td style="padding:3px;"><b>นักเกษตร</b></td><td style="padding:3px;">4201</td></tr>
<tr style="background-color:#f0f5fa;"><td style="padding:3px;"><b>ศูนย์</b></td><td style="padding:3px;">K2-42</td></tr>
<tr style="background-color:#dbe8f5;"><td style="padding:3px;"><b>สถานที่ส่งอ้อย</b></td><td style="padding:3px;">รถตัด</td></tr>
<tr style="background-color:#f0f5fa;"><td style="padding:3px;"><b>ประเภทคิว</b></td><td style="padding:3px;">รถตัด</td></tr>
<tr style="background-color:#dbe8f5;"><td style="padding:3px;"><b>ประเภทรถ</b></td><td style="padding:3px;">10 ล้อเดี่ยว</td></tr>
<tr style="background-color:#f0f5fa;"><td style="padding:3px;"><b>ประเภทชาวไร่</b></td><td style="padding:3px;">รถตัด</td></tr>
<tr style="background-color:#dbe8f5;"><td style="padding:3px;"><b>สถานีขนถ่าย</b></td><td style="padding:3px;"></td></tr>
<tr style="background-color:#f0f5fa;"><td style="padding:3px;"><b>สถานะยืนยัน</b></td><td style="padding:3px;">N</td></tr>
<tr style="background-color:#dbe8f5;"><td style="padding:3px;"><b>โควตา</b></td><td style="padding:3px;">742321</td></tr>
<tr style="background-color:#f0f5fa;"><td style="padding:3px;"><b>ชาวไร่</b></td><td style="padding:3px;">น.ส. ขวัญตา ปกชื่อ</td></tr>
<tr style="background-color:#dbe8f5;"><td style="padding:3px;"><b>ประเภทอ้อย</b></td><td style="padding:3px;">ตอ1</td></tr>
<tr style="background-color:#f0f5fa;"><td style="padding:3px;"><b>พื้นที่</b></td><td style="padding:3px;">3.15</td></tr>
<tr style="background-color:#dbe8f5;"><td style="padding:3px;"><b>ปีผลิต</b></td><td style="padding:3px;">256970</td></tr>
<tr style="background-color:#f0f5fa;"><td style="padding:3px;"><b>ตันรวม</b></td><td style="padding:3px;">28.35</td></tr>
<tr style="background-color:#dbe8f5;"><td style="padding:3px;"><b>สถานที่ส่งอ้อย_1</b></td><td style="padding:3px;">รถตัด</td></tr>
</table>]]></description>
      <MultiGeometry><Polygon><outerBoundaryIs><LinearRing><coordinates>103.891828383474,14.8201415930092 103.891433054966,14.8201928309827 103.891592379604,14.8209273496471 103.892028380176,14.8208777303968 103.891828383474,14.8201415930092</coordinates></LinearRing></outerBoundaryIs></Polygon></MultiGeometry>
    </Placemark>
    <Placemark>
      <name>321501081711</name>
      <styleUrl>#style_42_001</styleUrl>
      <description><![CDATA[<h3 style="margin-bottom:6px; font-family:sans-serif;">321501081711</h3>
<table style="width:100%; border-collapse:collapse; font-family:sans-serif; font-size:12px;">
<tr style="background-color:#99bfe6; color:#000; font-weight:bold;"><td colspan="2" style="padding:4px; text-align:center;">321501081711</td></tr>
<tr style="background-color:#f0f5fa;"><td style="padding:3px; width:45%;"><b>FID</b></td><td style="padding:3px;">11198</td></tr>
<tr style="background-color:#dbe8f5;"><td style="padding:3px;"><b>รหัสแปลง</b></td><td style="padding:3px;">321501081711</td></tr>
<tr style="background-color:#f0f5fa;"><td style="padding:3px;"><b>รหัสกลุ่มคิว</b></td><td style="padding:3px;">42_001</td></tr>
<tr style="background-color:#dbe8f5;"><td style="padding:3px;"><b>นักเกษตร</b></td><td style="padding:3px;">4201</td></tr>
<tr style="background-color:#f0f5fa;"><td style="padding:3px;"><b>ศูนย์</b></td><td style="padding:3px;">K2-42</td></tr>
<tr style="background-color:#dbe8f5;"><td style="padding:3px;"><b>สถานที่ส่งอ้อย</b></td><td style="padding:3px;">รถตัด</td></tr>
<tr style="background-color:#f0f5fa;"><td style="padding:3px;"><b>ประเภทคิว</b></td><td style="padding:3px;">รถตัด</td></tr>
<tr style="background-color:#dbe8f5;"><td style="padding:3px;"><b>ประเภทรถ</b></td><td style="padding:3px;">10 ล้อเดี่ยว</td></tr>
<tr style="background-color:#f0f5fa;"><td style="padding:3px;"><b>ประเภทชาวไร่</b></td><td style="padding:3px;">รถตัด</td></tr>
<tr style="background-color:#dbe8f5;"><td style="padding:3px;"><b>สถานีขนถ่าย</b></td><td style="padding:3px;"></td></tr>
<tr style="background-color:#f0f5fa;"><td style="padding:3px;"><b>สถานะยืนยัน</b></td><td style="padding:3px;">N</td></tr>
<tr style="background-color:#dbe8f5;"><td style="padding:3px;"><b>โควตา</b></td><td style="padding:3px;">743424</td></tr>
<tr style="background-color:#f0f5fa;"><td style="padding:3px;"><b>ชาวไร่</b></td><td style="padding:3px;">นาย เสถียร จอกทอง</td></tr>
<tr style="background-color:#dbe8f5;"><td style="padding:3px;"><b>ประเภทอ้อย</b></td><td style="padding:3px;">ตอ1</td></tr>
<tr style="background-color:#f0f5fa;"><td style="padding:3px;"><b>พื้นที่</b></td><td style="padding:3px;">4.51</td></tr>
<tr style="background-color:#dbe8f5;"><td style="padding:3px;"><b>ปีผลิต</b></td><td style="padding:3px;">256970</td></tr>
<tr style="background-color:#f0f5fa;"><td style="padding:3px;"><b>ตันรวม</b></td><td style="padding:3px;">40.59</td></tr>
<tr style="background-color:#dbe8f5;"><td style="padding:3px;"><b>สถานที่ส่งอ้อย_1</b></td><td style="padding:3px;">รถตัด</td></tr>
</table>]]></description>
      <MultiGeometry><Polygon><outerBoundaryIs><LinearRing><coordinates>103.873668880711,14.7842319866871 103.873294963969,14.7842811047518 103.873262358612,14.7846005808544 103.873069993603,14.7850490963214 103.873243248237,14.7850785594481 103.873469056394,14.7850816604661 103.873785137541,14.7850529941716 103.873716322424,14.7845693166466 103.87365412854,14.7842927134907 103.873674161934,14.78429728153 103.873736774683,14.784581553792 103.873808355362,14.7845874629771 103.873843895253,14.7846772339527 103.8737585675,14.7847181371163 103.873820928906,14.7850666144387 103.87407045766,14.7850099112502 103.873889073205,14.7842372676506 103.873670221671,14.7842342917059 103.873668880711,14.7842319866871</coordinates></LinearRing></outerBoundaryIs></Polygon></MultiGeometry>
    </Placemark>
    <Placemark>
      <name>321503151805</name>
      <styleUrl>#style_42_001</styleUrl>
      <description><![CDATA[<h3 style="margin-bottom:6px; font-family:sans-serif;">321503151805</h3>
<table style="width:100%; border-collapse:collapse; font-family:sans-serif; font-size:12px;">
<tr style="background-color:#99bfe6; color:#000; font-weight:bold;"><td colspan="2" style="padding:4px; text-align:center;">321503151805</td></tr>
<tr style="background-color:#f0f5fa;"><td style="padding:3px; width:45%;"><b>FID</b></td><td style="padding:3px;">11383</td></tr>
<tr style="background-color:#dbe8f5;"><td style="padding:3px;"><b>รหัสแปลง</b></td><td style="padding:3px;">321503151805</td></tr>
<tr style="background-color:#f0f5fa;"><td style="padding:3px;"><b>รหัสกลุ่มคิว</b></td><td style="padding:3px;">42_001</td></tr>
<tr style="background-color:#dbe8f5;"><td style="padding:3px;"><b>นักเกษตร</b></td><td style="padding:3px;">4201</td></tr>
<tr style="background-color:#f0f5fa;"><td style="padding:3px;"><b>ศูนย์</b></td><td style="padding:3px;">K2-42</td></tr>
<tr style="background-color:#dbe8f5;"><td style="padding:3px;"><b>สถานที่ส่งอ้อย</b></td><td style="padding:3px;">รถตัด</td></tr>
<tr style="background-color:#f0f5fa;"><td style="padding:3px;"><b>ประเภทคิว</b></td><td style="padding:3px;">รถตัด</td></tr>
<tr style="background-color:#dbe8f5;"><td style="padding:3px;"><b>ประเภทรถ</b></td><td style="padding:3px;">10 ล้อเดี่ยว</td></tr>
<tr style="background-color:#f0f5fa;"><td style="padding:3px;"><b>ประเภทชาวไร่</b></td><td style="padding:3px;">รถตัด</td></tr>
<tr style="background-color:#dbe8f5;"><td style="padding:3px;"><b>สถานีขนถ่าย</b></td><td style="padding:3px;"></td></tr>
<tr style="background-color:#f0f5fa;"><td style="padding:3px;"><b>สถานะยืนยัน</b></td><td style="padding:3px;">N</td></tr>
<tr style="background-color:#dbe8f5;"><td style="padding:3px;"><b>โควตา</b></td><td style="padding:3px;">741192</td></tr>
<tr style="background-color:#f0f5fa;"><td style="padding:3px;"><b>ชาวไร่</b></td><td style="padding:3px;">นาย สมพงษ์ สวัสดี</td></tr>
<tr style="background-color:#dbe8f5;"><td style="padding:3px;"><b>ประเภทอ้อย</b></td><td style="padding:3px;">ตอ1</td></tr>
<tr style="background-color:#f0f5fa;"><td style="padding:3px;"><b>พื้นที่</b></td><td style="padding:3px;">10.72</td></tr>
<tr style="background-color:#dbe8f5;"><td style="padding:3px;"><b>ปีผลิต</b></td><td style="padding:3px;">256970</td></tr>
<tr style="background-color:#f0f5fa;"><td style="padding:3px;"><b>ตันรวม</b></td><td style="padding:3px;">96.48</td></tr>
<tr style="background-color:#dbe8f5;"><td style="padding:3px;"><b>สถานที่ส่งอ้อย_1</b></td><td style="padding:3px;">รถตัด</td></tr>
</table>]]></description>
      <MultiGeometry><Polygon><outerBoundaryIs><LinearRing><coordinates>103.824561666661,14.8096600002534 103.822611666217,14.8097766663571 103.822626666034,14.8099116666765 103.822731445676,14.8105466827995 103.824646666605,14.8103533335905 103.824561666661,14.8096600002534</coordinates></LinearRing></outerBoundaryIs></Polygon></MultiGeometry>
    </Placemark>
    <Placemark>
      <name>321501021632</name>
      <styleUrl>#style_42_001</styleUrl>
      <description><![CDATA[<h3 style="margin-bottom:6px; font-family:sans-serif;">321501021632</h3>
<table style="width:100%; border-collapse:collapse; font-family:sans-serif; font-size:12px;">
<tr style="background-color:#99bfe6; color:#000; font-weight:bold;"><td colspan="2" style="padding:4px; text-align:center;">321501021632</td></tr>
<tr style="background-color:#f0f5fa;"><td style="padding:3px; width:45%;"><b>FID</b></td><td style="padding:3px;">11573</td></tr>
<tr style="background-color:#dbe8f5;"><td style="padding:3px;"><b>รหัสแปลง</b></td><td style="padding:3px;">321501021632</td></tr>
<tr style="background-color:#f0f5fa;"><td style="padding:3px;"><b>รหัสกลุ่มคิว</b></td><td style="padding:3px;">42_001</td></tr>
<tr style="background-color:#dbe8f5;"><td style="padding:3px;"><b>นักเกษตร</b></td><td style="padding:3px;">4201</td></tr>
<tr style="background-color:#f0f5fa;"><td style="padding:3px;"><b>ศูนย์</b></td><td style="padding:3px;">K2-42</td></tr>
<tr style="background-color:#dbe8f5;"><td style="padding:3px;"><b>สถานที่ส่งอ้อย</b></td><td style="padding:3px;">รถตัด</td></tr>
<tr style="background-color:#f0f5fa;"><td style="padding:3px;"><b>ประเภทคิว</b></td><td style="padding:3px;">รถตัด</td></tr>
<tr style="background-color:#dbe8f5;"><td style="padding:3px;"><b>ประเภทรถ</b></td><td style="padding:3px;">10 ล้อเดี่ยว</td></tr>
<tr style="background-color:#f0f5fa;"><td style="padding:3px;"><b>ประเภทชาวไร่</b></td><td style="padding:3px;">รถตัด</td></tr>
<tr style="background-color:#dbe8f5;"><td style="padding:3px;"><b>สถานีขนถ่าย</b></td><td style="padding:3px;"></td></tr>
<tr style="background-color:#f0f5fa;"><td style="padding:3px;"><b>สถานะยืนยัน</b></td><td style="padding:3px;">N</td></tr>
<tr style="background-color:#dbe8f5;"><td style="padding:3px;"><b>โควตา</b></td><td style="padding:3px;">744461</td></tr>
<tr style="background-color:#f0f5fa;"><td style="padding:3px;"><b>ชาวไร่</b></td><td style="padding:3px;">นาง สุรีย์ ทองอ้ม</td></tr>
<tr style="background-color:#dbe8f5;"><td style="padding:3px;"><b>ประเภทอ้อย</b></td><td style="padding:3px;">ตอ1</td></tr>
<tr style="background-color:#f0f5fa;"><td style="padding:3px;"><b>พื้นที่</b></td><td style="padding:3px;">4.53</td></tr>
<tr style="background-color:#dbe8f5;"><td style="padding:3px;"><b>ปีผลิต</b></td><td style="padding:3px;">256970</td></tr>
<tr style="background-color:#f0f5fa;"><td style="padding:3px;"><b>ตันรวม</b></td><td style="padding:3px;">40.77</td></tr>
<tr style="background-color:#dbe8f5;"><td style="padding:3px;"><b>สถานที่ส่งอ้อย_1</b></td><td style="padding:3px;">รถตัด</td></tr>
</table>]]></description>
      <MultiGeometry><Polygon><outerBoundaryIs><LinearRing><coordinates>103.889402132556,14.7758003787427 103.889215718494,14.7758103538174 103.889225945022,14.7758560766508 103.889171462053,14.7758554063866 103.889160481953,14.7758253985942 103.888764353433,14.7758383488253 103.888464532177,14.776538991937 103.889414202218,14.7766244039074 103.889402132556,14.7758003787427</coordinates></LinearRing></outerBoundaryIs></Polygon></MultiGeometry>
    </Placemark>
    <Placemark>
      <name>321503061846</name>
      <styleUrl>#style_42_001</styleUrl>
      <description><![CDATA[<h3 style="margin-bottom:6px; font-family:sans-serif;">321503061846</h3>
<table style="width:100%; border-collapse:collapse; font-family:sans-serif; font-size:12px;">
<tr style="background-color:#99bfe6; color:#000; font-weight:bold;"><td colspan="2" style="padding:4px; text-align:center;">321503061846</td></tr>
<tr style="background-color:#f0f5fa;"><td style="padding:3px; width:45%;"><b>FID</b></td><td style="padding:3px;">11703</td></tr>
<tr style="background-color:#dbe8f5;"><td style="padding:3px;"><b>รหัสแปลง</b></td><td style="padding:3px;">321503061846</td></tr>
<tr style="background-color:#f0f5fa;"><td style="padding:3px;"><b>รหัสกลุ่มคิว</b></td><td style="padding:3px;">42_001</td></tr>
<tr style="background-color:#dbe8f5;"><td style="padding:3px;"><b>นักเกษตร</b></td><td style="padding:3px;">4201</td></tr>
<tr style="background-color:#f0f5fa;"><td style="padding:3px;"><b>ศูนย์</b></td><td style="padding:3px;">K2-42</td></tr>
<tr style="background-color:#dbe8f5;"><td style="padding:3px;"><b>สถานที่ส่งอ้อย</b></td><td style="padding:3px;">รถตัด</td></tr>
<tr style="background-color:#f0f5fa;"><td style="padding:3px;"><b>ประเภทคิว</b></td><td style="padding:3px;">รถตัด</td></tr>
<tr style="background-color:#dbe8f5;"><td style="padding:3px;"><b>ประเภทรถ</b></td><td style="padding:3px;">10 ล้อเดี่ยว</td></tr>
<tr style="background-color:#f0f5fa;"><td style="padding:3px;"><b>ประเภทชาวไร่</b></td><td style="padding:3px;">รถตัด</td></tr>
<tr style="background-color:#dbe8f5;"><td style="padding:3px;"><b>สถานีขนถ่าย</b></td><td style="padding:3px;"></td></tr>
<tr style="background-color:#f0f5fa;"><td style="padding:3px;"><b>สถานะยืนยัน</b></td><td style="padding:3px;">N</td></tr>
<tr style="background-color:#dbe8f5;"><td style="padding:3px;"><b>โควตา</b></td><td style="padding:3px;">743410</td></tr>
<tr style="background-color:#f0f5fa;"><td style="padding:3px;"><b>ชาวไร่</b></td><td style="padding:3px;">นาง สุมิง อยู่นาน</td></tr>
<tr style="background-color:#dbe8f5;"><td style="padding:3px;"><b>ประเภทอ้อย</b></td><td style="padding:3px;">ตอ1</td></tr>
<tr style="background-color:#f0f5fa;"><td style="padding:3px;"><b>พื้นที่</b></td><td style="padding:3px;">4.87</td></tr>
<tr style="background-color:#dbe8f5;"><td style="padding:3px;"><b>ปีผลิต</b></td><td style="padding:3px;">256970</td></tr>
<tr style="background-color:#f0f5fa;"><td style="padding:3px;"><b>ตันรวม</b></td><td style="padding:3px;">43.83</td></tr>
<tr style="background-color:#dbe8f5;"><td style="padding:3px;"><b>สถานที่ส่งอ้อย_1</b></td><td style="padding:3px;">รถตัด</td></tr>
</table>]]></description>
      <MultiGeometry><Polygon><outerBoundaryIs><LinearRing><coordinates>103.855736260086,14.8298110296511 103.855207770216,14.8281899801059 103.854831270168,14.828257260121 103.854978219825,14.8287227298864 103.854983419459,14.8287556498326 103.854988609515,14.8287943599258 103.855344849377,14.8298372399265 103.855736260086,14.8298110296511</coordinates></LinearRing></outerBoundaryIs></Polygon></MultiGeometry>
    </Placemark>
    <Placemark>
      <name>321505051556</name>
      <styleUrl>#style_42_001</styleUrl>
      <description><![CDATA[<h3 style="margin-bottom:6px; font-family:sans-serif;">321505051556</h3>
<table style="width:100%; border-collapse:collapse; font-family:sans-serif; font-size:12px;">
<tr style="background-color:#99bfe6; color:#000; font-weight:bold;"><td colspan="2" style="padding:4px; text-align:center;">321505051556</td></tr>
<tr style="background-color:#f0f5fa;"><td style="padding:3px; width:45%;"><b>FID</b></td><td style="padding:3px;">11771</td></tr>
<tr style="background-color:#dbe8f5;"><td style="padding:3px;"><b>รหัสแปลง</b></td><td style="padding:3px;">321505051556</td></tr>
<tr style="background-color:#f0f5fa;"><td style="padding:3px;"><b>รหัสกลุ่มคิว</b></td><td style="padding:3px;">42_001</td></tr>
<tr style="background-color:#dbe8f5;"><td style="padding:3px;"><b>นักเกษตร</b></td><td style="padding:3px;">4201</td></tr>
<tr style="background-color:#f0f5fa;"><td style="padding:3px;"><b>ศูนย์</b></td><td style="padding:3px;">K2-42</td></tr>
<tr style="background-color:#dbe8f5;"><td style="padding:3px;"><b>สถานที่ส่งอ้อย</b></td><td style="padding:3px;">รถตัด</td></tr>
<tr style="background-color:#f0f5fa;"><td style="padding:3px;"><b>ประเภทคิว</b></td><td style="padding:3px;">รถตัด</td></tr>
<tr style="background-color:#dbe8f5;"><td style="padding:3px;"><b>ประเภทรถ</b></td><td style="padding:3px;">10 ล้อเดี่ยว</td></tr>
<tr style="background-color:#f0f5fa;"><td style="padding:3px;"><b>ประเภทชาวไร่</b></td><td style="padding:3px;">รถตัด</td></tr>
<tr style="background-color:#dbe8f5;"><td style="padding:3px;"><b>สถานีขนถ่าย</b></td><td style="padding:3px;"></td></tr>
<tr style="background-color:#f0f5fa;"><td style="padding:3px;"><b>สถานะยืนยัน</b></td><td style="padding:3px;">N</td></tr>
<tr style="background-color:#dbe8f5;"><td style="padding:3px;"><b>โควตา</b></td><td style="padding:3px;">742143</td></tr>
<tr style="background-color:#f0f5fa;"><td style="padding:3px;"><b>ชาวไร่</b></td><td style="padding:3px;">นาย จรุง บุญร่วม</td></tr>
<tr style="background-color:#dbe8f5;"><td style="padding:3px;"><b>ประเภทอ้อย</b></td><td style="padding:3px;">ตอ1</td></tr>
<tr style="background-color:#f0f5fa;"><td style="padding:3px;"><b>พื้นที่</b></td><td style="padding:3px;">3.88</td></tr>
<tr style="background-color:#dbe8f5;"><td style="padding:3px;"><b>ปีผลิต</b></td><td style="padding:3px;">256970</td></tr>
<tr style="background-color:#f0f5fa;"><td style="padding:3px;"><b>ตันรวม</b></td><td style="padding:3px;">34.92</td></tr>
<tr style="background-color:#dbe8f5;"><td style="padding:3px;"><b>สถานที่ส่งอ้อย_1</b></td><td style="padding:3px;">รถตัด</td></tr>
</table>]]></description>
      <MultiGeometry><Polygon><outerBoundaryIs><LinearRing><coordinates>103.839658332956,14.7764600000369 103.839563333217,14.7759266664298 103.839439999365,14.7759216669839 103.839330000196,14.7755516669738 103.83927333355,14.7754800003779 103.838901666145,14.7755533329537 103.838898332751,14.7755666667937 103.838893333342,14.775570000349 103.839101666256,14.7765349998757 103.839658332956,14.7764600000369</coordinates></LinearRing></outerBoundaryIs></Polygon></MultiGeometry>
    </Placemark>
    <Placemark>
      <name>321503071718</name>
      <styleUrl>#style_42_001</styleUrl>
      <description><![CDATA[<h3 style="margin-bottom:6px; font-family:sans-serif;">321503071718</h3>
<table style="width:100%; border-collapse:collapse; font-family:sans-serif; font-size:12px;">
<tr style="background-color:#99bfe6; color:#000; font-weight:bold;"><td colspan="2" style="padding:4px; text-align:center;">321503071718</td></tr>
<tr style="background-color:#f0f5fa;"><td style="padding:3px; width:45%;"><b>FID</b></td><td style="padding:3px;">11947</td></tr>
<tr style="background-color:#dbe8f5;"><td style="padding:3px;"><b>รหัสแปลง</b></td><td style="padding:3px;">321503071718</td></tr>
<tr style="background-color:#f0f5fa;"><td style="padding:3px;"><b>รหัสกลุ่มคิว</b></td><td style="padding:3px;">42_001</td></tr>
<tr style="background-color:#dbe8f5;"><td style="padding:3px;"><b>นักเกษตร</b></td><td style="padding:3px;">4201</td></tr>
<tr style="background-color:#f0f5fa;"><td style="padding:3px;"><b>ศูนย์</b></td><td style="padding:3px;">K2-42</td></tr>
<tr style="background-color:#dbe8f5;"><td style="padding:3px;"><b>สถานที่ส่งอ้อย</b></td><td style="padding:3px;">รถตัด</td></tr>
<tr style="background-color:#f0f5fa;"><td style="padding:3px;"><b>ประเภทคิว</b></td><td style="padding:3px;">รถตัด</td></tr>
<tr style="background-color:#dbe8f5;"><td style="padding:3px;"><b>ประเภทรถ</b></td><td style="padding:3px;">10 ล้อเดี่ยว</td></tr>
<tr style="background-color:#f0f5fa;"><td style="padding:3px;"><b>ประเภทชาวไร่</b></td><td style="padding:3px;">รถตัด</td></tr>
<tr style="background-color:#dbe8f5;"><td style="padding:3px;"><b>สถานีขนถ่าย</b></td><td style="padding:3px;"></td></tr>
<tr style="background-color:#f0f5fa;"><td style="padding:3px;"><b>สถานะยืนยัน</b></td><td style="padding:3px;">N</td></tr>
<tr style="background-color:#dbe8f5;"><td style="padding:3px;"><b>โควตา</b></td><td style="padding:3px;">741305</td></tr>
<tr style="background-color:#f0f5fa;"><td style="padding:3px;"><b>ชาวไร่</b></td><td style="padding:3px;">นาย จรูณ ระยับศรี</td></tr>
<tr style="background-color:#dbe8f5;"><td style="padding:3px;"><b>ประเภทอ้อย</b></td><td style="padding:3px;">ตอ1</td></tr>
<tr style="background-color:#f0f5fa;"><td style="padding:3px;"><b>พื้นที่</b></td><td style="padding:3px;">5.22</td></tr>
<tr style="background-color:#dbe8f5;"><td style="padding:3px;"><b>ปีผลิต</b></td><td style="padding:3px;">256970</td></tr>
<tr style="background-color:#f0f5fa;"><td style="padding:3px;"><b>ตันรวม</b></td><td style="padding:3px;">46.98</td></tr>
<tr style="background-color:#dbe8f5;"><td style="padding:3px;"><b>สถานที่ส่งอ้อย_1</b></td><td style="padding:3px;">รถตัด</td></tr>
</table>]]></description>
      <MultiGeometry><Polygon><outerBoundaryIs><LinearRing><coordinates>103.887878069724,14.8503078101139 103.887902459859,14.8504206001347 103.887618279584,14.8504795897243 103.887642909467,14.8508155700108 103.88764973977,14.8508632101155 103.887659190109,14.850878640097 103.887689360044,14.8511189695442 103.888154359973,14.8510880703201 103.888294639693,14.8510847998357 103.888283300181,14.8510772295061 103.888553789626,14.8510694997672 103.888546590122,14.8502683896418 103.888548450118,14.8502390103874 103.887878069724,14.8503078101139</coordinates></LinearRing></outerBoundaryIs></Polygon></MultiGeometry>
    </Placemark>
    <Placemark>
      <name>321503081614</name>
      <styleUrl>#style_42_001</styleUrl>
      <description><![CDATA[<h3 style="margin-bottom:6px; font-family:sans-serif;">321503081614</h3>
<table style="width:100%; border-collapse:collapse; font-family:sans-serif; font-size:12px;">
<tr style="background-color:#99bfe6; color:#000; font-weight:bold;"><td colspan="2" style="padding:4px; text-align:center;">321503081614</td></tr>
<tr style="background-color:#f0f5fa;"><td style="padding:3px; width:45%;"><b>FID</b></td><td style="padding:3px;">12142</td></tr>
<tr style="background-color:#dbe8f5;"><td style="padding:3px;"><b>รหัสแปลง</b></td><td style="padding:3px;">321503081614</td></tr>
<tr style="background-color:#f0f5fa;"><td style="padding:3px;"><b>รหัสกลุ่มคิว</b></td><td style="padding:3px;">42_001</td></tr>
<tr style="background-color:#dbe8f5;"><td style="padding:3px;"><b>นักเกษตร</b></td><td style="padding:3px;">4201</td></tr>
<tr style="background-color:#f0f5fa;"><td style="padding:3px;"><b>ศูนย์</b></td><td style="padding:3px;">K2-42</td></tr>
<tr style="background-color:#dbe8f5;"><td style="padding:3px;"><b>สถานที่ส่งอ้อย</b></td><td style="padding:3px;">รถตัด</td></tr>
<tr style="background-color:#f0f5fa;"><td style="padding:3px;"><b>ประเภทคิว</b></td><td style="padding:3px;">รถตัด</td></tr>
<tr style="background-color:#dbe8f5;"><td style="padding:3px;"><b>ประเภทรถ</b></td><td style="padding:3px;">10 ล้อเดี่ยว</td></tr>
<tr style="background-color:#f0f5fa;"><td style="padding:3px;"><b>ประเภทชาวไร่</b></td><td style="padding:3px;">รถตัด</td></tr>
<tr style="background-color:#dbe8f5;"><td style="padding:3px;"><b>สถานีขนถ่าย</b></td><td style="padding:3px;"></td></tr>
<tr style="background-color:#f0f5fa;"><td style="padding:3px;"><b>สถานะยืนยัน</b></td><td style="padding:3px;">N</td></tr>
<tr style="background-color:#dbe8f5;"><td style="padding:3px;"><b>โควตา</b></td><td style="padding:3px;">732959</td></tr>
<tr style="background-color:#f0f5fa;"><td style="padding:3px;"><b>ชาวไร่</b></td><td style="padding:3px;">นาย จิรวัฒน์ รู้รักษา</td></tr>
<tr style="background-color:#dbe8f5;"><td style="padding:3px;"><b>ประเภทอ้อย</b></td><td style="padding:3px;">ตอ1</td></tr>
<tr style="background-color:#f0f5fa;"><td style="padding:3px;"><b>พื้นที่</b></td><td style="padding:3px;">30.82</td></tr>
<tr style="background-color:#dbe8f5;"><td style="padding:3px;"><b>ปีผลิต</b></td><td style="padding:3px;">256970</td></tr>
<tr style="background-color:#f0f5fa;"><td style="padding:3px;"><b>ตันรวม</b></td><td style="padding:3px;">277.38</td></tr>
<tr style="background-color:#dbe8f5;"><td style="padding:3px;"><b>สถานที่ส่งอ้อย_1</b></td><td style="padding:3px;">รถตัด</td></tr>
</table>]]></description>
      <MultiGeometry><Polygon><outerBoundaryIs><LinearRing><coordinates>103.854558879772,14.880614899704 103.854559610187,14.8806166002819 103.854546109755,14.8804135997052 103.854523259487,14.8801544798166 103.854439649968,14.880155260116 103.854277229899,14.8801759696712 103.854163559782,14.8797866699134 103.854167509374,14.8793660698186 103.853893449456,14.8784514701895 103.853054231846,14.8786601363237 103.853678333351,14.8805416670307 103.85438499967,14.8804299995309 103.854343333422,14.8804699997138 103.853650000019,14.8805566662108 103.851486666555,14.8810333333074 103.851483055484,14.8810203707263 103.853644089997,14.8805424401643 103.853034187113,14.8786651201253 103.852282540056,14.8788520100401 103.85294805956,14.8802925496268 103.851378780267,14.8807812703141 103.851481309844,14.8812968298456 103.852726659967,14.8809410803512 103.854558879772,14.880614899704</coordinates></LinearRing></outerBoundaryIs></Polygon></MultiGeometry>
    </Placemark>
    <Placemark>
      <name>321501021635</name>
      <styleUrl>#style_42_001</styleUrl>
      <description><![CDATA[<h3 style="margin-bottom:6px; font-family:sans-serif;">321501021635</h3>
<table style="width:100%; border-collapse:collapse; font-family:sans-serif; font-size:12px;">
<tr style="background-color:#99bfe6; color:#000; font-weight:bold;"><td colspan="2" style="padding:4px; text-align:center;">321501021635</td></tr>
<tr style="background-color:#f0f5fa;"><td style="padding:3px; width:45%;"><b>FID</b></td><td style="padding:3px;">12723</td></tr>
<tr style="background-color:#dbe8f5;"><td style="padding:3px;"><b>รหัสแปลง</b></td><td style="padding:3px;">321501021635</td></tr>
<tr style="background-color:#f0f5fa;"><td style="padding:3px;"><b>รหัสกลุ่มคิว</b></td><td style="padding:3px;">42_001</td></tr>
<tr style="background-color:#dbe8f5;"><td style="padding:3px;"><b>นักเกษตร</b></td><td style="padding:3px;">4201</td></tr>
<tr style="background-color:#f0f5fa;"><td style="padding:3px;"><b>ศูนย์</b></td><td style="padding:3px;">K2-42</td></tr>
<tr style="background-color:#dbe8f5;"><td style="padding:3px;"><b>สถานที่ส่งอ้อย</b></td><td style="padding:3px;">รถตัด</td></tr>
<tr style="background-color:#f0f5fa;"><td style="padding:3px;"><b>ประเภทคิว</b></td><td style="padding:3px;">รถตัด</td></tr>
<tr style="background-color:#dbe8f5;"><td style="padding:3px;"><b>ประเภทรถ</b></td><td style="padding:3px;">10 ล้อเดี่ยว</td></tr>
<tr style="background-color:#f0f5fa;"><td style="padding:3px;"><b>ประเภทชาวไร่</b></td><td style="padding:3px;">รถตัด</td></tr>
<tr style="background-color:#dbe8f5;"><td style="padding:3px;"><b>สถานีขนถ่าย</b></td><td style="padding:3px;"></td></tr>
<tr style="background-color:#f0f5fa;"><td style="padding:3px;"><b>สถานะยืนยัน</b></td><td style="padding:3px;">N</td></tr>
<tr style="background-color:#dbe8f5;"><td style="padding:3px;"><b>โควตา</b></td><td style="padding:3px;">744452</td></tr>
<tr style="background-color:#f0f5fa;"><td style="padding:3px;"><b>ชาวไร่</b></td><td style="padding:3px;">นาย วินัย สหุนันท์</td></tr>
<tr style="background-color:#dbe8f5;"><td style="padding:3px;"><b>ประเภทอ้อย</b></td><td style="padding:3px;">ตอ1</td></tr>
<tr style="background-color:#f0f5fa;"><td style="padding:3px;"><b>พื้นที่</b></td><td style="padding:3px;">5.38</td></tr>
<tr style="background-color:#dbe8f5;"><td style="padding:3px;"><b>ปีผลิต</b></td><td style="padding:3px;">256970</td></tr>
<tr style="background-color:#f0f5fa;"><td style="padding:3px;"><b>ตันรวม</b></td><td style="padding:3px;">48.42</td></tr>
<tr style="background-color:#dbe8f5;"><td style="padding:3px;"><b>สถานที่ส่งอ้อย_1</b></td><td style="padding:3px;">รถตัด</td></tr>
</table>]]></description>
      <MultiGeometry><Polygon><outerBoundaryIs><LinearRing><coordinates>103.876174999466,14.7703216664469 103.878411666003,14.7704433335267 103.878418332945,14.7701099998962 103.876229999763,14.7700083330287 103.876174999466,14.7703216664469</coordinates></LinearRing></outerBoundaryIs></Polygon></MultiGeometry>
    </Placemark>
    <Placemark>
      <name>321501031839</name>
      <styleUrl>#style_42_001</styleUrl>
      <description><![CDATA[<h3 style="margin-bottom:6px; font-family:sans-serif;">321501031839</h3>
<table style="width:100%; border-collapse:collapse; font-family:sans-serif; font-size:12px;">
<tr style="background-color:#99bfe6; color:#000; font-weight:bold;"><td colspan="2" style="padding:4px; text-align:center;">321501031839</td></tr>
<tr style="background-color:#f0f5fa;"><td style="padding:3px; width:45%;"><b>FID</b></td><td style="padding:3px;">12745</td></tr>
<tr style="background-color:#dbe8f5;"><td style="padding:3px;"><b>รหัสแปลง</b></td><td style="padding:3px;">321501031839</td></tr>
<tr style="background-color:#f0f5fa;"><td style="padding:3px;"><b>รหัสกลุ่มคิว</b></td><td style="padding:3px;">42_001</td></tr>
<tr style="background-color:#dbe8f5;"><td style="padding:3px;"><b>นักเกษตร</b></td><td style="padding:3px;">4201</td></tr>
<tr style="background-color:#f0f5fa;"><td style="padding:3px;"><b>ศูนย์</b></td><td style="padding:3px;">K2-42</td></tr>
<tr style="background-color:#dbe8f5;"><td style="padding:3px;"><b>สถานที่ส่งอ้อย</b></td><td style="padding:3px;">รถตัด</td></tr>
<tr style="background-color:#f0f5fa;"><td style="padding:3px;"><b>ประเภทคิว</b></td><td style="padding:3px;">รถตัด</td></tr>
<tr style="background-color:#dbe8f5;"><td style="padding:3px;"><b>ประเภทรถ</b></td><td style="padding:3px;">10 ล้อเดี่ยว</td></tr>
<tr style="background-color:#f0f5fa;"><td style="padding:3px;"><b>ประเภทชาวไร่</b></td><td style="padding:3px;">รถตัด</td></tr>
<tr style="background-color:#dbe8f5;"><td style="padding:3px;"><b>สถานีขนถ่าย</b></td><td style="padding:3px;"></td></tr>
<tr style="background-color:#f0f5fa;"><td style="padding:3px;"><b>สถานะยืนยัน</b></td><td style="padding:3px;">N</td></tr>
<tr style="background-color:#dbe8f5;"><td style="padding:3px;"><b>โควตา</b></td><td style="padding:3px;">744034</td></tr>
<tr style="background-color:#f0f5fa;"><td style="padding:3px;"><b>ชาวไร่</b></td><td style="padding:3px;">นาง ขวัญจิด ดอกพวง</td></tr>
<tr style="background-color:#dbe8f5;"><td style="padding:3px;"><b>ประเภทอ้อย</b></td><td style="padding:3px;">ตอ1</td></tr>
<tr style="background-color:#f0f5fa;"><td style="padding:3px;"><b>พื้นที่</b></td><td style="padding:3px;">4.84</td></tr>
<tr style="background-color:#dbe8f5;"><td style="padding:3px;"><b>ปีผลิต</b></td><td style="padding:3px;">256970</td></tr>
<tr style="background-color:#f0f5fa;"><td style="padding:3px;"><b>ตันรวม</b></td><td style="padding:3px;">43.56</td></tr>
<tr style="background-color:#dbe8f5;"><td style="padding:3px;"><b>สถานที่ส่งอ้อย_1</b></td><td style="padding:3px;">รถตัด</td></tr>
</table>]]></description>
      <MultiGeometry><Polygon><outerBoundaryIs><LinearRing><coordinates>103.863457208129,14.7857307966462 103.862894866866,14.7860568946402 103.862946415397,14.7861805694352 103.863168871086,14.7865168095643 103.863335167954,14.786454532642 103.864188697374,14.7857665033528 103.864073613078,14.7853672315468 103.863457208129,14.7857307966462</coordinates></LinearRing></outerBoundaryIs></Polygon></MultiGeometry>
    </Placemark>
    <Placemark>
      <name>321503151809</name>
      <styleUrl>#style_42_001</styleUrl>
      <description><![CDATA[<h3 style="margin-bottom:6px; font-family:sans-serif;">321503151809</h3>
<table style="width:100%; border-collapse:collapse; font-family:sans-serif; font-size:12px;">
<tr style="background-color:#99bfe6; color:#000; font-weight:bold;"><td colspan="2" style="padding:4px; text-align:center;">321503151809</td></tr>
<tr style="background-color:#f0f5fa;"><td style="padding:3px; width:45%;"><b>FID</b></td><td style="padding:3px;">12791</td></tr>
<tr style="background-color:#dbe8f5;"><td style="padding:3px;"><b>รหัสแปลง</b></td><td style="padding:3px;">321503151809</td></tr>
<tr style="background-color:#f0f5fa;"><td style="padding:3px;"><b>รหัสกลุ่มคิว</b></td><td style="padding:3px;">42_001</td></tr>
<tr style="background-color:#dbe8f5;"><td style="padding:3px;"><b>นักเกษตร</b></td><td style="padding:3px;">4201</td></tr>
<tr style="background-color:#f0f5fa;"><td style="padding:3px;"><b>ศูนย์</b></td><td style="padding:3px;">K2-42</td></tr>
<tr style="background-color:#dbe8f5;"><td style="padding:3px;"><b>สถานที่ส่งอ้อย</b></td><td style="padding:3px;">รถตัด</td></tr>
<tr style="background-color:#f0f5fa;"><td style="padding:3px;"><b>ประเภทคิว</b></td><td style="padding:3px;">รถตัด</td></tr>
<tr style="background-color:#dbe8f5;"><td style="padding:3px;"><b>ประเภทรถ</b></td><td style="padding:3px;">10 ล้อเดี่ยว</td></tr>
<tr style="background-color:#f0f5fa;"><td style="padding:3px;"><b>ประเภทชาวไร่</b></td><td style="padding:3px;">รถตัด</td></tr>
<tr style="background-color:#dbe8f5;"><td style="padding:3px;"><b>สถานีขนถ่าย</b></td><td style="padding:3px;"></td></tr>
<tr style="background-color:#f0f5fa;"><td style="padding:3px;"><b>สถานะยืนยัน</b></td><td style="padding:3px;">N</td></tr>
<tr style="background-color:#dbe8f5;"><td style="padding:3px;"><b>โควตา</b></td><td style="padding:3px;">742463</td></tr>
<tr style="background-color:#f0f5fa;"><td style="padding:3px;"><b>ชาวไร่</b></td><td style="padding:3px;">นาย อนุพงศ์ บุญร่วม</td></tr>
<tr style="background-color:#dbe8f5;"><td style="padding:3px;"><b>ประเภทอ้อย</b></td><td style="padding:3px;">ตอ1</td></tr>
<tr style="background-color:#f0f5fa;"><td style="padding:3px;"><b>พื้นที่</b></td><td style="padding:3px;">4.98</td></tr>
<tr style="background-color:#dbe8f5;"><td style="padding:3px;"><b>ปีผลิต</b></td><td style="padding:3px;">256970</td></tr>
<tr style="background-color:#f0f5fa;"><td style="padding:3px;"><b>ตันรวม</b></td><td style="padding:3px;">44.82</td></tr>
<tr style="background-color:#dbe8f5;"><td style="padding:3px;"><b>สถานที่ส่งอ้อย_1</b></td><td style="padding:3px;">รถตัด</td></tr>
</table>]]></description>
      <MultiGeometry><Polygon><outerBoundaryIs><LinearRing><coordinates>103.833899999825,14.8019950002977 103.834638333187,14.8048599998411 103.834833333191,14.8048166665369 103.834166666322,14.8020133337287 103.834096666488,14.8020149999488 103.834073332772,14.8020083330507 103.833993333039,14.8019766666769 103.833899999825,14.8019950002977</coordinates></LinearRing></outerBoundaryIs></Polygon></MultiGeometry>
    </Placemark>
    <Placemark>
      <name>321503151810</name>
      <styleUrl>#style_42_001</styleUrl>
      <description><![CDATA[<h3 style="margin-bottom:6px; font-family:sans-serif;">321503151810</h3>
<table style="width:100%; border-collapse:collapse; font-family:sans-serif; font-size:12px;">
<tr style="background-color:#99bfe6; color:#000; font-weight:bold;"><td colspan="2" style="padding:4px; text-align:center;">321503151810</td></tr>
<tr style="background-color:#f0f5fa;"><td style="padding:3px; width:45%;"><b>FID</b></td><td style="padding:3px;">13303</td></tr>
<tr style="background-color:#dbe8f5;"><td style="padding:3px;"><b>รหัสแปลง</b></td><td style="padding:3px;">321503151810</td></tr>
<tr style="background-color:#f0f5fa;"><td style="padding:3px;"><b>รหัสกลุ่มคิว</b></td><td style="padding:3px;">42_001</td></tr>
<tr style="background-color:#dbe8f5;"><td style="padding:3px;"><b>นักเกษตร</b></td><td style="padding:3px;">4201</td></tr>
<tr style="background-color:#f0f5fa;"><td style="padding:3px;"><b>ศูนย์</b></td><td style="padding:3px;">K2-42</td></tr>
<tr style="background-color:#dbe8f5;"><td style="padding:3px;"><b>สถานที่ส่งอ้อย</b></td><td style="padding:3px;">รถตัด</td></tr>
<tr style="background-color:#f0f5fa;"><td style="padding:3px;"><b>ประเภทคิว</b></td><td style="padding:3px;">รถตัด</td></tr>
<tr style="background-color:#dbe8f5;"><td style="padding:3px;"><b>ประเภทรถ</b></td><td style="padding:3px;">10 ล้อเดี่ยว</td></tr>
<tr style="background-color:#f0f5fa;"><td style="padding:3px;"><b>ประเภทชาวไร่</b></td><td style="padding:3px;">รถตัด</td></tr>
<tr style="background-color:#dbe8f5;"><td style="padding:3px;"><b>สถานีขนถ่าย</b></td><td style="padding:3px;"></td></tr>
<tr style="background-color:#f0f5fa;"><td style="padding:3px;"><b>สถานะยืนยัน</b></td><td style="padding:3px;">N</td></tr>
<tr style="background-color:#dbe8f5;"><td style="padding:3px;"><b>โควตา</b></td><td style="padding:3px;">741203</td></tr>
<tr style="background-color:#f0f5fa;"><td style="padding:3px;"><b>ชาวไร่</b></td><td style="padding:3px;">นาง มาริสา บุญศรี</td></tr>
<tr style="background-color:#dbe8f5;"><td style="padding:3px;"><b>ประเภทอ้อย</b></td><td style="padding:3px;">ตอ1</td></tr>
<tr style="background-color:#f0f5fa;"><td style="padding:3px;"><b>พื้นที่</b></td><td style="padding:3px;">7.27</td></tr>
<tr style="background-color:#dbe8f5;"><td style="padding:3px;"><b>ปีผลิต</b></td><td style="padding:3px;">256970</td></tr>
<tr style="background-color:#f0f5fa;"><td style="padding:3px;"><b>ตันรวม</b></td><td style="padding:3px;">65.43</td></tr>
<tr style="background-color:#dbe8f5;"><td style="padding:3px;"><b>สถานที่ส่งอ้อย_1</b></td><td style="padding:3px;">รถตัด</td></tr>
</table>]]></description>
      <MultiGeometry><Polygon><outerBoundaryIs><LinearRing><coordinates>103.841898333564,14.8141999997561 103.841884999859,14.8140399999348 103.842001666494,14.814016666232 103.841973332959,14.8138783328433 103.840128332747,14.8141150000406 103.840115000256,14.8141316668109 103.840008333446,14.8141583329677 103.839126666057,14.8142550004231 103.839166666337,14.8146366664916 103.841898333564,14.8141999997561</coordinates></LinearRing></outerBoundaryIs></Polygon></MultiGeometry>
    </Placemark>
    <Placemark>
      <name>321503091648</name>
      <styleUrl>#style_42_001</styleUrl>
      <description><![CDATA[<h3 style="margin-bottom:6px; font-family:sans-serif;">321503091648</h3>
<table style="width:100%; border-collapse:collapse; font-family:sans-serif; font-size:12px;">
<tr style="background-color:#99bfe6; color:#000; font-weight:bold;"><td colspan="2" style="padding:4px; text-align:center;">321503091648</td></tr>
<tr style="background-color:#f0f5fa;"><td style="padding:3px; width:45%;"><b>FID</b></td><td style="padding:3px;">13525</td></tr>
<tr style="background-color:#dbe8f5;"><td style="padding:3px;"><b>รหัสแปลง</b></td><td style="padding:3px;">321503091648</td></tr>
<tr style="background-color:#f0f5fa;"><td style="padding:3px;"><b>รหัสกลุ่มคิว</b></td><td style="padding:3px;">42_001</td></tr>
<tr style="background-color:#dbe8f5;"><td style="padding:3px;"><b>นักเกษตร</b></td><td style="padding:3px;">4201</td></tr>
<tr style="background-color:#f0f5fa;"><td style="padding:3px;"><b>ศูนย์</b></td><td style="padding:3px;">K2-42</td></tr>
<tr style="background-color:#dbe8f5;"><td style="padding:3px;"><b>สถานที่ส่งอ้อย</b></td><td style="padding:3px;">รถตัด</td></tr>
<tr style="background-color:#f0f5fa;"><td style="padding:3px;"><b>ประเภทคิว</b></td><td style="padding:3px;">รถตัด</td></tr>
<tr style="background-color:#dbe8f5;"><td style="padding:3px;"><b>ประเภทรถ</b></td><td style="padding:3px;">10 ล้อเดี่ยว</td></tr>
<tr style="background-color:#f0f5fa;"><td style="padding:3px;"><b>ประเภทชาวไร่</b></td><td style="padding:3px;">รถตัด</td></tr>
<tr style="background-color:#dbe8f5;"><td style="padding:3px;"><b>สถานีขนถ่าย</b></td><td style="padding:3px;"></td></tr>
<tr style="background-color:#f0f5fa;"><td style="padding:3px;"><b>สถานะยืนยัน</b></td><td style="padding:3px;">N</td></tr>
<tr style="background-color:#dbe8f5;"><td style="padding:3px;"><b>โควตา</b></td><td style="padding:3px;">741030</td></tr>
<tr style="background-color:#f0f5fa;"><td style="padding:3px;"><b>ชาวไร่</b></td><td style="padding:3px;">นาย วิเชียร นาคนวน</td></tr>
<tr style="background-color:#dbe8f5;"><td style="padding:3px;"><b>ประเภทอ้อย</b></td><td style="padding:3px;">ปลายฝน</td></tr>
<tr style="background-color:#f0f5fa;"><td style="padding:3px;"><b>พื้นที่</b></td><td style="padding:3px;">2.62</td></tr>
<tr style="background-color:#dbe8f5;"><td style="padding:3px;"><b>ปีผลิต</b></td><td style="padding:3px;">256970</td></tr>
<tr style="background-color:#f0f5fa;"><td style="padding:3px;"><b>ตันรวม</b></td><td style="padding:3px;">34.06</td></tr>
<tr style="background-color:#dbe8f5;"><td style="padding:3px;"><b>สถานที่ส่งอ้อย_1</b></td><td style="padding:3px;">รถตัด</td></tr>
</table>]]></description>
      <MultiGeometry><Polygon><outerBoundaryIs><LinearRing><coordinates>103.915436666882,14.8771083328371 103.915504999582,14.8775949995865 103.915704999519,14.8775916666737 103.915785000046,14.8779083328789 103.916708332906,14.8779649999039 103.91664666663,14.8776933334941 103.916001666189,14.8776600001623 103.915968333353,14.8775566668232 103.915674999512,14.8775250001757 103.915548333322,14.8770950001036 103.915436666882,14.8771083328371</coordinates></LinearRing></outerBoundaryIs></Polygon></MultiGeometry>
    </Placemark>
    <Placemark>
      <name>321505051558</name>
      <styleUrl>#style_42_001</styleUrl>
      <description><![CDATA[<h3 style="margin-bottom:6px; font-family:sans-serif;">321505051558</h3>
<table style="width:100%; border-collapse:collapse; font-family:sans-serif; font-size:12px;">
<tr style="background-color:#99bfe6; color:#000; font-weight:bold;"><td colspan="2" style="padding:4px; text-align:center;">321505051558</td></tr>
<tr style="background-color:#f0f5fa;"><td style="padding:3px; width:45%;"><b>FID</b></td><td style="padding:3px;">13549</td></tr>
<tr style="background-color:#dbe8f5;"><td style="padding:3px;"><b>รหัสแปลง</b></td><td style="padding:3px;">321505051558</td></tr>
<tr style="background-color:#f0f5fa;"><td style="padding:3px;"><b>รหัสกลุ่มคิว</b></td><td style="padding:3px;">42_001</td></tr>
<tr style="background-color:#dbe8f5;"><td style="padding:3px;"><b>นักเกษตร</b></td><td style="padding:3px;">4201</td></tr>
<tr style="background-color:#f0f5fa;"><td style="padding:3px;"><b>ศูนย์</b></td><td style="padding:3px;">K2-42</td></tr>
<tr style="background-color:#dbe8f5;"><td style="padding:3px;"><b>สถานที่ส่งอ้อย</b></td><td style="padding:3px;">รถตัด</td></tr>
<tr style="background-color:#f0f5fa;"><td style="padding:3px;"><b>ประเภทคิว</b></td><td style="padding:3px;">รถตัด</td></tr>
<tr style="background-color:#dbe8f5;"><td style="padding:3px;"><b>ประเภทรถ</b></td><td style="padding:3px;">10 ล้อเดี่ยว</td></tr>
<tr style="background-color:#f0f5fa;"><td style="padding:3px;"><b>ประเภทชาวไร่</b></td><td style="padding:3px;">รถตัด</td></tr>
<tr style="background-color:#dbe8f5;"><td style="padding:3px;"><b>สถานีขนถ่าย</b></td><td style="padding:3px;"></td></tr>
<tr style="background-color:#f0f5fa;"><td style="padding:3px;"><b>สถานะยืนยัน</b></td><td style="padding:3px;">N</td></tr>
<tr style="background-color:#dbe8f5;"><td style="padding:3px;"><b>โควตา</b></td><td style="padding:3px;">741192</td></tr>
<tr style="background-color:#f0f5fa;"><td style="padding:3px;"><b>ชาวไร่</b></td><td style="padding:3px;">นาย สมพงษ์ สวัสดี</td></tr>
<tr style="background-color:#dbe8f5;"><td style="padding:3px;"><b>ประเภทอ้อย</b></td><td style="padding:3px;">ปลายฝน</td></tr>
<tr style="background-color:#f0f5fa;"><td style="padding:3px;"><b>พื้นที่</b></td><td style="padding:3px;">8.07</td></tr>
<tr style="background-color:#dbe8f5;"><td style="padding:3px;"><b>ปีผลิต</b></td><td style="padding:3px;">256970</td></tr>
<tr style="background-color:#f0f5fa;"><td style="padding:3px;"><b>ตันรวม</b></td><td style="padding:3px;">104.91</td></tr>
<tr style="background-color:#dbe8f5;"><td style="padding:3px;"><b>สถานที่ส่งอ้อย_1</b></td><td style="padding:3px;">รถตัด</td></tr>
</table>]]></description>
      <MultiGeometry><Polygon><outerBoundaryIs><LinearRing><coordinates>103.842628332773,14.7774749998852 103.842548333504,14.7785399999146 103.843541666592,14.7786316665044 103.843673333324,14.7776049997611 103.842628332773,14.7774749998852</coordinates></LinearRing></outerBoundaryIs></Polygon></MultiGeometry>
    </Placemark>
    <Placemark>
      <name>321501021639</name>
      <styleUrl>#style_42_001</styleUrl>
      <description><![CDATA[<h3 style="margin-bottom:6px; font-family:sans-serif;">321501021639</h3>
<table style="width:100%; border-collapse:collapse; font-family:sans-serif; font-size:12px;">
<tr style="background-color:#99bfe6; color:#000; font-weight:bold;"><td colspan="2" style="padding:4px; text-align:center;">321501021639</td></tr>
<tr style="background-color:#f0f5fa;"><td style="padding:3px; width:45%;"><b>FID</b></td><td style="padding:3px;">13556</td></tr>
<tr style="background-color:#dbe8f5;"><td style="padding:3px;"><b>รหัสแปลง</b></td><td style="padding:3px;">321501021639</td></tr>
<tr style="background-color:#f0f5fa;"><td style="padding:3px;"><b>รหัสกลุ่มคิว</b></td><td style="padding:3px;">42_001</td></tr>
<tr style="background-color:#dbe8f5;"><td style="padding:3px;"><b>นักเกษตร</b></td><td style="padding:3px;">4201</td></tr>
<tr style="background-color:#f0f5fa;"><td style="padding:3px;"><b>ศูนย์</b></td><td style="padding:3px;">K2-42</td></tr>
<tr style="background-color:#dbe8f5;"><td style="padding:3px;"><b>สถานที่ส่งอ้อย</b></td><td style="padding:3px;">รถตัด</td></tr>
<tr style="background-color:#f0f5fa;"><td style="padding:3px;"><b>ประเภทคิว</b></td><td style="padding:3px;">รถตัด</td></tr>
<tr style="background-color:#dbe8f5;"><td style="padding:3px;"><b>ประเภทรถ</b></td><td style="padding:3px;">10 ล้อเดี่ยว</td></tr>
<tr style="background-color:#f0f5fa;"><td style="padding:3px;"><b>ประเภทชาวไร่</b></td><td style="padding:3px;">รถตัด</td></tr>
<tr style="background-color:#dbe8f5;"><td style="padding:3px;"><b>สถานีขนถ่าย</b></td><td style="padding:3px;"></td></tr>
<tr style="background-color:#f0f5fa;"><td style="padding:3px;"><b>สถานะยืนยัน</b></td><td style="padding:3px;">N</td></tr>
<tr style="background-color:#dbe8f5;"><td style="padding:3px;"><b>โควตา</b></td><td style="padding:3px;">744452</td></tr>
<tr style="background-color:#f0f5fa;"><td style="padding:3px;"><b>ชาวไร่</b></td><td style="padding:3px;">นาย วินัย สหุนันท์</td></tr>
<tr style="background-color:#dbe8f5;"><td style="padding:3px;"><b>ประเภทอ้อย</b></td><td style="padding:3px;">ปลายฝน</td></tr>
<tr style="background-color:#f0f5fa;"><td style="padding:3px;"><b>พื้นที่</b></td><td style="padding:3px;">4.43</td></tr>
<tr style="background-color:#dbe8f5;"><td style="padding:3px;"><b>ปีผลิต</b></td><td style="padding:3px;">256970</td></tr>
<tr style="background-color:#f0f5fa;"><td style="padding:3px;"><b>ตันรวม</b></td><td style="padding:3px;">57.59</td></tr>
<tr style="background-color:#dbe8f5;"><td style="padding:3px;"><b>สถานที่ส่งอ้อย_1</b></td><td style="padding:3px;">รถตัด</td></tr>
</table>]]></description>
      <MultiGeometry><Polygon><outerBoundaryIs><LinearRing><coordinates>103.879580972841,14.7703111541143 103.878428545067,14.7701088571566 103.878450337429,14.7707638193388 103.879442586836,14.7707919401148 103.879479719049,14.7705926188664 103.879303364099,14.770559426046 103.87933370674,14.7704626150339 103.879513833537,14.7704831092639 103.879586169034,14.7703250263883 103.879580972841,14.7703111541143</coordinates></LinearRing></outerBoundaryIs></Polygon></MultiGeometry>
    </Placemark>
    <Placemark>
      <name>321503011700</name>
      <styleUrl>#style_42_001</styleUrl>
      <description><![CDATA[<h3 style="margin-bottom:6px; font-family:sans-serif;">321503011700</h3>
<table style="width:100%; border-collapse:collapse; font-family:sans-serif; font-size:12px;">
<tr style="background-color:#99bfe6; color:#000; font-weight:bold;"><td colspan="2" style="padding:4px; text-align:center;">321503011700</td></tr>
<tr style="background-color:#f0f5fa;"><td style="padding:3px; width:45%;"><b>FID</b></td><td style="padding:3px;">13574</td></tr>
<tr style="background-color:#dbe8f5;"><td style="padding:3px;"><b>รหัสแปลง</b></td><td style="padding:3px;">321503011700</td></tr>
<tr style="background-color:#f0f5fa;"><td style="padding:3px;"><b>รหัสกลุ่มคิว</b></td><td style="padding:3px;">42_001</td></tr>
<tr style="background-color:#dbe8f5;"><td style="padding:3px;"><b>นักเกษตร</b></td><td style="padding:3px;">4201</td></tr>
<tr style="background-color:#f0f5fa;"><td style="padding:3px;"><b>ศูนย์</b></td><td style="padding:3px;">K2-42</td></tr>
<tr style="background-color:#dbe8f5;"><td style="padding:3px;"><b>สถานที่ส่งอ้อย</b></td><td style="padding:3px;">รถตัด</td></tr>
<tr style="background-color:#f0f5fa;"><td style="padding:3px;"><b>ประเภทคิว</b></td><td style="padding:3px;">รถตัด</td></tr>
<tr style="background-color:#dbe8f5;"><td style="padding:3px;"><b>ประเภทรถ</b></td><td style="padding:3px;">10 ล้อเดี่ยว</td></tr>
<tr style="background-color:#f0f5fa;"><td style="padding:3px;"><b>ประเภทชาวไร่</b></td><td style="padding:3px;">รถตัด</td></tr>
<tr style="background-color:#dbe8f5;"><td style="padding:3px;"><b>สถานีขนถ่าย</b></td><td style="padding:3px;"></td></tr>
<tr style="background-color:#f0f5fa;"><td style="padding:3px;"><b>สถานะยืนยัน</b></td><td style="padding:3px;">N</td></tr>
<tr style="background-color:#dbe8f5;"><td style="padding:3px;"><b>โควตา</b></td><td style="padding:3px;">741325</td></tr>
<tr style="background-color:#f0f5fa;"><td style="padding:3px;"><b>ชาวไร่</b></td><td style="padding:3px;">นาย ชลากร โพธิ์ชัย</td></tr>
<tr style="background-color:#dbe8f5;"><td style="padding:3px;"><b>ประเภทอ้อย</b></td><td style="padding:3px;">ปลายฝน</td></tr>
<tr style="background-color:#f0f5fa;"><td style="padding:3px;"><b>พื้นที่</b></td><td style="padding:3px;">30.72</td></tr>
<tr style="background-color:#dbe8f5;"><td style="padding:3px;"><b>ปีผลิต</b></td><td style="padding:3px;">256970</td></tr>
<tr style="background-color:#f0f5fa;"><td style="padding:3px;"><b>ตันรวม</b></td><td style="padding:3px;">399.36</td></tr>
<tr style="background-color:#dbe8f5;"><td style="padding:3px;"><b>สถานที่ส่งอ้อย_1</b></td><td style="padding:3px;">รถตัด</td></tr>
</table>]]></description>
      <MultiGeometry><Polygon><outerBoundaryIs><LinearRing><coordinates>103.827638486296,14.8083127333695 103.827632283919,14.8095000720415 103.827916764934,14.809452965512 103.827968398218,14.8095443286925 103.828611792847,14.8093986090491 103.830451117507,14.8089753647543 103.830440724155,14.8088282628964 103.830569134481,14.8088029491469 103.830202929628,14.8076717279757 103.8276634642,14.8079271239933 103.827653322569,14.8080992884673 103.827795898788,14.8081065810017 103.827816266266,14.8082865817096 103.827727250258,14.8083102192977 103.827724652218,14.8083518351473 103.827638486296,14.8083127333695</coordinates></LinearRing></outerBoundaryIs></Polygon></MultiGeometry>
    </Placemark>
    <Placemark>
      <name>321505051559</name>
      <styleUrl>#style_42_001</styleUrl>
      <description><![CDATA[<h3 style="margin-bottom:6px; font-family:sans-serif;">321505051559</h3>
<table style="width:100%; border-collapse:collapse; font-family:sans-serif; font-size:12px;">
<tr style="background-color:#99bfe6; color:#000; font-weight:bold;"><td colspan="2" style="padding:4px; text-align:center;">321505051559</td></tr>
<tr style="background-color:#f0f5fa;"><td style="padding:3px; width:45%;"><b>FID</b></td><td style="padding:3px;">13856</td></tr>
<tr style="background-color:#dbe8f5;"><td style="padding:3px;"><b>รหัสแปลง</b></td><td style="padding:3px;">321505051559</td></tr>
<tr style="background-color:#f0f5fa;"><td style="padding:3px;"><b>รหัสกลุ่มคิว</b></td><td style="padding:3px;">42_001</td></tr>
<tr style="background-color:#dbe8f5;"><td style="padding:3px;"><b>นักเกษตร</b></td><td style="padding:3px;">4201</td></tr>
<tr style="background-color:#f0f5fa;"><td style="padding:3px;"><b>ศูนย์</b></td><td style="padding:3px;">K2-42</td></tr>
<tr style="background-color:#dbe8f5;"><td style="padding:3px;"><b>สถานที่ส่งอ้อย</b></td><td style="padding:3px;">รถตัด</td></tr>
<tr style="background-color:#f0f5fa;"><td style="padding:3px;"><b>ประเภทคิว</b></td><td style="padding:3px;">รถตัด</td></tr>
<tr style="background-color:#dbe8f5;"><td style="padding:3px;"><b>ประเภทรถ</b></td><td style="padding:3px;">10 ล้อเดี่ยว</td></tr>
<tr style="background-color:#f0f5fa;"><td style="padding:3px;"><b>ประเภทชาวไร่</b></td><td style="padding:3px;">รถตัด</td></tr>
<tr style="background-color:#dbe8f5;"><td style="padding:3px;"><b>สถานีขนถ่าย</b></td><td style="padding:3px;"></td></tr>
<tr style="background-color:#f0f5fa;"><td style="padding:3px;"><b>สถานะยืนยัน</b></td><td style="padding:3px;">N</td></tr>
<tr style="background-color:#dbe8f5;"><td style="padding:3px;"><b>โควตา</b></td><td style="padding:3px;">743024</td></tr>
<tr style="background-color:#f0f5fa;"><td style="padding:3px;"><b>ชาวไร่</b></td><td style="padding:3px;">นาย พิทักษ์ เทศศรีเมือง</td></tr>
<tr style="background-color:#dbe8f5;"><td style="padding:3px;"><b>ประเภทอ้อย</b></td><td style="padding:3px;">ปลายฝน</td></tr>
<tr style="background-color:#f0f5fa;"><td style="padding:3px;"><b>พื้นที่</b></td><td style="padding:3px;">7.6</td></tr>
<tr style="background-color:#dbe8f5;"><td style="padding:3px;"><b>ปีผลิต</b></td><td style="padding:3px;">256970</td></tr>
<tr style="background-color:#f0f5fa;"><td style="padding:3px;"><b>ตันรวม</b></td><td style="padding:3px;">98.8</td></tr>
<tr style="background-color:#dbe8f5;"><td style="padding:3px;"><b>สถานที่ส่งอ้อย_1</b></td><td style="padding:3px;">รถตัด</td></tr>
</table>]]></description>
      <MultiGeometry><Polygon><outerBoundaryIs><LinearRing><coordinates>103.826914999764,14.7841716668998 103.827634999661,14.7839999997585 103.827524999771,14.7829800003503 103.827355000006,14.7830500003361 103.827254999807,14.7825549996912 103.826743333434,14.7826766668172 103.826914999764,14.7841716668998</coordinates></LinearRing></outerBoundaryIs></Polygon></MultiGeometry>
    </Placemark>
    <Placemark>
      <name>321502120012</name>
      <styleUrl>#style_42_001</styleUrl>
      <description><![CDATA[<h3 style="margin-bottom:6px; font-family:sans-serif;">321502120012</h3>
<table style="width:100%; border-collapse:collapse; font-family:sans-serif; font-size:12px;">
<tr style="background-color:#99bfe6; color:#000; font-weight:bold;"><td colspan="2" style="padding:4px; text-align:center;">321502120012</td></tr>
<tr style="background-color:#f0f5fa;"><td style="padding:3px; width:45%;"><b>FID</b></td><td style="padding:3px;">13950</td></tr>
<tr style="background-color:#dbe8f5;"><td style="padding:3px;"><b>รหัสแปลง</b></td><td style="padding:3px;">321502120012</td></tr>
<tr style="background-color:#f0f5fa;"><td style="padding:3px;"><b>รหัสกลุ่มคิว</b></td><td style="padding:3px;">42_001</td></tr>
<tr style="background-color:#dbe8f5;"><td style="padding:3px;"><b>นักเกษตร</b></td><td style="padding:3px;">4201</td></tr>
<tr style="background-color:#f0f5fa;"><td style="padding:3px;"><b>ศูนย์</b></td><td style="padding:3px;">K2-42</td></tr>
<tr style="background-color:#dbe8f5;"><td style="padding:3px;"><b>สถานที่ส่งอ้อย</b></td><td style="padding:3px;">รถตัด</td></tr>
<tr style="background-color:#f0f5fa;"><td style="padding:3px;"><b>ประเภทคิว</b></td><td style="padding:3px;">รถตัด</td></tr>
<tr style="background-color:#dbe8f5;"><td style="padding:3px;"><b>ประเภทรถ</b></td><td style="padding:3px;">10 ล้อเดี่ยว</td></tr>
<tr style="background-color:#f0f5fa;"><td style="padding:3px;"><b>ประเภทชาวไร่</b></td><td style="padding:3px;">รถตัด</td></tr>
<tr style="background-color:#dbe8f5;"><td style="padding:3px;"><b>สถานีขนถ่าย</b></td><td style="padding:3px;"></td></tr>
<tr style="background-color:#f0f5fa;"><td style="padding:3px;"><b>สถานะยืนยัน</b></td><td style="padding:3px;">N</td></tr>
<tr style="background-color:#dbe8f5;"><td style="padding:3px;"><b>โควตา</b></td><td style="padding:3px;">744461</td></tr>
<tr style="background-color:#f0f5fa;"><td style="padding:3px;"><b>ชาวไร่</b></td><td style="padding:3px;">นาง สุรีย์ ทองอ้ม</td></tr>
<tr style="background-color:#dbe8f5;"><td style="padding:3px;"><b>ประเภทอ้อย</b></td><td style="padding:3px;">ปลายฝน</td></tr>
<tr style="background-color:#f0f5fa;"><td style="padding:3px;"><b>พื้นที่</b></td><td style="padding:3px;">6.72</td></tr>
<tr style="background-color:#dbe8f5;"><td style="padding:3px;"><b>ปีผลิต</b></td><td style="padding:3px;">256970</td></tr>
<tr style="background-color:#f0f5fa;"><td style="padding:3px;"><b>ตันรวม</b></td><td style="padding:3px;">87.36</td></tr>
<tr style="background-color:#dbe8f5;"><td style="padding:3px;"><b>สถานที่ส่งอ้อย_1</b></td><td style="padding:3px;">รถตัด</td></tr>
</table>]]></description>
      <MultiGeometry><Polygon><outerBoundaryIs><LinearRing><coordinates>103.926296671516,14.7693500019562 103.92647294319,14.770680377017 103.926743343291,14.7706675947959 103.92661795009,14.7699555102699 103.926568496684,14.7695214534721 103.926532622197,14.7693128698906 103.926234310327,14.7676823383707 103.92613087727,14.767070542706 103.92587648707,14.7671215464628 103.926296671516,14.7693500019562</coordinates></LinearRing></outerBoundaryIs></Polygon></MultiGeometry>
    </Placemark>
    <Placemark>
      <name>321505061642</name>
      <styleUrl>#style_42_001</styleUrl>
      <description><![CDATA[<h3 style="margin-bottom:6px; font-family:sans-serif;">321505061642</h3>
<table style="width:100%; border-collapse:collapse; font-family:sans-serif; font-size:12px;">
<tr style="background-color:#99bfe6; color:#000; font-weight:bold;"><td colspan="2" style="padding:4px; text-align:center;">321505061642</td></tr>
<tr style="background-color:#f0f5fa;"><td style="padding:3px; width:45%;"><b>FID</b></td><td style="padding:3px;">14147</td></tr>
<tr style="background-color:#dbe8f5;"><td style="padding:3px;"><b>รหัสแปลง</b></td><td style="padding:3px;">321505061642</td></tr>
<tr style="background-color:#f0f5fa;"><td style="padding:3px;"><b>รหัสกลุ่มคิว</b></td><td style="padding:3px;">42_001</td></tr>
<tr style="background-color:#dbe8f5;"><td style="padding:3px;"><b>นักเกษตร</b></td><td style="padding:3px;">4201</td></tr>
<tr style="background-color:#f0f5fa;"><td style="padding:3px;"><b>ศูนย์</b></td><td style="padding:3px;">K2-42</td></tr>
<tr style="background-color:#dbe8f5;"><td style="padding:3px;"><b>สถานที่ส่งอ้อย</b></td><td style="padding:3px;">รถตัด</td></tr>
<tr style="background-color:#f0f5fa;"><td style="padding:3px;"><b>ประเภทคิว</b></td><td style="padding:3px;">รถตัด</td></tr>
<tr style="background-color:#dbe8f5;"><td style="padding:3px;"><b>ประเภทรถ</b></td><td style="padding:3px;">10 ล้อเดี่ยว</td></tr>
<tr style="background-color:#f0f5fa;"><td style="padding:3px;"><b>ประเภทชาวไร่</b></td><td style="padding:3px;">รถตัด</td></tr>
<tr style="background-color:#dbe8f5;"><td style="padding:3px;"><b>สถานีขนถ่าย</b></td><td style="padding:3px;"></td></tr>
<tr style="background-color:#f0f5fa;"><td style="padding:3px;"><b>สถานะยืนยัน</b></td><td style="padding:3px;">N</td></tr>
<tr style="background-color:#dbe8f5;"><td style="padding:3px;"><b>โควตา</b></td><td style="padding:3px;">741260</td></tr>
<tr style="background-color:#f0f5fa;"><td style="padding:3px;"><b>ชาวไร่</b></td><td style="padding:3px;">นาง กัลยา บุญทัน</td></tr>
<tr style="background-color:#dbe8f5;"><td style="padding:3px;"><b>ประเภทอ้อย</b></td><td style="padding:3px;">ปลายฝน</td></tr>
<tr style="background-color:#f0f5fa;"><td style="padding:3px;"><b>พื้นที่</b></td><td style="padding:3px;">6.32</td></tr>
<tr style="background-color:#dbe8f5;"><td style="padding:3px;"><b>ปีผลิต</b></td><td style="padding:3px;">256970</td></tr>
<tr style="background-color:#f0f5fa;"><td style="padding:3px;"><b>ตันรวม</b></td><td style="padding:3px;">82.16</td></tr>
<tr style="background-color:#dbe8f5;"><td style="padding:3px;"><b>สถานที่ส่งอ้อย_1</b></td><td style="padding:3px;">รถตัด</td></tr>
</table>]]></description>
      <MultiGeometry><Polygon><outerBoundaryIs><LinearRing><coordinates>103.812038333366,14.7320016667354 103.812038333209,14.731998333542 103.812036460331,14.7319988835721 103.812038333366,14.7320016667354</coordinates></LinearRing></outerBoundaryIs></Polygon><Polygon><outerBoundaryIs><LinearRing><coordinates>103.811801666262,14.7316499996091 103.811184999504,14.7318066670513 103.810934999618,14.7318383330837 103.810573332805,14.7319233332498 103.809834999995,14.7320766665753 103.809921666078,14.732431666993 103.810268333308,14.7323699996263 103.810634999374,14.7323250003612 103.810909999582,14.7322933328897 103.811283333442,14.7322083332699 103.811589999922,14.7321300003714 103.812036460331,14.7319988835721 103.811801666262,14.7316499996091</coordinates></LinearRing></outerBoundaryIs></Polygon></MultiGeometry>
    </Placemark>
    <Placemark>
      <name>321505051560</name>
      <styleUrl>#style_42_001</styleUrl>
      <description><![CDATA[<h3 style="margin-bottom:6px; font-family:sans-serif;">321505051560</h3>
<table style="width:100%; border-collapse:collapse; font-family:sans-serif; font-size:12px;">
<tr style="background-color:#99bfe6; color:#000; font-weight:bold;"><td colspan="2" style="padding:4px; text-align:center;">321505051560</td></tr>
<tr style="background-color:#f0f5fa;"><td style="padding:3px; width:45%;"><b>FID</b></td><td style="padding:3px;">14219</td></tr>
<tr style="background-color:#dbe8f5;"><td style="padding:3px;"><b>รหัสแปลง</b></td><td style="padding:3px;">321505051560</td></tr>
<tr style="background-color:#f0f5fa;"><td style="padding:3px;"><b>รหัสกลุ่มคิว</b></td><td style="padding:3px;">42_001</td></tr>
<tr style="background-color:#dbe8f5;"><td style="padding:3px;"><b>นักเกษตร</b></td><td style="padding:3px;">4201</td></tr>
<tr style="background-color:#f0f5fa;"><td style="padding:3px;"><b>ศูนย์</b></td><td style="padding:3px;">K2-42</td></tr>
<tr style="background-color:#dbe8f5;"><td style="padding:3px;"><b>สถานที่ส่งอ้อย</b></td><td style="padding:3px;">รถตัด</td></tr>
<tr style="background-color:#f0f5fa;"><td style="padding:3px;"><b>ประเภทคิว</b></td><td style="padding:3px;">รถตัด</td></tr>
<tr style="background-color:#dbe8f5;"><td style="padding:3px;"><b>ประเภทรถ</b></td><td style="padding:3px;">10 ล้อเดี่ยว</td></tr>
<tr style="background-color:#f0f5fa;"><td style="padding:3px;"><b>ประเภทชาวไร่</b></td><td style="padding:3px;">รถตัด</td></tr>
<tr style="background-color:#dbe8f5;"><td style="padding:3px;"><b>สถานีขนถ่าย</b></td><td style="padding:3px;"></td></tr>
<tr style="background-color:#f0f5fa;"><td style="padding:3px;"><b>สถานะยืนยัน</b></td><td style="padding:3px;">N</td></tr>
<tr style="background-color:#dbe8f5;"><td style="padding:3px;"><b>โควตา</b></td><td style="padding:3px;">742339</td></tr>
<tr style="background-color:#f0f5fa;"><td style="padding:3px;"><b>ชาวไร่</b></td><td style="padding:3px;">นาย สำราญ บุญธรรม</td></tr>
<tr style="background-color:#dbe8f5;"><td style="padding:3px;"><b>ประเภทอ้อย</b></td><td style="padding:3px;">ปลายฝน</td></tr>
<tr style="background-color:#f0f5fa;"><td style="padding:3px;"><b>พื้นที่</b></td><td style="padding:3px;">7.17</td></tr>
<tr style="background-color:#dbe8f5;"><td style="padding:3px;"><b>ปีผลิต</b></td><td style="padding:3px;">256970</td></tr>
<tr style="background-color:#f0f5fa;"><td style="padding:3px;"><b>ตันรวม</b></td><td style="padding:3px;">93.21</td></tr>
<tr style="background-color:#dbe8f5;"><td style="padding:3px;"><b>สถานที่ส่งอ้อย_1</b></td><td style="padding:3px;">รถตัด</td></tr>
</table>]]></description>
      <MultiGeometry><Polygon><outerBoundaryIs><LinearRing><coordinates>103.836218333511,14.7708766666953 103.836001666508,14.7709600001212 103.835918332705,14.7710216665052 103.835936666734,14.7714716662329 103.83600166681,14.7720766665133 103.836548333192,14.7720133329784 103.836876666313,14.7720283328867 103.836671666558,14.7708316662583 103.836218333511,14.7708766666953</coordinates></LinearRing></outerBoundaryIs></Polygon></MultiGeometry>
    </Placemark>
    <Placemark>
      <name>321503091651</name>
      <styleUrl>#style_42_001</styleUrl>
      <description><![CDATA[<h3 style="margin-bottom:6px; font-family:sans-serif;">321503091651</h3>
<table style="width:100%; border-collapse:collapse; font-family:sans-serif; font-size:12px;">
<tr style="background-color:#99bfe6; color:#000; font-weight:bold;"><td colspan="2" style="padding:4px; text-align:center;">321503091651</td></tr>
<tr style="background-color:#f0f5fa;"><td style="padding:3px; width:45%;"><b>FID</b></td><td style="padding:3px;">14459</td></tr>
<tr style="background-color:#dbe8f5;"><td style="padding:3px;"><b>รหัสแปลง</b></td><td style="padding:3px;">321503091651</td></tr>
<tr style="background-color:#f0f5fa;"><td style="padding:3px;"><b>รหัสกลุ่มคิว</b></td><td style="padding:3px;">42_001</td></tr>
<tr style="background-color:#dbe8f5;"><td style="padding:3px;"><b>นักเกษตร</b></td><td style="padding:3px;">4201</td></tr>
<tr style="background-color:#f0f5fa;"><td style="padding:3px;"><b>ศูนย์</b></td><td style="padding:3px;">K2-42</td></tr>
<tr style="background-color:#dbe8f5;"><td style="padding:3px;"><b>สถานที่ส่งอ้อย</b></td><td style="padding:3px;">รถตัด</td></tr>
<tr style="background-color:#f0f5fa;"><td style="padding:3px;"><b>ประเภทคิว</b></td><td style="padding:3px;">รถตัด</td></tr>
<tr style="background-color:#dbe8f5;"><td style="padding:3px;"><b>ประเภทรถ</b></td><td style="padding:3px;">10 ล้อเดี่ยว</td></tr>
<tr style="background-color:#f0f5fa;"><td style="padding:3px;"><b>ประเภทชาวไร่</b></td><td style="padding:3px;">รถตัด</td></tr>
<tr style="background-color:#dbe8f5;"><td style="padding:3px;"><b>สถานีขนถ่าย</b></td><td style="padding:3px;"></td></tr>
<tr style="background-color:#f0f5fa;"><td style="padding:3px;"><b>สถานะยืนยัน</b></td><td style="padding:3px;">N</td></tr>
<tr style="background-color:#dbe8f5;"><td style="padding:3px;"><b>โควตา</b></td><td style="padding:3px;">741923</td></tr>
<tr style="background-color:#f0f5fa;"><td style="padding:3px;"><b>ชาวไร่</b></td><td style="padding:3px;">นาง อรวรรณ ม่วงอ่อน</td></tr>
<tr style="background-color:#dbe8f5;"><td style="padding:3px;"><b>ประเภทอ้อย</b></td><td style="padding:3px;">ปลายฝน</td></tr>
<tr style="background-color:#f0f5fa;"><td style="padding:3px;"><b>พื้นที่</b></td><td style="padding:3px;">3.36</td></tr>
<tr style="background-color:#dbe8f5;"><td style="padding:3px;"><b>ปีผลิต</b></td><td style="padding:3px;">256970</td></tr>
<tr style="background-color:#f0f5fa;"><td style="padding:3px;"><b>ตันรวม</b></td><td style="padding:3px;">43.68</td></tr>
<tr style="background-color:#dbe8f5;"><td style="padding:3px;"><b>สถานที่ส่งอ้อย_1</b></td><td style="padding:3px;">รถตัด</td></tr>
</table>]]></description>
      <MultiGeometry><Polygon><outerBoundaryIs><LinearRing><coordinates>103.914198332769,14.8793016670509 103.912763333242,14.8795416665006 103.912839999782,14.8798233331523 103.914331666651,14.8795999998115 103.914198332769,14.8793016670509</coordinates></LinearRing></outerBoundaryIs></Polygon></MultiGeometry>
    </Placemark>
    <Placemark>
      <name>321505051561</name>
      <styleUrl>#style_42_001</styleUrl>
      <description><![CDATA[<h3 style="margin-bottom:6px; font-family:sans-serif;">321505051561</h3>
<table style="width:100%; border-collapse:collapse; font-family:sans-serif; font-size:12px;">
<tr style="background-color:#99bfe6; color:#000; font-weight:bold;"><td colspan="2" style="padding:4px; text-align:center;">321505051561</td></tr>
<tr style="background-color:#f0f5fa;"><td style="padding:3px; width:45%;"><b>FID</b></td><td style="padding:3px;">14692</td></tr>
<tr style="background-color:#dbe8f5;"><td style="padding:3px;"><b>รหัสแปลง</b></td><td style="padding:3px;">321505051561</td></tr>
<tr style="background-color:#f0f5fa;"><td style="padding:3px;"><b>รหัสกลุ่มคิว</b></td><td style="padding:3px;">42_001</td></tr>
<tr style="background-color:#dbe8f5;"><td style="padding:3px;"><b>นักเกษตร</b></td><td style="padding:3px;">4201</td></tr>
<tr style="background-color:#f0f5fa;"><td style="padding:3px;"><b>ศูนย์</b></td><td style="padding:3px;">K2-42</td></tr>
<tr style="background-color:#dbe8f5;"><td style="padding:3px;"><b>สถานที่ส่งอ้อย</b></td><td style="padding:3px;">รถตัด</td></tr>
<tr style="background-color:#f0f5fa;"><td style="padding:3px;"><b>ประเภทคิว</b></td><td style="padding:3px;">รถตัด</td></tr>
<tr style="background-color:#dbe8f5;"><td style="padding:3px;"><b>ประเภทรถ</b></td><td style="padding:3px;">10 ล้อเดี่ยว</td></tr>
<tr style="background-color:#f0f5fa;"><td style="padding:3px;"><b>ประเภทชาวไร่</b></td><td style="padding:3px;">รถตัด</td></tr>
<tr style="background-color:#dbe8f5;"><td style="padding:3px;"><b>สถานีขนถ่าย</b></td><td style="padding:3px;"></td></tr>
<tr style="background-color:#f0f5fa;"><td style="padding:3px;"><b>สถานะยืนยัน</b></td><td style="padding:3px;">N</td></tr>
<tr style="background-color:#dbe8f5;"><td style="padding:3px;"><b>โควตา</b></td><td style="padding:3px;">742143</td></tr>
<tr style="background-color:#f0f5fa;"><td style="padding:3px;"><b>ชาวไร่</b></td><td style="padding:3px;">นาย จรุง บุญร่วม</td></tr>
<tr style="background-color:#dbe8f5;"><td style="padding:3px;"><b>ประเภทอ้อย</b></td><td style="padding:3px;">ปลายฝน</td></tr>
<tr style="background-color:#f0f5fa;"><td style="padding:3px;"><b>พื้นที่</b></td><td style="padding:3px;">1.61</td></tr>
<tr style="background-color:#dbe8f5;"><td style="padding:3px;"><b>ปีผลิต</b></td><td style="padding:3px;">256970</td></tr>
<tr style="background-color:#f0f5fa;"><td style="padding:3px;"><b>ตันรวม</b></td><td style="padding:3px;">20.93</td></tr>
<tr style="background-color:#dbe8f5;"><td style="padding:3px;"><b>สถานที่ส่งอ้อย_1</b></td><td style="padding:3px;">รถตัด</td></tr>
</table>]]></description>
      <MultiGeometry><Polygon><outerBoundaryIs><LinearRing><coordinates>103.839766960523,14.7747944009036 103.839915431879,14.7747593836247 103.839806666748,14.7739466666432 103.839551666605,14.7739350000827 103.839673333123,14.7748166667139 103.839781577962,14.7748280608388 103.839766960523,14.7747944009036</coordinates></LinearRing></outerBoundaryIs></Polygon></MultiGeometry>
    </Placemark>
    <Placemark>
      <name>321505031572</name>
      <styleUrl>#style_42_001</styleUrl>
      <description><![CDATA[<h3 style="margin-bottom:6px; font-family:sans-serif;">321505031572</h3>
<table style="width:100%; border-collapse:collapse; font-family:sans-serif; font-size:12px;">
<tr style="background-color:#99bfe6; color:#000; font-weight:bold;"><td colspan="2" style="padding:4px; text-align:center;">321505031572</td></tr>
<tr style="background-color:#f0f5fa;"><td style="padding:3px; width:45%;"><b>FID</b></td><td style="padding:3px;">14716</td></tr>
<tr style="background-color:#dbe8f5;"><td style="padding:3px;"><b>รหัสแปลง</b></td><td style="padding:3px;">321505031572</td></tr>
<tr style="background-color:#f0f5fa;"><td style="padding:3px;"><b>รหัสกลุ่มคิว</b></td><td style="padding:3px;">42_001</td></tr>
<tr style="background-color:#dbe8f5;"><td style="padding:3px;"><b>นักเกษตร</b></td><td style="padding:3px;">4201</td></tr>
<tr style="background-color:#f0f5fa;"><td style="padding:3px;"><b>ศูนย์</b></td><td style="padding:3px;">K2-42</td></tr>
<tr style="background-color:#dbe8f5;"><td style="padding:3px;"><b>สถานที่ส่งอ้อย</b></td><td style="padding:3px;">รถตัด</td></tr>
<tr style="background-color:#f0f5fa;"><td style="padding:3px;"><b>ประเภทคิว</b></td><td style="padding:3px;">รถตัด</td></tr>
<tr style="background-color:#dbe8f5;"><td style="padding:3px;"><b>ประเภทรถ</b></td><td style="padding:3px;">10 ล้อเดี่ยว</td></tr>
<tr style="background-color:#f0f5fa;"><td style="padding:3px;"><b>ประเภทชาวไร่</b></td><td style="padding:3px;">รถตัด</td></tr>
<tr style="background-color:#dbe8f5;"><td style="padding:3px;"><b>สถานีขนถ่าย</b></td><td style="padding:3px;"></td></tr>
<tr style="background-color:#f0f5fa;"><td style="padding:3px;"><b>สถานะยืนยัน</b></td><td style="padding:3px;">N</td></tr>
<tr style="background-color:#dbe8f5;"><td style="padding:3px;"><b>โควตา</b></td><td style="padding:3px;">742143</td></tr>
<tr style="background-color:#f0f5fa;"><td style="padding:3px;"><b>ชาวไร่</b></td><td style="padding:3px;">นาย จรุง บุญร่วม</td></tr>
<tr style="background-color:#dbe8f5;"><td style="padding:3px;"><b>ประเภทอ้อย</b></td><td style="padding:3px;">ปลายฝน</td></tr>
<tr style="background-color:#f0f5fa;"><td style="padding:3px;"><b>พื้นที่</b></td><td style="padding:3px;">2.34</td></tr>
<tr style="background-color:#dbe8f5;"><td style="padding:3px;"><b>ปีผลิต</b></td><td style="padding:3px;">256970</td></tr>
<tr style="background-color:#f0f5fa;"><td style="padding:3px;"><b>ตันรวม</b></td><td style="padding:3px;">30.42</td></tr>
<tr style="background-color:#dbe8f5;"><td style="padding:3px;"><b>สถานที่ส่งอ้อย_1</b></td><td style="padding:3px;">รถตัด</td></tr>
</table>]]></description>
      <MultiGeometry><Polygon><outerBoundaryIs><LinearRing><coordinates>103.818136666688,14.7881383336481 103.818509999755,14.7880749997213 103.818326666448,14.7872683334602 103.817950000238,14.7873566667335 103.818136666688,14.7881383336481</coordinates></LinearRing></outerBoundaryIs></Polygon></MultiGeometry>
    </Placemark>
    <Placemark>
      <name>321503151821</name>
      <styleUrl>#style_42_001</styleUrl>
      <description><![CDATA[<h3 style="margin-bottom:6px; font-family:sans-serif;">321503151821</h3>
<table style="width:100%; border-collapse:collapse; font-family:sans-serif; font-size:12px;">
<tr style="background-color:#99bfe6; color:#000; font-weight:bold;"><td colspan="2" style="padding:4px; text-align:center;">321503151821</td></tr>
<tr style="background-color:#f0f5fa;"><td style="padding:3px; width:45%;"><b>FID</b></td><td style="padding:3px;">15058</td></tr>
<tr style="background-color:#dbe8f5;"><td style="padding:3px;"><b>รหัสแปลง</b></td><td style="padding:3px;">321503151821</td></tr>
<tr style="background-color:#f0f5fa;"><td style="padding:3px;"><b>รหัสกลุ่มคิว</b></td><td style="padding:3px;">42_001</td></tr>
<tr style="background-color:#dbe8f5;"><td style="padding:3px;"><b>นักเกษตร</b></td><td style="padding:3px;">4201</td></tr>
<tr style="background-color:#f0f5fa;"><td style="padding:3px;"><b>ศูนย์</b></td><td style="padding:3px;">K2-42</td></tr>
<tr style="background-color:#dbe8f5;"><td style="padding:3px;"><b>สถานที่ส่งอ้อย</b></td><td style="padding:3px;">รถตัด</td></tr>
<tr style="background-color:#f0f5fa;"><td style="padding:3px;"><b>ประเภทคิว</b></td><td style="padding:3px;">รถตัด</td></tr>
<tr style="background-color:#dbe8f5;"><td style="padding:3px;"><b>ประเภทรถ</b></td><td style="padding:3px;">10 ล้อเดี่ยว</td></tr>
<tr style="background-color:#f0f5fa;"><td style="padding:3px;"><b>ประเภทชาวไร่</b></td><td style="padding:3px;">รถตัด</td></tr>
<tr style="background-color:#dbe8f5;"><td style="padding:3px;"><b>สถานีขนถ่าย</b></td><td style="padding:3px;"></td></tr>
<tr style="background-color:#f0f5fa;"><td style="padding:3px;"><b>สถานะยืนยัน</b></td><td style="padding:3px;">N</td></tr>
<tr style="background-color:#dbe8f5;"><td style="padding:3px;"><b>โควตา</b></td><td style="padding:3px;">741192</td></tr>
<tr style="background-color:#f0f5fa;"><td style="padding:3px;"><b>ชาวไร่</b></td><td style="padding:3px;">นาย สมพงษ์ สวัสดี</td></tr>
<tr style="background-color:#dbe8f5;"><td style="padding:3px;"><b>ประเภทอ้อย</b></td><td style="padding:3px;">ปลายฝน</td></tr>
<tr style="background-color:#f0f5fa;"><td style="padding:3px;"><b>พื้นที่</b></td><td style="padding:3px;">4.74</td></tr>
<tr style="background-color:#dbe8f5;"><td style="padding:3px;"><b>ปีผลิต</b></td><td style="padding:3px;">256970</td></tr>
<tr style="background-color:#f0f5fa;"><td style="padding:3px;"><b>ตันรวม</b></td><td style="padding:3px;">61.62</td></tr>
<tr style="background-color:#dbe8f5;"><td style="padding:3px;"><b>สถานที่ส่งอ้อย_1</b></td><td style="padding:3px;">รถตัด</td></tr>
</table>]]></description>
      <MultiGeometry><Polygon><outerBoundaryIs><LinearRing><coordinates>103.840318332693,14.803976666253 103.840091666045,14.8026116667551 103.839643332947,14.8026733336327 103.83985166671,14.8040233329605 103.840318332693,14.803976666253</coordinates></LinearRing></outerBoundaryIs></Polygon></MultiGeometry>
    </Placemark>
    <Placemark>
      <name>321505081610</name>
      <styleUrl>#style_42_001</styleUrl>
      <description><![CDATA[<h3 style="margin-bottom:6px; font-family:sans-serif;">321505081610</h3>
<table style="width:100%; border-collapse:collapse; font-family:sans-serif; font-size:12px;">
<tr style="background-color:#99bfe6; color:#000; font-weight:bold;"><td colspan="2" style="padding:4px; text-align:center;">321505081610</td></tr>
<tr style="background-color:#f0f5fa;"><td style="padding:3px; width:45%;"><b>FID</b></td><td style="padding:3px;">15078</td></tr>
<tr style="background-color:#dbe8f5;"><td style="padding:3px;"><b>รหัสแปลง</b></td><td style="padding:3px;">321505081610</td></tr>
<tr style="background-color:#f0f5fa;"><td style="padding:3px;"><b>รหัสกลุ่มคิว</b></td><td style="padding:3px;">42_001</td></tr>
<tr style="background-color:#dbe8f5;"><td style="padding:3px;"><b>นักเกษตร</b></td><td style="padding:3px;">4201</td></tr>
<tr style="background-color:#f0f5fa;"><td style="padding:3px;"><b>ศูนย์</b></td><td style="padding:3px;">K2-42</td></tr>
<tr style="background-color:#dbe8f5;"><td style="padding:3px;"><b>สถานที่ส่งอ้อย</b></td><td style="padding:3px;">รถตัด</td></tr>
<tr style="background-color:#f0f5fa;"><td style="padding:3px;"><b>ประเภทคิว</b></td><td style="padding:3px;">รถตัด</td></tr>
<tr style="background-color:#dbe8f5;"><td style="padding:3px;"><b>ประเภทรถ</b></td><td style="padding:3px;">10 ล้อเดี่ยว</td></tr>
<tr style="background-color:#f0f5fa;"><td style="padding:3px;"><b>ประเภทชาวไร่</b></td><td style="padding:3px;">รถตัด</td></tr>
<tr style="background-color:#dbe8f5;"><td style="padding:3px;"><b>สถานีขนถ่าย</b></td><td style="padding:3px;"></td></tr>
<tr style="background-color:#f0f5fa;"><td style="padding:3px;"><b>สถานะยืนยัน</b></td><td style="padding:3px;">N</td></tr>
<tr style="background-color:#dbe8f5;"><td style="padding:3px;"><b>โควตา</b></td><td style="padding:3px;">744443</td></tr>
<tr style="background-color:#f0f5fa;"><td style="padding:3px;"><b>ชาวไร่</b></td><td style="padding:3px;">นาง ลัดดา สายสุด</td></tr>
<tr style="background-color:#dbe8f5;"><td style="padding:3px;"><b>ประเภทอ้อย</b></td><td style="padding:3px;">ปลายฝน</td></tr>
<tr style="background-color:#f0f5fa;"><td style="padding:3px;"><b>พื้นที่</b></td><td style="padding:3px;">4.93</td></tr>
<tr style="background-color:#dbe8f5;"><td style="padding:3px;"><b>ปีผลิต</b></td><td style="padding:3px;">256970</td></tr>
<tr style="background-color:#f0f5fa;"><td style="padding:3px;"><b>ตันรวม</b></td><td style="padding:3px;">64.09</td></tr>
<tr style="background-color:#dbe8f5;"><td style="padding:3px;"><b>สถานที่ส่งอ้อย_1</b></td><td style="padding:3px;">รถตัด</td></tr>
</table>]]></description>
      <MultiGeometry><Polygon><outerBoundaryIs><LinearRing><coordinates>103.803335000072,14.7786149998898 103.80324999971,14.7782049998289 103.801756666783,14.7785600000627 103.801909999749,14.7789933333921 103.803335000072,14.7786149998898</coordinates></LinearRing></outerBoundaryIs></Polygon></MultiGeometry>
    </Placemark>
  </Folder>
</Document>
</kml>
